// Generated by gen_instructions.pl from two matching EL71 hardware captures.
#define DSP_INSTRUCTION_GOLDEN_COUNT 731
static const uint16_t DSP_INSTRUCTION_GOLDEN[][DSP_INSTRUCTION_RECORD_WORDS] = {
	{ 0x0000, 0x0300, 0x1000, 0x0001, 0x0000, 0x89AB, 0x4567, 0x0000, 0x0000, 0x0000, 0x0000, 0x0011, 0x1122, 0x2233, 0x3344, 0x4455, 0x6677, 0x7788, 0xAAAA, 0x0000, 0xD700, 0x0000, 0x0000, 0x0000, 0x0011, 0x0000, 0xC33C, 0x5AA5, 0x0000, 0x0000, 0x0000, 0x0A00, 0x0000, 0x0000, 0x0A00 },
	{ 0x0000, 0x0300, 0x1000, 0x0001, 0x0000, 0x89AB, 0x4567, 0x0000, 0x0000, 0x0000, 0x0000, 0x0011, 0x1122, 0x2233, 0x3344, 0x4455, 0x6677, 0x7788, 0xAAAA, 0x0000, 0xD700, 0x0000, 0x0000, 0x0000, 0x0011, 0x0000, 0xC33C, 0x5AA5, 0x0000, 0x0000, 0x0000, 0x0A00, 0x0000, 0x0000, 0x0A00 },
	{ 0x0000, 0x0300, 0x1000, 0x0001, 0x0000, 0x89AB, 0x4567, 0x0000, 0x0000, 0x0000, 0x0000, 0x0011, 0x1122, 0x2233, 0x3344, 0x4455, 0x6677, 0x7788, 0xAAAA, 0x0000, 0xD700, 0x0000, 0x0000, 0x0000, 0x0011, 0x0000, 0xC33C, 0x5AA5, 0x0000, 0x0000, 0x0000, 0x0A00, 0x0000, 0x0000, 0x0A00 },
	{ 0x0000, 0x0300, 0x1000, 0x0001, 0x0000, 0x89AB, 0x4567, 0x0000, 0x0000, 0x0000, 0x0000, 0x0011, 0x1122, 0x2233, 0x3344, 0x4455, 0x6677, 0x7788, 0xAAAA, 0x0000, 0xD700, 0x0000, 0x0000, 0x0000, 0x0011, 0x0000, 0xC33C, 0x5AA5, 0x0000, 0x0000, 0x0000, 0x0A00, 0x0000, 0x0000, 0x0A00 },
	{ 0x0000, 0x0300, 0x1000, 0x0001, 0x0000, 0x89AB, 0x4567, 0x0000, 0x0000, 0x0000, 0x0000, 0x0011, 0x1122, 0x2233, 0x3344, 0x4455, 0x6677, 0x7788, 0xAAAA, 0x0000, 0xD700, 0x0000, 0x0000, 0x0000, 0x0011, 0x0000, 0xC33C, 0x5AA5, 0x0000, 0x0000, 0x0000, 0x0A00, 0x0000, 0x0000, 0x0A00 },
	{ 0x0000, 0x0300, 0x1000, 0x0001, 0x0000, 0x89AB, 0x4567, 0x0000, 0x0000, 0x0000, 0x0000, 0x0011, 0x1122, 0x2233, 0x3344, 0x4455, 0x6677, 0x7788, 0xAAAA, 0x0000, 0xD700, 0x0000, 0x0000, 0x0000, 0x0011, 0x0000, 0xC33C, 0x5AA5, 0x0000, 0x0000, 0x0000, 0x0A00, 0x0000, 0x0000, 0x0A00 },
	{ 0x0000, 0x0300, 0x1000, 0x0001, 0x0000, 0x89AB, 0x4567, 0x0000, 0x0000, 0x0000, 0x0000, 0x0011, 0x1122, 0x2233, 0x3344, 0x4455, 0x6677, 0x7788, 0xAAAA, 0x0000, 0xD700, 0x0000, 0x0000, 0x0000, 0x0011, 0x0000, 0xC33C, 0x5AA5, 0x0000, 0x0000, 0x0000, 0x0A00, 0x0000, 0x0000, 0x0A00 },
	{ 0x0000, 0x0300, 0x1000, 0x0001, 0x0000, 0x89AB, 0x4567, 0x0000, 0x0000, 0x0000, 0x0000, 0x0011, 0x1122, 0x2233, 0x3344, 0x4455, 0x6677, 0x7788, 0xAAAA, 0x0000, 0xD700, 0x0000, 0x0000, 0x0000, 0x0011, 0x0000, 0xC33C, 0x5AA5, 0x0000, 0x0000, 0x0000, 0x0A00, 0x0000, 0x0000, 0x0A00 },
	{ 0x0000, 0x0300, 0x1000, 0x0001, 0x0000, 0x89AB, 0x4567, 0x0000, 0x0000, 0x0000, 0x0000, 0x0011, 0x1122, 0x2233, 0x3344, 0x4455, 0x6677, 0x7788, 0xAAAA, 0x0000, 0xD700, 0x0000, 0x0000, 0x0000, 0x0011, 0x0000, 0xC33C, 0x5AA5, 0x0000, 0x0000, 0x0000, 0x0A00, 0x0000, 0x0000, 0x0A00 },
	{ 0x0000, 0x0300, 0x1000, 0x0001, 0x0000, 0x89AB, 0x4567, 0x0000, 0x0000, 0x0000, 0x0000, 0x0011, 0x1122, 0x2233, 0x3344, 0x4455, 0x6677, 0x7788, 0xAAAA, 0x0000, 0xD700, 0x0000, 0x0000, 0x0000, 0x0011, 0x0000, 0xC33C, 0x5AA5, 0x0000, 0x0000, 0x0000, 0x0A00, 0x0000, 0x0000, 0x0A00 },
	{ 0x0000, 0x0300, 0x1000, 0x0001, 0x0000, 0x89AB, 0x4567, 0x0000, 0x0000, 0x0000, 0x0000, 0x0011, 0x1122, 0x2233, 0x3344, 0x4455, 0x6677, 0x7788, 0xAAAA, 0x0000, 0xD700, 0x0000, 0x0000, 0x0000, 0x0011, 0x0000, 0xC33C, 0x5AA5, 0x0000, 0x0000, 0x0000, 0x0A00, 0x0000, 0x0000, 0x0A00 },
	{ 0x0000, 0x0300, 0x1000, 0x0001, 0x0000, 0x89AB, 0x4567, 0x0000, 0x0000, 0x0000, 0x0000, 0x0011, 0x1122, 0x2233, 0x3344, 0x4455, 0x6677, 0x7788, 0xAAAA, 0x0000, 0xD700, 0x0000, 0x0000, 0x0000, 0x0011, 0x0000, 0xC33C, 0x5AA5, 0x0000, 0x0000, 0x0000, 0x0A00, 0x0000, 0x0000, 0x0A00 },
	{ 0x0000, 0x0300, 0x1000, 0x0001, 0x0000, 0x89AB, 0x4567, 0x0000, 0x0000, 0x0000, 0x0000, 0x0011, 0x1122, 0x2233, 0x3344, 0x4455, 0x6677, 0x7788, 0xAAAA, 0x0000, 0xD700, 0x0000, 0x0000, 0x0000, 0x0011, 0x0000, 0xC33C, 0x5AA5, 0x0000, 0x0000, 0x0000, 0x0A00, 0x0000, 0x0000, 0x0A00 },
	{ 0x0000, 0x0300, 0x1000, 0x0001, 0x0000, 0x89AB, 0x4567, 0x0000, 0x0000, 0x0000, 0x0000, 0x0011, 0x1122, 0x2233, 0x3344, 0x4455, 0x6677, 0x7788, 0xAAAA, 0x0000, 0xD700, 0x0000, 0x0000, 0x0000, 0x0011, 0x0000, 0xC33C, 0x5AA5, 0x0000, 0x0000, 0x0000, 0x0A00, 0x0000, 0x0000, 0x0A00 },
	{ 0x0000, 0x0300, 0x1000, 0x0001, 0x0000, 0x89AB, 0x4567, 0x0000, 0x0000, 0x0000, 0x0000, 0x0011, 0x1122, 0x2233, 0x3344, 0x4455, 0x6677, 0x7788, 0xAAAA, 0x0000, 0xD700, 0x0000, 0x0000, 0x0000, 0x0011, 0x0000, 0xC33C, 0x5AA5, 0x0000, 0x0000, 0x0000, 0x0A00, 0x0000, 0x0000, 0x0A00 },
	{ 0x0000, 0x0300, 0x1000, 0x0001, 0x0000, 0x89AB, 0x4567, 0x0000, 0x0000, 0x0000, 0x0000, 0x0011, 0x1122, 0x2233, 0x3344, 0x4455, 0x6677, 0x7788, 0xAAAA, 0x0000, 0xD700, 0x0000, 0x0000, 0x0000, 0x0011, 0x0000, 0xC33C, 0x5AA5, 0x0000, 0x0000, 0x0000, 0x0A00, 0x0000, 0x0000, 0x0A00 },
	{ 0x0000, 0x0300, 0x1000, 0x0001, 0x0000, 0x89AB, 0x4567, 0x0000, 0x0000, 0x0000, 0x0000, 0x0011, 0x1122, 0x2233, 0x3344, 0x4455, 0x6677, 0x7788, 0xAAAA, 0x0000, 0xD700, 0x0000, 0x0000, 0x0000, 0x0011, 0x0000, 0xC33C, 0x5AA5, 0x0000, 0x0000, 0x0000, 0x0A00, 0x0000, 0x0000, 0x0A00 },
	{ 0x0000, 0x0300, 0x1000, 0x0001, 0x0000, 0x89AB, 0x4567, 0x0000, 0x0000, 0x0000, 0x0000, 0x0011, 0x1122, 0x2233, 0x3344, 0x4455, 0x6677, 0x7788, 0xAAAA, 0x0000, 0xD700, 0x0000, 0x0000, 0x0000, 0x0011, 0x0000, 0xC33C, 0x5AA5, 0x0000, 0x0000, 0x0000, 0x0A00, 0x0000, 0x0000, 0x0A00 },
	{ 0x0000, 0x0300, 0x1000, 0x0001, 0x0000, 0x89AB, 0x4567, 0x0000, 0x0000, 0x0000, 0x0000, 0x0011, 0x1122, 0x2233, 0x3344, 0x4455, 0x6677, 0x7788, 0xAAAA, 0x0000, 0xD700, 0x0000, 0x0000, 0x0000, 0x0011, 0x0000, 0xC33C, 0x5AA5, 0x0000, 0x0000, 0x0000, 0x0A00, 0x0000, 0x0000, 0x0A00 },
	{ 0x0000, 0x0300, 0x1000, 0x0001, 0x0000, 0x89AB, 0x4567, 0x0000, 0x0000, 0x0000, 0x0000, 0x0011, 0x1122, 0x2233, 0x3344, 0x4455, 0x6677, 0x7788, 0xAAAA, 0x0000, 0xD700, 0x0000, 0x0000, 0x0000, 0x0011, 0x0000, 0xC33C, 0x5AA5, 0x0000, 0x0000, 0x0000, 0x0A00, 0x0000, 0x0000, 0x0A00 },
	{ 0x0000, 0x0300, 0x1000, 0x0001, 0x0000, 0x89AB, 0x4567, 0x0000, 0x0000, 0x0000, 0x0000, 0x0011, 0x1122, 0x2233, 0x3344, 0x4455, 0x6677, 0x7788, 0xAAAA, 0x0000, 0xD700, 0x0000, 0x0000, 0x0000, 0x0011, 0x0000, 0xC33C, 0x5AA5, 0x0000, 0x0000, 0x0000, 0x0A00, 0x0000, 0x0000, 0x0A00 },
	{ 0x0000, 0x0300, 0x1000, 0x0001, 0x0000, 0x89AB, 0x4567, 0x0000, 0x0000, 0x0000, 0x0000, 0x0011, 0x1122, 0x2233, 0x3344, 0x4455, 0x6677, 0x7788, 0xAAAA, 0x0000, 0xD700, 0x0000, 0x0000, 0x0000, 0x0011, 0x0000, 0xC33C, 0x5AA5, 0x0000, 0x0000, 0x0000, 0x0A00, 0x0000, 0x0000, 0x0A00 },
	{ 0x0000, 0x0300, 0x1000, 0x0001, 0x0000, 0x89AB, 0x4567, 0x0000, 0x0000, 0x0000, 0x0000, 0x0011, 0x1122, 0x2233, 0x3344, 0x4455, 0x6677, 0x7788, 0xAAAA, 0x0000, 0xD700, 0x0000, 0x0000, 0x0000, 0x0011, 0x0000, 0xC33C, 0x5AA5, 0x0000, 0x0000, 0x0000, 0x0A00, 0x0000, 0x0000, 0x0A00 },
	{ 0x0000, 0x0300, 0x1000, 0x0001, 0x0000, 0x89AB, 0x4567, 0x0000, 0x0000, 0x0000, 0x0000, 0x0011, 0x1122, 0x2233, 0x3344, 0x4455, 0x6677, 0x7788, 0xAAAA, 0x0000, 0xD700, 0x0000, 0x0000, 0x0000, 0x0011, 0x0000, 0xC33C, 0x5AA5, 0x0000, 0x0000, 0x0000, 0x0A00, 0x0000, 0x0000, 0x0A00 },
	{ 0x0000, 0x0300, 0x1000, 0x0001, 0x0000, 0x89AB, 0x4567, 0x0000, 0x0000, 0x0000, 0x0000, 0x0011, 0x1122, 0x2233, 0x3344, 0x4455, 0x6677, 0x7788, 0xAAAA, 0x0000, 0xD700, 0x0000, 0x0000, 0x0000, 0x0011, 0x0000, 0xC33C, 0x5AA5, 0x0000, 0x0000, 0x0000, 0x0A00, 0x0000, 0x0000, 0x0A00 },
	{ 0x0000, 0x0300, 0x1000, 0x0001, 0x0000, 0x89AB, 0x4567, 0x0000, 0x0000, 0x0000, 0x0000, 0x0011, 0x1122, 0x2233, 0x3344, 0x4455, 0x6677, 0x7788, 0xAAAA, 0x0000, 0xD700, 0x0000, 0x0000, 0x0000, 0x0011, 0x0000, 0xC33C, 0x5AA5, 0x0000, 0x0000, 0x0000, 0x0A00, 0x0000, 0x0000, 0x0A00 },
	{ 0x0000, 0x0300, 0x1000, 0x0001, 0x0000, 0x89AB, 0x4567, 0x0000, 0x0000, 0x0000, 0x0000, 0x0011, 0x1122, 0x2233, 0x3344, 0x4455, 0x6677, 0x7788, 0xAAAA, 0x0000, 0xD700, 0x0000, 0x0000, 0x0000, 0x0011, 0x0000, 0xC33C, 0x5AA5, 0x0000, 0x0000, 0x0000, 0x0A00, 0x0000, 0x0000, 0x0A00 },
	{ 0x0000, 0x0300, 0x1000, 0x0001, 0x0000, 0x89AB, 0x4567, 0x0000, 0x0000, 0x0000, 0x0000, 0x0011, 0x1122, 0x2233, 0x3344, 0x4455, 0x6677, 0x7788, 0xAAAA, 0x0000, 0xD700, 0x0000, 0x0000, 0x0000, 0x0011, 0x0000, 0xC33C, 0x5AA5, 0x0000, 0x0000, 0x0000, 0x0A00, 0x0000, 0x0000, 0x0A00 },
	{ 0x0000, 0x0300, 0x1000, 0x0001, 0x0000, 0x89AB, 0x4567, 0x0000, 0x0000, 0x0000, 0x0000, 0x0011, 0x1122, 0x2233, 0x3344, 0x4455, 0x6677, 0x7788, 0xAAAA, 0x0000, 0xD700, 0x0000, 0x0000, 0x0000, 0x0011, 0x0000, 0xC33C, 0x5AA5, 0x0000, 0x0000, 0x0000, 0x0A00, 0x0000, 0x0000, 0x0A00 },
	{ 0x0000, 0x0300, 0x1000, 0x0001, 0x0000, 0x89AB, 0x4567, 0x0000, 0x0000, 0x0000, 0x0000, 0x0011, 0x1122, 0x2233, 0x3344, 0x4455, 0x6677, 0x7788, 0xAAAA, 0x0000, 0xD700, 0x0000, 0x0000, 0x0000, 0x0011, 0x0000, 0xC33C, 0x5AA5, 0x0000, 0x0000, 0x0000, 0x0A00, 0x0000, 0x0000, 0x0A00 },
	{ 0x0000, 0x0300, 0x1000, 0x0001, 0x0000, 0x89AB, 0x4567, 0x0000, 0x0000, 0x0000, 0x0000, 0x0011, 0x1122, 0x2233, 0x3344, 0x4455, 0x6677, 0x7788, 0xAAAA, 0x0000, 0xD700, 0x0000, 0x0000, 0x0000, 0x0011, 0x0000, 0xC33C, 0x5AA5, 0x0000, 0x0000, 0x0000, 0x0A00, 0x0000, 0x0000, 0x0A00 },
	{ 0x2040, 0x2300, 0x1000, 0xFFFF, 0x7FFF, 0xFFFF, 0x7FFF, 0x0000, 0x0000, 0x0000, 0x0000, 0xD600, 0x1122, 0x2233, 0x3344, 0x4455, 0x6677, 0x7788, 0xAAAA, 0x0000, 0xD700, 0x0000, 0x0000, 0x0000, 0x0011, 0x0000, 0xC33C, 0x5AA5, 0x0000, 0x0000, 0x8000, 0xA460, 0x0000, 0x8000, 0xB460 },
	{ 0x1000, 0x23D6, 0x1000, 0xFFFF, 0x7FFF, 0xFFFF, 0x7FFF, 0x0000, 0x0000, 0x0000, 0x0000, 0xD600, 0x1122, 0x2233, 0x3344, 0x4455, 0x6677, 0x7788, 0xAAAA, 0x0000, 0xD700, 0x0003, 0x0000, 0x0000, 0x0011, 0x0000, 0xC33C, 0x5AA5, 0x0000, 0x0000, 0x8000, 0xA460, 0x0000, 0x8000, 0xB460 },
	{ 0x1000, 0x23D6, 0x1000, 0xFFFF, 0x7FFF, 0xFFFF, 0x7FFF, 0x0000, 0x0000, 0x0000, 0x0000, 0xD600, 0x1122, 0x2233, 0x3344, 0x4455, 0x6677, 0x7788, 0xAAAA, 0x0000, 0xD700, 0x0003, 0x0000, 0x0000, 0x0011, 0x0000, 0xC33C, 0x5AA5, 0x0000, 0x0000, 0x8000, 0xA460, 0x0000, 0x8000, 0xB460 },
	{ 0x1000, 0x23D6, 0x1000, 0xFFFF, 0x7FFF, 0xFFFF, 0x7FFF, 0x0000, 0x0000, 0x0000, 0x0000, 0xD600, 0x1122, 0x2233, 0x3344, 0x4455, 0x6677, 0x7788, 0xAAAA, 0x0000, 0xD700, 0x0003, 0x0000, 0x0000, 0x0011, 0x0000, 0xC33C, 0x5AA5, 0x0000, 0x0000, 0x8000, 0xA460, 0x0000, 0x8000, 0xB460 },
	{ 0x1000, 0x23D6, 0x1000, 0xFFFF, 0x7FFF, 0xFFFF, 0x7FFF, 0x0000, 0x0000, 0x0000, 0x0000, 0xD600, 0x1122, 0x2233, 0x3344, 0x4455, 0x6677, 0x7788, 0xAAAA, 0x0000, 0xD700, 0x0003, 0x0000, 0x0000, 0x0011, 0x0000, 0xC33C, 0x5AA5, 0x0000, 0x0000, 0x8000, 0xA460, 0x0000, 0x8000, 0xB460 },
	{ 0x1000, 0x23D6, 0x1000, 0xFFFF, 0x7FFF, 0xFFFF, 0x7FFF, 0x0000, 0x0000, 0x0000, 0x0000, 0xD600, 0x1122, 0x2233, 0x3344, 0x4455, 0x6677, 0x7788, 0xAAAA, 0x0000, 0xD700, 0x0003, 0x0000, 0x0000, 0x0011, 0x0000, 0xC33C, 0x5AA5, 0x0000, 0x0000, 0x8000, 0xA460, 0x0000, 0x8000, 0xB460 },
	{ 0x1000, 0x23D6, 0x1000, 0xFFFF, 0x7FFF, 0xFFFF, 0x7FFF, 0x0000, 0x0000, 0x0000, 0x0000, 0xD600, 0x1122, 0x2233, 0x3344, 0x4455, 0x6677, 0x7788, 0xAAAA, 0x0000, 0xD700, 0x0003, 0x0000, 0x0000, 0x0011, 0x0000, 0xC33C, 0x5AA5, 0x0000, 0x0000, 0x8000, 0xA460, 0x0000, 0x8000, 0xB460 },
	{ 0x1000, 0x23D6, 0x1000, 0xFFFF, 0x7FFF, 0xFFFF, 0x7FFF, 0x0000, 0x0000, 0x0000, 0x0000, 0xD600, 0x1122, 0x2233, 0x3344, 0x4455, 0x6677, 0x7788, 0xAAAA, 0x0000, 0xD700, 0x0003, 0x0000, 0x0000, 0x0011, 0x0000, 0xC33C, 0x5AA5, 0x0000, 0x0000, 0x8000, 0xA460, 0x0000, 0x8000, 0xB460 },
	{ 0x2400, 0x23D6, 0x1000, 0xFFFF, 0x7FFF, 0xFFFF, 0x7FFF, 0x0000, 0x0000, 0x0000, 0x0000, 0xD600, 0x1122, 0x2233, 0x3344, 0x4455, 0x6677, 0x7788, 0xAAAA, 0x0000, 0xD700, 0x0003, 0x0000, 0x0000, 0xD600, 0x0000, 0xC33C, 0x5AA5, 0x0000, 0x0000, 0x8000, 0xA460, 0x0000, 0x8000, 0xB460 },
	{ 0x2400, 0x23D6, 0x1000, 0xFFFF, 0x7FFF, 0xFFFF, 0x7FFF, 0x0000, 0x0000, 0x0000, 0x0000, 0xD600, 0x1122, 0x2233, 0x3344, 0x4455, 0x6677, 0x7788, 0xAAAA, 0x0000, 0xD700, 0x0003, 0x0000, 0x0000, 0xD600, 0x0000, 0xC33C, 0x5AA5, 0x0000, 0x0000, 0x8000, 0xA460, 0x0000, 0x8000, 0xB460 },
	{ 0x2400, 0x23D6, 0x1000, 0xFFFF, 0x7FFF, 0xFFFF, 0x7FFF, 0x0000, 0x0000, 0x0000, 0x0000, 0xD600, 0x1122, 0x2233, 0x3344, 0x4455, 0x6677, 0x7788, 0xAAAA, 0x0000, 0xD700, 0x0003, 0x0000, 0x0000, 0xD600, 0x0000, 0xC33C, 0x5AA5, 0x0000, 0x0000, 0x8000, 0xA460, 0x0000, 0x8000, 0xB460 },
	{ 0x1000, 0x23D6, 0x1000, 0xFFFF, 0x7FFF, 0xFFFF, 0x7FFF, 0x0000, 0x0000, 0x0000, 0x0000, 0xD600, 0x1122, 0x2233, 0x3344, 0x4455, 0x6677, 0x7788, 0xAAAA, 0x0000, 0xD700, 0x0003, 0x0000, 0x0000, 0x0011, 0x0000, 0xC33C, 0x5AA5, 0x0000, 0x0000, 0x8000, 0xA460, 0x0000, 0x8000, 0xB460 },
	{ 0x1000, 0x23D6, 0x1000, 0xFFFF, 0x7FFF, 0xFFFF, 0x7FFF, 0x0000, 0x0000, 0x0000, 0x0000, 0xD600, 0x1122, 0x2233, 0x3344, 0x4455, 0x6677, 0x7788, 0xAAAA, 0x0000, 0xD700, 0x0003, 0x0000, 0x0000, 0x0011, 0x0000, 0xC33C, 0x5AA5, 0x0000, 0x0000, 0x8000, 0xA460, 0x0000, 0x8000, 0xB460 },
	{ 0x1000, 0x23D6, 0x1000, 0xFFFF, 0x7FFF, 0xFFFF, 0x7FFF, 0x0000, 0x0000, 0x0000, 0x0000, 0xD600, 0x1122, 0x2233, 0x3344, 0x4455, 0x6677, 0x7788, 0xAAAA, 0x0000, 0xD700, 0x0003, 0x0000, 0x0000, 0x0011, 0x0000, 0xC33C, 0x5AA5, 0x0000, 0x0000, 0x8000, 0xA460, 0x0000, 0x8000, 0xB460 },
	{ 0x1000, 0x23D6, 0x1000, 0xFFFF, 0x7FFF, 0xFFFF, 0x7FFF, 0x0000, 0x0000, 0x0000, 0x0000, 0xD600, 0x1122, 0x2233, 0x3344, 0x4455, 0x6677, 0x7788, 0xAAAA, 0x0000, 0xD700, 0x0003, 0x0000, 0x0000, 0x0011, 0x0000, 0xC33C, 0x5AA5, 0x0000, 0x0000, 0x8000, 0xA460, 0x0000, 0x8000, 0xB460 },
	{ 0x1000, 0x23D6, 0x1000, 0xFFFF, 0x7FFF, 0xFFFF, 0x7FFF, 0x0000, 0x0000, 0x0000, 0x0000, 0xD600, 0x1122, 0x2233, 0x3344, 0x4455, 0x6677, 0x7788, 0xAAAA, 0x0000, 0xD700, 0x0003, 0x0000, 0x0000, 0x0011, 0x0000, 0xC33C, 0x5AA5, 0x0000, 0x0000, 0x8000, 0xA460, 0x0000, 0x8000, 0xB460 },
	{ 0x1000, 0x23D6, 0x1000, 0xFFFF, 0x7FFF, 0xFFFF, 0x7FFF, 0x0000, 0x0000, 0x0000, 0x0000, 0xD600, 0x1122, 0x2233, 0x3344, 0x4455, 0x6677, 0x7788, 0xAAAA, 0x0000, 0xD700, 0x0003, 0x0000, 0x0000, 0x0011, 0x0000, 0xC33C, 0x5AA5, 0x0000, 0x0000, 0x8000, 0xA460, 0x0000, 0x8000, 0xB460 },
	{ 0x1000, 0x23D6, 0x1000, 0xFFFF, 0x7FFF, 0xFFFF, 0x7FFF, 0x0000, 0x0000, 0x0000, 0x0000, 0xD600, 0x1122, 0x2233, 0x3344, 0x4455, 0x6677, 0x7788, 0xAAAA, 0x0000, 0xD700, 0x0003, 0x0000, 0x0000, 0x0011, 0x0000, 0xC33C, 0x5AA5, 0x0000, 0x0000, 0x8000, 0xA460, 0x0000, 0x8000, 0xB460 },
	{ 0x1600, 0x23D6, 0x1000, 0xFFFF, 0x7FFF, 0xFFFF, 0x7FFF, 0x0000, 0x0000, 0x0000, 0x0000, 0xD601, 0x1122, 0x2233, 0x3344, 0x4455, 0x6677, 0x7788, 0xAAAA, 0x0000, 0xD700, 0x0003, 0x0000, 0x0000, 0x0011, 0x0000, 0xC33C, 0x5AA5, 0x0000, 0x0000, 0x8000, 0xB460, 0x0000, 0x8000, 0xB460 },
	{ 0x1600, 0x23D6, 0x1000, 0xFFFF, 0x7FFF, 0xFFFF, 0x7FFF, 0x0000, 0x0000, 0x0000, 0x0000, 0xD5FF, 0x1122, 0x2233, 0x3344, 0x4455, 0x6677, 0x7788, 0xAAAA, 0x0000, 0xD700, 0x0003, 0x0000, 0x0000, 0x0011, 0x0000, 0xC33C, 0x5AA5, 0x0000, 0x0000, 0x8000, 0xB460, 0x0000, 0x8000, 0xB460 },
	{ 0x1600, 0x23D6, 0x1000, 0xFFFF, 0x7FFF, 0xFFFF, 0x7FFF, 0x0000, 0x0000, 0x0000, 0x0000, 0xD600, 0x1122, 0x2233, 0x3344, 0x4455, 0x6677, 0x7788, 0xAAAA, 0x0000, 0xD700, 0x0003, 0x0000, 0x0000, 0x0011, 0x0000, 0xC33C, 0x5AA5, 0x0000, 0x0000, 0x8000, 0xB460, 0x0000, 0x8000, 0xB460 },
	{ 0x1600, 0x23D6, 0x1000, 0xFFFF, 0x7FFF, 0xFFFF, 0x7FFF, 0x0000, 0x0000, 0x0000, 0x0000, 0xD603, 0x1122, 0x2233, 0x3344, 0x4455, 0x6677, 0x7788, 0xAAAA, 0x0000, 0xD700, 0x0003, 0x0000, 0x0000, 0x0011, 0x0000, 0xC33C, 0x5AA5, 0x0000, 0x0000, 0x8000, 0xB460, 0x0000, 0x8000, 0xB460 },
	{ 0x1000, 0x23D6, 0x1000, 0xFFFF, 0x7FFF, 0xFFFF, 0x7FFF, 0x0000, 0x0000, 0x0000, 0x0000, 0xD600, 0x1122, 0x2233, 0x3344, 0x4455, 0x6677, 0x7788, 0xAAAA, 0x0000, 0xD700, 0x0003, 0x0000, 0x0000, 0x0011, 0x0000, 0xC33C, 0x5AA5, 0x0000, 0x0000, 0x8000, 0xA460, 0x0000, 0x8000, 0xB460 },
	{ 0x1000, 0x23D6, 0x1000, 0xFFFF, 0x7FFF, 0xFFFF, 0x7FFF, 0x0000, 0x0000, 0x0000, 0x0000, 0xD600, 0x1122, 0x2233, 0x3344, 0x4455, 0x6677, 0x7788, 0xAAAA, 0x0000, 0xD700, 0x0003, 0x0000, 0x0000, 0x0011, 0x0000, 0xC33C, 0x5AA5, 0x0000, 0x0000, 0x8000, 0xA460, 0x0000, 0x8000, 0xB460 },
	{ 0x1000, 0x23D6, 0x1000, 0xFFFF, 0x7FFF, 0xFFFF, 0x7FFF, 0x0000, 0x0000, 0x0000, 0x0000, 0xD600, 0x1122, 0x2233, 0x3344, 0x4455, 0x6677, 0x7788, 0xAAAA, 0x0000, 0xD700, 0x0003, 0x0000, 0x0000, 0x0011, 0x0000, 0xC33C, 0x5AA5, 0x0000, 0x0000, 0x8000, 0xA460, 0x0000, 0x8000, 0xB460 },
	{ 0x1000, 0x23D6, 0x1000, 0xFFFF, 0x7FFF, 0xFFFF, 0x7FFF, 0x0000, 0x0000, 0x0000, 0x0000, 0xD600, 0x1122, 0x2233, 0x3344, 0x4455, 0x6677, 0x7788, 0xAAAA, 0x0000, 0xD700, 0x0003, 0x0000, 0x0000, 0x0011, 0x0000, 0xC33C, 0x5AA5, 0x0000, 0x0000, 0x8000, 0xA460, 0x0000, 0x8000, 0xB460 },
	{ 0x1000, 0x23D6, 0x1000, 0xFFFF, 0x7FFF, 0xFFFF, 0x7FFF, 0x0000, 0x0000, 0x0000, 0x0000, 0xD600, 0x1122, 0x2233, 0x3344, 0x4455, 0x6677, 0x7788, 0xAAAA, 0x0000, 0xD700, 0x0003, 0x0000, 0x0000, 0x0011, 0x0000, 0xC33C, 0x5AA5, 0x0000, 0x0000, 0x8000, 0xA460, 0x0000, 0x8000, 0xB460 },
	{ 0x1000, 0x23D6, 0x1000, 0xFFFF, 0x7FFF, 0xFFFF, 0x7FFF, 0x0000, 0x0000, 0x0000, 0x0000, 0xD600, 0x1122, 0x2233, 0x3344, 0x4455, 0x6677, 0x7788, 0xAAAA, 0x0000, 0xD700, 0x0003, 0x0000, 0x0000, 0x0011, 0x0000, 0xC33C, 0x5AA5, 0x0000, 0x0000, 0x8000, 0xA460, 0x0000, 0x8000, 0xB460 },
	{ 0x1000, 0x23D6, 0x1000, 0xFFFF, 0x7FFF, 0xFFFF, 0x7FFF, 0x0000, 0x0000, 0x0000, 0x0000, 0xD600, 0x1122, 0x2233, 0x3344, 0x4455, 0x6677, 0x7788, 0xAAAA, 0x0000, 0xD700, 0x0003, 0x0000, 0x0000, 0x0011, 0x0000, 0xC33C, 0x5AA5, 0x0000, 0x0000, 0x8000, 0xA460, 0x0000, 0x8000, 0xB460 },
	{ 0x1000, 0x23D6, 0x1000, 0xFFFF, 0x7FFF, 0xFFFF, 0x7FFF, 0x0000, 0x0000, 0x0000, 0x0000, 0xD600, 0x1122, 0x2233, 0x3344, 0x4455, 0x6677, 0x7788, 0xAAAA, 0x0000, 0xD700, 0x0003, 0x0000, 0x0000, 0x0011, 0x0000, 0xC33C, 0x5AA5, 0x0000, 0x0000, 0x8000, 0xA460, 0x0000, 0x8000, 0xB460 },
	{ 0x0220, 0x2300, 0x1000, 0xFFFF, 0x7FFF, 0xFFFF, 0x7FFF, 0x0000, 0x0000, 0x0000, 0x0000, 0x0011, 0x1122, 0x2233, 0x3344, 0x4455, 0x6677, 0x7788, 0xAAAA, 0x0000, 0xD700, 0x0000, 0x0000, 0x0000, 0x0011, 0x0000, 0xC33C, 0x5AA5, 0x0000, 0x0000, 0x8000, 0xA460, 0x0000, 0x8000, 0xB460 },
	{ 0x0220, 0x2300, 0x1000, 0xFFFF, 0x7FFF, 0xFFFF, 0x7FFF, 0x0000, 0x0000, 0x0000, 0x0000, 0x0011, 0x1122, 0x2233, 0x3344, 0x4455, 0x6677, 0x7788, 0xAAAA, 0x0000, 0xD700, 0x0000, 0x0000, 0x0000, 0x0011, 0x0000, 0xC33C, 0x5AA5, 0x0000, 0x0000, 0x8000, 0xA460, 0x0000, 0x8000, 0xB460 },
	{ 0x0220, 0x2300, 0x1000, 0xFFFF, 0x7FFF, 0xFFFF, 0x7FFF, 0x0000, 0x0000, 0x0000, 0x0000, 0x0011, 0x1122, 0x2233, 0x3344, 0x4455, 0x6677, 0x7788, 0xAAAA, 0x0000, 0xD700, 0x0000, 0x0000, 0x0000, 0x0011, 0x0000, 0xC33C, 0x5AA5, 0x0000, 0x0000, 0x8000, 0xA460, 0x0000, 0x8000, 0xB460 },
	{ 0x0220, 0x2300, 0x1000, 0xFFFF, 0x7FFF, 0xFFFF, 0x7FFF, 0x0000, 0x0000, 0x0000, 0x0000, 0x0011, 0x1122, 0x2233, 0x3344, 0x4455, 0x6677, 0x7788, 0xAAAA, 0x0000, 0xD700, 0x0000, 0x0000, 0x0000, 0x0011, 0x0000, 0xC33C, 0x5AA5, 0x0000, 0x0000, 0x8000, 0xA460, 0x0000, 0x8000, 0xB460 },
	{ 0x0220, 0x2300, 0x1000, 0xFFFF, 0x7FFF, 0xFFFF, 0x7FFF, 0x0000, 0x0000, 0x0000, 0x0000, 0x0011, 0x1122, 0x2233, 0x3344, 0x4455, 0x6677, 0x7788, 0xAAAA, 0x0000, 0xD700, 0x0000, 0x0000, 0x0000, 0x0011, 0x0000, 0xC33C, 0x5AA5, 0x0000, 0x0000, 0x8000, 0xA460, 0x0000, 0x8000, 0xB460 },
	{ 0x0220, 0x2300, 0x1000, 0xFFFF, 0x7FFF, 0xFFFF, 0x7FFF, 0x0000, 0x0000, 0x0000, 0x0000, 0x0011, 0x1122, 0x2233, 0x3344, 0x4455, 0x6677, 0x7788, 0xAAAA, 0x0000, 0xD700, 0x0000, 0x0000, 0x0000, 0x0011, 0x0000, 0xC33C, 0x5AA5, 0x0000, 0x0000, 0x8000, 0xA460, 0x0000, 0x8000, 0xB460 },
	{ 0x0220, 0x2300, 0x1000, 0xFFFF, 0x7FFF, 0xFFFF, 0x7FFF, 0x0000, 0x0000, 0x0000, 0x0000, 0x0011, 0x1122, 0x2233, 0x3344, 0x4455, 0x6677, 0x7788, 0xAAAA, 0x0000, 0xD700, 0x0000, 0x0000, 0x0000, 0x0011, 0x0000, 0xC33C, 0x5AA5, 0x0000, 0x0000, 0x8000, 0xA460, 0x0000, 0x8000, 0xB460 },
	{ 0x0220, 0x2300, 0x1000, 0xFFFF, 0x7FFF, 0xFFFF, 0x7FFF, 0x0000, 0x0000, 0x0000, 0x0000, 0x0011, 0x1122, 0x2233, 0x3344, 0x4455, 0x6677, 0x7788, 0xAAAA, 0x0000, 0xD700, 0x0000, 0x0000, 0x0000, 0x0011, 0x0000, 0xC33C, 0x5AA5, 0x0000, 0x0000, 0x8000, 0xA460, 0x0000, 0x8000, 0xB460 },
	{ 0x0220, 0x2300, 0x1000, 0xFFFF, 0x7FFF, 0xFFFF, 0x7FFF, 0x0000, 0x0000, 0x0000, 0x0000, 0x0011, 0x1122, 0x2233, 0x3344, 0x4455, 0x6677, 0x7788, 0xAAAA, 0x0000, 0xD700, 0x0000, 0x0000, 0x0000, 0x0011, 0x0000, 0xC33C, 0x5AA5, 0x0000, 0x0000, 0x8000, 0xA460, 0x0000, 0x8000, 0xB460 },
	{ 0x0220, 0x2300, 0x1000, 0xFFFF, 0x7FFF, 0xFFFF, 0x7FFF, 0x0000, 0x0000, 0x0000, 0x0000, 0x0011, 0x1122, 0x2233, 0x3344, 0x4455, 0x6677, 0x7788, 0xAAAA, 0x0000, 0xD700, 0x0000, 0x0000, 0x0000, 0x0011, 0x0000, 0xC33C, 0x5AA5, 0x0000, 0x0000, 0x8000, 0xA460, 0x0000, 0x8000, 0xB460 },
	{ 0x0220, 0x2300, 0x1000, 0xFFFF, 0x7FFF, 0xFFFF, 0x7FFF, 0x0000, 0x0000, 0x0000, 0x0000, 0x0011, 0x1122, 0x2233, 0x3344, 0x4455, 0x6677, 0x7788, 0xAAAA, 0x0000, 0xD700, 0x0000, 0x0000, 0x0000, 0x0011, 0x0000, 0xC33C, 0x5AA5, 0x0000, 0x0000, 0x8000, 0xA460, 0x0000, 0x8000, 0xB460 },
	{ 0x0220, 0x2300, 0x1000, 0xFFFF, 0x7FFF, 0xFFFF, 0x7FFF, 0x0000, 0x0000, 0x0000, 0x0000, 0x0011, 0x1122, 0x2233, 0x3344, 0x4455, 0x6677, 0x7788, 0xAAAA, 0x0000, 0xD700, 0x0000, 0x0000, 0x0000, 0x0011, 0x0000, 0xC33C, 0x5AA5, 0x0000, 0x0000, 0x8000, 0xA460, 0x0000, 0x8000, 0xB460 },
	{ 0x0220, 0x2300, 0x1000, 0xFFFF, 0x7FFF, 0xFFFF, 0x7FFF, 0x0000, 0x0000, 0x0000, 0x0000, 0x0011, 0x1122, 0x2233, 0x3344, 0x4455, 0x6677, 0x7788, 0xAAAA, 0x0000, 0xD700, 0x0000, 0x0000, 0x0000, 0x0011, 0x0000, 0xC33C, 0x5AA5, 0x0000, 0x0000, 0x8000, 0xA460, 0x0000, 0x8000, 0xB460 },
	{ 0x0220, 0x2300, 0x1000, 0xFFFF, 0x7FFF, 0xFFFF, 0x7FFF, 0x0000, 0x0000, 0x0000, 0x0000, 0x0011, 0x1122, 0x2233, 0x3344, 0x4455, 0x6677, 0x7788, 0xAAAA, 0x0000, 0xD700, 0x0000, 0x0000, 0x0000, 0x0011, 0x0000, 0xC33C, 0x5AA5, 0x0000, 0x0000, 0x8000, 0xA460, 0x0000, 0x8000, 0xB460 },
	{ 0x0220, 0x2300, 0x1000, 0xFFFF, 0x7FFF, 0xFFFF, 0x7FFF, 0x0000, 0x0000, 0x0000, 0x0000, 0x0011, 0x1122, 0x2233, 0x3344, 0x4455, 0x6677, 0x7788, 0xAAAA, 0x0000, 0xD700, 0x0000, 0x0000, 0x0000, 0x0011, 0x0000, 0xC33C, 0x5AA5, 0x0000, 0x0000, 0x8000, 0xA460, 0x0000, 0x8000, 0xB460 },
	{ 0x1040, 0x23D6, 0x1000, 0xFFFF, 0x7FFF, 0xFFFF, 0x7FFF, 0x8001, 0xFFFF, 0x0001, 0x0000, 0xD600, 0x1122, 0x2233, 0x3344, 0x4455, 0x6677, 0x7788, 0x8001, 0x0000, 0xD700, 0x0003, 0x0000, 0x0000, 0x0011, 0x0000, 0xC33C, 0x5AA5, 0x0000, 0x0000, 0x8000, 0xA460, 0x0000, 0x8000, 0xB460 },
	{ 0x1A00, 0x2300, 0x1000, 0xFFFF, 0x7FFF, 0xFFFF, 0x7FFF, 0x0000, 0x0000, 0x0000, 0x0000, 0x0011, 0x1122, 0x2233, 0x3344, 0x4455, 0x6677, 0x7788, 0xAAAA, 0x0000, 0xD700, 0x0000, 0x0000, 0x0000, 0x0011, 0x0000, 0xC33C, 0x5AA5, 0x0000, 0x0000, 0x0000, 0x0A20, 0x0000, 0x8000, 0xB460 },
	{ 0x0000, 0x23D6, 0x1000, 0x0000, 0x0000, 0xFFFF, 0x7FFF, 0x0000, 0x0000, 0x0000, 0x0000, 0xD600, 0x1122, 0x2233, 0x3344, 0x4455, 0x6677, 0x7788, 0xAAAA, 0x0000, 0xD700, 0x0003, 0x0000, 0x0000, 0x0011, 0x0000, 0xC33C, 0x5AA5, 0x0000, 0x0000, 0x8000, 0xA460, 0x0000, 0x8000, 0xB460 },
	{ 0xF000, 0x2300, 0x1000, 0xFFFC, 0xFFFF, 0xFFFF, 0x7FFF, 0x0000, 0x0000, 0x0000, 0x0000, 0x0011, 0x1122, 0x2233, 0x3344, 0x4455, 0x6677, 0x7788, 0xAAAA, 0xFFFC, 0xD700, 0x0000, 0x0000, 0x0000, 0x0011, 0x0000, 0xC33C, 0x5AA5, 0x0000, 0x0000, 0x8000, 0xA460, 0x0000, 0x8000, 0xB460 },
	{ 0xF000, 0x2300, 0x1000, 0xFFFC, 0xFFFF, 0xFFFF, 0x7FFF, 0x0000, 0x0000, 0x0000, 0x0000, 0x0011, 0x1122, 0x2233, 0x3344, 0x4455, 0x6677, 0x7788, 0xAAAA, 0xFFFC, 0xD700, 0x0000, 0x0000, 0x0000, 0x0011, 0x0000, 0xC33C, 0x5AA5, 0x0000, 0x0000, 0x8000, 0xA460, 0x0000, 0x8000, 0xB460 },
	{ 0xF000, 0x2300, 0x1000, 0xFFFC, 0xFFFF, 0xFFFF, 0x7FFF, 0x0000, 0x0000, 0x0000, 0x0000, 0x0011, 0x1122, 0x2233, 0x3344, 0x4455, 0x6677, 0x7788, 0xAAAA, 0xFFFC, 0xD700, 0x0000, 0x0000, 0x0000, 0x0011, 0x0000, 0xC33C, 0x5AA5, 0x0000, 0x0000, 0x8000, 0xA460, 0x0000, 0x8000, 0xB460 },
	{ 0xF000, 0x2300, 0x1000, 0xFFFC, 0xFFFF, 0xFFFF, 0x7FFF, 0x0000, 0x0000, 0x0000, 0x0000, 0x0011, 0x1122, 0x2233, 0x3344, 0x4455, 0x6677, 0x7788, 0xAAAA, 0xFFFC, 0xD700, 0x0000, 0x0000, 0x0000, 0x0011, 0x0000, 0xC33C, 0x5AA5, 0x0000, 0x0000, 0x8000, 0xA460, 0x0000, 0x8000, 0xB460 },
	{ 0xF000, 0x2300, 0x1000, 0xFFFC, 0xFFFF, 0xFFFF, 0x7FFF, 0x0000, 0x0000, 0x0000, 0x0000, 0x0011, 0x1122, 0x2233, 0x3344, 0x4455, 0x6677, 0x7788, 0xAAAA, 0xFFFC, 0xD700, 0x0000, 0x0000, 0x0000, 0x0011, 0x0000, 0xC33C, 0x5AA5, 0x0000, 0x0000, 0x8000, 0xA460, 0x0000, 0x8000, 0xB460 },
	{ 0xF000, 0x2300, 0x1000, 0xFFFC, 0xFFFF, 0xFFFF, 0x7FFF, 0x0000, 0x0000, 0x0000, 0x0000, 0x0011, 0x1122, 0x2233, 0x3344, 0x4455, 0x6677, 0x7788, 0xAAAA, 0xFFFC, 0xD700, 0x0000, 0x0000, 0x0000, 0x0011, 0x0000, 0xC33C, 0x5AA5, 0x0000, 0x0000, 0x8000, 0xA460, 0x0000, 0x8000, 0xB460 },
	{ 0xF000, 0x2300, 0x1000, 0xFFFC, 0xFFFF, 0xFFFF, 0x7FFF, 0x0000, 0x0000, 0x0000, 0x0000, 0x0011, 0x1122, 0x2233, 0x3344, 0x4455, 0x6677, 0x7788, 0xAAAA, 0xFFFC, 0xD700, 0x0000, 0x0000, 0x0000, 0x0011, 0x0000, 0xC33C, 0x5AA5, 0x0000, 0x0000, 0x8000, 0xA460, 0x0000, 0x8000, 0xB460 },
	{ 0xF000, 0x2300, 0x1000, 0xFFFC, 0xFFFF, 0xFFFF, 0x7FFF, 0x0000, 0x0000, 0x0000, 0x0000, 0x0011, 0x1122, 0x2233, 0x3344, 0x4455, 0x6677, 0x7788, 0xAAAA, 0xFFFC, 0xD700, 0x0000, 0x0000, 0x0000, 0x0011, 0x0000, 0xC33C, 0x5AA5, 0x0000, 0x0000, 0x8000, 0xA460, 0x0000, 0x8000, 0xB460 },
	{ 0xF000, 0x2300, 0x1000, 0xFFFC, 0xFFFF, 0xFFFF, 0x7FFF, 0x0000, 0x0000, 0x0000, 0x0000, 0x0011, 0x1122, 0x2233, 0x3344, 0x4455, 0x6677, 0x7788, 0xAAAA, 0xFFFC, 0xD700, 0x0000, 0x0000, 0x0000, 0x0011, 0x0000, 0xC33C, 0x5AA5, 0x0000, 0x0000, 0x8000, 0xA460, 0x0000, 0x8000, 0xB460 },
	{ 0xF000, 0x2300, 0x1000, 0xFFFC, 0xFFFF, 0xFFFF, 0x7FFF, 0x0000, 0x0000, 0x0000, 0x0000, 0x0011, 0x1122, 0x2233, 0x3344, 0x4455, 0x6677, 0x7788, 0xAAAA, 0xFFFC, 0xD700, 0x0000, 0x0000, 0x0000, 0x0011, 0x0000, 0xC33C, 0x5AA5, 0x0000, 0x0000, 0x8000, 0xA460, 0x0000, 0x8000, 0xB460 },
	{ 0xF000, 0x2300, 0x1000, 0xFFFC, 0xFFFF, 0xFFFF, 0x7FFF, 0x0000, 0x0000, 0x0000, 0x0000, 0x0011, 0x1122, 0x2233, 0x3344, 0x4455, 0x6677, 0x7788, 0xAAAA, 0xFFFC, 0xD700, 0x0000, 0x0000, 0x0000, 0x0011, 0x0000, 0xC33C, 0x5AA5, 0x0000, 0x0000, 0x8000, 0xA460, 0x0000, 0x8000, 0xB460 },
	{ 0xF000, 0x2300, 0x1000, 0xFFFC, 0xFFFF, 0xFFFF, 0x7FFF, 0x0000, 0x0000, 0x0000, 0x0000, 0x0011, 0x1122, 0x2233, 0x3344, 0x4455, 0x6677, 0x7788, 0xAAAA, 0xFFFC, 0xD700, 0x0000, 0x0000, 0x0000, 0x0011, 0x0000, 0xC33C, 0x5AA5, 0x0000, 0x0000, 0x8000, 0xA460, 0x0000, 0x8000, 0xB460 },
	{ 0xF000, 0x2300, 0x1000, 0xFFFC, 0xFFFF, 0xFFFF, 0x7FFF, 0x0000, 0x0000, 0x0000, 0x0000, 0x0011, 0x1122, 0x2233, 0x3344, 0x4455, 0x6677, 0x7788, 0xAAAA, 0xFFFC, 0xD700, 0x0000, 0x0000, 0x0000, 0x0011, 0x0000, 0xC33C, 0x5AA5, 0x0000, 0x0000, 0x8000, 0xA460, 0x0000, 0x8000, 0xB460 },
	{ 0xF000, 0x2300, 0x1000, 0xFFFC, 0xFFFF, 0xFFFF, 0x7FFF, 0x0000, 0x0000, 0x0000, 0x0000, 0x0011, 0x1122, 0x2233, 0x3344, 0x4455, 0x6677, 0x7788, 0xAAAA, 0xFFFC, 0xD700, 0x0000, 0x0000, 0x0000, 0x0011, 0x0000, 0xC33C, 0x5AA5, 0x0000, 0x0000, 0x8000, 0xA460, 0x0000, 0x8000, 0xB460 },
	{ 0xF000, 0x2300, 0x1000, 0xFFFC, 0xFFFF, 0xFFFF, 0x7FFF, 0x0000, 0x0000, 0x0000, 0x0000, 0x0011, 0x1122, 0x2233, 0x3344, 0x4455, 0x6677, 0x7788, 0xAAAA, 0xFFFC, 0xD700, 0x0000, 0x0000, 0x0000, 0x0011, 0x0000, 0xC33C, 0x5AA5, 0x0000, 0x0000, 0x8000, 0xA460, 0x0000, 0x8000, 0xB460 },
	{ 0x1000, 0x23D6, 0x1000, 0xFFFF, 0x7FFF, 0xFFFF, 0x7FFF, 0x0000, 0x0000, 0x0000, 0x0000, 0xD600, 0x1122, 0x2233, 0x3344, 0x4455, 0x6677, 0x7788, 0xAAAA, 0x0000, 0xD700, 0x0003, 0x0000, 0x0000, 0x0011, 0x0000, 0xC33C, 0x5AA5, 0x0000, 0x0000, 0x8000, 0xA460, 0x0000, 0x8000, 0xB460 },
	{ 0x1000, 0x23D6, 0x1000, 0xFFFF, 0x7FFF, 0xFFFF, 0x7FFF, 0x0000, 0x0000, 0x0000, 0x0000, 0xD600, 0x1122, 0x2233, 0x3344, 0x4455, 0x6677, 0x7788, 0xAAAA, 0x0000, 0xD700, 0x0003, 0x0000, 0x0000, 0x0011, 0x0000, 0xC33C, 0x5AA5, 0x0000, 0x0000, 0x8000, 0xA460, 0x0000, 0x8000, 0xB460 },
	{ 0x1000, 0x23D6, 0x1000, 0xFFFF, 0x7FFF, 0xFFFF, 0x7FFF, 0x0000, 0x0000, 0x0000, 0x0000, 0xD600, 0x1122, 0x2233, 0x3344, 0x4455, 0x6677, 0x7788, 0xAAAA, 0x0000, 0xD700, 0x0003, 0x0000, 0x0000, 0x0011, 0x0000, 0xC33C, 0x5AA5, 0x0000, 0x0000, 0x8000, 0xA460, 0x0000, 0x8000, 0xB460 },
	{ 0x1000, 0x2300, 0x1000, 0xFFFF, 0x7FFF, 0xFFFF, 0x7FFF, 0x0000, 0x0000, 0x0000, 0x0000, 0x0011, 0x1122, 0x2233, 0x3344, 0x4455, 0x6677, 0x7788, 0xAAAA, 0x000A, 0xD700, 0x0000, 0x0000, 0x0000, 0x0011, 0x0000, 0xC33C, 0x5AA5, 0x0000, 0x0000, 0x8000, 0xA460, 0x0000, 0x8000, 0xB460 },
	{ 0x1000, 0x2300, 0x1000, 0xFFFF, 0x7FFF, 0xFFFF, 0x7FFF, 0x0000, 0x0000, 0x0000, 0x0000, 0x0011, 0x1122, 0x2233, 0x3344, 0x4455, 0x6677, 0x7788, 0xAAAA, 0xFFFC, 0xD700, 0x0000, 0x0000, 0x0000, 0x0011, 0x0000, 0xC33C, 0x5AA5, 0x0000, 0x0000, 0x8000, 0xA460, 0x0000, 0x8000, 0xB460 },
	{ 0x1000, 0x2300, 0x1000, 0xFFFF, 0x7FFF, 0xFFFF, 0x7FFF, 0x0000, 0x0000, 0x0000, 0x0000, 0x0011, 0x1122, 0x2233, 0x3344, 0x4455, 0x6677, 0x7788, 0xAAAA, 0xFFFC, 0xD700, 0x0000, 0x0000, 0x0000, 0x0011, 0x0000, 0xC33C, 0x5AA5, 0x0000, 0x0000, 0x8000, 0xA460, 0x0000, 0x8000, 0xB460 },
	{ 0x1000, 0x2300, 0x1000, 0xFFFF, 0x7FFF, 0xFFFF, 0x7FFF, 0x0000, 0x0000, 0x0000, 0x0000, 0x0011, 0x1122, 0x2233, 0x3344, 0x4455, 0x6677, 0x7788, 0xAAAA, 0xFFFC, 0xD700, 0x0000, 0x0000, 0x0000, 0x0011, 0x0000, 0xC33C, 0x5AA5, 0x0000, 0x0000, 0x8000, 0xA460, 0x0000, 0x8000, 0xB460 },
	{ 0x1000, 0x2300, 0x1000, 0xFFFF, 0x7FFF, 0xFFFF, 0x7FFF, 0x0000, 0x0000, 0x0000, 0x0000, 0x0011, 0x1122, 0x2233, 0x3344, 0x4455, 0x6677, 0x7788, 0xAAAA, 0xFFFC, 0xD700, 0x0000, 0x0000, 0x0000, 0x0011, 0x0000, 0xC33C, 0x5AA5, 0x0000, 0x0000, 0x8000, 0xA460, 0x0000, 0x8000, 0xB460 },
	{ 0x1000, 0x2300, 0x1000, 0xFFFF, 0x7FFF, 0xFFFF, 0x7FFF, 0x0000, 0x0000, 0x0000, 0x0000, 0x0011, 0x1122, 0x2233, 0x3344, 0x4455, 0x6677, 0x7788, 0xAAAA, 0xFFFC, 0xD700, 0x0000, 0x0000, 0x0000, 0x0011, 0x0000, 0xC33C, 0x5AA5, 0x0000, 0x0000, 0x8000, 0xA460, 0x0000, 0x8000, 0xB460 },
	{ 0x1000, 0x2300, 0x1000, 0xFFFF, 0x7FFF, 0xFFFF, 0x7FFF, 0x0000, 0x0000, 0x0000, 0x0000, 0x0011, 0x1122, 0x2233, 0x3344, 0x4455, 0x6677, 0x7788, 0xAAAA, 0xFFFC, 0xD700, 0x0000, 0x0000, 0x0000, 0x0011, 0x0000, 0xC33C, 0x5AA5, 0x0000, 0x0000, 0x8000, 0xA460, 0x0000, 0x8000, 0xB460 },
	{ 0x1000, 0x2300, 0x1000, 0xFFFF, 0x7FFF, 0xFFFF, 0x7FFF, 0x0000, 0x0000, 0x0000, 0x0000, 0x0011, 0x1122, 0x2233, 0x3344, 0x4455, 0x6677, 0x7788, 0xAAAA, 0xFFFC, 0xD700, 0x0000, 0x0000, 0x0000, 0x0011, 0x0000, 0xC33C, 0x5AA5, 0x0000, 0x0000, 0x8000, 0xA460, 0x0000, 0x8000, 0xB460 },
	{ 0x1000, 0x2300, 0x1000, 0xFFFF, 0x7FFF, 0xFFFF, 0x7FFF, 0x0000, 0x0000, 0x0000, 0x0000, 0x0011, 0x1122, 0x2233, 0x3344, 0x4455, 0x6677, 0x7788, 0xAAAA, 0xFFFC, 0xD700, 0x0000, 0x0000, 0x0000, 0x0011, 0x0000, 0xC33C, 0x5AA5, 0x0000, 0x0000, 0x8000, 0xA460, 0x0000, 0x8000, 0xB460 },
	{ 0x1000, 0x2300, 0x1000, 0xFFFF, 0x7FFF, 0xFFFF, 0x7FFF, 0x0000, 0x0000, 0x0000, 0x0000, 0x0011, 0x1122, 0x2233, 0x3344, 0x4455, 0x6677, 0x7788, 0xAAAA, 0xFFFC, 0xD700, 0x0000, 0x0000, 0x0000, 0x0011, 0x0000, 0xC33C, 0x5AA5, 0x0000, 0x0000, 0x8000, 0xA460, 0x0000, 0x8000, 0xB460 },
	{ 0x1000, 0x2300, 0x1000, 0xFFFF, 0x7FFF, 0xFFFF, 0x7FFF, 0x0000, 0x0000, 0x0000, 0x0000, 0x0011, 0x1122, 0x2233, 0x3344, 0x4455, 0x6677, 0x7788, 0xAAAA, 0xFFFC, 0xD700, 0x0000, 0x0000, 0x0000, 0x0011, 0x0000, 0xC33C, 0x5AA5, 0x0000, 0x0000, 0x8000, 0xA460, 0x0000, 0x8000, 0xB460 },
	{ 0x1000, 0x2300, 0x1000, 0xFFFF, 0x7FFF, 0xFFFF, 0x7FFF, 0x0000, 0x0000, 0x0000, 0x0000, 0x0011, 0x1122, 0x2233, 0x3344, 0x4455, 0x6677, 0x7788, 0xAAAA, 0xFFFC, 0xD700, 0x0000, 0x0000, 0x0000, 0x0011, 0x0000, 0xC33C, 0x5AA5, 0x0000, 0x0000, 0x8000, 0xA460, 0x0000, 0x8000, 0xB460 },
	{ 0x1000, 0x2300, 0x1000, 0xFFFF, 0x7FFF, 0xFFFF, 0x7FFF, 0x0000, 0x0000, 0x0000, 0x0000, 0x0011, 0x1122, 0x2233, 0x3344, 0x4455, 0x6677, 0x7788, 0xAAAA, 0xFFFC, 0xD700, 0x0000, 0x0000, 0x0000, 0x0011, 0x0000, 0xC33C, 0x5AA5, 0x0000, 0x0000, 0x8000, 0xA460, 0x0000, 0x8000, 0xB460 },
	{ 0x1000, 0x2300, 0x1000, 0xFFFF, 0x7FFF, 0xFFFF, 0x7FFF, 0x0000, 0x0000, 0x0000, 0x0000, 0x0011, 0x1122, 0x2233, 0x3344, 0x4455, 0x6677, 0x7788, 0xAAAA, 0xFFFC, 0xD700, 0x0000, 0x0000, 0x0000, 0x0011, 0x0000, 0xC33C, 0x5AA5, 0x0000, 0x0000, 0x8000, 0xA460, 0x0000, 0x8000, 0xB460 },
	{ 0x1000, 0x2300, 0x1000, 0xFFFF, 0x7FFF, 0xFFFF, 0x7FFF, 0x0000, 0x0000, 0x0000, 0x0000, 0x0011, 0x1122, 0x2233, 0x3344, 0x4455, 0x6677, 0x7788, 0xAAAA, 0xFFFC, 0xD700, 0x0000, 0x0000, 0x0000, 0x0011, 0x0000, 0xC33C, 0x5AA5, 0x0000, 0x0000, 0x8000, 0xA460, 0x0000, 0x8000, 0xB460 },
	{ 0x1000, 0x2300, 0x1000, 0xFFFF, 0x7FFF, 0xFFFF, 0x7FFF, 0x0000, 0x0000, 0x0000, 0x0000, 0x0011, 0x1122, 0x2233, 0x3344, 0x4455, 0x6677, 0x7788, 0xAAAA, 0xFFFC, 0xD700, 0x0000, 0x0000, 0x0000, 0x0011, 0x0000, 0xC33C, 0x5AA5, 0x0000, 0x0000, 0x8000, 0xA460, 0x0000, 0x8000, 0xB460 },
	{ 0x1000, 0x2300, 0x1000, 0xFFFF, 0x7FFF, 0xFFFF, 0x7FFF, 0x0000, 0x0000, 0x0000, 0x0000, 0x0011, 0x1122, 0x2233, 0x3344, 0x4455, 0x6677, 0x7788, 0xAAAA, 0xFFFC, 0xD700, 0x0000, 0x0000, 0x0000, 0x0011, 0x0000, 0xC33C, 0x5AA5, 0x0000, 0x0000, 0x8000, 0xA460, 0x0000, 0x8000, 0xB460 },
	{ 0x1000, 0x2300, 0x1000, 0xFFFF, 0x7FFF, 0xFFFF, 0x7FFF, 0x0000, 0x0000, 0x0000, 0x0000, 0x0011, 0x1122, 0x2233, 0x3344, 0x4455, 0x6677, 0x7788, 0xAAAA, 0xFFFC, 0xD700, 0x0000, 0x0000, 0x0000, 0x0011, 0x0000, 0xC33C, 0x5AA5, 0x0000, 0x0000, 0x8000, 0xA460, 0x0000, 0x8000, 0xB460 },
	{ 0x1000, 0x2300, 0x1000, 0xFFFF, 0x7FFF, 0xFFFF, 0x7FFF, 0x0000, 0x0000, 0x0000, 0x0000, 0x0011, 0x1122, 0x2233, 0x3344, 0x4455, 0x6677, 0x7788, 0xAAAA, 0xFFFC, 0xD700, 0x0000, 0x0000, 0x0000, 0x0011, 0x0000, 0xC33C, 0x5AA5, 0x0000, 0x0000, 0x8000, 0xA460, 0x0000, 0x8000, 0xB460 },
	{ 0x1000, 0x2300, 0x1000, 0xFFFF, 0x7FFF, 0xFFFF, 0x7FFF, 0x0000, 0x0000, 0x0000, 0x0000, 0x0011, 0x1122, 0x2233, 0x3344, 0x4455, 0x6677, 0x7788, 0xAAAA, 0xFFFC, 0xD700, 0x0000, 0x0000, 0x0000, 0x0011, 0x0000, 0xC33C, 0x5AA5, 0x0000, 0x0000, 0x8000, 0xA460, 0x0000, 0x8000, 0xB460 },
	{ 0x1000, 0x2300, 0x1000, 0xFFFF, 0x7FFF, 0xFFFF, 0x7FFF, 0x0000, 0x0000, 0x0000, 0x0000, 0x0011, 0x1122, 0x2233, 0x3344, 0x4455, 0x6677, 0x7788, 0xAAAA, 0xFFFC, 0xD700, 0x0000, 0x0000, 0x0000, 0x0011, 0x0000, 0xC33C, 0x5AA5, 0x0000, 0x0000, 0x8000, 0xA460, 0x0000, 0x8000, 0xB460 },
	{ 0x1000, 0x2300, 0x1000, 0xFFFF, 0x7FFF, 0xFFFF, 0x7FFF, 0x0000, 0x0000, 0x0000, 0x0000, 0x0011, 0x1122, 0x2233, 0x3344, 0x4455, 0x6677, 0x7788, 0xAAAA, 0xFFFC, 0xD700, 0x0000, 0x0000, 0x0000, 0x0011, 0x0000, 0xC33C, 0x5AA5, 0x0000, 0x0000, 0x8000, 0xA460, 0x0000, 0x8000, 0xB460 },
	{ 0x1000, 0x2300, 0x1000, 0xFFFF, 0x7FFF, 0xFFFF, 0x7FFF, 0x0000, 0x0000, 0x0000, 0x0000, 0x0011, 0x1122, 0x2233, 0x3344, 0x4455, 0x6677, 0x7788, 0xAAAA, 0xFFFC, 0xD700, 0x0000, 0x0000, 0x0000, 0x0011, 0x0000, 0xC33C, 0x5AA5, 0x0000, 0x0000, 0x8000, 0xA460, 0x0000, 0x8000, 0xB460 },
	{ 0x1000, 0x2300, 0x1000, 0xFFFF, 0x7FFF, 0xFFFF, 0x7FFF, 0x0000, 0x0000, 0x0000, 0x0000, 0x0011, 0x1122, 0x2233, 0x3344, 0x4455, 0x6677, 0x7788, 0xAAAA, 0xFFFC, 0xD700, 0x0000, 0x0000, 0x0000, 0x0011, 0x0000, 0xC33C, 0x5AA5, 0x0000, 0x0000, 0x8000, 0xA460, 0x0000, 0x8000, 0xB460 },
	{ 0x1000, 0x2300, 0x1000, 0xFFFF, 0x7FFF, 0xFFFF, 0x7FFF, 0x0000, 0x0000, 0x0000, 0x0000, 0x0011, 0x1122, 0x2233, 0x3344, 0x4455, 0x6677, 0x7788, 0xAAAA, 0xFFFC, 0xD700, 0x0000, 0x0000, 0x0000, 0x0011, 0x0000, 0xC33C, 0x5AA5, 0x0000, 0x0000, 0x8000, 0xA460, 0x0000, 0x8000, 0xB460 },
	{ 0x1000, 0x2300, 0x1000, 0xFFFF, 0x7FFF, 0xFFFF, 0x7FFF, 0x0000, 0x0000, 0x0000, 0x0000, 0x0011, 0x1122, 0x2233, 0x3344, 0x4455, 0x6677, 0x7788, 0xAAAA, 0xFFFC, 0xD700, 0x0000, 0x0000, 0x0000, 0x0011, 0x0000, 0xC33C, 0x5AA5, 0x0000, 0x0000, 0x8000, 0xA460, 0x0000, 0x8000, 0xB460 },
	{ 0x1000, 0x2300, 0x1000, 0xFFFF, 0x7FFF, 0xFFFF, 0x7FFF, 0x0000, 0x0000, 0x0000, 0x0000, 0x0011, 0x1122, 0x2233, 0x3344, 0x4455, 0x6677, 0x7788, 0xAAAA, 0xFFFC, 0xD700, 0x0000, 0x0000, 0x0000, 0x0011, 0x0000, 0xC33C, 0x5AA5, 0x0000, 0x0000, 0x8000, 0xA460, 0x0000, 0x8000, 0xB460 },
	{ 0x1000, 0x2300, 0x1000, 0xFFFF, 0x7FFF, 0xFFFF, 0x7FFF, 0x0000, 0x0000, 0x0000, 0x0000, 0x0011, 0x1122, 0x2233, 0x3344, 0x4455, 0x6677, 0x7788, 0xAAAA, 0xFFFC, 0xD700, 0x0000, 0x0000, 0x0000, 0x0011, 0x0000, 0xC33C, 0x5AA5, 0x0000, 0x0000, 0x8000, 0xA460, 0x0000, 0x8000, 0xB460 },
	{ 0x1000, 0x2300, 0x1000, 0xFFFF, 0x7FFF, 0xFFFF, 0x7FFF, 0x0000, 0x0000, 0x0000, 0x0000, 0x0011, 0x1122, 0x2233, 0x3344, 0x4455, 0x6677, 0x7788, 0xAAAA, 0xFFFC, 0xD700, 0x0000, 0x0000, 0x0000, 0x0011, 0x0000, 0xC33C, 0x5AA5, 0x0000, 0x0000, 0x8000, 0xA460, 0x0000, 0x8000, 0xB460 },
	{ 0x1000, 0x2300, 0x1000, 0xFFFF, 0x7FFF, 0xFFFF, 0x7FFF, 0x0000, 0x0000, 0x0000, 0x0000, 0x0011, 0x1122, 0x2233, 0x3344, 0x4455, 0x6677, 0x7788, 0xAAAA, 0xFFFC, 0xD700, 0x0000, 0x0000, 0x0000, 0x0011, 0x0000, 0xC33C, 0x5AA5, 0x0000, 0x0000, 0x8000, 0xA460, 0x0000, 0x8000, 0xB460 },
	{ 0x1000, 0x2300, 0x1000, 0xFFFF, 0x7FFF, 0xFFFF, 0x7FFF, 0x0000, 0x0000, 0x0000, 0x0000, 0x0011, 0x1122, 0x2233, 0x3344, 0x4455, 0x6677, 0x7788, 0xAAAA, 0xFFFC, 0xD700, 0x0000, 0x0000, 0x0000, 0x0011, 0x0000, 0xC33C, 0x5AA5, 0x0000, 0x0000, 0x8000, 0xA460, 0x0000, 0x8000, 0xB460 },
	{ 0x1000, 0x2300, 0x1000, 0xFFFF, 0x7FFF, 0xFFFF, 0x7FFF, 0x0000, 0x0000, 0x0000, 0x0000, 0x0011, 0x1122, 0x2233, 0x3344, 0x4455, 0x6677, 0x7788, 0xAAAA, 0xFFFC, 0xD700, 0x0000, 0x0000, 0x0000, 0x0011, 0x0000, 0xC33C, 0x5AA5, 0x0000, 0x0000, 0x8000, 0xA460, 0x0000, 0x8000, 0xB460 },
	{ 0xA440, 0x2300, 0x1000, 0x0000, 0x8000, 0xFFFF, 0x7FFF, 0x0000, 0x0000, 0x0000, 0x0000, 0x0011, 0x1122, 0x2233, 0x3344, 0x4455, 0x6677, 0x7788, 0xAAAA, 0x0000, 0xD700, 0x0000, 0x0000, 0x0000, 0x0011, 0x0000, 0xC33C, 0x5AA5, 0x0000, 0x0000, 0x8000, 0xA460, 0x0000, 0x8000, 0xB460 },
	{ 0xA440, 0x2300, 0x1000, 0x0000, 0x8000, 0xFFFF, 0x7FFF, 0x0000, 0x0000, 0x0000, 0x0000, 0x0011, 0x1122, 0x2233, 0x3344, 0x4455, 0x6677, 0x7788, 0xAAAA, 0x0000, 0xD700, 0x0000, 0x0000, 0x0000, 0x0011, 0x0000, 0xC33C, 0x5AA5, 0x0000, 0x0000, 0x8000, 0xA460, 0x0000, 0x8000, 0xB460 },
	{ 0xA440, 0x2300, 0x1000, 0x0000, 0x8000, 0xFFFF, 0x7FFF, 0x0000, 0x0000, 0x0000, 0x0000, 0x0011, 0x1122, 0x2233, 0x3344, 0x4455, 0x6677, 0x7788, 0xAAAA, 0x0000, 0xD700, 0x0000, 0x0000, 0x0000, 0x0011, 0x0000, 0xC33C, 0x5AA5, 0x0000, 0x0000, 0x8000, 0xA460, 0x0000, 0x8000, 0xB460 },
	{ 0xA440, 0x2300, 0x1000, 0x0000, 0x8000, 0xFFFF, 0x7FFF, 0x0000, 0x0000, 0x0000, 0x0000, 0x0011, 0x1122, 0x2233, 0x3344, 0x4455, 0x6677, 0x7788, 0xAAAA, 0x0000, 0xD700, 0x0000, 0x0000, 0x0000, 0x0011, 0x0000, 0xC33C, 0x5AA5, 0x0000, 0x0000, 0x8000, 0xA460, 0x0000, 0x8000, 0xB460 },
	{ 0xA440, 0x2300, 0x1000, 0x0000, 0x8000, 0xFFFF, 0x7FFF, 0x0000, 0x0000, 0x0000, 0x0000, 0x0011, 0x1122, 0x2233, 0x3344, 0x4455, 0x6677, 0x7788, 0xAAAA, 0x0000, 0xD700, 0x0000, 0x0000, 0x0000, 0x0011, 0x0000, 0xC33C, 0x5AA5, 0x0000, 0x0000, 0x8000, 0xA460, 0x0000, 0x8000, 0xB460 },
	{ 0xA440, 0x2300, 0x1000, 0x0000, 0x8000, 0xFFFF, 0x7FFF, 0x0000, 0x0000, 0x0000, 0x0000, 0x0011, 0x1122, 0x2233, 0x3344, 0x4455, 0x6677, 0x7788, 0xAAAA, 0x0000, 0xD700, 0x0000, 0x0000, 0x0000, 0x0011, 0x0000, 0xC33C, 0x5AA5, 0x0000, 0x0000, 0x8000, 0xA460, 0x0000, 0x8000, 0xB460 },
	{ 0xA440, 0x2300, 0x1000, 0x0000, 0x8000, 0xFFFF, 0x7FFF, 0x0000, 0x0000, 0x0000, 0x0000, 0x0011, 0x1122, 0x2233, 0x3344, 0x4455, 0x6677, 0x7788, 0xAAAA, 0x0000, 0xD700, 0x0000, 0x0000, 0x0000, 0x0011, 0x0000, 0xC33C, 0x5AA5, 0x0000, 0x0000, 0x8000, 0xA460, 0x0000, 0x8000, 0xB460 },
	{ 0x1420, 0x2300, 0x1000, 0xFFFF, 0x7FFF, 0xFFFF, 0x7FFF, 0x0000, 0x0000, 0x0000, 0x0000, 0x0011, 0x1122, 0x2233, 0x3344, 0x4455, 0x6677, 0x7788, 0xAAAA, 0x0000, 0xD700, 0x0000, 0x0000, 0x0000, 0x0011, 0x0000, 0xC33C, 0x5AA5, 0x0000, 0x0000, 0x8000, 0xA460, 0xFFFF, 0xFFFF, 0xF420 },
	{ 0x1420, 0x2300, 0x1000, 0xFFFF, 0x7FFF, 0xFFFF, 0x7FFF, 0x0000, 0x0000, 0x0000, 0x0000, 0x0011, 0x1122, 0x2233, 0x3344, 0x4455, 0x6677, 0x7788, 0xAAAA, 0x0000, 0xD700, 0x0000, 0x0000, 0x0000, 0x0011, 0x0000, 0xC33C, 0x5AA5, 0x0000, 0x0000, 0x8000, 0xA460, 0xFFFF, 0xFFFF, 0xF420 },
	{ 0x1420, 0x2300, 0x1000, 0xFFFF, 0x7FFF, 0xFFFF, 0x7FFF, 0x0000, 0x0000, 0x0000, 0x0000, 0x0011, 0x1122, 0x2233, 0x3344, 0x4455, 0x6677, 0x7788, 0xAAAA, 0x0000, 0xD700, 0x0000, 0x0000, 0x0000, 0x0011, 0x0000, 0xC33C, 0x5AA5, 0x0000, 0x0000, 0x8000, 0xA460, 0xFFFF, 0xFFFF, 0xF420 },
	{ 0x1420, 0x2300, 0x1000, 0xFFFF, 0x7FFF, 0xFFFF, 0x7FFF, 0x0000, 0x0000, 0x0000, 0x0000, 0x0011, 0x1122, 0x2233, 0x3344, 0x4455, 0x6677, 0x7788, 0xAAAA, 0x0000, 0xD700, 0x0000, 0x0000, 0x0000, 0x0011, 0x0000, 0xC33C, 0x5AA5, 0x0000, 0x0000, 0x8000, 0xA460, 0xFFFF, 0xFFFF, 0xF420 },
	{ 0x1420, 0x2300, 0x1000, 0xFFFF, 0x7FFF, 0xFFFF, 0x7FFF, 0x0000, 0x0000, 0x0000, 0x0000, 0x0011, 0x1122, 0x2233, 0x3344, 0x4455, 0x6677, 0x7788, 0xAAAA, 0x0000, 0xD700, 0x0000, 0x0000, 0x0000, 0x0011, 0x0000, 0xC33C, 0x5AA5, 0x0000, 0x0000, 0x8000, 0xA460, 0xFFFF, 0xFFFF, 0xF420 },
	{ 0x1420, 0x2300, 0x1000, 0xFFFF, 0x7FFF, 0xFFFF, 0x7FFF, 0x0000, 0x0000, 0x0000, 0x0000, 0x0011, 0x1122, 0x2233, 0x3344, 0x4455, 0x6677, 0x7788, 0xAAAA, 0x0000, 0xD700, 0x0000, 0x0000, 0x0000, 0x0011, 0x0000, 0xC33C, 0x5AA5, 0x0000, 0x0000, 0x8000, 0xA460, 0xFFFF, 0xFFFF, 0xF420 },
	{ 0x1420, 0x2300, 0x1000, 0xFFFF, 0x7FFF, 0xFFFF, 0x7FFF, 0x0000, 0x0000, 0x0000, 0x0000, 0x0011, 0x1122, 0x2233, 0x3344, 0x4455, 0x6677, 0x7788, 0xAAAA, 0x0000, 0xD700, 0x0000, 0x0000, 0x0000, 0x0011, 0x0000, 0xC33C, 0x5AA5, 0x0000, 0x0000, 0x8000, 0xA460, 0xFFFF, 0xFFFF, 0xF420 },
	{ 0x1420, 0x2300, 0x1000, 0xFFFF, 0x7FFF, 0xFFFF, 0x7FFF, 0x0000, 0x0000, 0x0000, 0x0000, 0x0011, 0x1122, 0x2233, 0x3344, 0x4455, 0x6677, 0x7788, 0xAAAA, 0x0000, 0xD700, 0x0000, 0x0000, 0x0000, 0x0011, 0x0000, 0xC33C, 0x5AA5, 0x0000, 0x0000, 0x8000, 0xA460, 0xFFFF, 0xFFFF, 0xF420 },
	{ 0x1420, 0x2300, 0x1000, 0xFFFF, 0x7FFF, 0xFFFF, 0x7FFF, 0x0000, 0x0000, 0x0000, 0x0000, 0x0011, 0x1122, 0x2233, 0x3344, 0x4455, 0x6677, 0x7788, 0xAAAA, 0x0000, 0xD700, 0x0000, 0x0000, 0x0000, 0x0011, 0x0000, 0xC33C, 0x5AA5, 0x0000, 0x0000, 0x8000, 0xA460, 0xFFFF, 0xFFFF, 0xF420 },
	{ 0x1420, 0x2300, 0x1000, 0xFFFF, 0x7FFF, 0xFFFF, 0x7FFF, 0x0000, 0x0000, 0x0000, 0x0000, 0x0011, 0x1122, 0x2233, 0x3344, 0x4455, 0x6677, 0x7788, 0xAAAA, 0x0000, 0xD700, 0x0000, 0x0000, 0x0000, 0x0011, 0x0000, 0xC33C, 0x5AA5, 0x0000, 0x0000, 0x8000, 0xA460, 0xFFFF, 0xFFFF, 0xF420 },
	{ 0x1420, 0x2300, 0x1000, 0xFFFF, 0x7FFF, 0xFFFF, 0x7FFF, 0x0000, 0x0000, 0x0000, 0x0000, 0x0011, 0x1122, 0x2233, 0x3344, 0x4455, 0x6677, 0x7788, 0xAAAA, 0x0000, 0xD700, 0x0000, 0x0000, 0x0000, 0x0011, 0x0000, 0xC33C, 0x5AA5, 0x0000, 0x0000, 0x8000, 0xA460, 0xFFFF, 0xFFFF, 0xF420 },
	{ 0x1420, 0x2300, 0x1000, 0xFFFF, 0x7FFF, 0xFFFF, 0x7FFF, 0x0000, 0x0000, 0x0000, 0x0000, 0x0011, 0x1122, 0x2233, 0x3344, 0x4455, 0x6677, 0x7788, 0xAAAA, 0x0000, 0xD700, 0x0000, 0x0000, 0x0000, 0x0011, 0x0000, 0xC33C, 0x5AA5, 0x0000, 0x0000, 0x8000, 0xA460, 0xFFFF, 0xFFFF, 0xF420 },
	{ 0x1420, 0x2300, 0x1000, 0xFFFF, 0x7FFF, 0xFFFF, 0x7FFF, 0x0000, 0x0000, 0x0000, 0x0000, 0x0011, 0x1122, 0x2233, 0x3344, 0x4455, 0x6677, 0x7788, 0xAAAA, 0x0000, 0xD700, 0x0000, 0x0000, 0x0000, 0x0011, 0x0000, 0xC33C, 0x5AA5, 0x0000, 0x0000, 0x8000, 0xA460, 0xFFFF, 0xFFFF, 0xF420 },
	{ 0x1420, 0x2300, 0x1000, 0xFFFF, 0x7FFF, 0xFFFF, 0x7FFF, 0x0000, 0x0000, 0x0000, 0x0000, 0x0011, 0x1122, 0x2233, 0x3344, 0x4455, 0x6677, 0x7788, 0xAAAA, 0x0000, 0xD700, 0x0000, 0x0000, 0x0000, 0x0011, 0x0000, 0xC33C, 0x5AA5, 0x0000, 0x0000, 0x8000, 0xA460, 0xFFFF, 0xFFFF, 0xF420 },
	{ 0x1420, 0x2300, 0x1000, 0xFFFF, 0x7FFF, 0xFFFF, 0x7FFF, 0x0000, 0x0000, 0x0000, 0x0000, 0x0011, 0x1122, 0x2233, 0x3344, 0x4455, 0x6677, 0x7788, 0xAAAA, 0x0000, 0xD700, 0x0000, 0x0000, 0x0000, 0x0011, 0x0000, 0xC33C, 0x5AA5, 0x0000, 0x0000, 0x8000, 0xA460, 0xFFFF, 0xFFFF, 0xF420 },
	{ 0x1020, 0x2300, 0x1000, 0xFFFF, 0x7FFF, 0xFFFF, 0x7FFF, 0x0000, 0x0000, 0xFFFF, 0xFFFF, 0x0011, 0x1122, 0x2233, 0x3344, 0x4455, 0x6677, 0x7788, 0xAAAA, 0x0000, 0xD700, 0x0000, 0x0000, 0x0000, 0x0011, 0x0000, 0xC33C, 0x5AA5, 0x0000, 0x0000, 0x8000, 0xA460, 0x0000, 0x8000, 0xB460 },
	{ 0x1020, 0x2300, 0x1000, 0xFFFF, 0x7FFF, 0xFFFF, 0x7FFF, 0x0000, 0x0000, 0xFFFF, 0xFFFF, 0x0011, 0x1122, 0x2233, 0x3344, 0x4455, 0x6677, 0x7788, 0xAAAA, 0x0000, 0xD700, 0x0000, 0x0000, 0x0000, 0x0011, 0x0000, 0xC33C, 0x5AA5, 0x0000, 0x0000, 0x8000, 0xA460, 0x0000, 0x8000, 0xB460 },
	{ 0x1020, 0x2300, 0x1000, 0xFFFF, 0x7FFF, 0xFFFF, 0x7FFF, 0x0000, 0x0000, 0xFFFF, 0xFFFF, 0x0011, 0x1122, 0x2233, 0x3344, 0x4455, 0x6677, 0x7788, 0xAAAA, 0x0000, 0xD700, 0x0000, 0x0000, 0x0000, 0x0011, 0x0000, 0xC33C, 0x5AA5, 0x0000, 0x0000, 0x8000, 0xA460, 0x0000, 0x8000, 0xB460 },
	{ 0x1020, 0x2300, 0x1000, 0xFFFF, 0x7FFF, 0xFFFF, 0x7FFF, 0x0000, 0x0000, 0xFFFF, 0xFFFF, 0x0011, 0x1122, 0x2233, 0x3344, 0x4455, 0x6677, 0x7788, 0xAAAA, 0x0000, 0xD700, 0x0000, 0x0000, 0x0000, 0x0011, 0x0000, 0xC33C, 0x5AA5, 0x0000, 0x0000, 0x8000, 0xA460, 0x0000, 0x8000, 0xB460 },
	{ 0x1020, 0x2300, 0x1000, 0xFFFF, 0x7FFF, 0xFFFF, 0x7FFF, 0x0000, 0x0000, 0xFFFF, 0xFFFF, 0x0011, 0x1122, 0x2233, 0x3344, 0x4455, 0x6677, 0x7788, 0xAAAA, 0x0000, 0xD700, 0x0000, 0x0000, 0x0000, 0x0011, 0x0000, 0xC33C, 0x5AA5, 0x0000, 0x0000, 0x8000, 0xA460, 0x0000, 0x8000, 0xB460 },
	{ 0x1020, 0x2300, 0x1000, 0xFFFF, 0x7FFF, 0xFFFF, 0x7FFF, 0x0000, 0x0000, 0xFFFF, 0xFFFF, 0x0011, 0x1122, 0x2233, 0x3344, 0x4455, 0x6677, 0x7788, 0xAAAA, 0x0000, 0xD700, 0x0000, 0x0000, 0x0000, 0x0011, 0x0000, 0xC33C, 0x5AA5, 0x0000, 0x0000, 0x8000, 0xA460, 0x0000, 0x8000, 0xB460 },
	{ 0x1020, 0x2300, 0x1000, 0xFFFF, 0x7FFF, 0xFFFF, 0x7FFF, 0x0000, 0x0000, 0xFFFF, 0xFFFF, 0x0011, 0x1122, 0x2233, 0x3344, 0x4455, 0x6677, 0x7788, 0xAAAA, 0x0000, 0xD700, 0x0000, 0x0000, 0x0000, 0x0011, 0x0000, 0xC33C, 0x5AA5, 0x0000, 0x0000, 0x8000, 0xA460, 0x0000, 0x8000, 0xB460 },
	{ 0x1020, 0x2300, 0x1000, 0xFFFF, 0x7FFF, 0xFFFF, 0x7FFF, 0x0000, 0x0000, 0xFFFF, 0xFFFF, 0x0011, 0x1122, 0x2233, 0x3344, 0x4455, 0x6677, 0x7788, 0xAAAA, 0x0000, 0xD700, 0x0000, 0x0000, 0x0000, 0x0011, 0x0000, 0xC33C, 0x5AA5, 0x0000, 0x0000, 0x8000, 0xA460, 0x0000, 0x8000, 0xB460 },
	{ 0x1020, 0x2300, 0x1000, 0xFFFF, 0x7FFF, 0xFFFF, 0x7FFF, 0x0000, 0x0000, 0xFFFF, 0xFFFF, 0x0011, 0x1122, 0x2233, 0x3344, 0x4455, 0x6677, 0x7788, 0xAAAA, 0x0000, 0xD700, 0x0000, 0x0000, 0x0000, 0x0011, 0x0000, 0xC33C, 0x5AA5, 0x0000, 0x0000, 0x8000, 0xA460, 0x0000, 0x8000, 0xB460 },
	{ 0x1020, 0x2300, 0x1000, 0xFFFF, 0x7FFF, 0xFFFF, 0x7FFF, 0x0000, 0x0000, 0xFFFF, 0xFFFF, 0x0011, 0x1122, 0x2233, 0x3344, 0x4455, 0x6677, 0x7788, 0xAAAA, 0x0000, 0xD700, 0x0000, 0x0000, 0x0000, 0x0011, 0x0000, 0xC33C, 0x5AA5, 0x0000, 0x0000, 0x8000, 0xA460, 0x0000, 0x8000, 0xB460 },
	{ 0x1020, 0x2300, 0x1000, 0xFFFF, 0x7FFF, 0xFFFF, 0x7FFF, 0x0000, 0x0000, 0xFFFF, 0xFFFF, 0x0011, 0x1122, 0x2233, 0x3344, 0x4455, 0x6677, 0x7788, 0xAAAA, 0x0000, 0xD700, 0x0000, 0x0000, 0x0000, 0x0011, 0x0000, 0xC33C, 0x5AA5, 0x0000, 0x0000, 0x8000, 0xA460, 0x0000, 0x8000, 0xB460 },
	{ 0x1020, 0x2300, 0x1000, 0xFFFF, 0x7FFF, 0xFFFF, 0x7FFF, 0x0000, 0x0000, 0xFFFF, 0xFFFF, 0x0011, 0x1122, 0x2233, 0x3344, 0x4455, 0x6677, 0x7788, 0xAAAA, 0x0000, 0xD700, 0x0000, 0x0000, 0x0000, 0x0011, 0x0000, 0xC33C, 0x5AA5, 0x0000, 0x0000, 0x8000, 0xA460, 0x0000, 0x8000, 0xB460 },
	{ 0x1020, 0x2300, 0x1000, 0xFFFF, 0x7FFF, 0xFFFF, 0x7FFF, 0x0000, 0x0000, 0xFFFF, 0xFFFF, 0x0011, 0x1122, 0x2233, 0x3344, 0x4455, 0x6677, 0x7788, 0xAAAA, 0x0000, 0xD700, 0x0000, 0x0000, 0x0000, 0x0011, 0x0000, 0xC33C, 0x5AA5, 0x0000, 0x0000, 0x8000, 0xA460, 0x0000, 0x8000, 0xB460 },
	{ 0x1020, 0x2300, 0x1000, 0xFFFF, 0x7FFF, 0xFFFF, 0x7FFF, 0x0000, 0x0000, 0xFFFF, 0xFFFF, 0x0011, 0x1122, 0x2233, 0x3344, 0x4455, 0x6677, 0x7788, 0xAAAA, 0x0000, 0xD700, 0x0000, 0x0000, 0x0000, 0x0011, 0x0000, 0xC33C, 0x5AA5, 0x0000, 0x0000, 0x8000, 0xA460, 0x0000, 0x8000, 0xB460 },
	{ 0x1020, 0x2300, 0x1000, 0xFFFF, 0x7FFF, 0xFFFF, 0x7FFF, 0x0000, 0x0000, 0xFFFF, 0xFFFF, 0x0011, 0x1122, 0x2233, 0x3344, 0x4455, 0x6677, 0x7788, 0xAAAA, 0x0000, 0xD700, 0x0000, 0x0000, 0x0000, 0x0011, 0x0000, 0xC33C, 0x5AA5, 0x0000, 0x0000, 0x8000, 0xA460, 0x0000, 0x8000, 0xB460 },
	{ 0x1000, 0x2300, 0x1000, 0xFFFF, 0x7FFF, 0xFFFF, 0x7FFF, 0x0000, 0x0000, 0x0000, 0x0000, 0x0011, 0x1122, 0x2233, 0x3344, 0x4455, 0x6677, 0x7788, 0xAAAA, 0x0000, 0xD700, 0x0000, 0x0000, 0x0000, 0x0011, 0x0000, 0xC33C, 0x5AA5, 0x0000, 0x0000, 0x8000, 0xA460, 0x0000, 0x8000, 0xB460 },
	{ 0x0A00, 0x2300, 0x1000, 0x0000, 0x0000, 0xFFFF, 0x7FFF, 0x0000, 0x0000, 0x0000, 0x0000, 0x0011, 0x1122, 0x2233, 0x3344, 0x4455, 0x6677, 0x7788, 0xAAAA, 0x0000, 0xD700, 0x0000, 0x0000, 0x0000, 0x0011, 0x0000, 0xC33C, 0x5AA5, 0x0000, 0x0000, 0x8000, 0xA460, 0x0000, 0x8000, 0xB460 },
	{ 0x0A00, 0x2300, 0x1000, 0x0000, 0x0000, 0xFFFF, 0x7FFF, 0x0000, 0x0000, 0x0000, 0x0000, 0x0011, 0x1122, 0x2233, 0x3344, 0x4455, 0x6677, 0x7788, 0xAAAA, 0x0000, 0xD700, 0x0000, 0x0000, 0x0000, 0x0011, 0x0000, 0xC33C, 0x5AA5, 0x0000, 0x0000, 0x8000, 0xA460, 0x0000, 0x8000, 0xB460 },
	{ 0x0A00, 0x2300, 0x1000, 0x0000, 0x0000, 0xFFFF, 0x7FFF, 0x0000, 0x0000, 0x0000, 0x0000, 0x0011, 0x1122, 0x2233, 0x3344, 0x4455, 0x6677, 0x7788, 0xAAAA, 0x0000, 0xD700, 0x0000, 0x0000, 0x0000, 0x0011, 0x0000, 0xC33C, 0x5AA5, 0x0000, 0x0000, 0x8000, 0xA460, 0x0000, 0x8000, 0xB460 },
	{ 0x0A20, 0x2300, 0x1000, 0x0000, 0x0000, 0xFFFF, 0x7FFF, 0x0000, 0x0000, 0x0000, 0x0000, 0x0011, 0x1122, 0x2233, 0x3344, 0x4455, 0x6677, 0x7788, 0xAAAA, 0x0000, 0xD700, 0x0000, 0x0000, 0x0000, 0x0011, 0x0000, 0xC33C, 0x5AA5, 0x0000, 0x0000, 0x8000, 0xA460, 0x0000, 0x8000, 0xB460 },
	{ 0x0A20, 0x2300, 0x1000, 0x0000, 0x0000, 0xFFFF, 0x7FFF, 0x0000, 0x0000, 0x0000, 0x0000, 0x0011, 0x1122, 0x2233, 0x3344, 0x4455, 0x6677, 0x7788, 0xAAAA, 0x0000, 0xD700, 0x0000, 0x0000, 0x0000, 0x0011, 0x0000, 0xC33C, 0x5AA5, 0x0000, 0x0000, 0x8000, 0xA460, 0x0000, 0x8000, 0xB460 },
	{ 0x0A20, 0x2300, 0x1000, 0x0000, 0x0000, 0xFFFF, 0x7FFF, 0x0000, 0x0000, 0x0000, 0x0000, 0x0011, 0x1122, 0x2233, 0x3344, 0x4455, 0x6677, 0x7788, 0xAAAA, 0x0000, 0xD700, 0x0000, 0x0000, 0x0000, 0x0011, 0x0000, 0xC33C, 0x5AA5, 0x0000, 0x0000, 0x8000, 0xA460, 0x0000, 0x8000, 0xB460 },
	{ 0xF400, 0x2300, 0x1000, 0xFF00, 0xFFFF, 0xFFFF, 0x7FFF, 0x0000, 0x0000, 0x0000, 0x0000, 0x0011, 0x1122, 0x2233, 0x3344, 0x4455, 0x6677, 0x7788, 0xAAAA, 0x0000, 0xD700, 0x0000, 0x0000, 0x0000, 0x0011, 0x0000, 0xC33C, 0x5AA5, 0x0000, 0x0000, 0x8000, 0xA460, 0x0000, 0x8000, 0xB460 },
	{ 0xF400, 0x2300, 0x1000, 0xFF00, 0xFFFF, 0xFFFF, 0x7FFF, 0x0000, 0x0000, 0x0000, 0x0000, 0x0011, 0x1122, 0x2233, 0x3344, 0x4455, 0x6677, 0x7788, 0xAAAA, 0x0000, 0xD700, 0x0000, 0x0000, 0x0000, 0x0011, 0x0000, 0xC33C, 0x5AA5, 0x0000, 0x0000, 0x8000, 0xA460, 0x0000, 0x8000, 0xB460 },
	{ 0xF400, 0x2300, 0x1000, 0xFF00, 0xFFFF, 0xFFFF, 0x7FFF, 0x0000, 0x0000, 0x0000, 0x0000, 0x0011, 0x1122, 0x2233, 0x3344, 0x4455, 0x6677, 0x7788, 0xAAAA, 0x0000, 0xD700, 0x0000, 0x0000, 0x0000, 0x0011, 0x0000, 0xC33C, 0x5AA5, 0x0000, 0x0000, 0x8000, 0xA460, 0x0000, 0x8000, 0xB460 },
	{ 0x0A00, 0x2300, 0x1000, 0x0000, 0x0000, 0xFFFF, 0x7FFF, 0x0000, 0x0000, 0x0000, 0x0000, 0x0011, 0x1122, 0x2233, 0x3344, 0x4455, 0x6677, 0x7788, 0xAAAA, 0x0000, 0xD700, 0x0000, 0x0000, 0x0000, 0x0011, 0x0000, 0xC33C, 0x5AA5, 0x0000, 0x0000, 0x8000, 0xA460, 0x0000, 0x8000, 0xB460 },
	{ 0x0A00, 0x2300, 0x1000, 0x0000, 0x0000, 0xFFFF, 0x7FFF, 0x0000, 0x0000, 0x0000, 0x0000, 0x0011, 0x1122, 0x2233, 0x3344, 0x4455, 0x6677, 0x7788, 0xAAAA, 0x0000, 0xD700, 0x0000, 0x0000, 0x0000, 0x0011, 0x0000, 0xC33C, 0x5AA5, 0x0000, 0x0000, 0x8000, 0xA460, 0x0000, 0x8000, 0xB460 },
	{ 0x0A00, 0x2300, 0x1000, 0x0000, 0x0000, 0xFFFF, 0x7FFF, 0x0000, 0x0000, 0x0000, 0x0000, 0x0011, 0x1122, 0x2233, 0x3344, 0x4455, 0x6677, 0x7788, 0xAAAA, 0x0000, 0xD700, 0x0000, 0x0000, 0x0000, 0x0011, 0x0000, 0xC33C, 0x5AA5, 0x0000, 0x0000, 0x8000, 0xA460, 0x0000, 0x8000, 0xB460 },
	{ 0x1400, 0x23D6, 0x1000, 0xFFFF, 0x7FFF, 0xFFFF, 0x7FFF, 0x0000, 0x0000, 0x0000, 0x0000, 0xD600, 0x1122, 0x2233, 0x3344, 0x4455, 0x6677, 0x7788, 0xAAAA, 0x0000, 0xD700, 0x0003, 0x0000, 0x0000, 0x0011, 0x0000, 0xC33C, 0x5AA5, 0x0000, 0x8001, 0xFFFF, 0xF420, 0x0000, 0x8000, 0xB460 },
	{ 0xF400, 0x23D6, 0x1000, 0x8001, 0xFFFF, 0xFFFF, 0x7FFF, 0x0000, 0x0000, 0x0000, 0x0000, 0xD600, 0x1122, 0x2233, 0x3344, 0x4455, 0x6677, 0x7788, 0xAAAA, 0x0000, 0xD700, 0x0003, 0x0000, 0x0000, 0x0011, 0x0000, 0xC33C, 0x5AA5, 0x0000, 0x0000, 0x8000, 0xA460, 0x0000, 0x8000, 0xB460 },
	{ 0xF400, 0x23D6, 0x1000, 0x8001, 0xFFFF, 0xFFFF, 0x7FFF, 0x0000, 0x0000, 0x0000, 0x0000, 0xD600, 0x1122, 0x2233, 0x3344, 0x4455, 0x6677, 0x7788, 0xAAAA, 0x0000, 0xD700, 0x0003, 0x0000, 0x0000, 0x0011, 0x0000, 0xC33C, 0x5AA5, 0x0000, 0x0000, 0x8000, 0xA460, 0x0000, 0x8000, 0xB460 },
	{ 0xF400, 0x23D6, 0x1000, 0x8001, 0xFFFF, 0xFFFF, 0x7FFF, 0x0000, 0x0000, 0x0000, 0x0000, 0xD600, 0x1122, 0x2233, 0x3344, 0x4455, 0x6677, 0x7788, 0xAAAA, 0x0000, 0xD700, 0x0003, 0x0000, 0x0000, 0x0011, 0x0000, 0xC33C, 0x5AA5, 0x0000, 0x0000, 0x8000, 0xA460, 0x0000, 0x8000, 0xB460 },
	{ 0x1420, 0xF3D6, 0x1000, 0xFFFF, 0x7FFF, 0xFFFF, 0xFFFF, 0x0000, 0x0000, 0x0000, 0x0000, 0xD600, 0x1122, 0x2233, 0x3344, 0x4455, 0x6677, 0x7788, 0xAAAA, 0x0000, 0xD700, 0x0003, 0x0000, 0x0000, 0x0011, 0x0000, 0xC33C, 0x5AA5, 0x0000, 0x0000, 0x8000, 0xA460, 0x0000, 0x8000, 0xB460 },
	{ 0x1420, 0xF3D6, 0x1000, 0xFFFF, 0x7FFF, 0xFFFF, 0xFFFF, 0x0000, 0x0000, 0x0000, 0x0000, 0xD600, 0x1122, 0x2233, 0x3344, 0x4455, 0x6677, 0x7788, 0xAAAA, 0x0000, 0xD700, 0x0003, 0x0000, 0x0000, 0x0011, 0x0000, 0xC33C, 0x5AA5, 0x0000, 0x0000, 0x8000, 0xA460, 0x0000, 0x8000, 0xB460 },
	{ 0x1420, 0xF3D6, 0x1000, 0xFFFF, 0x7FFF, 0xFFFF, 0xFFFF, 0x0000, 0x0000, 0x0000, 0x0000, 0xD600, 0x1122, 0x2233, 0x3344, 0x4455, 0x6677, 0x7788, 0xAAAA, 0x0000, 0xD700, 0x0003, 0x0000, 0x0000, 0x0011, 0x0000, 0xC33C, 0x5AA5, 0x0000, 0x0000, 0x8000, 0xA460, 0x0000, 0x8000, 0xB460 },
	{ 0x1000, 0x2300, 0x1000, 0xFFFF, 0x7FFF, 0xFFFF, 0x7FFF, 0x0000, 0x0000, 0x0000, 0x0000, 0x8001, 0x1122, 0x2233, 0x3344, 0x4455, 0x6677, 0x7788, 0xAAAA, 0x0000, 0xD700, 0x0000, 0x0000, 0x0000, 0x0011, 0x0000, 0xC33C, 0x5AA5, 0x0000, 0x0000, 0x8000, 0xA460, 0x0000, 0x8000, 0xB460 },
	{ 0x1400, 0x2300, 0x1000, 0xFFFF, 0x7FFF, 0xFFFF, 0x7FFF, 0x0000, 0x0000, 0x0000, 0x0000, 0x0011, 0x1122, 0x2233, 0x3344, 0x4455, 0x6677, 0x7788, 0xAAAA, 0x0000, 0xD700, 0x0000, 0x0000, 0x0000, 0x0011, 0x0000, 0xC33C, 0x5AA5, 0x0000, 0x8001, 0xFFFF, 0xF420, 0x0000, 0x8000, 0xB460 },
	{ 0x1400, 0x2300, 0x1000, 0xFFFF, 0x7FFF, 0xFFFF, 0x7FFF, 0x0000, 0x0000, 0x0000, 0x0000, 0x0011, 0x1122, 0x2233, 0x3344, 0x4455, 0x6677, 0x7788, 0xAAAA, 0x0000, 0xD700, 0x0000, 0x0000, 0x0000, 0x0011, 0x0000, 0xC33C, 0x5AA5, 0x0000, 0x8001, 0xFFFF, 0xF420, 0x0000, 0x8000, 0xB460 },
	{ 0x1400, 0x2300, 0x1000, 0xFFFF, 0x7FFF, 0xFFFF, 0x7FFF, 0x0000, 0x0000, 0x0000, 0x0000, 0x0011, 0x1122, 0x2233, 0x3344, 0x4455, 0x6677, 0x7788, 0xAAAA, 0x0000, 0xD700, 0x0000, 0x0000, 0x0000, 0x0011, 0x0000, 0xC33C, 0x5AA5, 0x0000, 0x8001, 0xFFFF, 0xF420, 0x0000, 0x8000, 0xB460 },
	{ 0x1400, 0x2300, 0x1000, 0xFFFF, 0x7FFF, 0xFFFF, 0x7FFF, 0x0000, 0x0000, 0x0000, 0x0000, 0x0011, 0x1122, 0x2233, 0x3344, 0x4455, 0x6677, 0x7788, 0xAAAA, 0x0000, 0xD700, 0x0000, 0x0000, 0x0000, 0x0011, 0x0000, 0xC33C, 0x5AA5, 0x0000, 0x8001, 0xFFFF, 0xF420, 0x0000, 0x8000, 0xB460 },
	{ 0x1400, 0x2300, 0x1000, 0xFFFF, 0x7FFF, 0xFFFF, 0x7FFF, 0x0000, 0x0000, 0x0000, 0x0000, 0x0011, 0x1122, 0x2233, 0x3344, 0x4455, 0x6677, 0x7788, 0xAAAA, 0x0000, 0xD700, 0x0000, 0x0000, 0x0000, 0x0011, 0x0000, 0xC33C, 0x5AA5, 0x0000, 0x8001, 0xFFFF, 0xF420, 0x0000, 0x8000, 0xB460 },
	{ 0x1400, 0x2300, 0x1000, 0xFFFF, 0x7FFF, 0xFFFF, 0x7FFF, 0x0000, 0x0000, 0x0000, 0x0000, 0x0011, 0x1122, 0x2233, 0x3344, 0x4455, 0x6677, 0x7788, 0xAAAA, 0x0000, 0xD700, 0x0000, 0x0000, 0x0000, 0x0011, 0x0000, 0xC33C, 0x5AA5, 0x0000, 0x8001, 0xFFFF, 0xF420, 0x0000, 0x8000, 0xB460 },
	{ 0x1400, 0x2300, 0x1000, 0xFFFF, 0x7FFF, 0xFFFF, 0x7FFF, 0x0000, 0x0000, 0x0000, 0x0000, 0x0011, 0x1122, 0x2233, 0x3344, 0x4455, 0x6677, 0x7788, 0xAAAA, 0x0000, 0xD700, 0x0000, 0x0000, 0x0000, 0x0011, 0x0000, 0xC33C, 0x5AA5, 0x0000, 0x8001, 0xFFFF, 0xF420, 0x0000, 0x8000, 0xB460 },
	{ 0x1400, 0x2300, 0x1000, 0xFFFF, 0x7FFF, 0xFFFF, 0x7FFF, 0x0000, 0x0000, 0x0000, 0x0000, 0x0011, 0x1122, 0x2233, 0x3344, 0x4455, 0x6677, 0x7788, 0xAAAA, 0x0000, 0xD700, 0x0000, 0x0000, 0x0000, 0x0011, 0x0000, 0xC33C, 0x5AA5, 0x0000, 0x8001, 0xFFFF, 0xF420, 0x0000, 0x8000, 0xB460 },
	{ 0x1400, 0x2300, 0x1000, 0xFFFF, 0x7FFF, 0xFFFF, 0x7FFF, 0x0000, 0x0000, 0x0000, 0x0000, 0x0011, 0x1122, 0x2233, 0x3344, 0x4455, 0x6677, 0x7788, 0xAAAA, 0x0000, 0xD700, 0x0000, 0x0000, 0x0000, 0x0011, 0x0000, 0xC33C, 0x5AA5, 0x0000, 0x8001, 0xFFFF, 0xF420, 0x0000, 0x8000, 0xB460 },
	{ 0x1400, 0x2300, 0x1000, 0xFFFF, 0x7FFF, 0xFFFF, 0x7FFF, 0x0000, 0x0000, 0x0000, 0x0000, 0x0011, 0x1122, 0x2233, 0x3344, 0x4455, 0x6677, 0x7788, 0xAAAA, 0x0000, 0xD700, 0x0000, 0x0000, 0x0000, 0x0011, 0x0000, 0xC33C, 0x5AA5, 0x0000, 0x8001, 0xFFFF, 0xF420, 0x0000, 0x8000, 0xB460 },
	{ 0x1400, 0x2300, 0x1000, 0xFFFF, 0x7FFF, 0xFFFF, 0x7FFF, 0x0000, 0x0000, 0x0000, 0x0000, 0x0011, 0x1122, 0x2233, 0x3344, 0x4455, 0x6677, 0x7788, 0xAAAA, 0x0000, 0xD700, 0x0000, 0x0000, 0x0000, 0x0011, 0x0000, 0xC33C, 0x5AA5, 0x0000, 0x8001, 0xFFFF, 0xF420, 0x0000, 0x8000, 0xB460 },
	{ 0x1400, 0x2300, 0x1000, 0xFFFF, 0x7FFF, 0xFFFF, 0x7FFF, 0x0000, 0x0000, 0x0000, 0x0000, 0x0011, 0x1122, 0x2233, 0x3344, 0x4455, 0x6677, 0x7788, 0xAAAA, 0x0000, 0xD700, 0x0000, 0x0000, 0x0000, 0x0011, 0x0000, 0xC33C, 0x5AA5, 0x0000, 0x8001, 0xFFFF, 0xF420, 0x0000, 0x8000, 0xB460 },
	{ 0x1400, 0x2300, 0x1000, 0xFFFF, 0x7FFF, 0xFFFF, 0x7FFF, 0x0000, 0x0000, 0x0000, 0x0000, 0x0011, 0x1122, 0x2233, 0x3344, 0x4455, 0x6677, 0x7788, 0xAAAA, 0x0000, 0xD700, 0x0000, 0x0000, 0x0000, 0x0011, 0x0000, 0xC33C, 0x5AA5, 0x0000, 0x8001, 0xFFFF, 0xF420, 0x0000, 0x8000, 0xB460 },
	{ 0x1400, 0x2300, 0x1000, 0xFFFF, 0x7FFF, 0xFFFF, 0x7FFF, 0x0000, 0x0000, 0x0000, 0x0000, 0x0011, 0x1122, 0x2233, 0x3344, 0x4455, 0x6677, 0x7788, 0xAAAA, 0x0000, 0xD700, 0x0000, 0x0000, 0x0000, 0x0011, 0x0000, 0xC33C, 0x5AA5, 0x0000, 0x8001, 0xFFFF, 0xF420, 0x0000, 0x8000, 0xB460 },
	{ 0x1400, 0x2300, 0x1000, 0xFFFF, 0x7FFF, 0xFFFF, 0x7FFF, 0x0000, 0x0000, 0x0000, 0x0000, 0x0011, 0x1122, 0x2233, 0x3344, 0x4455, 0x6677, 0x7788, 0xAAAA, 0x0000, 0xD700, 0x0000, 0x0000, 0x0000, 0x0011, 0x0000, 0xC33C, 0x5AA5, 0x0000, 0x8001, 0xFFFF, 0xF420, 0x0000, 0x8000, 0xB460 },
	{ 0x1400, 0x2300, 0x1000, 0xFFFF, 0x7FFF, 0xFFFF, 0x7FFF, 0x0000, 0x0000, 0x0000, 0x0000, 0x0011, 0x1122, 0x2233, 0x3344, 0x4455, 0x6677, 0x7788, 0xAAAA, 0x0000, 0xD700, 0x0000, 0x0000, 0x0000, 0x0011, 0x0000, 0xC33C, 0x5AA5, 0x0000, 0x8001, 0xFFFF, 0xF420, 0x0000, 0x8000, 0xB460 },
	{ 0x1400, 0x2300, 0x1000, 0xFFFF, 0x7FFF, 0xFFFF, 0x7FFF, 0x0000, 0x0000, 0x0000, 0x0000, 0x0011, 0x1122, 0x2233, 0x3344, 0x4455, 0x6677, 0x7788, 0xAAAA, 0x0000, 0xD700, 0x0000, 0x0000, 0x0000, 0x0011, 0x0000, 0xC33C, 0x5AA5, 0x0000, 0x8001, 0xFFFF, 0xF420, 0x0000, 0x8000, 0xB460 },
	{ 0x1400, 0x2300, 0x1000, 0xFFFF, 0x7FFF, 0xFFFF, 0x7FFF, 0x0000, 0x0000, 0x0000, 0x0000, 0x0011, 0x1122, 0x2233, 0x3344, 0x4455, 0x6677, 0x7788, 0xAAAA, 0x0000, 0xD700, 0x0000, 0x0000, 0x0000, 0x0011, 0x0000, 0xC33C, 0x5AA5, 0x0000, 0x8001, 0xFFFF, 0xF420, 0x0000, 0x8000, 0xB460 },
	{ 0x1400, 0x2300, 0x1000, 0xFFFF, 0x7FFF, 0xFFFF, 0x7FFF, 0x0000, 0x0000, 0x0000, 0x0000, 0x0011, 0x1122, 0x2233, 0x3344, 0x4455, 0x6677, 0x7788, 0xAAAA, 0x0000, 0xD700, 0x0000, 0x0000, 0x0000, 0x0011, 0x0000, 0xC33C, 0x5AA5, 0x0000, 0x8001, 0xFFFF, 0xF420, 0x0000, 0x8000, 0xB460 },
	{ 0x1400, 0x2300, 0x1000, 0xFFFF, 0x7FFF, 0xFFFF, 0x7FFF, 0x0000, 0x0000, 0x0000, 0x0000, 0x0011, 0x1122, 0x2233, 0x3344, 0x4455, 0x6677, 0x7788, 0xAAAA, 0x0000, 0xD700, 0x0000, 0x0000, 0x0000, 0x0011, 0x0000, 0xC33C, 0x5AA5, 0x0000, 0x8001, 0xFFFF, 0xF420, 0x0000, 0x8000, 0xB460 },
	{ 0x1400, 0x2300, 0x1000, 0xFFFF, 0x7FFF, 0xFFFF, 0x7FFF, 0x0000, 0x0000, 0x0000, 0x0000, 0x0011, 0x1122, 0x2233, 0x3344, 0x4455, 0x6677, 0x7788, 0xAAAA, 0x0000, 0xD700, 0x0000, 0x0000, 0x0000, 0x0011, 0x0000, 0xC33C, 0x5AA5, 0x0000, 0x8001, 0xFFFF, 0xF420, 0x0000, 0x8000, 0xB460 },
	{ 0x1400, 0x2300, 0x1000, 0xFFFF, 0x7FFF, 0xFFFF, 0x7FFF, 0x0000, 0x0000, 0x0000, 0x0000, 0x0011, 0x1122, 0x2233, 0x3344, 0x4455, 0x6677, 0x7788, 0xAAAA, 0x0000, 0xD700, 0x0000, 0x0000, 0x0000, 0x0011, 0x0000, 0xC33C, 0x5AA5, 0x0000, 0x8001, 0xFFFF, 0xF420, 0x0000, 0x8000, 0xB460 },
	{ 0x1400, 0x2300, 0x1000, 0xFFFF, 0x7FFF, 0xFFFF, 0x7FFF, 0x0000, 0x0000, 0x0000, 0x0000, 0x0011, 0x1122, 0x2233, 0x3344, 0x4455, 0x6677, 0x7788, 0xAAAA, 0x0000, 0xD700, 0x0000, 0x0000, 0x0000, 0x0011, 0x0000, 0xC33C, 0x5AA5, 0x0000, 0x8001, 0xFFFF, 0xF420, 0x0000, 0x8000, 0xB460 },
	{ 0x1400, 0x2300, 0x1000, 0xFFFF, 0x7FFF, 0xFFFF, 0x7FFF, 0x0000, 0x0000, 0x0000, 0x0000, 0x0011, 0x1122, 0x2233, 0x3344, 0x4455, 0x6677, 0x7788, 0xAAAA, 0x0000, 0xD700, 0x0000, 0x0000, 0x0000, 0x0011, 0x0000, 0xC33C, 0x5AA5, 0x0000, 0x8001, 0xFFFF, 0xF420, 0x0000, 0x8000, 0xB460 },
	{ 0x1400, 0x2300, 0x1000, 0xFFFF, 0x7FFF, 0xFFFF, 0x7FFF, 0x0000, 0x0000, 0x0000, 0x0000, 0x0011, 0x1122, 0x2233, 0x3344, 0x4455, 0x6677, 0x7788, 0xAAAA, 0x0000, 0xD700, 0x0000, 0x0000, 0x0000, 0x0011, 0x0000, 0xC33C, 0x5AA5, 0x0000, 0x8001, 0xFFFF, 0xF420, 0x0000, 0x8000, 0xB460 },
	{ 0x1400, 0x2300, 0x1000, 0xFFFF, 0x7FFF, 0xFFFF, 0x7FFF, 0x0000, 0x0000, 0x0000, 0x0000, 0x0011, 0x1122, 0x2233, 0x3344, 0x4455, 0x6677, 0x7788, 0xAAAA, 0x0000, 0xD700, 0x0000, 0x0000, 0x0000, 0x0011, 0x0000, 0xC33C, 0x5AA5, 0x0000, 0x8001, 0xFFFF, 0xF420, 0x0000, 0x8000, 0xB460 },
	{ 0x1400, 0x2300, 0x1000, 0xFFFF, 0x7FFF, 0xFFFF, 0x7FFF, 0x0000, 0x0000, 0x0000, 0x0000, 0x0011, 0x1122, 0x2233, 0x3344, 0x4455, 0x6677, 0x7788, 0xAAAA, 0x0000, 0xD700, 0x0000, 0x0000, 0x0000, 0x0011, 0x0000, 0xC33C, 0x5AA5, 0x0000, 0x8001, 0xFFFF, 0xF420, 0x0000, 0x8000, 0xB460 },
	{ 0x1400, 0x2300, 0x1000, 0xFFFF, 0x7FFF, 0xFFFF, 0x7FFF, 0x0000, 0x0000, 0x0000, 0x0000, 0x0011, 0x1122, 0x2233, 0x3344, 0x4455, 0x6677, 0x7788, 0xAAAA, 0x0000, 0xD700, 0x0000, 0x0000, 0x0000, 0x0011, 0x0000, 0xC33C, 0x5AA5, 0x0000, 0x8001, 0xFFFF, 0xF420, 0x0000, 0x8000, 0xB460 },
	{ 0x1400, 0x2300, 0x1000, 0xFFFF, 0x7FFF, 0xFFFF, 0x7FFF, 0x0000, 0x0000, 0x0000, 0x0000, 0x0011, 0x1122, 0x2233, 0x3344, 0x4455, 0x6677, 0x7788, 0xAAAA, 0x0000, 0xD700, 0x0000, 0x0000, 0x0000, 0x0011, 0x0000, 0xC33C, 0x5AA5, 0x0000, 0x8001, 0xFFFF, 0xF420, 0x0000, 0x8000, 0xB460 },
	{ 0x1400, 0x2300, 0x1000, 0xFFFF, 0x7FFF, 0xFFFF, 0x7FFF, 0x0000, 0x0000, 0x0000, 0x0000, 0x0011, 0x1122, 0x2233, 0x3344, 0x4455, 0x6677, 0x7788, 0xAAAA, 0x0000, 0xD700, 0x0000, 0x0000, 0x0000, 0x0011, 0x0000, 0xC33C, 0x5AA5, 0x0000, 0x8001, 0xFFFF, 0xF420, 0x0000, 0x8000, 0xB460 },
	{ 0x1400, 0x2300, 0x1000, 0xFFFF, 0x7FFF, 0xFFFF, 0x7FFF, 0x0000, 0x0000, 0x0000, 0x0000, 0x0011, 0x1122, 0x2233, 0x3344, 0x4455, 0x6677, 0x7788, 0xAAAA, 0x0000, 0xD700, 0x0000, 0x0000, 0x0000, 0x0011, 0x0000, 0xC33C, 0x5AA5, 0x0000, 0x8001, 0xFFFF, 0xF420, 0x0000, 0x8000, 0xB460 },
	{ 0xF400, 0x2300, 0x1000, 0xFF01, 0xFFFF, 0xFFFF, 0x7FFF, 0x0000, 0x0000, 0x0000, 0x0000, 0x0001, 0x1122, 0x2233, 0x3344, 0x4455, 0x6677, 0x7788, 0xAAAA, 0x0000, 0xD700, 0x0000, 0x0000, 0x0000, 0x0011, 0x0000, 0xC33C, 0x5AA5, 0x0000, 0x0000, 0x8000, 0xA460, 0x0000, 0x8000, 0xB460 },
	{ 0xF400, 0x2300, 0x1000, 0xFF00, 0xFFFF, 0xFFFF, 0x7FFF, 0x0000, 0x0000, 0x0000, 0x0000, 0x0011, 0x1122, 0x2233, 0x3344, 0x4455, 0x6677, 0x7788, 0xAAAA, 0x0000, 0xD700, 0x0000, 0x0000, 0x0000, 0x0011, 0x0000, 0xC33C, 0x5AA5, 0x0000, 0x0000, 0x8000, 0xA460, 0x0000, 0x8000, 0xB460 },
	{ 0xF400, 0x23D6, 0x1000, 0x8001, 0xFFFF, 0xFFFF, 0x7FFF, 0x0000, 0x0000, 0x0000, 0x0000, 0xD600, 0x1122, 0x2233, 0x3344, 0x4455, 0x6677, 0xD600, 0xAAAA, 0x0000, 0xD700, 0x0003, 0x0000, 0x0000, 0x0011, 0x0000, 0xC33C, 0x5AA5, 0x0000, 0x0000, 0x8000, 0xA460, 0x0000, 0x8000, 0xB460 },
	{ 0xF400, 0x23D6, 0x1000, 0x8001, 0xFFFF, 0xFFFF, 0x7FFF, 0x0000, 0x0000, 0x0000, 0x0000, 0xD600, 0x1122, 0x2233, 0x3344, 0x4455, 0x6677, 0xD600, 0xAAAA, 0x0000, 0xD700, 0x0003, 0x0000, 0x0000, 0x0011, 0x0000, 0xC33C, 0x5AA5, 0x0000, 0x0000, 0x8000, 0xA460, 0x0000, 0x8000, 0xB460 },
	{ 0xF400, 0x23D6, 0x1000, 0x8001, 0xFFFF, 0xFFFF, 0x7FFF, 0x0000, 0x0000, 0x0000, 0x0000, 0xD600, 0x1122, 0x2233, 0x3344, 0x4455, 0x6677, 0xD600, 0xAAAA, 0x0000, 0xD700, 0x0003, 0x0000, 0x0000, 0x0011, 0x0000, 0xC33C, 0x5AA5, 0x0000, 0x0000, 0x8000, 0xA460, 0x0000, 0x8000, 0xB460 },
	{ 0x1420, 0xF3D6, 0x1000, 0xFFFF, 0x7FFF, 0xFFFF, 0xFFFF, 0x0000, 0x0000, 0x0000, 0x0000, 0xD600, 0x1122, 0x2233, 0x3344, 0x4455, 0x6677, 0xD600, 0xAAAA, 0x0000, 0xD700, 0x0003, 0x0000, 0x0000, 0x0011, 0x0000, 0xC33C, 0x5AA5, 0x0000, 0x0000, 0x8000, 0xA460, 0x0000, 0x8000, 0xB460 },
	{ 0x1420, 0xF3D6, 0x1000, 0xFFFF, 0x7FFF, 0xFFFF, 0xFFFF, 0x0000, 0x0000, 0x0000, 0x0000, 0xD600, 0x1122, 0x2233, 0x3344, 0x4455, 0x6677, 0xD600, 0xAAAA, 0x0000, 0xD700, 0x0003, 0x0000, 0x0000, 0x0011, 0x0000, 0xC33C, 0x5AA5, 0x0000, 0x0000, 0x8000, 0xA460, 0x0000, 0x8000, 0xB460 },
	{ 0x1420, 0xF3D6, 0x1000, 0xFFFF, 0x7FFF, 0xFFFF, 0xFFFF, 0x0000, 0x0000, 0x0000, 0x0000, 0xD600, 0x1122, 0x2233, 0x3344, 0x4455, 0x6677, 0xD600, 0xAAAA, 0x0000, 0xD700, 0x0003, 0x0000, 0x0000, 0x0011, 0x0000, 0xC33C, 0x5AA5, 0x0000, 0x0000, 0x8000, 0xA460, 0x0000, 0x8000, 0xB460 },
	{ 0x1000, 0x2300, 0x1000, 0xFFFF, 0x7FFF, 0xFFFF, 0x7FFF, 0x0000, 0x0000, 0x0000, 0x0000, 0x8001, 0x1122, 0x2233, 0x3344, 0x4455, 0x6677, 0x7788, 0xAAAA, 0x0000, 0xD700, 0x0000, 0x0000, 0x0000, 0x0011, 0x0000, 0xC33C, 0x5AA5, 0x0000, 0x0000, 0x8000, 0xA460, 0x0000, 0x8000, 0xB460 },
	{ 0x1000, 0x2300, 0x1000, 0xFFFF, 0x7FFF, 0xFFFF, 0x7FFF, 0x0000, 0x0000, 0x0000, 0x0000, 0x8001, 0x1122, 0x2233, 0x3344, 0x4455, 0x6677, 0x7788, 0xAAAA, 0x0000, 0xD700, 0x0000, 0x0000, 0x0000, 0x0011, 0x0000, 0xC33C, 0x5AA5, 0x0000, 0x0000, 0x8000, 0xA460, 0x0000, 0x8000, 0xB460 },
	{ 0x1000, 0x2300, 0x1000, 0xFFFF, 0x7FFF, 0xFFFF, 0x7FFF, 0x0000, 0x0000, 0x0000, 0x0000, 0x8001, 0x1122, 0x2233, 0x3344, 0x4455, 0x6677, 0x7788, 0xAAAA, 0x0000, 0xD700, 0x0000, 0x0000, 0x0000, 0x0011, 0x0000, 0xC33C, 0x5AA5, 0x0000, 0x0000, 0x8000, 0xA460, 0x0000, 0x8000, 0xB460 },
	{ 0x1000, 0x2300, 0x1000, 0xFFFF, 0x7FFF, 0xFFFF, 0x7FFF, 0x0000, 0x0000, 0x0000, 0x0000, 0x8001, 0x1122, 0x2233, 0x3344, 0x4455, 0x6677, 0x7788, 0xAAAA, 0x0000, 0xD700, 0x0000, 0x0000, 0x0000, 0x0011, 0x0000, 0xC33C, 0x5AA5, 0x0000, 0x0000, 0x8000, 0xA460, 0x0000, 0x8000, 0xB460 },
	{ 0x1000, 0x2300, 0x1000, 0xFFFF, 0x7FFF, 0xFFFF, 0x7FFF, 0x0000, 0x0000, 0x0000, 0x0000, 0x8001, 0x1122, 0x2233, 0x3344, 0x4455, 0x6677, 0x7788, 0xAAAA, 0x0000, 0xD700, 0x0000, 0x0000, 0x0000, 0x0011, 0x0000, 0xC33C, 0x5AA5, 0x0000, 0x0000, 0x8000, 0xA460, 0x0000, 0x8000, 0xB460 },
	{ 0x1000, 0x2300, 0x1000, 0xFFFF, 0x7FFF, 0xFFFF, 0x7FFF, 0x0000, 0x0000, 0x0000, 0x0000, 0x8001, 0x1122, 0x2233, 0x3344, 0x4455, 0x6677, 0x7788, 0xAAAA, 0x0000, 0xD700, 0x0000, 0x0000, 0x0000, 0x0011, 0x0000, 0xC33C, 0x5AA5, 0x0000, 0x0000, 0x8000, 0xA460, 0x0000, 0x8000, 0xB460 },
	{ 0x1000, 0x2300, 0x1000, 0xFFFF, 0x7FFF, 0xFFFF, 0x7FFF, 0x0000, 0x0000, 0x0000, 0x0000, 0x8001, 0x1122, 0x2233, 0x3344, 0x4455, 0x6677, 0x7788, 0xAAAA, 0x0000, 0xD700, 0x0000, 0x0000, 0x0000, 0x0011, 0x0000, 0xC33C, 0x5AA5, 0x0000, 0x0000, 0x8000, 0xA460, 0x0000, 0x8000, 0xB460 },
	{ 0x1000, 0x2300, 0x1000, 0xFFFF, 0x7FFF, 0xFFFF, 0x7FFF, 0x0000, 0x0000, 0x0000, 0x0000, 0x8001, 0x1122, 0x2233, 0x3344, 0x4455, 0x6677, 0x7788, 0xAAAA, 0x0000, 0xD700, 0x0000, 0x0000, 0x0000, 0x0011, 0x0000, 0xC33C, 0x5AA5, 0x0000, 0x0000, 0x8000, 0xA460, 0x0000, 0x8000, 0xB460 },
	{ 0x1000, 0x2300, 0x1000, 0xFFFF, 0x7FFF, 0xFFFF, 0x7FFF, 0x0000, 0x0000, 0x0000, 0x0000, 0x8001, 0x1122, 0x2233, 0x3344, 0x4455, 0x6677, 0x7788, 0xAAAA, 0x0000, 0xD700, 0x0000, 0x0000, 0x0000, 0x0011, 0x0000, 0xC33C, 0x5AA5, 0x0000, 0x0000, 0x8000, 0xA460, 0x0000, 0x8000, 0xB460 },
	{ 0x1000, 0x2300, 0x1000, 0xFFFF, 0x7FFF, 0xFFFF, 0x7FFF, 0x0000, 0x0000, 0x0000, 0x0000, 0x8001, 0x1122, 0x2233, 0x3344, 0x4455, 0x6677, 0x7788, 0xAAAA, 0x0000, 0xD700, 0x0000, 0x0000, 0x0000, 0x0011, 0x0000, 0xC33C, 0x5AA5, 0x0000, 0x0000, 0x8000, 0xA460, 0x0000, 0x8000, 0xB460 },
	{ 0x1000, 0x2300, 0x1000, 0xFFFF, 0x7FFF, 0xFFFF, 0x7FFF, 0x0000, 0x0000, 0x0000, 0x0000, 0x8001, 0x1122, 0x2233, 0x3344, 0x4455, 0x6677, 0x7788, 0xAAAA, 0x0000, 0xD700, 0x0000, 0x0000, 0x0000, 0x0011, 0x0000, 0xC33C, 0x5AA5, 0x0000, 0x0000, 0x8000, 0xA460, 0x0000, 0x8000, 0xB460 },
	{ 0x1000, 0x2300, 0x1000, 0xFFFF, 0x7FFF, 0xFFFF, 0x7FFF, 0x0000, 0x0000, 0x0000, 0x0000, 0x8001, 0x1122, 0x2233, 0x3344, 0x4455, 0x6677, 0x7788, 0xAAAA, 0x0000, 0xD700, 0x0000, 0x0000, 0x0000, 0x0011, 0x0000, 0xC33C, 0x5AA5, 0x0000, 0x0000, 0x8000, 0xA460, 0x0000, 0x8000, 0xB460 },
	{ 0x1000, 0x2300, 0x1000, 0xFFFF, 0x7FFF, 0xFFFF, 0x7FFF, 0x0000, 0x0000, 0x0000, 0x0000, 0x8001, 0x1122, 0x2233, 0x3344, 0x4455, 0x6677, 0x7788, 0xAAAA, 0x0000, 0xD700, 0x0000, 0x0000, 0x0000, 0x0011, 0x0000, 0xC33C, 0x5AA5, 0x0000, 0x0000, 0x8000, 0xA460, 0x0000, 0x8000, 0xB460 },
	{ 0x1000, 0x2300, 0x1000, 0xFFFF, 0x7FFF, 0xFFFF, 0x7FFF, 0x0000, 0x0000, 0x0000, 0x0000, 0x8001, 0x1122, 0x2233, 0x3344, 0x4455, 0x6677, 0x7788, 0xAAAA, 0x0000, 0xD700, 0x0000, 0x0000, 0x0000, 0x0011, 0x0000, 0xC33C, 0x5AA5, 0x0000, 0x0000, 0x8000, 0xA460, 0x0000, 0x8000, 0xB460 },
	{ 0x1000, 0x2300, 0x1000, 0xFFFF, 0x7FFF, 0xFFFF, 0x7FFF, 0x0000, 0x0000, 0x0000, 0x0000, 0x8001, 0x1122, 0x2233, 0x3344, 0x4455, 0x6677, 0x7788, 0xAAAA, 0x0000, 0xD700, 0x0000, 0x0000, 0x0000, 0x0011, 0x0000, 0xC33C, 0x5AA5, 0x0000, 0x0000, 0x8000, 0xA460, 0x0000, 0x8000, 0xB460 },
	{ 0x1000, 0x2300, 0x1000, 0xFFFF, 0x7FFF, 0xFFFF, 0x7FFF, 0x0000, 0x0000, 0x0000, 0x0000, 0x8001, 0x1122, 0x2233, 0x3344, 0x4455, 0x6677, 0x7788, 0xAAAA, 0x0000, 0xD700, 0x0000, 0x0000, 0x0000, 0x0011, 0x0000, 0xC33C, 0x5AA5, 0x0000, 0x0000, 0x8000, 0xA460, 0x0000, 0x8000, 0xB460 },
	{ 0x1000, 0x2300, 0x1000, 0xFFFF, 0x7FFF, 0xFFFF, 0x7FFF, 0x0000, 0x0000, 0x0000, 0x0000, 0x8001, 0x1122, 0x2233, 0x3344, 0x4455, 0x6677, 0x7788, 0xAAAA, 0x0000, 0xD700, 0x0000, 0x0000, 0x0000, 0x0011, 0x0000, 0xC33C, 0x5AA5, 0x0000, 0x0000, 0x8000, 0xA460, 0x0000, 0x8000, 0xB460 },
	{ 0x1000, 0x2300, 0x1000, 0xFFFF, 0x7FFF, 0xFFFF, 0x7FFF, 0x0000, 0x0000, 0x0000, 0x0000, 0x8001, 0x1122, 0x2233, 0x3344, 0x4455, 0x6677, 0x7788, 0xAAAA, 0x0000, 0xD700, 0x0000, 0x0000, 0x0000, 0x0011, 0x0000, 0xC33C, 0x5AA5, 0x0000, 0x0000, 0x8000, 0xA460, 0x0000, 0x8000, 0xB460 },
	{ 0x1000, 0x2300, 0x1000, 0xFFFF, 0x7FFF, 0xFFFF, 0x7FFF, 0x0000, 0x0000, 0x0000, 0x0000, 0x8001, 0x1122, 0x2233, 0x3344, 0x4455, 0x6677, 0x7788, 0xAAAA, 0x0000, 0xD700, 0x0000, 0x0000, 0x0000, 0x0011, 0x0000, 0xC33C, 0x5AA5, 0x0000, 0x0000, 0x8000, 0xA460, 0x0000, 0x8000, 0xB460 },
	{ 0x1000, 0x2300, 0x1000, 0xFFFF, 0x7FFF, 0xFFFF, 0x7FFF, 0x0000, 0x0000, 0x0000, 0x0000, 0x8001, 0x1122, 0x2233, 0x3344, 0x4455, 0x6677, 0x7788, 0xAAAA, 0x0000, 0xD700, 0x0000, 0x0000, 0x0000, 0x0011, 0x0000, 0xC33C, 0x5AA5, 0x0000, 0x0000, 0x8000, 0xA460, 0x0000, 0x8000, 0xB460 },
	{ 0x1000, 0x2300, 0x1000, 0xFFFF, 0x7FFF, 0xFFFF, 0x7FFF, 0x0000, 0x0000, 0x0000, 0x0000, 0x8001, 0x1122, 0x2233, 0x3344, 0x4455, 0x6677, 0x7788, 0xAAAA, 0x0000, 0xD700, 0x0000, 0x0000, 0x0000, 0x0011, 0x0000, 0xC33C, 0x5AA5, 0x0000, 0x0000, 0x8000, 0xA460, 0x0000, 0x8000, 0xB460 },
	{ 0x1000, 0x2300, 0x1000, 0xFFFF, 0x7FFF, 0xFFFF, 0x7FFF, 0x0000, 0x0000, 0x0000, 0x0000, 0x8001, 0x1122, 0x2233, 0x3344, 0x4455, 0x6677, 0x7788, 0xAAAA, 0x0000, 0xD700, 0x0000, 0x0000, 0x0000, 0x0011, 0x0000, 0xC33C, 0x5AA5, 0x0000, 0x0000, 0x8000, 0xA460, 0x0000, 0x8000, 0xB460 },
	{ 0x1000, 0x2300, 0x1000, 0xFFFF, 0x7FFF, 0xFFFF, 0x7FFF, 0x0000, 0x0000, 0x0000, 0x0000, 0x8001, 0x1122, 0x2233, 0x3344, 0x4455, 0x6677, 0x7788, 0xAAAA, 0x0000, 0xD700, 0x0000, 0x0000, 0x0000, 0x0011, 0x0000, 0xC33C, 0x5AA5, 0x0000, 0x0000, 0x8000, 0xA460, 0x0000, 0x8000, 0xB460 },
	{ 0x1000, 0x2300, 0x1000, 0xFFFF, 0x7FFF, 0xFFFF, 0x7FFF, 0x0000, 0x0000, 0x0000, 0x0000, 0x8001, 0x1122, 0x2233, 0x3344, 0x4455, 0x6677, 0x7788, 0xAAAA, 0x0000, 0xD700, 0x0000, 0x0000, 0x0000, 0x0011, 0x0000, 0xC33C, 0x5AA5, 0x0000, 0x0000, 0x8000, 0xA460, 0x0000, 0x8000, 0xB460 },
	{ 0x1000, 0x2300, 0x1000, 0xFFFF, 0x7FFF, 0xFFFF, 0x7FFF, 0x0000, 0x0000, 0x0000, 0x0000, 0x8001, 0x1122, 0x2233, 0x3344, 0x4455, 0x6677, 0x7788, 0xAAAA, 0x0000, 0xD700, 0x0000, 0x0000, 0x0000, 0x0011, 0x0000, 0xC33C, 0x5AA5, 0x0000, 0x0000, 0x8000, 0xA460, 0x0000, 0x8000, 0xB460 },
	{ 0x1000, 0x2300, 0x1000, 0xFFFF, 0x7FFF, 0xFFFF, 0x7FFF, 0x0000, 0x0000, 0x0000, 0x0000, 0x8001, 0x1122, 0x2233, 0x3344, 0x4455, 0x6677, 0x7788, 0xAAAA, 0x0000, 0xD700, 0x0000, 0x0000, 0x0000, 0x0011, 0x0000, 0xC33C, 0x5AA5, 0x0000, 0x0000, 0x8000, 0xA460, 0x0000, 0x8000, 0xB460 },
	{ 0x1000, 0x2300, 0x1000, 0xFFFF, 0x7FFF, 0xFFFF, 0x7FFF, 0x0000, 0x0000, 0x0000, 0x0000, 0x8001, 0x1122, 0x2233, 0x3344, 0x4455, 0x6677, 0x7788, 0xAAAA, 0x0000, 0xD700, 0x0000, 0x0000, 0x0000, 0x0011, 0x0000, 0xC33C, 0x5AA5, 0x0000, 0x0000, 0x8000, 0xA460, 0x0000, 0x8000, 0xB460 },
	{ 0x1000, 0x2300, 0x1000, 0xFFFF, 0x7FFF, 0xFFFF, 0x7FFF, 0x0000, 0x0000, 0x0000, 0x0000, 0x8001, 0x1122, 0x2233, 0x3344, 0x4455, 0x6677, 0x7788, 0xAAAA, 0x0000, 0xD700, 0x0000, 0x0000, 0x0000, 0x0011, 0x0000, 0xC33C, 0x5AA5, 0x0000, 0x0000, 0x8000, 0xA460, 0x0000, 0x8000, 0xB460 },
	{ 0x1000, 0x2300, 0x1000, 0xFFFF, 0x7FFF, 0xFFFF, 0x7FFF, 0x0000, 0x0000, 0x0000, 0x0000, 0x8001, 0x1122, 0x2233, 0x3344, 0x4455, 0x6677, 0x7788, 0xAAAA, 0x0000, 0xD700, 0x0000, 0x0000, 0x0000, 0x0011, 0x0000, 0xC33C, 0x5AA5, 0x0000, 0x0000, 0x8000, 0xA460, 0x0000, 0x8000, 0xB460 },
	{ 0x1000, 0x2300, 0x1000, 0xFFFF, 0x7FFF, 0xFFFF, 0x7FFF, 0x0000, 0x0000, 0x0000, 0x0000, 0x8001, 0x1122, 0x2233, 0x3344, 0x4455, 0x6677, 0x7788, 0xAAAA, 0x0000, 0xD700, 0x0000, 0x0000, 0x0000, 0x0011, 0x0000, 0xC33C, 0x5AA5, 0x0000, 0x0000, 0x8000, 0xA460, 0x0000, 0x8000, 0xB460 },
	{ 0x1000, 0x2300, 0x1000, 0xFFFF, 0x7FFF, 0xFFFF, 0x7FFF, 0x0000, 0x0000, 0x0000, 0x0000, 0x8001, 0x1122, 0x2233, 0x3344, 0x4455, 0x6677, 0x7788, 0xAAAA, 0x0000, 0xD700, 0x0000, 0x0000, 0x0000, 0x0011, 0x0000, 0xC33C, 0x5AA5, 0x0000, 0x0000, 0x8000, 0xA460, 0x0000, 0x8000, 0xB460 },
	{ 0x1000, 0x2300, 0x1000, 0xFFFF, 0x7FFF, 0xFFFF, 0x7FFF, 0x0000, 0x0000, 0x0000, 0x0000, 0x8001, 0x1122, 0x2233, 0x3344, 0x4455, 0x6677, 0x7788, 0xAAAA, 0x0000, 0xD700, 0x0000, 0x0000, 0x0000, 0x0011, 0x0000, 0xC33C, 0x5AA5, 0x0000, 0x0000, 0x8000, 0xA460, 0x0000, 0x8000, 0xB460 },
	{ 0x1000, 0x2300, 0x1000, 0xFFFF, 0x7FFF, 0xFFFF, 0x7FFF, 0x0000, 0x0000, 0x0000, 0x0000, 0x8001, 0x1122, 0x2233, 0x3344, 0x4455, 0x6677, 0x7788, 0xAAAA, 0x0000, 0xD700, 0x0000, 0x0000, 0x0000, 0x0011, 0x0000, 0xC33C, 0x5AA5, 0x0000, 0x0000, 0x8000, 0xA460, 0x0000, 0x8000, 0xB460 },
	{ 0x1000, 0x2300, 0x1000, 0xFFFF, 0x7FFF, 0xFFFF, 0x7FFF, 0x0000, 0x0000, 0x0000, 0x0000, 0x8001, 0x1122, 0x2233, 0x3344, 0x4455, 0x6677, 0x7788, 0xAAAA, 0x0000, 0xD700, 0x0000, 0x0000, 0x0000, 0x0011, 0x0000, 0xC33C, 0x5AA5, 0x0000, 0x0000, 0x8000, 0xA460, 0x0000, 0x8000, 0xB460 },
	{ 0x1000, 0x2300, 0x1000, 0xFFFF, 0x7FFF, 0xFFFF, 0x7FFF, 0x0000, 0x0000, 0x0000, 0x0000, 0x8001, 0x1122, 0x2233, 0x3344, 0x4455, 0x6677, 0x7788, 0xAAAA, 0x0000, 0xD700, 0x0000, 0x0000, 0x0000, 0x0011, 0x0000, 0xC33C, 0x5AA5, 0x0000, 0x0000, 0x8000, 0xA460, 0x0000, 0x8000, 0xB460 },
	{ 0x1000, 0x2300, 0x1000, 0xFFFF, 0x7FFF, 0xFFFF, 0x7FFF, 0x0000, 0x0000, 0x0000, 0x0000, 0x8001, 0x1122, 0x2233, 0x3344, 0x4455, 0x6677, 0x7788, 0xAAAA, 0x0000, 0xD700, 0x0000, 0x0000, 0x0000, 0x0011, 0x0000, 0xC33C, 0x5AA5, 0x0000, 0x0000, 0x8000, 0xA460, 0x0000, 0x8000, 0xB460 },
	{ 0x1000, 0x2300, 0x1000, 0xFFFF, 0x7FFF, 0xFFFF, 0x7FFF, 0x0000, 0x0000, 0x0000, 0x0000, 0x8001, 0x1122, 0x2233, 0x3344, 0x4455, 0x6677, 0x7788, 0xAAAA, 0x0000, 0xD700, 0x0000, 0x0000, 0x0000, 0x0011, 0x0000, 0xC33C, 0x5AA5, 0x0000, 0x0000, 0x8000, 0xA460, 0x0000, 0x8000, 0xB460 },
	{ 0x1000, 0x2300, 0x1000, 0xFFFF, 0x7FFF, 0xFFFF, 0x7FFF, 0x0000, 0x0000, 0x0000, 0x0000, 0x8001, 0x1122, 0x2233, 0x3344, 0x4455, 0x6677, 0x7788, 0xAAAA, 0x0000, 0xD700, 0x0000, 0x0000, 0x0000, 0x0011, 0x0000, 0xC33C, 0x5AA5, 0x0000, 0x0000, 0x8000, 0xA460, 0x0000, 0x8000, 0xB460 },
	{ 0x1000, 0x2300, 0x1000, 0xFFFF, 0x7FFF, 0xFFFF, 0x7FFF, 0x0000, 0x0000, 0x0000, 0x0000, 0x8001, 0x1122, 0x2233, 0x3344, 0x4455, 0x6677, 0x7788, 0xAAAA, 0x0000, 0xD700, 0x0000, 0x0000, 0x0000, 0x0011, 0x0000, 0xC33C, 0x5AA5, 0x0000, 0x0000, 0x8000, 0xA460, 0x0000, 0x8000, 0xB460 },
	{ 0x1000, 0x2300, 0x1000, 0xFFFF, 0x7FFF, 0xFFFF, 0x7FFF, 0x0000, 0x0000, 0x0000, 0x0000, 0x8001, 0x1122, 0x2233, 0x3344, 0x4455, 0x6677, 0x7788, 0xAAAA, 0x0000, 0xD700, 0x0000, 0x0000, 0x0000, 0x0011, 0x0000, 0xC33C, 0x5AA5, 0x0000, 0x0000, 0x8000, 0xA460, 0x0000, 0x8000, 0xB460 },
	{ 0x1000, 0x2300, 0x1000, 0xFFFF, 0x7FFF, 0xFFFF, 0x7FFF, 0x0000, 0x0000, 0x0000, 0x0000, 0x8001, 0x1122, 0x2233, 0x3344, 0x4455, 0x6677, 0x7788, 0xAAAA, 0x0000, 0xD700, 0x0000, 0x0000, 0x0000, 0x0011, 0x0000, 0xC33C, 0x5AA5, 0x0000, 0x0000, 0x8000, 0xA460, 0x0000, 0x8000, 0xB460 },
	{ 0x1000, 0x2300, 0x1000, 0xFFFF, 0x7FFF, 0xFFFF, 0x7FFF, 0x0000, 0x0000, 0x0000, 0x0000, 0x8001, 0x1122, 0x2233, 0x3344, 0x4455, 0x6677, 0x7788, 0xAAAA, 0x0000, 0xD700, 0x0000, 0x0000, 0x0000, 0x0011, 0x0000, 0xC33C, 0x5AA5, 0x0000, 0x0000, 0x8000, 0xA460, 0x0000, 0x8000, 0xB460 },
	{ 0x1000, 0x2300, 0x1000, 0xFFFF, 0x7FFF, 0xFFFF, 0x7FFF, 0x0000, 0x0000, 0x0000, 0x0000, 0x8001, 0x1122, 0x2233, 0x3344, 0x4455, 0x6677, 0x7788, 0xAAAA, 0x0000, 0xD700, 0x0000, 0x0000, 0x0000, 0x0011, 0x0000, 0xC33C, 0x5AA5, 0x0000, 0x0000, 0x8000, 0xA460, 0x0000, 0x8000, 0xB460 },
	{ 0x1000, 0x2300, 0x1000, 0xFFFF, 0x7FFF, 0xFFFF, 0x7FFF, 0x0000, 0x0000, 0x0000, 0x0000, 0x8001, 0x1122, 0x2233, 0x3344, 0x4455, 0x6677, 0x7788, 0xAAAA, 0x0000, 0xD700, 0x0000, 0x0000, 0x0000, 0x0011, 0x0000, 0xC33C, 0x5AA5, 0x0000, 0x0000, 0x8000, 0xA460, 0x0000, 0x8000, 0xB460 },
	{ 0x1000, 0x2300, 0x1000, 0xFFFF, 0x7FFF, 0xFFFF, 0x7FFF, 0x0000, 0x0000, 0x0000, 0x0000, 0x8001, 0x1122, 0x2233, 0x3344, 0x4455, 0x6677, 0x7788, 0xAAAA, 0x0000, 0xD700, 0x0000, 0x0000, 0x0000, 0x0011, 0x0000, 0xC33C, 0x5AA5, 0x0000, 0x0000, 0x8000, 0xA460, 0x0000, 0x8000, 0xB460 },
	{ 0x1000, 0x2300, 0x1000, 0xFFFF, 0x7FFF, 0xFFFF, 0x7FFF, 0x0000, 0x0000, 0x0000, 0x0000, 0x8001, 0x1122, 0x2233, 0x3344, 0x4455, 0x6677, 0x7788, 0xAAAA, 0x0000, 0xD700, 0x0000, 0x0000, 0x0000, 0x0011, 0x0000, 0xC33C, 0x5AA5, 0x0000, 0x0000, 0x8000, 0xA460, 0x0000, 0x8000, 0xB460 },
	{ 0x1000, 0x2300, 0x1000, 0xFFFF, 0x7FFF, 0xFFFF, 0x7FFF, 0x0000, 0x0000, 0x0000, 0x0000, 0x8001, 0x1122, 0x2233, 0x3344, 0x4455, 0x6677, 0x7788, 0xAAAA, 0x0000, 0xD700, 0x0000, 0x0000, 0x0000, 0x0011, 0x0000, 0xC33C, 0x5AA5, 0x0000, 0x0000, 0x8000, 0xA460, 0x0000, 0x8000, 0xB460 },
	{ 0x1000, 0x2300, 0x1000, 0xFFFF, 0x7FFF, 0xFFFF, 0x7FFF, 0x0000, 0x0000, 0x0000, 0x0000, 0x8001, 0x1122, 0x2233, 0x3344, 0x4455, 0x6677, 0x7788, 0xAAAA, 0x0000, 0xD700, 0x0000, 0x0000, 0x0000, 0x0011, 0x0000, 0xC33C, 0x5AA5, 0x0000, 0x0000, 0x8000, 0xA460, 0x0000, 0x8000, 0xB460 },
	{ 0x1000, 0x2300, 0x1000, 0xFFFF, 0x7FFF, 0xFFFF, 0x7FFF, 0x0000, 0x0000, 0x0000, 0x0000, 0x8001, 0x1122, 0x2233, 0x3344, 0x4455, 0x6677, 0x7788, 0xAAAA, 0x0000, 0xD700, 0x0000, 0x0000, 0x0000, 0x0011, 0x0000, 0xC33C, 0x5AA5, 0x0000, 0x0000, 0x8000, 0xA460, 0x0000, 0x8000, 0xB460 },
	{ 0x1000, 0x2300, 0x1000, 0xFFFF, 0x7FFF, 0xFFFF, 0x7FFF, 0x0000, 0x0000, 0x0000, 0x0000, 0x8001, 0x1122, 0x2233, 0x3344, 0x4455, 0x6677, 0x7788, 0xAAAA, 0x0000, 0xD700, 0x0000, 0x0000, 0x0000, 0x0011, 0x0000, 0xC33C, 0x5AA5, 0x0000, 0x0000, 0x8000, 0xA460, 0x0000, 0x8000, 0xB460 },
	{ 0x1000, 0x2300, 0x1000, 0xFFFF, 0x7FFF, 0xFFFF, 0x7FFF, 0x0000, 0x0000, 0x0000, 0x0000, 0x8001, 0x1122, 0x2233, 0x3344, 0x4455, 0x6677, 0x7788, 0xAAAA, 0x0000, 0xD700, 0x0000, 0x0000, 0x0000, 0x0011, 0x0000, 0xC33C, 0x5AA5, 0x0000, 0x0000, 0x8000, 0xA460, 0x0000, 0x8000, 0xB460 },
	{ 0x1000, 0x2300, 0x1000, 0xFFFF, 0x7FFF, 0xFFFF, 0x7FFF, 0x0000, 0x0000, 0x0000, 0x0000, 0x8001, 0x1122, 0x2233, 0x3344, 0x4455, 0x6677, 0x7788, 0xAAAA, 0x0000, 0xD700, 0x0000, 0x0000, 0x0000, 0x0011, 0x0000, 0xC33C, 0x5AA5, 0x0000, 0x0000, 0x8000, 0xA460, 0x0000, 0x8000, 0xB460 },
	{ 0x1000, 0x2300, 0x1000, 0xFFFF, 0x7FFF, 0xFFFF, 0x7FFF, 0x0000, 0x0000, 0x0000, 0x0000, 0x8001, 0x1122, 0x2233, 0x3344, 0x4455, 0x6677, 0x7788, 0xAAAA, 0x0000, 0xD700, 0x0000, 0x0000, 0x0000, 0x0011, 0x0000, 0xC33C, 0x5AA5, 0x0000, 0x0000, 0x8000, 0xA460, 0x0000, 0x8000, 0xB460 },
	{ 0x1000, 0x2300, 0x1000, 0xFFFF, 0x7FFF, 0xFFFF, 0x7FFF, 0x0000, 0x0000, 0x0000, 0x0000, 0x8001, 0x1122, 0x2233, 0x3344, 0x4455, 0x6677, 0x7788, 0xAAAA, 0x0000, 0xD700, 0x0000, 0x0000, 0x0000, 0x0011, 0x0000, 0xC33C, 0x5AA5, 0x0000, 0x0000, 0x8000, 0xA460, 0x0000, 0x8000, 0xB460 },
	{ 0x1000, 0x2300, 0x1000, 0xFFFF, 0x7FFF, 0xFFFF, 0x7FFF, 0x0000, 0x0000, 0x0000, 0x0000, 0x8001, 0x1122, 0x2233, 0x3344, 0x4455, 0x6677, 0x7788, 0xAAAA, 0x0000, 0xD700, 0x0000, 0x0000, 0x0000, 0x0011, 0x0000, 0xC33C, 0x5AA5, 0x0000, 0x0000, 0x8000, 0xA460, 0x0000, 0x8000, 0xB460 },
	{ 0x1000, 0x2300, 0x1000, 0xFFFF, 0x7FFF, 0xFFFF, 0x7FFF, 0x0000, 0x0000, 0x0000, 0x0000, 0x8001, 0x1122, 0x2233, 0x3344, 0x4455, 0x6677, 0x7788, 0xAAAA, 0x0000, 0xD700, 0x0000, 0x0000, 0x0000, 0x0011, 0x0000, 0xC33C, 0x5AA5, 0x0000, 0x0000, 0x8000, 0xA460, 0x0000, 0x8000, 0xB460 },
	{ 0x1000, 0x2300, 0x1000, 0xFFFF, 0x7FFF, 0xFFFF, 0x7FFF, 0x0000, 0x0000, 0x0000, 0x0000, 0x8001, 0x1122, 0x2233, 0x3344, 0x4455, 0x6677, 0x7788, 0xAAAA, 0x0000, 0xD700, 0x0000, 0x0000, 0x0000, 0x0011, 0x0000, 0xC33C, 0x5AA5, 0x0000, 0x0000, 0x8000, 0xA460, 0x0000, 0x8000, 0xB460 },
	{ 0x1000, 0x2300, 0x1000, 0xFFFF, 0x7FFF, 0xFFFF, 0x7FFF, 0x0000, 0x0000, 0x0000, 0x0000, 0x8001, 0x1122, 0x2233, 0x3344, 0x4455, 0x6677, 0x7788, 0xAAAA, 0x0000, 0xD700, 0x0000, 0x0000, 0x0000, 0x0011, 0x0000, 0xC33C, 0x5AA5, 0x0000, 0x0000, 0x8000, 0xA460, 0x0000, 0x8000, 0xB460 },
	{ 0x1000, 0x2300, 0x1000, 0xFFFF, 0x7FFF, 0xFFFF, 0x7FFF, 0x0000, 0x0000, 0x0000, 0x0000, 0x8001, 0x1122, 0x2233, 0x3344, 0x4455, 0x6677, 0x7788, 0xAAAA, 0x0000, 0xD700, 0x0000, 0x0000, 0x0000, 0x0011, 0x0000, 0xC33C, 0x5AA5, 0x0000, 0x0000, 0x8000, 0xA460, 0x0000, 0x8000, 0xB460 },
	{ 0x1000, 0x2300, 0x1000, 0xFFFF, 0x7FFF, 0xFFFF, 0x7FFF, 0x0000, 0x0000, 0x0000, 0x0000, 0x8001, 0x1122, 0x2233, 0x3344, 0x4455, 0x6677, 0x7788, 0xAAAA, 0x0000, 0xD700, 0x0000, 0x0000, 0x0000, 0x0011, 0x0000, 0xC33C, 0x5AA5, 0x0000, 0x0000, 0x8000, 0xA460, 0x0000, 0x8000, 0xB460 },
	{ 0x1000, 0x2300, 0x1000, 0xFFFF, 0x7FFF, 0xFFFF, 0x7FFF, 0x0000, 0x0000, 0x0000, 0x0000, 0x8001, 0x1122, 0x2233, 0x3344, 0x4455, 0x6677, 0x7788, 0xAAAA, 0x0000, 0xD700, 0x0000, 0x0000, 0x0000, 0x0011, 0x0000, 0xC33C, 0x5AA5, 0x0000, 0x0000, 0x8000, 0xA460, 0x0000, 0x8000, 0xB460 },
	{ 0x1000, 0x2300, 0x1000, 0xFFFF, 0x7FFF, 0xFFFF, 0x7FFF, 0x0000, 0x0000, 0x0000, 0x0000, 0x8001, 0x1122, 0x2233, 0x3344, 0x4455, 0x6677, 0x7788, 0xAAAA, 0x0000, 0xD700, 0x0000, 0x0000, 0x0000, 0x0011, 0x0000, 0xC33C, 0x5AA5, 0x0000, 0x0000, 0x8000, 0xA460, 0x0000, 0x8000, 0xB460 },
	{ 0x1000, 0x2300, 0x1000, 0xFFFF, 0x7FFF, 0xFFFF, 0x7FFF, 0x0000, 0x0000, 0x0000, 0x0000, 0x8001, 0x1122, 0x2233, 0x3344, 0x4455, 0x6677, 0x7788, 0xAAAA, 0x0000, 0xD700, 0x0000, 0x0000, 0x0000, 0x0011, 0x0000, 0xC33C, 0x5AA5, 0x0000, 0x0000, 0x8000, 0xA460, 0x0000, 0x8000, 0xB460 },
	{ 0xA440, 0x2300, 0x1000, 0x0000, 0x8000, 0xFFFF, 0x7FFF, 0x0000, 0x0000, 0x0000, 0x0000, 0x0011, 0x1122, 0x2233, 0x3344, 0x4455, 0x6677, 0x7788, 0xAAAA, 0x0000, 0xD700, 0x0000, 0x0000, 0x0000, 0x0011, 0x0000, 0xC33C, 0x5AA5, 0x0000, 0xFFFF, 0x7FFF, 0x1060, 0x0000, 0x8000, 0xB460 },
	{ 0xA440, 0x2300, 0x1000, 0x0000, 0x8000, 0xFFFF, 0x7FFF, 0x0000, 0x0000, 0x0000, 0x0000, 0x0011, 0x1122, 0x2233, 0x3344, 0x4455, 0x6677, 0x7788, 0xAAAA, 0x0000, 0xD700, 0x0000, 0x0000, 0x0000, 0x0011, 0x0000, 0xC33C, 0x5AA5, 0x0000, 0xFFFF, 0x7FFF, 0x1060, 0x0000, 0x8000, 0xB460 },
	{ 0xA440, 0x2300, 0x1000, 0x0000, 0x8000, 0xFFFF, 0x7FFF, 0x0000, 0x0000, 0x0000, 0x0000, 0x0011, 0x1122, 0x2233, 0x3344, 0x4455, 0x6677, 0x7788, 0xAAAA, 0x0000, 0xD700, 0x0000, 0x0000, 0x0000, 0x0011, 0x0000, 0xC33C, 0x5AA5, 0x0000, 0xFFFF, 0x7FFF, 0x1060, 0x0000, 0x8000, 0xB460 },
	{ 0x1000, 0x2300, 0x1000, 0xFFFF, 0x7FFF, 0xFFFF, 0x7FFF, 0x0000, 0x0000, 0x0000, 0x0000, 0x0011, 0x1122, 0x2233, 0x3344, 0x4455, 0x6677, 0x7788, 0xAAAA, 0x0000, 0xD700, 0x0000, 0x0000, 0x0000, 0x0011, 0x0000, 0xC33C, 0x5AA5, 0x0000, 0x0000, 0x8000, 0xA460, 0x0000, 0x8000, 0xB460 },
	{ 0x1000, 0x2300, 0x1000, 0xFFFF, 0x7FFF, 0xFFFF, 0x7FFF, 0x0000, 0x0000, 0x0000, 0x0000, 0x0011, 0x1122, 0x2233, 0x3344, 0x4455, 0x6677, 0x7788, 0xAAAA, 0x0000, 0xD700, 0x0000, 0x0000, 0x0000, 0x0011, 0x0000, 0xC33C, 0x5AA5, 0x0000, 0x0000, 0x8000, 0xA460, 0x0000, 0x8000, 0xB460 },
	{ 0x1000, 0x2300, 0x1000, 0xFFFF, 0x7FFF, 0xFFFF, 0x7FFF, 0x0000, 0x0000, 0x0000, 0x0000, 0x0011, 0x1122, 0x2233, 0x3344, 0x4455, 0x6677, 0x7788, 0xAAAA, 0x0000, 0xD700, 0x0000, 0x0000, 0x0000, 0x0011, 0x0000, 0xC33C, 0x5AA5, 0x0000, 0x0000, 0x8000, 0xA460, 0x0000, 0x8000, 0xB460 },
	{ 0x1000, 0x2300, 0x1000, 0xFFFF, 0x7FFF, 0xFFFF, 0x7FFF, 0x0000, 0x0000, 0x0000, 0x0000, 0x0011, 0x1122, 0x2233, 0x3344, 0x4455, 0x6677, 0x7788, 0xAAAA, 0x0000, 0xD700, 0x0000, 0x0000, 0x0000, 0x0011, 0x0000, 0xC33C, 0x5AA5, 0x0000, 0x0000, 0x8000, 0xA460, 0x0000, 0x8000, 0xB460 },
	{ 0x1000, 0x2300, 0x1000, 0xFFFF, 0x7FFF, 0xFFFF, 0x7FFF, 0x0000, 0x0000, 0x0000, 0x0000, 0x0011, 0x1122, 0x2233, 0x3344, 0x4455, 0x6677, 0x7788, 0xAAAA, 0x0000, 0xD700, 0x0000, 0x0000, 0x0000, 0x0011, 0x0000, 0xC33C, 0x5AA5, 0x0000, 0x0000, 0x8000, 0xA460, 0x0000, 0x8000, 0xB460 },
	{ 0x1000, 0x2300, 0x1000, 0xFFFF, 0x7FFF, 0xFFFF, 0x7FFF, 0x0000, 0x0000, 0x0000, 0x0000, 0x0011, 0x1122, 0x2233, 0x3344, 0x4455, 0x6677, 0x7788, 0xAAAA, 0x0000, 0xD700, 0x0000, 0x0000, 0x0000, 0x0011, 0x0000, 0xC33C, 0x5AA5, 0x0000, 0x0000, 0x8000, 0xA460, 0x0000, 0x8000, 0xB460 },
	{ 0x1000, 0x2300, 0x1000, 0xFFFF, 0x7FFF, 0xFFFF, 0x7FFF, 0x0000, 0x0000, 0x0000, 0x0000, 0x0011, 0x1122, 0x2233, 0x3344, 0x4455, 0x6677, 0x7788, 0xAAAA, 0x0000, 0xD700, 0x0000, 0x0000, 0x0000, 0x0011, 0x0000, 0xC33C, 0x5AA5, 0x0000, 0x0000, 0x8000, 0xA460, 0x0000, 0x8000, 0xB460 },
	{ 0x0000, 0x0300, 0x1000, 0x0001, 0x0000, 0x89AB, 0x4567, 0x0000, 0x0000, 0x0000, 0x0000, 0x0000, 0x1122, 0x2233, 0x3344, 0x4455, 0x6677, 0x7788, 0xAAAA, 0x0000, 0xD700, 0x0000, 0x0000, 0x0000, 0x0011, 0x0000, 0xC33C, 0x5AA5, 0x0000, 0x0000, 0x8000, 0xA460, 0x0000, 0x8000, 0xB460 },
	{ 0x0000, 0x0300, 0x1000, 0x0001, 0x0000, 0x89AB, 0x4567, 0x0000, 0x0000, 0x0000, 0x0000, 0x0000, 0x1122, 0x2233, 0x3344, 0x4455, 0x6677, 0x7788, 0xAAAA, 0x0000, 0xD700, 0x0000, 0x0000, 0x0000, 0x0011, 0x0000, 0xC33C, 0x5AA5, 0x0000, 0x0000, 0x8000, 0xA460, 0x0000, 0x8000, 0xB460 },
	{ 0x0000, 0x0300, 0x1000, 0x0001, 0x0000, 0x89AB, 0x4567, 0x0000, 0x0000, 0x0000, 0x0000, 0x0000, 0x1122, 0x2233, 0x3344, 0x4455, 0x6677, 0x7788, 0xAAAA, 0x0000, 0xD700, 0x0000, 0x0000, 0x0000, 0x0011, 0x0000, 0xC33C, 0x5AA5, 0x0000, 0x0000, 0x8000, 0xA460, 0x0000, 0x8000, 0xB460 },
	{ 0x0000, 0x0300, 0x1000, 0x0001, 0x0000, 0x89AB, 0x4567, 0x0000, 0x0000, 0x0000, 0x0000, 0x0000, 0x1122, 0x2233, 0x3344, 0x4455, 0x6677, 0x7788, 0xAAAA, 0x0000, 0xD700, 0x0000, 0x0000, 0x0000, 0x0011, 0x0000, 0xC33C, 0x5AA5, 0x0000, 0x0000, 0x8000, 0xA460, 0x0000, 0x8000, 0xB460 },
	{ 0x0000, 0x0300, 0x1000, 0x0001, 0x0000, 0x89AB, 0x4567, 0x0000, 0x0000, 0x0000, 0x0000, 0x0000, 0x1122, 0x2233, 0x3344, 0x4455, 0x6677, 0x7788, 0xAAAA, 0x0000, 0xD700, 0x0000, 0x0000, 0x0000, 0x0011, 0x0000, 0xC33C, 0x5AA5, 0x0000, 0x0000, 0x8000, 0xA460, 0x0000, 0x8000, 0xB460 },
	{ 0x0000, 0x0300, 0x1000, 0x0001, 0x0000, 0x89AB, 0x4567, 0x0000, 0x0000, 0x0000, 0x0000, 0x0000, 0x1122, 0x2233, 0x3344, 0x4455, 0x6677, 0x7788, 0xAAAA, 0x0000, 0xD700, 0x0000, 0x0000, 0x0000, 0x0011, 0x0000, 0xC33C, 0x5AA5, 0x0000, 0x0000, 0x0000, 0x0A00, 0x0000, 0x0000, 0x0A00 },
	{ 0x0000, 0x0300, 0x1000, 0x0001, 0x0000, 0x89AB, 0x4567, 0x0000, 0x0000, 0x0000, 0x0000, 0x0000, 0x1122, 0x2233, 0x3344, 0x4455, 0x6677, 0x7788, 0xAAAA, 0x0000, 0xD700, 0x0000, 0x0000, 0x0000, 0x0011, 0x0000, 0xC33C, 0x5AA5, 0x0000, 0x0000, 0x0000, 0x0A00, 0x0000, 0x0000, 0x0A00 },
	{ 0x0000, 0x0300, 0x1000, 0x0001, 0x0000, 0x89AB, 0x4567, 0x0000, 0x0000, 0x0000, 0x0000, 0x0000, 0x1122, 0x2233, 0x3344, 0x4455, 0x6677, 0x7788, 0xAAAA, 0x0000, 0xD700, 0x0000, 0x0000, 0x0000, 0x0011, 0x0000, 0xC33C, 0x5AA5, 0x0000, 0x0000, 0x0000, 0x0A00, 0x0000, 0x0000, 0x0A00 },
	{ 0x0000, 0x0300, 0x1000, 0x0001, 0x0000, 0x89AB, 0x4567, 0x0000, 0x0000, 0x0000, 0x0000, 0x0000, 0x1122, 0x2233, 0x3344, 0x4455, 0x6677, 0x7788, 0xAAAA, 0x0000, 0xD700, 0x0000, 0x0000, 0x0000, 0x0011, 0x0000, 0xC33C, 0x5AA5, 0x0000, 0x0000, 0x0000, 0x0A00, 0x0000, 0x0000, 0x0A00 },
	{ 0x0000, 0x0300, 0x1000, 0x0001, 0x0000, 0x89AB, 0x4567, 0x0000, 0x0000, 0x0000, 0x0000, 0x0000, 0x1122, 0x2233, 0x3344, 0x4455, 0x6677, 0x7788, 0xAAAA, 0x0000, 0xD700, 0x0000, 0x0000, 0x0000, 0x0011, 0x0000, 0xC33C, 0x5AA5, 0x0000, 0x0000, 0x0000, 0x0A00, 0x0000, 0x0000, 0x0A00 },
	{ 0x0000, 0x0300, 0x1000, 0x0001, 0x0000, 0x89AB, 0x4567, 0x0000, 0x0000, 0x0000, 0x0000, 0x0000, 0x1122, 0x2233, 0x3344, 0x4455, 0x6677, 0x7788, 0xAAAA, 0x0000, 0xD700, 0x0000, 0x0000, 0x0000, 0x0011, 0x0000, 0xC33C, 0x5AA5, 0x0000, 0x0000, 0x0000, 0x0A00, 0x0000, 0x0000, 0x0A00 },
	{ 0x0000, 0x0300, 0x1000, 0x0001, 0x0000, 0x89AB, 0x4567, 0x0000, 0x0000, 0x0000, 0x0000, 0x0000, 0x1122, 0x2233, 0x3344, 0x4455, 0x6677, 0x7788, 0xAAAA, 0x0000, 0xD700, 0x0000, 0x0000, 0x0000, 0x0011, 0x0000, 0xC33C, 0x5AA5, 0x0000, 0x0000, 0x0000, 0x0A00, 0x0000, 0x0000, 0x0A00 },
	{ 0x0000, 0x0300, 0x1000, 0x0001, 0x0000, 0x89AB, 0x4567, 0x0000, 0x0000, 0x0000, 0x0000, 0x0000, 0x1122, 0x2233, 0x3344, 0x4455, 0x6677, 0x7788, 0xAAAA, 0x0000, 0xD700, 0x0000, 0x0000, 0x0000, 0x0011, 0x0000, 0xC33C, 0x5AA5, 0x0000, 0x0000, 0x0000, 0x0A00, 0x0000, 0x0000, 0x0A00 },
	{ 0x0000, 0x0300, 0x1000, 0x0001, 0x0000, 0x89AB, 0x4567, 0x0000, 0x0000, 0x0000, 0x0000, 0x0000, 0x1122, 0x2233, 0x3344, 0x4455, 0x6677, 0x7788, 0xAAAA, 0x0000, 0xD700, 0x0000, 0x0000, 0x0000, 0x0011, 0x0000, 0xC33C, 0x5AA5, 0x0000, 0x0000, 0x0000, 0x0A00, 0x0000, 0x0000, 0x0A00 },
	{ 0x0000, 0x0300, 0x1000, 0x0002, 0x0000, 0x89AB, 0x4567, 0x0000, 0x0000, 0x0000, 0x0000, 0x0011, 0x1122, 0x2233, 0x3344, 0x4455, 0x6677, 0x7788, 0xAAAA, 0x0000, 0xD700, 0x0000, 0x0000, 0x0007, 0x0011, 0x0000, 0xC33C, 0x5AA5, 0x0000, 0x0000, 0x0000, 0x0A00, 0x0000, 0x0000, 0x0A00 },
	{ 0x0000, 0x0300, 0x1000, 0x0002, 0x0000, 0x89AB, 0x4567, 0x0000, 0x0000, 0x0000, 0x0000, 0x0011, 0x1122, 0x2233, 0x3344, 0x4455, 0x6677, 0x7788, 0xAAAA, 0x0000, 0xD700, 0x0000, 0x0000, 0x0007, 0x0011, 0x0000, 0xC33C, 0x5AA5, 0x0000, 0x0000, 0x0000, 0x0A00, 0x0000, 0x0000, 0x0A00 },
	{ 0x0000, 0x0300, 0x1000, 0x0002, 0x0000, 0x89AB, 0x4567, 0x0000, 0x0000, 0x0000, 0x0000, 0x0011, 0x1122, 0x2233, 0x3344, 0x4455, 0x6677, 0x7788, 0xAAAA, 0x0000, 0xD700, 0x0000, 0x0000, 0x0007, 0x0011, 0x0000, 0xC33C, 0x5AA5, 0x0000, 0x0000, 0x0000, 0x0A00, 0x0000, 0x0000, 0x0A00 },
	{ 0x0000, 0x0300, 0x1000, 0x0002, 0x0000, 0x89AB, 0x4567, 0x0000, 0x0000, 0x0000, 0x0000, 0x0011, 0x1122, 0x2233, 0x3344, 0x4455, 0x6677, 0x7788, 0xAAAA, 0x0000, 0xD700, 0x0000, 0x0000, 0x0007, 0x0011, 0x0000, 0xC33C, 0x5AA5, 0x0000, 0x0000, 0x0000, 0x0A00, 0x0000, 0x0000, 0x0A00 },
	{ 0x0000, 0x0300, 0x1000, 0x0002, 0x0000, 0x89AB, 0x4567, 0x0000, 0x0000, 0x0000, 0x0000, 0x0011, 0x1122, 0x2233, 0x3344, 0x4455, 0x6677, 0x7788, 0xAAAA, 0x0000, 0xD700, 0x0000, 0x0000, 0x0007, 0x0011, 0x0000, 0xC33C, 0x5AA5, 0x0000, 0x0000, 0x0000, 0x0A00, 0x0000, 0x0000, 0x0A00 },
	{ 0x0000, 0x0300, 0x1000, 0x0002, 0x0000, 0x89AB, 0x4567, 0x0000, 0x0000, 0x0000, 0x0000, 0x0011, 0x1122, 0x2233, 0x3344, 0x4455, 0x6677, 0x7788, 0xAAAA, 0x0000, 0xD700, 0x0000, 0x0000, 0x0007, 0x0011, 0x0000, 0xC33C, 0x5AA5, 0x0000, 0x0000, 0x0000, 0x0A00, 0x0000, 0x0000, 0x0A00 },
	{ 0x0000, 0x0300, 0x1000, 0x0002, 0x0000, 0x89AB, 0x4567, 0x0000, 0x0000, 0x0000, 0x0000, 0x0011, 0x1122, 0x2233, 0x3344, 0x4455, 0x6677, 0x7788, 0xAAAA, 0x0000, 0xD700, 0x0000, 0x0000, 0x0007, 0x0011, 0x0000, 0xC33C, 0x5AA5, 0x0000, 0x0000, 0x0000, 0x0A00, 0x0000, 0x0000, 0x0A00 },
	{ 0x0000, 0x0300, 0x1000, 0x0002, 0x0000, 0x89AB, 0x4567, 0x0000, 0x0000, 0x0000, 0x0000, 0x0011, 0x1122, 0x2233, 0x3344, 0x4455, 0x6677, 0x7788, 0xAAAA, 0x0000, 0xD700, 0x0000, 0x0000, 0x0007, 0x0011, 0x0000, 0xC33C, 0x5AA5, 0x0000, 0x0000, 0x0000, 0x0A00, 0x0000, 0x0000, 0x0A00 },
	{ 0x0000, 0x0300, 0x1000, 0x0002, 0x0000, 0x89AB, 0x4567, 0x0000, 0x0000, 0x0000, 0x0000, 0x0011, 0x1122, 0x2233, 0x3344, 0x4455, 0x6677, 0x7788, 0xAAAA, 0x0000, 0xD700, 0x0000, 0x0000, 0x0007, 0x0011, 0x0000, 0xC33C, 0x5AA5, 0x0000, 0x0000, 0x0000, 0x0A00, 0x0000, 0x0000, 0x0A00 },
	{ 0x0000, 0x0300, 0x1000, 0x0002, 0x0000, 0x89AB, 0x4567, 0x0000, 0x0000, 0x0000, 0x0000, 0x0011, 0x1122, 0x2233, 0x3344, 0x4455, 0x6677, 0x7788, 0xAAAA, 0x0000, 0xD700, 0x0000, 0x0000, 0x0007, 0x0011, 0x0000, 0xC33C, 0x5AA5, 0x0000, 0x0000, 0x0000, 0x0A00, 0x0000, 0x0000, 0x0A00 },
	{ 0x0000, 0x0300, 0x1000, 0x0002, 0x0000, 0x89AB, 0x4567, 0x0000, 0x0000, 0x0000, 0x0000, 0x0011, 0x1122, 0x2233, 0x3344, 0x4455, 0x6677, 0x7788, 0xAAAA, 0x0000, 0xD700, 0x0000, 0x0000, 0x0007, 0x0011, 0x0000, 0xC33C, 0x5AA5, 0x0000, 0x0000, 0x0000, 0x0A00, 0x0000, 0x0000, 0x0A00 },
	{ 0x0000, 0x0300, 0x1000, 0x0002, 0x0000, 0x89AB, 0x4567, 0x0000, 0x0000, 0x0000, 0x0000, 0x0011, 0x1122, 0x2233, 0x3344, 0x4455, 0x6677, 0x7788, 0xAAAA, 0x0000, 0xD700, 0x0000, 0x0000, 0x0007, 0x0011, 0x0000, 0xC33C, 0x5AA5, 0x0000, 0x0000, 0x0000, 0x0A00, 0x0000, 0x0000, 0x0A00 },
	{ 0x0000, 0x0300, 0x1000, 0x0002, 0x0000, 0x89AB, 0x4567, 0x0000, 0x0000, 0x0000, 0x0000, 0x0011, 0x1122, 0x2233, 0x3344, 0x4455, 0x6677, 0x7788, 0xAAAA, 0x0000, 0xD700, 0x0000, 0x0000, 0x0007, 0x0011, 0x0000, 0xC33C, 0x5AA5, 0x0000, 0x0000, 0x0000, 0x0A00, 0x0000, 0x0000, 0x0A00 },
	{ 0x0000, 0x0300, 0x1000, 0x0002, 0x0000, 0x89AB, 0x4567, 0x0000, 0x0000, 0x0000, 0x0000, 0x0011, 0x1122, 0x2233, 0x3344, 0x4455, 0x6677, 0x7788, 0xAAAA, 0x0000, 0xD700, 0x0000, 0x0000, 0x0007, 0x0011, 0x0000, 0xC33C, 0x5AA5, 0x0000, 0x0000, 0x0000, 0x0A00, 0x0000, 0x0000, 0x0A00 },
	{ 0x0000, 0x0300, 0x1000, 0x0002, 0x0000, 0x89AB, 0x4567, 0x0000, 0x0000, 0x0000, 0x0000, 0x0011, 0x1122, 0x2233, 0x3344, 0x4455, 0x6677, 0x7788, 0xAAAA, 0x0000, 0xD700, 0x0000, 0x0000, 0x0007, 0x0011, 0x0000, 0xC33C, 0x5AA5, 0x0000, 0x0000, 0x0000, 0x0A00, 0x0000, 0x0000, 0x0A00 },
	{ 0x0000, 0x0300, 0x1000, 0x0002, 0x0000, 0x89AB, 0x4567, 0x0000, 0x0000, 0x0000, 0x0000, 0x0011, 0x1122, 0x2233, 0x3344, 0x4455, 0x6677, 0x7788, 0xAAAA, 0x0000, 0xD700, 0x0000, 0x0000, 0x0007, 0x0011, 0x0000, 0xC33C, 0x5AA5, 0x0000, 0x0000, 0x0000, 0x0A00, 0x0000, 0x0000, 0x0A00 },
	{ 0x0000, 0x0300, 0x1000, 0x0002, 0x0000, 0x89AB, 0x4567, 0x0000, 0x0000, 0x0000, 0x0000, 0x0011, 0x1122, 0x2233, 0x3344, 0x4455, 0x6677, 0x7788, 0xAAAA, 0x0000, 0xD700, 0x0000, 0x0000, 0x0007, 0x0011, 0x0000, 0xC33C, 0x5AA5, 0x0000, 0x0000, 0x0000, 0x0A00, 0x0000, 0x0000, 0x0A00 },
	{ 0x0000, 0x0300, 0x1000, 0x0002, 0x0000, 0x89AB, 0x4567, 0x0000, 0x0000, 0x0000, 0x0000, 0x0011, 0x1122, 0x2233, 0x3344, 0x4455, 0x6677, 0x7788, 0xAAAA, 0x0000, 0xD700, 0x0000, 0x0000, 0x0007, 0x0011, 0x0000, 0xC33C, 0x5AA5, 0x0000, 0x0000, 0x0000, 0x0A00, 0x0000, 0x0000, 0x0A00 },
	{ 0x0000, 0x0300, 0x1000, 0x0002, 0x0000, 0x89AB, 0x4567, 0x0000, 0x0000, 0x0000, 0x0000, 0x0011, 0x1122, 0x2233, 0x3344, 0x4455, 0x6677, 0x7788, 0xAAAA, 0x0000, 0xD700, 0x0000, 0x0000, 0x0007, 0x0011, 0x0000, 0xC33C, 0x5AA5, 0x0000, 0x0000, 0x0000, 0x0A00, 0x0000, 0x0000, 0x0A00 },
	{ 0x0000, 0x0300, 0x1000, 0x0002, 0x0000, 0x89AB, 0x4567, 0x0000, 0x0000, 0x0000, 0x0000, 0x0011, 0x1122, 0x2233, 0x3344, 0x4455, 0x6677, 0x7788, 0xAAAA, 0x0000, 0xD700, 0x0000, 0x0000, 0x0007, 0x0011, 0x0000, 0xC33C, 0x5AA5, 0x0000, 0x0000, 0x0000, 0x0A00, 0x0000, 0x0000, 0x0A00 },
	{ 0x0000, 0x0300, 0x1000, 0x0002, 0x0000, 0x89AB, 0x4567, 0x0000, 0x0000, 0x0000, 0x0000, 0x0011, 0x1122, 0x2233, 0x3344, 0x4455, 0x6677, 0x7788, 0xAAAA, 0x0000, 0xD700, 0x0000, 0x0000, 0x0007, 0x0011, 0x0000, 0xC33C, 0x5AA5, 0x0000, 0x0000, 0x0000, 0x0A00, 0x0000, 0x0000, 0x0A00 },
	{ 0x0000, 0x0300, 0x1000, 0x0002, 0x0000, 0x89AB, 0x4567, 0x0000, 0x0000, 0x0000, 0x0000, 0x0011, 0x1122, 0x2233, 0x3344, 0x4455, 0x6677, 0x7788, 0xAAAA, 0x0000, 0xD700, 0x0000, 0x0000, 0x0007, 0x0011, 0x0000, 0xC33C, 0x5AA5, 0x0000, 0x0000, 0x0000, 0x0A00, 0x0000, 0x0000, 0x0A00 },
	{ 0x0000, 0x0300, 0x1000, 0x0002, 0x0000, 0x89AB, 0x4567, 0x0000, 0x0000, 0x0000, 0x0000, 0x0011, 0x1122, 0x2233, 0x3344, 0x4455, 0x6677, 0x7788, 0xAAAA, 0x0000, 0xD700, 0x0000, 0x0000, 0x0007, 0x0011, 0x0000, 0xC33C, 0x5AA5, 0x0000, 0x0000, 0x0000, 0x0A00, 0x0000, 0x0000, 0x0A00 },
	{ 0x0000, 0x0300, 0x1000, 0x0002, 0x0000, 0x89AB, 0x4567, 0x0000, 0x0000, 0x0000, 0x0000, 0x0011, 0x1122, 0x2233, 0x3344, 0x4455, 0x6677, 0x7788, 0xAAAA, 0x0000, 0xD700, 0x0000, 0x0000, 0x0007, 0x0011, 0x0000, 0xC33C, 0x5AA5, 0x0000, 0x0000, 0x0000, 0x0A00, 0x0000, 0x0000, 0x0A00 },
	{ 0x0000, 0x0300, 0x1000, 0x0002, 0x0000, 0x89AB, 0x4567, 0x0000, 0x0000, 0x0000, 0x0000, 0x0011, 0x1122, 0x2233, 0x3344, 0x4455, 0x6677, 0x7788, 0xAAAA, 0x0000, 0xD700, 0x0000, 0x0000, 0x0007, 0x0011, 0x0000, 0xC33C, 0x5AA5, 0x0000, 0x0000, 0x0000, 0x0A00, 0x0000, 0x0000, 0x0A00 },
	{ 0x0000, 0x0300, 0x1000, 0x0002, 0x0000, 0x89AB, 0x4567, 0x0000, 0x0000, 0x0000, 0x0000, 0x0011, 0x1122, 0x2233, 0x3344, 0x4455, 0x6677, 0x7788, 0xAAAA, 0x0000, 0xD700, 0x0000, 0x0000, 0x0007, 0x0011, 0x0000, 0xC33C, 0x5AA5, 0x0000, 0x0000, 0x0000, 0x0A00, 0x0000, 0x0000, 0x0A00 },
	{ 0x0000, 0x0300, 0x1000, 0x0002, 0x0000, 0x89AB, 0x4567, 0x0000, 0x0000, 0x0000, 0x0000, 0x0011, 0x1122, 0x2233, 0x3344, 0x4455, 0x6677, 0x7788, 0xAAAA, 0x0000, 0xD700, 0x0000, 0x0000, 0x0007, 0x0011, 0x0000, 0xC33C, 0x5AA5, 0x0000, 0x0000, 0x0000, 0x0A00, 0x0000, 0x0000, 0x0A00 },
	{ 0x0000, 0x0300, 0x1000, 0x0002, 0x0000, 0x89AB, 0x4567, 0x0000, 0x0000, 0x0000, 0x0000, 0x0011, 0x1122, 0x2233, 0x3344, 0x4455, 0x6677, 0x7788, 0xAAAA, 0x0000, 0xD700, 0x0000, 0x0000, 0x0007, 0x0011, 0x0000, 0xC33C, 0x5AA5, 0x0000, 0x0000, 0x0000, 0x0A00, 0x0000, 0x0000, 0x0A00 },
	{ 0x0000, 0x0300, 0x1000, 0x0002, 0x0000, 0x89AB, 0x4567, 0x0000, 0x0000, 0x0000, 0x0000, 0x0011, 0x1122, 0x2233, 0x3344, 0x4455, 0x6677, 0x7788, 0xAAAA, 0x0000, 0xD700, 0x0000, 0x0000, 0x0007, 0x0011, 0x0000, 0xC33C, 0x5AA5, 0x0000, 0x0000, 0x0000, 0x0A00, 0x0000, 0x0000, 0x0A00 },
	{ 0x0000, 0x0300, 0x1000, 0x0002, 0x0000, 0x89AB, 0x4567, 0x0000, 0x0000, 0x0000, 0x0000, 0x0011, 0x1122, 0x2233, 0x3344, 0x4455, 0x6677, 0x7788, 0xAAAA, 0x0000, 0xD700, 0x0000, 0x0000, 0x0007, 0x0011, 0x0000, 0xC33C, 0x5AA5, 0x0000, 0x0000, 0x0000, 0x0A00, 0x0000, 0x0000, 0x0A00 },
	{ 0x0000, 0x0300, 0x1000, 0x0002, 0x0000, 0x89AB, 0x4567, 0x0000, 0x0000, 0x0000, 0x0000, 0x0011, 0x1122, 0x2233, 0x3344, 0x4455, 0x6677, 0x7788, 0xAAAA, 0x0000, 0xD700, 0x0000, 0x0000, 0x0007, 0x0011, 0x0000, 0xC33C, 0x5AA5, 0x0000, 0x0000, 0x0000, 0x0A00, 0x0000, 0x0000, 0x0A00 },
	{ 0x0000, 0x0300, 0x1000, 0x0002, 0x0000, 0x89AB, 0x4567, 0x0000, 0x0000, 0x0000, 0x0000, 0x0011, 0x1122, 0x2233, 0x3344, 0x4455, 0x6677, 0x7788, 0xAAAA, 0x0000, 0xD700, 0x0000, 0x0000, 0x0007, 0x0011, 0x0000, 0xC33C, 0x5AA5, 0x0000, 0x0000, 0x0000, 0x0A00, 0x0000, 0x0000, 0x0A00 },
	{ 0x0000, 0x0300, 0x1000, 0x0002, 0x0000, 0x89AB, 0x4567, 0x0000, 0x0000, 0x0000, 0x0000, 0x0011, 0x1122, 0x2233, 0x3344, 0x4455, 0x6677, 0x7788, 0xAAAA, 0x0000, 0xD700, 0x0000, 0x0000, 0x0007, 0x0011, 0x0000, 0xC33C, 0x5AA5, 0x0000, 0x0000, 0x0000, 0x0A00, 0x0000, 0x0000, 0x0A00 },
	{ 0x0000, 0x0300, 0x1000, 0x0002, 0x0000, 0x89AB, 0x4567, 0x0000, 0x0000, 0x0000, 0x0000, 0x0011, 0x1122, 0x2233, 0x3344, 0x4455, 0x6677, 0x7788, 0xAAAA, 0x0000, 0xD700, 0x0000, 0x0000, 0x0007, 0x0011, 0x0000, 0xC33C, 0x5AA5, 0x0000, 0x0000, 0x0000, 0x0A00, 0x0000, 0x0000, 0x0A00 },
	{ 0x0000, 0x0300, 0x1000, 0x0002, 0x0000, 0x89AB, 0x4567, 0x0000, 0x0000, 0x0000, 0x0000, 0x0011, 0x1122, 0x2233, 0x3344, 0x4455, 0x6677, 0x7788, 0xAAAA, 0x0000, 0xD700, 0x0000, 0x0000, 0x0007, 0x0011, 0x0000, 0xC33C, 0x5AA5, 0x0000, 0x0000, 0x0000, 0x0A00, 0x0000, 0x0000, 0x0A00 },
	{ 0x0000, 0x0300, 0x1000, 0x0002, 0x0000, 0x89AB, 0x4567, 0x0000, 0x0000, 0x0000, 0x0000, 0x0011, 0x1122, 0x2233, 0x3344, 0x4455, 0x6677, 0x7788, 0xAAAA, 0x0000, 0xD700, 0x0000, 0x0000, 0x0007, 0x0011, 0x0000, 0xC33C, 0x5AA5, 0x0000, 0x0000, 0x0000, 0x0A00, 0x0000, 0x0000, 0x0A00 },
	{ 0x0000, 0x0300, 0x1000, 0x0002, 0x0000, 0x89AB, 0x4567, 0x0000, 0x0000, 0x0000, 0x0000, 0x0011, 0x1122, 0x2233, 0x3344, 0x4455, 0x6677, 0x7788, 0xAAAA, 0x0000, 0xD700, 0x0000, 0x0000, 0x0007, 0x0011, 0x0000, 0xC33C, 0x5AA5, 0x0000, 0x0000, 0x0000, 0x0A00, 0x0000, 0x0000, 0x0A00 },
	{ 0x0000, 0x0300, 0x1000, 0x0002, 0x0000, 0x89AB, 0x4567, 0x0000, 0x0000, 0x0000, 0x0000, 0x0011, 0x1122, 0x2233, 0x3344, 0x4455, 0x6677, 0x7788, 0xAAAA, 0x0000, 0xD700, 0x0000, 0x0000, 0x0007, 0x0011, 0x0000, 0xC33C, 0x5AA5, 0x0000, 0x0000, 0x0000, 0x0A00, 0x0000, 0x0000, 0x0A00 },
	{ 0x0000, 0x0300, 0x1000, 0x0002, 0x0000, 0x89AB, 0x4567, 0x0000, 0x0000, 0x0000, 0x0000, 0x0011, 0x1122, 0x2233, 0x3344, 0x4455, 0x6677, 0x7788, 0xAAAA, 0x0000, 0xD700, 0x0000, 0x0000, 0x0007, 0x0011, 0x0000, 0xC33C, 0x5AA5, 0x0000, 0x0000, 0x0000, 0x0A00, 0x0000, 0x0000, 0x0A00 },
	{ 0x0000, 0x0300, 0x1000, 0x0002, 0x0000, 0x89AB, 0x4567, 0x0000, 0x0000, 0x0000, 0x0000, 0x0011, 0x1122, 0x2233, 0x3344, 0x4455, 0x6677, 0x7788, 0xAAAA, 0x0000, 0xD700, 0x0000, 0x0000, 0x0007, 0x0011, 0x0000, 0xC33C, 0x5AA5, 0x0000, 0x0000, 0x0000, 0x0A00, 0x0000, 0x0000, 0x0A00 },
	{ 0x0000, 0x0300, 0x1000, 0x0002, 0x0000, 0x89AB, 0x4567, 0x0000, 0x0000, 0x0000, 0x0000, 0x0011, 0x1122, 0x2233, 0x3344, 0x4455, 0x6677, 0x7788, 0xAAAA, 0x0000, 0xD700, 0x0000, 0x0000, 0x0007, 0x0011, 0x0000, 0xC33C, 0x5AA5, 0x0000, 0x0000, 0x0000, 0x0A00, 0x0000, 0x0000, 0x0A00 },
	{ 0x0000, 0x0300, 0x1000, 0x0002, 0x0000, 0x89AB, 0x4567, 0x0000, 0x0000, 0x0000, 0x0000, 0x0011, 0x1122, 0x2233, 0x3344, 0x4455, 0x6677, 0x7788, 0xAAAA, 0x0000, 0xD700, 0x0000, 0x0000, 0x0007, 0x0011, 0x0000, 0xC33C, 0x5AA5, 0x0000, 0x0000, 0x0000, 0x0A00, 0x0000, 0x0000, 0x0A00 },
	{ 0x0000, 0x0300, 0x1000, 0x0002, 0x0000, 0x89AB, 0x4567, 0x0000, 0x0000, 0x0000, 0x0000, 0x0011, 0x1122, 0x2233, 0x3344, 0x4455, 0x6677, 0x7788, 0xAAAA, 0x0000, 0xD700, 0x0000, 0x0000, 0x0007, 0x0011, 0x0000, 0xC33C, 0x5AA5, 0x0000, 0x0000, 0x0000, 0x0A00, 0x0000, 0x0000, 0x0A00 },
	{ 0x0000, 0x0300, 0x1000, 0x0002, 0x0000, 0x89AB, 0x4567, 0x0000, 0x0000, 0x0000, 0x0000, 0x0011, 0x1122, 0x2233, 0x3344, 0x4455, 0x6677, 0x7788, 0xAAAA, 0x0000, 0xD700, 0x0000, 0x0000, 0x0007, 0x0011, 0x0000, 0xC33C, 0x5AA5, 0x0000, 0x0000, 0x0000, 0x0A00, 0x0000, 0x0000, 0x0A00 },
	{ 0x0000, 0x0300, 0x1000, 0x0002, 0x0000, 0x89AB, 0x4567, 0x0000, 0x0000, 0x0000, 0x0000, 0x0011, 0x1122, 0x2233, 0x3344, 0x4455, 0x6677, 0x7788, 0xAAAA, 0x0000, 0xD700, 0x0000, 0x0000, 0x0007, 0x0011, 0x0000, 0xC33C, 0x5AA5, 0x0000, 0x0000, 0x0000, 0x0A00, 0x0000, 0x0000, 0x0A00 },
	{ 0x0000, 0x0300, 0x1000, 0x0002, 0x0000, 0x89AB, 0x4567, 0x0000, 0x0000, 0x0000, 0x0000, 0x0011, 0x1122, 0x2233, 0x3344, 0x4455, 0x6677, 0x7788, 0xAAAA, 0x0000, 0xD700, 0x0000, 0x0000, 0x0007, 0x0011, 0x0000, 0xC33C, 0x5AA5, 0x0000, 0x0000, 0x0000, 0x0A00, 0x0000, 0x0000, 0x0A00 },
	{ 0x0000, 0x0300, 0x1000, 0x0002, 0x0000, 0x89AB, 0x4567, 0x0000, 0x0000, 0x0000, 0x0000, 0x0011, 0x1122, 0x2233, 0x3344, 0x4455, 0x6677, 0x7788, 0xAAAA, 0x0000, 0xD700, 0x0000, 0x0000, 0x0007, 0x0011, 0x0000, 0xC33C, 0x5AA5, 0x0000, 0x0000, 0x0000, 0x0A00, 0x0000, 0x0000, 0x0A00 },
	{ 0x0000, 0x0300, 0x1000, 0x0002, 0x0000, 0x89AB, 0x4567, 0x0000, 0x0000, 0x0000, 0x0000, 0x0011, 0x1122, 0x2233, 0x3344, 0x4455, 0x6677, 0x7788, 0xAAAA, 0x0000, 0xD700, 0x0000, 0x0000, 0x0007, 0x0011, 0x0000, 0xC33C, 0x5AA5, 0x0000, 0x0000, 0x0000, 0x0A00, 0x0000, 0x0000, 0x0A00 },
	{ 0x0000, 0x0300, 0x1000, 0x0002, 0x0000, 0x89AB, 0x4567, 0x0000, 0x0000, 0x0000, 0x0000, 0x0011, 0x1122, 0x2233, 0x3344, 0x4455, 0x6677, 0x7788, 0xAAAA, 0x0000, 0xD700, 0x0000, 0x0000, 0x0007, 0x0011, 0x0000, 0xC33C, 0x5AA5, 0x0000, 0x0000, 0x0000, 0x0A00, 0x0000, 0x0000, 0x0A00 },
	{ 0x0000, 0x0300, 0x1000, 0x0002, 0x0000, 0x89AB, 0x4567, 0x0000, 0x0000, 0x0000, 0x0000, 0x0011, 0x1122, 0x2233, 0x3344, 0x4455, 0x6677, 0x7788, 0xAAAA, 0x0000, 0xD700, 0x0000, 0x0000, 0x0007, 0x0011, 0x0000, 0xC33C, 0x5AA5, 0x0000, 0x0000, 0x0000, 0x0A00, 0x0000, 0x0000, 0x0A00 },
	{ 0x0000, 0x0300, 0x1000, 0x0002, 0x0000, 0x89AB, 0x4567, 0x0000, 0x0000, 0x0000, 0x0000, 0x0011, 0x1122, 0x2233, 0x3344, 0x4455, 0x6677, 0x7788, 0xAAAA, 0x0000, 0xD700, 0x0000, 0x0000, 0x0007, 0x0011, 0x0000, 0xC33C, 0x5AA5, 0x0000, 0x0000, 0x0000, 0x0A00, 0x0000, 0x0000, 0x0A00 },
	{ 0x0000, 0x0300, 0x1000, 0x0002, 0x0000, 0x89AB, 0x4567, 0x0000, 0x0000, 0x0000, 0x0000, 0x0011, 0x1122, 0x2233, 0x3344, 0x4455, 0x6677, 0x7788, 0xAAAA, 0x0000, 0xD700, 0x0000, 0x0000, 0x0007, 0x0011, 0x0000, 0xC33C, 0x5AA5, 0x0000, 0x0000, 0x0000, 0x0A00, 0x0000, 0x0000, 0x0A00 },
	{ 0x0000, 0x0300, 0x1000, 0x0002, 0x0000, 0x89AB, 0x4567, 0x0000, 0x0000, 0x0000, 0x0000, 0x0011, 0x1122, 0x2233, 0x3344, 0x4455, 0x6677, 0x7788, 0xAAAA, 0x0000, 0xD700, 0x0000, 0x0000, 0x0007, 0x0011, 0x0000, 0xC33C, 0x5AA5, 0x0000, 0x0000, 0x0000, 0x0A00, 0x0000, 0x0000, 0x0A00 },
	{ 0x0000, 0x0300, 0x1000, 0x0002, 0x0000, 0x89AB, 0x4567, 0x0000, 0x0000, 0x0000, 0x0000, 0x0011, 0x1122, 0x2233, 0x3344, 0x4455, 0x6677, 0x7788, 0xAAAA, 0x0000, 0xD700, 0x0000, 0x0000, 0x0007, 0x0011, 0x0000, 0xC33C, 0x5AA5, 0x0000, 0x0000, 0x0000, 0x0A00, 0x0000, 0x0000, 0x0A00 },
	{ 0x0000, 0x0300, 0x1000, 0x0002, 0x0000, 0x89AB, 0x4567, 0x0000, 0x0000, 0x0000, 0x0000, 0x0011, 0x1122, 0x2233, 0x3344, 0x4455, 0x6677, 0x7788, 0xAAAA, 0x0000, 0xD700, 0x0000, 0x0000, 0x0007, 0x0011, 0x0000, 0xC33C, 0x5AA5, 0x0000, 0x0000, 0x0000, 0x0A00, 0x0000, 0x0000, 0x0A00 },
	{ 0x0000, 0x0300, 0x1000, 0x0002, 0x0000, 0x89AB, 0x4567, 0x0000, 0x0000, 0x0000, 0x0000, 0x0011, 0x1122, 0x2233, 0x3344, 0x4455, 0x6677, 0x7788, 0xAAAA, 0x0000, 0xD700, 0x0000, 0x0000, 0x0007, 0x0011, 0x0000, 0xC33C, 0x5AA5, 0x0000, 0x0000, 0x0000, 0x0A00, 0x0000, 0x0000, 0x0A00 },
	{ 0x0000, 0x0300, 0x1000, 0x0002, 0x0000, 0x89AB, 0x4567, 0x0000, 0x0000, 0x0000, 0x0000, 0x0011, 0x1122, 0x2233, 0x3344, 0x4455, 0x6677, 0x7788, 0xAAAA, 0x0000, 0xD700, 0x0000, 0x0000, 0x0007, 0x0011, 0x0000, 0xC33C, 0x5AA5, 0x0000, 0x0000, 0x0000, 0x0A00, 0x0000, 0x0000, 0x0A00 },
	{ 0x0000, 0x0300, 0x1000, 0x0002, 0x0000, 0x89AB, 0x4567, 0x0000, 0x0000, 0x0000, 0x0000, 0x0011, 0x1122, 0x2233, 0x3344, 0x4455, 0x6677, 0x7788, 0xAAAA, 0x0000, 0xD700, 0x0000, 0x0000, 0x0007, 0x0011, 0x0000, 0xC33C, 0x5AA5, 0x0000, 0x0000, 0x0000, 0x0A00, 0x0000, 0x0000, 0x0A00 },
	{ 0x0000, 0x0300, 0x1000, 0x0002, 0x0000, 0x89AB, 0x4567, 0x0000, 0x0000, 0x0000, 0x0000, 0x0011, 0x1122, 0x2233, 0x3344, 0x4455, 0x6677, 0x7788, 0xAAAA, 0x0000, 0xD700, 0x0000, 0x0000, 0x0007, 0x0011, 0x0000, 0xC33C, 0x5AA5, 0x0000, 0x0000, 0x0000, 0x0A00, 0x0000, 0x0000, 0x0A00 },
	{ 0x0000, 0x0300, 0x1000, 0x0002, 0x0000, 0x89AB, 0x4567, 0x0000, 0x0000, 0x0000, 0x0000, 0x0011, 0x1122, 0x2233, 0x3344, 0x4455, 0x6677, 0x7788, 0xAAAA, 0x0000, 0xD700, 0x0000, 0x0000, 0x0007, 0x0011, 0x0000, 0xC33C, 0x5AA5, 0x0000, 0x0000, 0x0000, 0x0A00, 0x0000, 0x0000, 0x0A00 },
	{ 0x0000, 0x0300, 0x1000, 0x0002, 0x0000, 0x89AB, 0x4567, 0x0000, 0x0000, 0x0000, 0x0000, 0x0011, 0x1122, 0x2233, 0x3344, 0x4455, 0x6677, 0x7788, 0xAAAA, 0x0000, 0xD700, 0x0000, 0x0000, 0x0007, 0x0011, 0x0000, 0xC33C, 0x5AA5, 0x0000, 0x0000, 0x0000, 0x0A00, 0x0000, 0x0000, 0x0A00 },
	{ 0x0000, 0x0300, 0x1000, 0x0002, 0x0000, 0x89AB, 0x4567, 0x0000, 0x0000, 0x0000, 0x0000, 0x0011, 0x1122, 0x2233, 0x3344, 0x4455, 0x6677, 0x7788, 0xAAAA, 0x0000, 0xD700, 0x0000, 0x0000, 0x0007, 0x0011, 0x0000, 0xC33C, 0x5AA5, 0x0000, 0x0000, 0x0000, 0x0A00, 0x0000, 0x0000, 0x0A00 },
	{ 0x0000, 0x0300, 0x1000, 0x0002, 0x0000, 0x89AB, 0x4567, 0x0000, 0x0000, 0x0000, 0x0000, 0x0011, 0x1122, 0x2233, 0x3344, 0x4455, 0x6677, 0x7788, 0xAAAA, 0x0000, 0xD700, 0x0000, 0x0000, 0x0007, 0x0011, 0x0000, 0xC33C, 0x5AA5, 0x0000, 0x0000, 0x0000, 0x0A00, 0x0000, 0x0000, 0x0A00 },
	{ 0x0000, 0x0300, 0x1000, 0x1357, 0x2468, 0x89AB, 0x4567, 0x0000, 0x0000, 0x0000, 0x0000, 0x0011, 0x1122, 0x2233, 0x3344, 0x4455, 0x6677, 0x7788, 0xAAAA, 0x0000, 0xD700, 0x0000, 0x0000, 0x0000, 0x0011, 0x0000, 0xC33C, 0x5AA5, 0x0000, 0x0000, 0x0000, 0x0A00, 0x0000, 0x0000, 0x0A00 },
	{ 0x0000, 0x0300, 0x1000, 0x1357, 0x2468, 0x89AB, 0x4567, 0x0000, 0x0000, 0x0000, 0x0000, 0x0011, 0x1122, 0x2233, 0x3344, 0x4455, 0x6677, 0x7788, 0xAAAA, 0x0000, 0xD700, 0x0000, 0x0000, 0x0000, 0x0011, 0x0000, 0xC33C, 0x5AA5, 0x0000, 0x0000, 0x0000, 0x0A00, 0x0000, 0x0000, 0x0A00 },
	{ 0x0000, 0x0300, 0x1000, 0x1357, 0x2468, 0x89AB, 0x4567, 0x0000, 0x0000, 0x0000, 0x0000, 0x0011, 0x1122, 0x2233, 0x3344, 0x4455, 0x6677, 0x7788, 0xAAAA, 0x0000, 0xD700, 0x0000, 0x0000, 0x0000, 0x0011, 0x0000, 0xC33C, 0x5AA5, 0x0000, 0x0000, 0x0000, 0x0A00, 0x0000, 0x0000, 0x0A00 },
	{ 0x0000, 0x0300, 0x1000, 0x1357, 0x2468, 0x89AB, 0x4567, 0x0000, 0x0000, 0x0000, 0x0000, 0x0011, 0x1122, 0x2233, 0x3344, 0x4455, 0x6677, 0x7788, 0xAAAA, 0x0000, 0xD700, 0x0000, 0x0000, 0x0000, 0x0011, 0x0000, 0xC33C, 0x5AA5, 0x0000, 0x0000, 0x0000, 0x0A00, 0x0000, 0x0000, 0x0A00 },
	{ 0x0000, 0x0300, 0x1000, 0x1357, 0x2468, 0x89AB, 0x4567, 0x0000, 0x0000, 0x0000, 0x0000, 0x0011, 0x1122, 0x2233, 0x3344, 0x4455, 0x6677, 0x7788, 0xAAAA, 0x0000, 0xD700, 0x0000, 0x0000, 0x0000, 0x0011, 0x0000, 0xC33C, 0x5AA5, 0x0000, 0x0000, 0x0000, 0x0A00, 0x0000, 0x0000, 0x0A00 },
	{ 0x0000, 0x0300, 0x1000, 0x1357, 0x2468, 0x89AB, 0x4567, 0x0000, 0x0000, 0x0000, 0x0000, 0x0011, 0x1122, 0x2233, 0x3344, 0x4455, 0x6677, 0x7788, 0xAAAA, 0x0000, 0xD700, 0x0000, 0x0000, 0x0000, 0x0011, 0x0000, 0xC33C, 0x5AA5, 0x0000, 0x0000, 0x0000, 0x0A00, 0x0000, 0x0000, 0x0A00 },
	{ 0x0000, 0x2300, 0x1000, 0x0002, 0x0000, 0xFFFF, 0x7FFF, 0x0000, 0x0000, 0x0000, 0x0000, 0x0011, 0x1122, 0x2233, 0x3344, 0x4455, 0x6677, 0x7788, 0xAAAA, 0x0000, 0xD700, 0x0000, 0x0000, 0x0000, 0x0011, 0x0000, 0xC33C, 0x0002, 0x0000, 0x0000, 0x8000, 0xA460, 0x0000, 0x8000, 0xB460 },
	{ 0x0000, 0x2300, 0x1000, 0x0002, 0x0000, 0xFFFF, 0x7FFF, 0x0000, 0x0000, 0x0000, 0x0000, 0x0011, 0x1122, 0x2233, 0x3344, 0x4455, 0x6677, 0x7788, 0xAAAA, 0x0000, 0xD700, 0x0000, 0x0000, 0x0000, 0x0011, 0x0000, 0xC33C, 0x0002, 0x0000, 0x0000, 0x8000, 0xA460, 0x0000, 0x8000, 0xB460 },
	{ 0x0000, 0x2300, 0x1000, 0x0002, 0x0000, 0xFFFF, 0x7FFF, 0x0000, 0x0000, 0x0000, 0x0000, 0x0011, 0x1122, 0x2233, 0x3344, 0x4455, 0x6677, 0x7788, 0xAAAA, 0x0000, 0xD700, 0x0000, 0x0000, 0x0000, 0x0011, 0x0000, 0xC33C, 0x0002, 0x0000, 0x0000, 0x8000, 0xA460, 0x0000, 0x8000, 0xB460 },
	{ 0x0000, 0x2300, 0x1000, 0x0002, 0x0000, 0xFFFF, 0x7FFF, 0x0000, 0x0000, 0x0000, 0x0000, 0x0011, 0x1122, 0x2233, 0x3344, 0x4455, 0x6677, 0x7788, 0xAAAA, 0x0000, 0xD700, 0x0000, 0x0000, 0x0000, 0x0011, 0x0000, 0xC33C, 0x0002, 0x0000, 0x0000, 0x8000, 0xA460, 0x0000, 0x8000, 0xB460 },
	{ 0x0000, 0x2300, 0x1000, 0x0002, 0x0000, 0xFFFF, 0x7FFF, 0x0000, 0x0000, 0x0000, 0x0000, 0x0011, 0x1122, 0x2233, 0x3344, 0x4455, 0x6677, 0x7788, 0xAAAA, 0x0000, 0xD700, 0x0000, 0x0000, 0x0000, 0x0011, 0x0000, 0xC33C, 0x0002, 0x0000, 0x0000, 0x8000, 0xA460, 0x0000, 0x8000, 0xB460 },
	{ 0x0000, 0x2300, 0x1000, 0x0002, 0x0000, 0xFFFF, 0x7FFF, 0x0000, 0x0000, 0x0000, 0x0000, 0x0011, 0x1122, 0x2233, 0x3344, 0x4455, 0x6677, 0x7788, 0xAAAA, 0x0000, 0xD700, 0x0000, 0x0000, 0x0000, 0x0011, 0x0000, 0xC33C, 0x0002, 0x0000, 0x0000, 0x8000, 0xA460, 0x0000, 0x8000, 0xB460 },
	{ 0x0000, 0x2300, 0x1000, 0x0002, 0x0000, 0xFFFF, 0x7FFF, 0x0000, 0x0000, 0x0000, 0x0000, 0x0011, 0x1122, 0x2233, 0x3344, 0x4455, 0x6677, 0x7788, 0xAAAA, 0x0000, 0xD700, 0x0000, 0x0000, 0x0000, 0x0011, 0x0000, 0xC33C, 0x0002, 0x0000, 0x0000, 0x8000, 0xA460, 0x0000, 0x8000, 0xB460 },
	{ 0x0000, 0x2300, 0x1000, 0x0002, 0x0000, 0xFFFF, 0x7FFF, 0x0000, 0x0000, 0x0000, 0x0000, 0x0011, 0x1122, 0x2233, 0x3344, 0x4455, 0x6677, 0x7788, 0xAAAA, 0x0000, 0xD700, 0x0000, 0x0000, 0x0000, 0x0011, 0x0000, 0xC33C, 0x0002, 0x0000, 0x0000, 0x8000, 0xA460, 0x0000, 0x8000, 0xB460 },
	{ 0x0000, 0x2300, 0x1000, 0x0002, 0x0000, 0xFFFF, 0x7FFF, 0x0000, 0x0000, 0x0000, 0x0000, 0x0011, 0x1122, 0x2233, 0x3344, 0x4455, 0x6677, 0x7788, 0xAAAA, 0x0000, 0xD700, 0x0000, 0x0000, 0x0000, 0x0011, 0x0000, 0xC33C, 0x0002, 0x0000, 0x0000, 0x8000, 0xA460, 0x0000, 0x8000, 0xB460 },
	{ 0x0000, 0x2300, 0x1000, 0x0002, 0x0000, 0xFFFF, 0x7FFF, 0x0000, 0x0000, 0x0000, 0x0000, 0x0011, 0x1122, 0x2233, 0x3344, 0x4455, 0x6677, 0x7788, 0xAAAA, 0x0000, 0xD700, 0x0000, 0x0000, 0x0000, 0x0011, 0x0000, 0xC33C, 0x0002, 0x0000, 0x0000, 0x8000, 0xA460, 0x0000, 0x8000, 0xB460 },
	{ 0x0000, 0x2300, 0x1000, 0x0002, 0x0000, 0xFFFF, 0x7FFF, 0x0000, 0x0000, 0x0000, 0x0000, 0x0011, 0x1122, 0x2233, 0x3344, 0x4455, 0x6677, 0x7788, 0xAAAA, 0x0000, 0xD700, 0x0000, 0x0000, 0x0000, 0x0011, 0x0000, 0xC33C, 0x0002, 0x0000, 0x0000, 0x8000, 0xA460, 0x0000, 0x8000, 0xB460 },
	{ 0x0000, 0x2300, 0x1000, 0x0002, 0x0000, 0xFFFF, 0x7FFF, 0x0000, 0x0000, 0x0000, 0x0000, 0x0011, 0x1122, 0x2233, 0x3344, 0x4455, 0x6677, 0x7788, 0xAAAA, 0x0000, 0xD700, 0x0000, 0x0000, 0x0000, 0x0011, 0x0000, 0xC33C, 0x0002, 0x0000, 0x0000, 0x8000, 0xA460, 0x0000, 0x8000, 0xB460 },
	{ 0x0000, 0x2300, 0x1000, 0x0002, 0x0000, 0xFFFF, 0x7FFF, 0x0000, 0x0000, 0x0000, 0x0000, 0x0011, 0x1122, 0x2233, 0x3344, 0x4455, 0x6677, 0x7788, 0xAAAA, 0x0000, 0xD700, 0x0000, 0x0000, 0x0000, 0x0011, 0x0000, 0xC33C, 0x0002, 0x0000, 0x0000, 0x8000, 0xA460, 0x0000, 0x8000, 0xB460 },
	{ 0x0000, 0x2300, 0x1000, 0x0002, 0x0000, 0xFFFF, 0x7FFF, 0x0000, 0x0000, 0x0000, 0x0000, 0x0011, 0x1122, 0x2233, 0x3344, 0x4455, 0x6677, 0x7788, 0xAAAA, 0x0000, 0xD700, 0x0000, 0x0000, 0x0000, 0x0011, 0x0000, 0xC33C, 0x0002, 0x0000, 0x0000, 0x8000, 0xA460, 0x0000, 0x8000, 0xB460 },
	{ 0x0000, 0x2300, 0x1000, 0x0002, 0x0000, 0xFFFF, 0x7FFF, 0x0000, 0x0000, 0x0000, 0x0000, 0x0011, 0x1122, 0x2233, 0x3344, 0x4455, 0x6677, 0x7788, 0xAAAA, 0x0000, 0xD700, 0x0000, 0x0000, 0x0000, 0x0011, 0x0000, 0xC33C, 0x0002, 0x0000, 0x0000, 0x8000, 0xA460, 0x0000, 0x8000, 0xB460 },
	{ 0x0000, 0x2300, 0x1000, 0x0002, 0x0000, 0xFFFF, 0x7FFF, 0x0000, 0x0000, 0x0000, 0x0000, 0x0011, 0x1122, 0x2233, 0x3344, 0x4455, 0x6677, 0x7788, 0xAAAA, 0x0000, 0xD700, 0x0000, 0x0000, 0x0000, 0x0011, 0x0000, 0xC33C, 0x0002, 0x0000, 0x0000, 0x8000, 0xA460, 0x0000, 0x8000, 0xB460 },
	{ 0x0000, 0x2300, 0x1000, 0x0002, 0x0000, 0xFFFF, 0x7FFF, 0x0000, 0x0000, 0x0000, 0x0000, 0x0011, 0x1122, 0x2233, 0x3344, 0x4455, 0x6677, 0x7788, 0xAAAA, 0x0000, 0xD700, 0x0000, 0x0000, 0x0000, 0x0011, 0x0000, 0xC33C, 0x0002, 0x0000, 0x0000, 0x8000, 0xA460, 0x0000, 0x8000, 0xB460 },
	{ 0x0000, 0x2300, 0x1000, 0x0002, 0x0000, 0xFFFF, 0x7FFF, 0x0000, 0x0000, 0x0000, 0x0000, 0x0011, 0x1122, 0x2233, 0x3344, 0x4455, 0x6677, 0x7788, 0xAAAA, 0x0000, 0xD700, 0x0000, 0x0000, 0x0000, 0x0011, 0x0000, 0xC33C, 0x0002, 0x0000, 0x0000, 0x8000, 0xA460, 0x0000, 0x8000, 0xB460 },
	{ 0x0000, 0x2300, 0x1000, 0x0002, 0x0000, 0xFFFF, 0x7FFF, 0x0000, 0x0000, 0x0000, 0x0000, 0x0011, 0x1122, 0x2233, 0x3344, 0x4455, 0x6677, 0x7788, 0xAAAA, 0x0000, 0xD700, 0x0000, 0x0000, 0x0000, 0x0011, 0x0000, 0xC33C, 0x0002, 0x0000, 0x0000, 0x8000, 0xA460, 0x0000, 0x8000, 0xB460 },
	{ 0x0000, 0x2300, 0x1000, 0x0002, 0x0000, 0xFFFF, 0x7FFF, 0x0000, 0x0000, 0x0000, 0x0000, 0x0011, 0x1122, 0x2233, 0x3344, 0x4455, 0x6677, 0x7788, 0xAAAA, 0x0000, 0xD700, 0x0000, 0x0000, 0x0000, 0x0011, 0x0000, 0xC33C, 0x0002, 0x0000, 0x0000, 0x8000, 0xA460, 0x0000, 0x8000, 0xB460 },
	{ 0x0000, 0x2300, 0x1000, 0x0002, 0x0000, 0xFFFF, 0x7FFF, 0x0000, 0x0000, 0x0000, 0x0000, 0x0011, 0x1122, 0x2233, 0x3344, 0x4455, 0x6677, 0x7788, 0xAAAA, 0x0000, 0xD700, 0x0000, 0x0000, 0x0000, 0x0011, 0x0000, 0xC33C, 0x0002, 0x0000, 0x0000, 0x8000, 0xA460, 0x0000, 0x8000, 0xB460 },
	{ 0x0000, 0x2300, 0x1000, 0x0002, 0x0000, 0xFFFF, 0x7FFF, 0x0000, 0x0000, 0x0000, 0x0000, 0x0011, 0x1122, 0x2233, 0x3344, 0x4455, 0x6677, 0x7788, 0xAAAA, 0x0000, 0xD700, 0x0000, 0x0000, 0x0000, 0x0011, 0x0000, 0xC33C, 0x0002, 0x0000, 0x0000, 0x8000, 0xA460, 0x0000, 0x8000, 0xB460 },
	{ 0x0000, 0x2300, 0x1000, 0x0002, 0x0000, 0xFFFF, 0x7FFF, 0x0000, 0x0000, 0x0000, 0x0000, 0x0011, 0x1122, 0x2233, 0x3344, 0x4455, 0x6677, 0x7788, 0xAAAA, 0x0000, 0xD700, 0x0000, 0x0000, 0x0000, 0x0011, 0x0000, 0xC33C, 0x0002, 0x0000, 0x0000, 0x8000, 0xA460, 0x0000, 0x8000, 0xB460 },
	{ 0x0000, 0x2300, 0x1000, 0x0002, 0x0000, 0xFFFF, 0x7FFF, 0x0000, 0x0000, 0x0000, 0x0000, 0x0011, 0x1122, 0x2233, 0x3344, 0x4455, 0x6677, 0x7788, 0xAAAA, 0x0000, 0xD700, 0x0000, 0x0000, 0x0000, 0x0011, 0x0000, 0xC33C, 0x0002, 0x0000, 0x0000, 0x8000, 0xA460, 0x0000, 0x8000, 0xB460 },
	{ 0x0000, 0x2300, 0x1000, 0x0002, 0x0000, 0xFFFF, 0x7FFF, 0x0000, 0x0000, 0x0000, 0x0000, 0x0011, 0x1122, 0x2233, 0x3344, 0x4455, 0x6677, 0x7788, 0xAAAA, 0x0000, 0xD700, 0x0000, 0x0000, 0x0000, 0x0011, 0x0000, 0xC33C, 0x0002, 0x0000, 0x0000, 0x8000, 0xA460, 0x0000, 0x8000, 0xB460 },
	{ 0x0000, 0x2300, 0x1000, 0x0002, 0x0000, 0xFFFF, 0x7FFF, 0x0000, 0x0000, 0x0000, 0x0000, 0x0011, 0x1122, 0x2233, 0x3344, 0x4455, 0x6677, 0x7788, 0xAAAA, 0x0000, 0xD700, 0x0000, 0x0000, 0x0000, 0x0011, 0x0000, 0xC33C, 0x0002, 0x0000, 0x0000, 0x8000, 0xA460, 0x0000, 0x8000, 0xB460 },
	{ 0x0000, 0x2300, 0x1000, 0x0002, 0x0000, 0xFFFF, 0x7FFF, 0x0000, 0x0000, 0x0000, 0x0000, 0x0011, 0x1122, 0x2233, 0x3344, 0x4455, 0x6677, 0x7788, 0xAAAA, 0x0000, 0xD700, 0x0000, 0x0000, 0x0000, 0x0011, 0x0000, 0xC33C, 0x0002, 0x0000, 0x0000, 0x8000, 0xA460, 0x0000, 0x8000, 0xB460 },
	{ 0x0000, 0x2300, 0x1000, 0x0002, 0x0000, 0xFFFF, 0x7FFF, 0x0000, 0x0000, 0x0000, 0x0000, 0x0011, 0x1122, 0x2233, 0x3344, 0x4455, 0x6677, 0x7788, 0xAAAA, 0x0000, 0xD700, 0x0000, 0x0000, 0x0000, 0x0011, 0x0000, 0xC33C, 0x0002, 0x0000, 0x0000, 0x8000, 0xA460, 0x0000, 0x8000, 0xB460 },
	{ 0x0000, 0x2300, 0x1000, 0x0002, 0x0000, 0xFFFF, 0x7FFF, 0x0000, 0x0000, 0x0000, 0x0000, 0x0011, 0x1122, 0x2233, 0x3344, 0x4455, 0x6677, 0x7788, 0xAAAA, 0x0000, 0xD700, 0x0000, 0x0000, 0x0000, 0x0011, 0x0000, 0xC33C, 0x0002, 0x0000, 0x0000, 0x8000, 0xA460, 0x0000, 0x8000, 0xB460 },
	{ 0x0000, 0x2300, 0x1000, 0x0002, 0x0000, 0xFFFF, 0x7FFF, 0x0000, 0x0000, 0x0000, 0x0000, 0x0011, 0x1122, 0x2233, 0x3344, 0x4455, 0x6677, 0x7788, 0xAAAA, 0x0000, 0xD700, 0x0000, 0x0000, 0x0000, 0x0011, 0x0000, 0xC33C, 0x0002, 0x0000, 0x0000, 0x8000, 0xA460, 0x0000, 0x8000, 0xB460 },
	{ 0x0000, 0x2300, 0x1000, 0x0002, 0x0000, 0xFFFF, 0x7FFF, 0x0000, 0x0000, 0x0000, 0x0000, 0x0011, 0x1122, 0x2233, 0x3344, 0x4455, 0x6677, 0x7788, 0xAAAA, 0x0000, 0xD700, 0x0000, 0x0000, 0x0000, 0x0011, 0x0000, 0xC33C, 0x0002, 0x0000, 0x0000, 0x8000, 0xA460, 0x0000, 0x8000, 0xB460 },
	{ 0x0000, 0x2300, 0x1000, 0x0002, 0x0000, 0xFFFF, 0x7FFF, 0x0000, 0x0000, 0x0000, 0x0000, 0x0011, 0x1122, 0x2233, 0x3344, 0x4455, 0x6677, 0x7788, 0xAAAA, 0x0000, 0xD700, 0x0000, 0x0000, 0x0000, 0x0011, 0x0000, 0xC33C, 0x0002, 0x0000, 0x0000, 0x8000, 0xA460, 0x0000, 0x8000, 0xB460 },
	{ 0x0000, 0x2300, 0x1000, 0x0002, 0x0000, 0xFFFF, 0x7FFF, 0x0000, 0x0000, 0x0000, 0x0000, 0x0011, 0x1122, 0x2233, 0x3344, 0x4455, 0x6677, 0x7788, 0xAAAA, 0x0000, 0xD700, 0x0000, 0x0000, 0x0000, 0x0011, 0x0000, 0xC33C, 0x0002, 0x0000, 0x0000, 0x8000, 0xA460, 0x0000, 0x8000, 0xB460 },
	{ 0x0000, 0x2300, 0x1000, 0x0002, 0x0000, 0xFFFF, 0x7FFF, 0x0000, 0x0000, 0x0000, 0x0000, 0x0011, 0x1122, 0x2233, 0x3344, 0x4455, 0x6677, 0x7788, 0xAAAA, 0x0000, 0xD700, 0x0000, 0x0000, 0x0000, 0x0011, 0x0000, 0xC33C, 0x0002, 0x0000, 0x0000, 0x8000, 0xA460, 0x0000, 0x8000, 0xB460 },
	{ 0x0000, 0x2300, 0x1000, 0x0002, 0x0000, 0xFFFF, 0x7FFF, 0x0000, 0x0000, 0x0000, 0x0000, 0x0011, 0x1122, 0x2233, 0x3344, 0x4455, 0x6677, 0x7788, 0xAAAA, 0x0000, 0xD700, 0x0000, 0x0000, 0x0000, 0x0011, 0x0000, 0xC33C, 0x0002, 0x0000, 0x0000, 0x8000, 0xA460, 0x0000, 0x8000, 0xB460 },
	{ 0x0000, 0x2300, 0x1000, 0x0002, 0x0000, 0xFFFF, 0x7FFF, 0x0000, 0x0000, 0x0000, 0x0000, 0x0011, 0x1122, 0x2233, 0x3344, 0x4455, 0x6677, 0x7788, 0xAAAA, 0x0000, 0xD700, 0x0000, 0x0000, 0x0000, 0x0011, 0x0000, 0xC33C, 0x0002, 0x0000, 0x0000, 0x8000, 0xA460, 0x0000, 0x8000, 0xB460 },
	{ 0x0000, 0x2300, 0x1000, 0x0002, 0x0000, 0xFFFF, 0x7FFF, 0x0000, 0x0000, 0x0000, 0x0000, 0x0011, 0x1122, 0x2233, 0x3344, 0x4455, 0x6677, 0x7788, 0xAAAA, 0x0000, 0xD700, 0x0000, 0x0000, 0x0000, 0x0011, 0x0000, 0xC33C, 0x0002, 0x0000, 0x0000, 0x8000, 0xA460, 0x0000, 0x8000, 0xB460 },
	{ 0x0000, 0x2300, 0x1000, 0x0002, 0x0000, 0xFFFF, 0x7FFF, 0x0000, 0x0000, 0x0000, 0x0000, 0x0011, 0x1122, 0x2233, 0x3344, 0x4455, 0x6677, 0x7788, 0xAAAA, 0x0000, 0xD700, 0x0000, 0x0000, 0x0000, 0x0011, 0x0000, 0xC33C, 0x0002, 0x0000, 0x0000, 0x8000, 0xA460, 0x0000, 0x8000, 0xB460 },
	{ 0x0000, 0x2300, 0x1000, 0x0002, 0x0000, 0xFFFF, 0x7FFF, 0x0000, 0x0000, 0x0000, 0x0000, 0x0011, 0x1122, 0x2233, 0x3344, 0x4455, 0x6677, 0x7788, 0xAAAA, 0x0000, 0xD700, 0x0000, 0x0000, 0x0000, 0x0011, 0x0000, 0xC33C, 0x0002, 0x0000, 0x0000, 0x8000, 0xA460, 0x0000, 0x8000, 0xB460 },
	{ 0x0000, 0x2300, 0x1000, 0x0002, 0x0000, 0xFFFF, 0x7FFF, 0x0000, 0x0000, 0x0000, 0x0000, 0x0011, 0x1122, 0x2233, 0x3344, 0x4455, 0x6677, 0x7788, 0xAAAA, 0x0000, 0xD700, 0x0000, 0x0000, 0x0000, 0x0011, 0x0000, 0xC33C, 0x0002, 0x0000, 0x0000, 0x8000, 0xA460, 0x0000, 0x8000, 0xB460 },
	{ 0x0000, 0x2300, 0x1000, 0x0002, 0x0000, 0xFFFF, 0x7FFF, 0x0000, 0x0000, 0x0000, 0x0000, 0x0011, 0x1122, 0x2233, 0x3344, 0x4455, 0x6677, 0x7788, 0xAAAA, 0x0000, 0xD700, 0x0000, 0x0000, 0x0000, 0x0011, 0x0000, 0xC33C, 0x0002, 0x0000, 0x0000, 0x8000, 0xA460, 0x0000, 0x8000, 0xB460 },
	{ 0x0000, 0x2300, 0x1000, 0x0002, 0x0000, 0xFFFF, 0x7FFF, 0x0000, 0x0000, 0x0000, 0x0000, 0x0011, 0x1122, 0x2233, 0x3344, 0x4455, 0x6677, 0x7788, 0xAAAA, 0x0000, 0xD700, 0x0000, 0x0000, 0x0000, 0x0011, 0x0000, 0xC33C, 0x0002, 0x0000, 0x0000, 0x8000, 0xA460, 0x0000, 0x8000, 0xB460 },
	{ 0x0000, 0x2300, 0x1000, 0x0002, 0x0000, 0xFFFF, 0x7FFF, 0x0000, 0x0000, 0x0000, 0x0000, 0x0011, 0x1122, 0x2233, 0x3344, 0x4455, 0x6677, 0x7788, 0xAAAA, 0x0000, 0xD700, 0x0000, 0x0000, 0x0000, 0x0011, 0x0000, 0xC33C, 0x0002, 0x0000, 0x0000, 0x8000, 0xA460, 0x0000, 0x8000, 0xB460 },
	{ 0x0000, 0x2300, 0x1000, 0x0002, 0x0000, 0xFFFF, 0x7FFF, 0x0000, 0x0000, 0x0000, 0x0000, 0x0011, 0x1122, 0x2233, 0x3344, 0x4455, 0x6677, 0x7788, 0xAAAA, 0x0000, 0xD700, 0x0000, 0x0000, 0x0000, 0x0011, 0x0000, 0xC33C, 0x0002, 0x0000, 0x0000, 0x8000, 0xA460, 0x0000, 0x8000, 0xB460 },
	{ 0x0000, 0x2300, 0x1000, 0x0002, 0x0000, 0xFFFF, 0x7FFF, 0x0000, 0x0000, 0x0000, 0x0000, 0x0011, 0x1122, 0x2233, 0x3344, 0x4455, 0x6677, 0x7788, 0xAAAA, 0x0000, 0xD700, 0x0000, 0x0000, 0x0000, 0x0011, 0x0000, 0xC33C, 0x0002, 0x0000, 0x0000, 0x8000, 0xA460, 0x0000, 0x8000, 0xB460 },
	{ 0x0000, 0x2300, 0x1000, 0x0002, 0x0000, 0xFFFF, 0x7FFF, 0x0000, 0x0000, 0x0000, 0x0000, 0x0011, 0x1122, 0x2233, 0x3344, 0x4455, 0x6677, 0x7788, 0xAAAA, 0x0000, 0xD700, 0x0000, 0x0000, 0x0000, 0x0011, 0x0000, 0xC33C, 0x0002, 0x0000, 0x0000, 0x8000, 0xA460, 0x0000, 0x8000, 0xB460 },
	{ 0x0000, 0x2300, 0x1000, 0x0002, 0x0000, 0xFFFF, 0x7FFF, 0x0000, 0x0000, 0x0000, 0x0000, 0x0011, 0x1122, 0x2233, 0x3344, 0x4455, 0x6677, 0x7788, 0xAAAA, 0x0000, 0xD700, 0x0000, 0x0000, 0x0000, 0x0011, 0x0000, 0xC33C, 0x0002, 0x0000, 0x0000, 0x8000, 0xA460, 0x0000, 0x8000, 0xB460 },
	{ 0x0000, 0x2300, 0x1000, 0x0002, 0x0000, 0xFFFF, 0x7FFF, 0x0000, 0x0000, 0x0000, 0x0000, 0x0011, 0x1122, 0x2233, 0x3344, 0x4455, 0x6677, 0x7788, 0xAAAA, 0x0000, 0xD700, 0x0000, 0x0000, 0x0000, 0x0011, 0x0000, 0xC33C, 0x0002, 0x0000, 0x0000, 0x8000, 0xA460, 0x0000, 0x8000, 0xB460 },
	{ 0x0000, 0x2300, 0x1000, 0x0002, 0x0000, 0xFFFF, 0x7FFF, 0x0000, 0x0000, 0x0000, 0x0000, 0x0011, 0x1122, 0x2233, 0x3344, 0x4455, 0x6677, 0x7788, 0xAAAA, 0x0000, 0xD700, 0x0000, 0x0000, 0x0000, 0x0011, 0x0000, 0xC33C, 0x0002, 0x0000, 0x0000, 0x8000, 0xA460, 0x0000, 0x8000, 0xB460 },
	{ 0x0000, 0x2300, 0x1000, 0x0002, 0x0000, 0xFFFF, 0x7FFF, 0x0000, 0x0000, 0x0000, 0x0000, 0x0011, 0x1122, 0x2233, 0x3344, 0x4455, 0x6677, 0x7788, 0xAAAA, 0x0000, 0xD700, 0x0000, 0x0000, 0x0000, 0x0011, 0x0000, 0xC33C, 0x0002, 0x0000, 0x0000, 0x8000, 0xA460, 0x0000, 0x8000, 0xB460 },
	{ 0x0000, 0x2300, 0x1000, 0x0002, 0x0000, 0xFFFF, 0x7FFF, 0x0000, 0x0000, 0x0000, 0x0000, 0x0011, 0x1122, 0x2233, 0x3344, 0x4455, 0x6677, 0x7788, 0xAAAA, 0x0000, 0xD700, 0x0000, 0x0000, 0x0000, 0x0011, 0x0000, 0xC33C, 0x0002, 0x0000, 0x0000, 0x8000, 0xA460, 0x0000, 0x8000, 0xB460 },
	{ 0x0000, 0x2300, 0x1000, 0x0002, 0x0000, 0xFFFF, 0x7FFF, 0x0000, 0x0000, 0x0000, 0x0000, 0x0011, 0x1122, 0x2233, 0x3344, 0x4455, 0x6677, 0x7788, 0xAAAA, 0x0000, 0xD700, 0x0000, 0x0000, 0x0000, 0x0011, 0x0000, 0xC33C, 0x0002, 0x0000, 0x0000, 0x8000, 0xA460, 0x0000, 0x8000, 0xB460 },
	{ 0x0000, 0x2300, 0x1000, 0x0002, 0x0000, 0xFFFF, 0x7FFF, 0x0000, 0x0000, 0x0000, 0x0000, 0x0011, 0x1122, 0x2233, 0x3344, 0x4455, 0x6677, 0x7788, 0xAAAA, 0x0000, 0xD700, 0x0000, 0x0000, 0x0000, 0x0011, 0x0000, 0xC33C, 0x0002, 0x0000, 0x0000, 0x8000, 0xA460, 0x0000, 0x8000, 0xB460 },
	{ 0x0000, 0x2300, 0x1000, 0x0002, 0x0000, 0xFFFF, 0x7FFF, 0x0000, 0x0000, 0x0000, 0x0000, 0x0011, 0x1122, 0x2233, 0x3344, 0x4455, 0x6677, 0x7788, 0xAAAA, 0x0000, 0xD700, 0x0000, 0x0000, 0x0000, 0x0011, 0x0000, 0xC33C, 0x0002, 0x0000, 0x0000, 0x8000, 0xA460, 0x0000, 0x8000, 0xB460 },
	{ 0x0000, 0x2300, 0x1000, 0x0002, 0x0000, 0xFFFF, 0x7FFF, 0x0000, 0x0000, 0x0000, 0x0000, 0x0011, 0x1122, 0x2233, 0x3344, 0x4455, 0x6677, 0x7788, 0xAAAA, 0x0000, 0xD700, 0x0000, 0x0000, 0x0000, 0x0011, 0x0000, 0xC33C, 0x0002, 0x0000, 0x0000, 0x8000, 0xA460, 0x0000, 0x8000, 0xB460 },
	{ 0x0000, 0x2300, 0x1000, 0x0002, 0x0000, 0xFFFF, 0x7FFF, 0x0000, 0x0000, 0x0000, 0x0000, 0x0011, 0x1122, 0x2233, 0x3344, 0x4455, 0x6677, 0x7788, 0xAAAA, 0x0000, 0xD700, 0x0000, 0x0000, 0x0000, 0x0011, 0x0000, 0xC33C, 0x0002, 0x0000, 0x0000, 0x8000, 0xA460, 0x0000, 0x8000, 0xB460 },
	{ 0x0000, 0x2300, 0x1000, 0x0002, 0x0000, 0xFFFF, 0x7FFF, 0x0000, 0x0000, 0x0000, 0x0000, 0x0011, 0x1122, 0x2233, 0x3344, 0x4455, 0x6677, 0x7788, 0xAAAA, 0x0000, 0xD700, 0x0000, 0x0000, 0x0000, 0x0011, 0x0000, 0xC33C, 0x0002, 0x0000, 0x0000, 0x8000, 0xA460, 0x0000, 0x8000, 0xB460 },
	{ 0x0000, 0x2300, 0x1000, 0x0002, 0x0000, 0xFFFF, 0x7FFF, 0x0000, 0x0000, 0x0000, 0x0000, 0x0011, 0x1122, 0x2233, 0x3344, 0x4455, 0x6677, 0x7788, 0xAAAA, 0x0000, 0xD700, 0x0000, 0x0000, 0x0000, 0x0011, 0x0000, 0xC33C, 0x0002, 0x0000, 0x0000, 0x8000, 0xA460, 0x0000, 0x8000, 0xB460 },
	{ 0x0000, 0x2300, 0x1000, 0x0002, 0x0000, 0xFFFF, 0x7FFF, 0x0000, 0x0000, 0x0000, 0x0000, 0x0011, 0x1122, 0x2233, 0x3344, 0x4455, 0x6677, 0x7788, 0xAAAA, 0x0000, 0xD700, 0x0000, 0x0000, 0x0000, 0x0011, 0x0000, 0xC33C, 0x0002, 0x0000, 0x0000, 0x8000, 0xA460, 0x0000, 0x8000, 0xB460 },
	{ 0x0000, 0x2300, 0x1000, 0x0002, 0x0000, 0xFFFF, 0x7FFF, 0x0000, 0x0000, 0x0000, 0x0000, 0x0011, 0x1122, 0x2233, 0x3344, 0x4455, 0x6677, 0x7788, 0xAAAA, 0x0000, 0xD700, 0x0000, 0x0000, 0x0000, 0x0011, 0x0000, 0xC33C, 0x0002, 0x0000, 0x0000, 0x8000, 0xA460, 0x0000, 0x8000, 0xB460 },
	{ 0x0000, 0x2300, 0x1000, 0x0002, 0x0000, 0xFFFF, 0x7FFF, 0x0000, 0x0000, 0x0000, 0x0000, 0x0011, 0x1122, 0x2233, 0x3344, 0x4455, 0x6677, 0x7788, 0xAAAA, 0x0000, 0xD700, 0x0000, 0x0000, 0x0000, 0x0011, 0x0000, 0xC33C, 0x0002, 0x0000, 0x0000, 0x8000, 0xA460, 0x0000, 0x8000, 0xB460 },
	{ 0x0000, 0x2300, 0x1000, 0x0002, 0x0000, 0xFFFF, 0x7FFF, 0x0000, 0x0000, 0x0000, 0x0000, 0x0011, 0x1122, 0x2233, 0x3344, 0x4455, 0x6677, 0x7788, 0xAAAA, 0x0000, 0xD700, 0x0000, 0x0000, 0x0000, 0x0011, 0x0000, 0xC33C, 0x0002, 0x0000, 0x0000, 0x8000, 0xA460, 0x0000, 0x8000, 0xB460 },
	{ 0x0000, 0x2300, 0x1000, 0x0002, 0x0000, 0xFFFF, 0x7FFF, 0x0000, 0x0000, 0x0000, 0x0000, 0x0011, 0x1122, 0x2233, 0x3344, 0x4455, 0x6677, 0x7788, 0xAAAA, 0x0000, 0xD700, 0x0000, 0x0000, 0x0000, 0x0011, 0x0000, 0xC33C, 0x0002, 0x0000, 0x0000, 0x8000, 0xA460, 0x0000, 0x8000, 0xB460 },
	{ 0x0000, 0x0300, 0x1000, 0x1357, 0x2468, 0x89AB, 0x4567, 0x0000, 0x0000, 0x0000, 0x0000, 0x0011, 0x1122, 0x2233, 0x3344, 0x4455, 0x6677, 0x7788, 0xAAAA, 0x0000, 0xD700, 0x0000, 0x0000, 0x0000, 0x0011, 0x0000, 0xC33C, 0x5AA5, 0x0000, 0x0000, 0x8000, 0xA460, 0x0000, 0x8000, 0xB460 },
	{ 0x0000, 0x0300, 0x1000, 0x1357, 0x2468, 0x89AB, 0x4567, 0x0000, 0x0000, 0x0000, 0x0000, 0x0011, 0x1122, 0x2233, 0x3344, 0x4455, 0x6677, 0x7788, 0xAAAA, 0x0000, 0xD700, 0x0000, 0x0000, 0x0000, 0x0011, 0x0000, 0xC33C, 0x5AA5, 0x0000, 0x0000, 0x8000, 0xA460, 0x0000, 0x8000, 0xB460 },
	{ 0x0000, 0x0300, 0x1000, 0x1357, 0x2468, 0x89AB, 0x4567, 0x0000, 0x0000, 0x0000, 0x0000, 0x0011, 0x1122, 0x2233, 0x3344, 0x4455, 0x6677, 0x7788, 0xAAAA, 0x0000, 0xD700, 0x0000, 0x0000, 0x0000, 0x0011, 0x0000, 0xC33C, 0x5AA5, 0x0000, 0x0000, 0x8000, 0xA460, 0x0000, 0x8000, 0xB460 },
	{ 0x0000, 0x0300, 0x1000, 0x1357, 0x2468, 0x89AB, 0x4567, 0x0000, 0x0000, 0x0000, 0x0000, 0x0011, 0x1122, 0x2233, 0x3344, 0x4455, 0x6677, 0x7788, 0xAAAA, 0x0000, 0xD700, 0x0000, 0x0000, 0x0000, 0x0011, 0x0000, 0xC33C, 0x5AA5, 0x0000, 0x0000, 0x0000, 0x0A00, 0x0000, 0x0000, 0x0A00 },
	{ 0x0002, 0x2300, 0x1000, 0x0002, 0x0000, 0xFFFF, 0x7FFF, 0x0000, 0x0000, 0x0000, 0x0000, 0x0011, 0x1122, 0x2233, 0x3344, 0x4455, 0x6677, 0x7788, 0xAAAA, 0x0000, 0xD6FF, 0x0000, 0x0000, 0x0000, 0x0011, 0x0000, 0xC33C, 0x5AA5, 0x0000, 0x0000, 0x8000, 0xA462, 0x0000, 0x8000, 0xB462 },
	{ 0x0002, 0x2300, 0x1000, 0x0002, 0x0000, 0xFFFF, 0x7FFF, 0x0000, 0x0000, 0x0000, 0x0000, 0x0011, 0x1122, 0x2233, 0x3344, 0x4455, 0x6677, 0x7788, 0xAAAA, 0x0000, 0xD6FF, 0x0000, 0x0000, 0x0000, 0x0011, 0x0000, 0xC33C, 0x5AA5, 0x0000, 0x0000, 0x8000, 0xA462, 0x0000, 0x8000, 0xB462 },
	{ 0x0002, 0x2300, 0x1000, 0x0002, 0x0000, 0xFFFF, 0x7FFF, 0x0000, 0x0000, 0x0000, 0x0000, 0x0011, 0x1122, 0x2233, 0x3344, 0x4455, 0x6677, 0x7788, 0xAAAA, 0x0000, 0xD6FF, 0x0000, 0x0000, 0x0000, 0x0011, 0x0000, 0xC33C, 0x5AA5, 0x0000, 0x0000, 0x8000, 0xA462, 0x0000, 0x8000, 0xB462 },
	{ 0x0002, 0x2300, 0x1000, 0x0002, 0x0000, 0xFFFF, 0x7FFF, 0x0000, 0x0000, 0x0000, 0x0000, 0x0011, 0x1122, 0x2233, 0x3344, 0x4455, 0x6677, 0x7788, 0xAAAA, 0x0000, 0xD6FF, 0x0000, 0x0000, 0x0000, 0x0011, 0x0000, 0xC33C, 0x5AA5, 0x0000, 0x0000, 0x8000, 0xA462, 0x0000, 0x8000, 0xB462 },
	{ 0x0002, 0x2300, 0x1000, 0x0002, 0x0000, 0xFFFF, 0x7FFF, 0x0000, 0x0000, 0x0000, 0x0000, 0x0011, 0x1122, 0x2233, 0x3344, 0x4455, 0x6677, 0x7788, 0xAAAA, 0x0000, 0xD6FF, 0x0000, 0x0000, 0x0000, 0x0011, 0x0000, 0xC33C, 0x5AA5, 0x0000, 0x0000, 0x8000, 0xA462, 0x0000, 0x8000, 0xB462 },
	{ 0x0002, 0x2300, 0x1000, 0x0002, 0x0000, 0xFFFF, 0x7FFF, 0x0000, 0x0000, 0x0000, 0x0000, 0x0011, 0x1122, 0x2233, 0x3344, 0x4455, 0x6677, 0x7788, 0xAAAA, 0x0000, 0xD6FF, 0x0000, 0x0000, 0x0000, 0x0011, 0x0000, 0xC33C, 0x5AA5, 0x0000, 0x0000, 0x8000, 0xA462, 0x0000, 0x8000, 0xB462 },
	{ 0x0002, 0x2300, 0x1000, 0x0002, 0x0000, 0xFFFF, 0x7FFF, 0x0000, 0x0000, 0x0000, 0x0000, 0x0011, 0x1122, 0x2233, 0x3344, 0x4455, 0x6677, 0x7788, 0xAAAA, 0x0000, 0xD6FF, 0x0000, 0x0000, 0x0000, 0x0011, 0x0000, 0xC33C, 0x5AA5, 0x0000, 0x0000, 0x8000, 0xA462, 0x0000, 0x8000, 0xB462 },
	{ 0x0002, 0x2300, 0x1000, 0x0002, 0x0000, 0xFFFF, 0x7FFF, 0x0000, 0x0000, 0x0000, 0x0000, 0x0011, 0x1122, 0x2233, 0x3344, 0x4455, 0x6677, 0x7788, 0xAAAA, 0x0000, 0xD6FF, 0x0000, 0x0000, 0x0000, 0x0011, 0x0000, 0xC33C, 0x5AA5, 0x0000, 0x0000, 0x8000, 0xA462, 0x0000, 0x8000, 0xB462 },
	{ 0x0002, 0x2300, 0x1000, 0x0002, 0x0000, 0xFFFF, 0x7FFF, 0x0000, 0x0000, 0x0000, 0x0000, 0x0011, 0x1122, 0x2233, 0x3344, 0x4455, 0x6677, 0x7788, 0xAAAA, 0x0000, 0xD6FF, 0x0000, 0x0000, 0x0000, 0x0011, 0x0000, 0xC33C, 0x5AA5, 0x0000, 0x0000, 0x8000, 0xA462, 0x0000, 0x8000, 0xB462 },
	{ 0x0002, 0x2300, 0x1000, 0x0002, 0x0000, 0xFFFF, 0x7FFF, 0x0000, 0x0000, 0x0000, 0x0000, 0x0011, 0x1122, 0x2233, 0x3344, 0x4455, 0x6677, 0x7788, 0xAAAA, 0x0000, 0xD6FF, 0x0000, 0x0000, 0x0000, 0x0011, 0x0000, 0xC33C, 0x5AA5, 0x0000, 0x0000, 0x8000, 0xA462, 0x0000, 0x8000, 0xB462 },
	{ 0x0002, 0x2300, 0x1000, 0x0002, 0x0000, 0xFFFF, 0x7FFF, 0x0000, 0x0000, 0x0000, 0x0000, 0x0011, 0x1122, 0x2233, 0x3344, 0x4455, 0x6677, 0x7788, 0xAAAA, 0x0000, 0xD6FF, 0x0000, 0x0000, 0x0000, 0x0011, 0x0000, 0xC33C, 0x5AA5, 0x0000, 0x0000, 0x8000, 0xA462, 0x0000, 0x8000, 0xB462 },
	{ 0x0002, 0x2300, 0x1000, 0x0002, 0x0000, 0xFFFF, 0x7FFF, 0x0000, 0x0000, 0x0000, 0x0000, 0x0011, 0x1122, 0x2233, 0x3344, 0x4455, 0x6677, 0x7788, 0xAAAA, 0x0000, 0xD6FF, 0x0000, 0x0000, 0x0000, 0x0011, 0x0000, 0xC33C, 0x5AA5, 0x0000, 0x0000, 0x8000, 0xA462, 0x0000, 0x8000, 0xB462 },
	{ 0x0002, 0x2300, 0x1000, 0x0002, 0x0000, 0xFFFF, 0x7FFF, 0x0000, 0x0000, 0x0000, 0x0000, 0x0011, 0x1122, 0x2233, 0x3344, 0x4455, 0x6677, 0x7788, 0xAAAA, 0x0000, 0xD6FF, 0x0000, 0x0000, 0x0000, 0x0011, 0x0000, 0xC33C, 0x5AA5, 0x0000, 0x0000, 0x8000, 0xA462, 0x0000, 0x8000, 0xB462 },
	{ 0x0002, 0x2300, 0x1000, 0x0002, 0x0000, 0xFFFF, 0x7FFF, 0x0000, 0x0000, 0x0000, 0x0000, 0x0011, 0x1122, 0x2233, 0x3344, 0x4455, 0x6677, 0x7788, 0xAAAA, 0x0000, 0xD6FF, 0x0000, 0x0000, 0x0000, 0x0011, 0x0000, 0xC33C, 0x5AA5, 0x0000, 0x0000, 0x8000, 0xA462, 0x0000, 0x8000, 0xB462 },
	{ 0x0002, 0x2300, 0x1000, 0x0002, 0x0000, 0xFFFF, 0x7FFF, 0x0000, 0x0000, 0x0000, 0x0000, 0x0011, 0x1122, 0x2233, 0x3344, 0x4455, 0x6677, 0x7788, 0xAAAA, 0x0000, 0xD6FF, 0x0000, 0x0000, 0x0000, 0x0011, 0x0000, 0xC33C, 0x5AA5, 0x0000, 0x0000, 0x8000, 0xA462, 0x0000, 0x8000, 0xB462 },
	{ 0x0002, 0x2300, 0x1000, 0x0002, 0x0000, 0xFFFF, 0x7FFF, 0x0000, 0x0000, 0x0000, 0x0000, 0x0011, 0x1122, 0x2233, 0x3344, 0x4455, 0x6677, 0x7788, 0xAAAA, 0x0000, 0xD6FF, 0x0000, 0x0000, 0x0000, 0x0011, 0x0000, 0xC33C, 0x5AA5, 0x0000, 0x0000, 0x8000, 0xA462, 0x0000, 0x8000, 0xB462 },
	{ 0x0002, 0x2300, 0x1000, 0x0002, 0x0000, 0xFFFF, 0x7FFF, 0x0000, 0x0000, 0x0000, 0x0000, 0x0011, 0x1122, 0x2233, 0x3344, 0x4455, 0x6677, 0x7788, 0xAAAA, 0x0000, 0xD6FF, 0x0000, 0x0000, 0x0000, 0x0011, 0x0000, 0xC33C, 0x5AA5, 0x0000, 0x0000, 0x8000, 0xA462, 0x0000, 0x8000, 0xB462 },
	{ 0x0002, 0x2300, 0x1000, 0x0002, 0x0000, 0xFFFF, 0x7FFF, 0x0000, 0x0000, 0x0000, 0x0000, 0x0011, 0x1122, 0x2233, 0x3344, 0x4455, 0x6677, 0x7788, 0xAAAA, 0x0000, 0xD6FF, 0x0000, 0x0000, 0x0000, 0x0011, 0x0000, 0xC33C, 0x5AA5, 0x0000, 0x0000, 0x8000, 0xA462, 0x0000, 0x8000, 0xB462 },
	{ 0x0002, 0x2300, 0x1000, 0x0002, 0x0000, 0xFFFF, 0x7FFF, 0x0000, 0x0000, 0x0000, 0x0000, 0x0011, 0x1122, 0x2233, 0x3344, 0x4455, 0x6677, 0x7788, 0xAAAA, 0x0000, 0xD6FF, 0x0000, 0x0000, 0x0000, 0x0011, 0x0000, 0xC33C, 0x5AA5, 0x0000, 0x0000, 0x8000, 0xA462, 0x0000, 0x8000, 0xB462 },
	{ 0x0002, 0x2300, 0x1000, 0x0002, 0x0000, 0xFFFF, 0x7FFF, 0x0000, 0x0000, 0x0000, 0x0000, 0x0011, 0x1122, 0x2233, 0x3344, 0x4455, 0x6677, 0x7788, 0xAAAA, 0x0000, 0xD6FF, 0x0000, 0x0000, 0x0000, 0x0011, 0x0000, 0xC33C, 0x5AA5, 0x0000, 0x0000, 0x8000, 0xA462, 0x0000, 0x8000, 0xB462 },
	{ 0x0002, 0x2300, 0x1000, 0x0002, 0x0000, 0xFFFF, 0x7FFF, 0x0000, 0x0000, 0x0000, 0x0000, 0x0011, 0x1122, 0x2233, 0x3344, 0x4455, 0x6677, 0x7788, 0xAAAA, 0x0000, 0xD6FF, 0x0000, 0x0000, 0x0000, 0x0011, 0x0000, 0xC33C, 0x5AA5, 0x0000, 0x0000, 0x8000, 0xA462, 0x0000, 0x8000, 0xB462 },
	{ 0x0002, 0x2300, 0x1000, 0x0002, 0x0000, 0xFFFF, 0x7FFF, 0x0000, 0x0000, 0x0000, 0x0000, 0x0011, 0x1122, 0x2233, 0x3344, 0x4455, 0x6677, 0x7788, 0xAAAA, 0x0000, 0xD6FF, 0x0000, 0x0000, 0x0000, 0x0011, 0x0000, 0xC33C, 0x5AA5, 0x0000, 0x0000, 0x8000, 0xA462, 0x0000, 0x8000, 0xB462 },
	{ 0x0002, 0x2300, 0x1000, 0x0002, 0x0000, 0xFFFF, 0x7FFF, 0x0000, 0x0000, 0x0000, 0x0000, 0x0011, 0x1122, 0x2233, 0x3344, 0x4455, 0x6677, 0x7788, 0xAAAA, 0x0000, 0xD6FF, 0x0000, 0x0000, 0x0000, 0x0011, 0x0000, 0xC33C, 0x5AA5, 0x0000, 0x0000, 0x8000, 0xA462, 0x0000, 0x8000, 0xB462 },
	{ 0x0002, 0x2300, 0x1000, 0x0002, 0x0000, 0xFFFF, 0x7FFF, 0x0000, 0x0000, 0x0000, 0x0000, 0x0011, 0x1122, 0x2233, 0x3344, 0x4455, 0x6677, 0x7788, 0xAAAA, 0x0000, 0xD6FF, 0x0000, 0x0000, 0x0000, 0x0011, 0x0000, 0xC33C, 0x5AA5, 0x0000, 0x0000, 0x8000, 0xA462, 0x0000, 0x8000, 0xB462 },
	{ 0x0002, 0x2300, 0x1000, 0x0002, 0x0000, 0xFFFF, 0x7FFF, 0x0000, 0x0000, 0x0000, 0x0000, 0x0011, 0x1122, 0x2233, 0x3344, 0x4455, 0x6677, 0x7788, 0xAAAA, 0x0000, 0xD6FF, 0x0000, 0x0000, 0x0000, 0x0011, 0x0000, 0xC33C, 0x5AA5, 0x0000, 0x0000, 0x8000, 0xA462, 0x0000, 0x8000, 0xB462 },
	{ 0x0002, 0x2300, 0x1000, 0x0002, 0x0000, 0xFFFF, 0x7FFF, 0x0000, 0x0000, 0x0000, 0x0000, 0x0011, 0x1122, 0x2233, 0x3344, 0x4455, 0x6677, 0x7788, 0xAAAA, 0x0000, 0xD6FF, 0x0000, 0x0000, 0x0000, 0x0011, 0x0000, 0xC33C, 0x5AA5, 0x0000, 0x0000, 0x8000, 0xA462, 0x0000, 0x8000, 0xB462 },
	{ 0x0002, 0x2300, 0x1000, 0x0002, 0x0000, 0xFFFF, 0x7FFF, 0x0000, 0x0000, 0x0000, 0x0000, 0x0011, 0x1122, 0x2233, 0x3344, 0x4455, 0x6677, 0x7788, 0xAAAA, 0x0000, 0xD6FF, 0x0000, 0x0000, 0x0000, 0x0011, 0x0000, 0xC33C, 0x5AA5, 0x0000, 0x0000, 0x8000, 0xA462, 0x0000, 0x8000, 0xB462 },
	{ 0x0002, 0x2300, 0x1000, 0x0002, 0x0000, 0xFFFF, 0x7FFF, 0x0000, 0x0000, 0x0000, 0x0000, 0x0011, 0x1122, 0x2233, 0x3344, 0x4455, 0x6677, 0x7788, 0xAAAA, 0x0000, 0xD6FF, 0x0000, 0x0000, 0x0000, 0x0011, 0x0000, 0xC33C, 0x5AA5, 0x0000, 0x0000, 0x8000, 0xA462, 0x0000, 0x8000, 0xB462 },
	{ 0x0002, 0x2300, 0x1000, 0x0002, 0x0000, 0xFFFF, 0x7FFF, 0x0000, 0x0000, 0x0000, 0x0000, 0x0011, 0x1122, 0x2233, 0x3344, 0x4455, 0x6677, 0x7788, 0xAAAA, 0x0000, 0xD6FF, 0x0000, 0x0000, 0x0000, 0x0011, 0x0000, 0xC33C, 0x5AA5, 0x0000, 0x0000, 0x8000, 0xA462, 0x0000, 0x8000, 0xB462 },
	{ 0x0002, 0x2300, 0x1000, 0x0002, 0x0000, 0xFFFF, 0x7FFF, 0x0000, 0x0000, 0x0000, 0x0000, 0x0011, 0x1122, 0x2233, 0x3344, 0x4455, 0x6677, 0x7788, 0xAAAA, 0x0000, 0xD6FF, 0x0000, 0x0000, 0x0000, 0x0011, 0x0000, 0xC33C, 0x5AA5, 0x0000, 0x0000, 0x8000, 0xA462, 0x0000, 0x8000, 0xB462 },
	{ 0x0002, 0x2300, 0x1000, 0x0002, 0x0000, 0xFFFF, 0x7FFF, 0x0000, 0x0000, 0x0000, 0x0000, 0x0011, 0x1122, 0x2233, 0x3344, 0x4455, 0x6677, 0x7788, 0xAAAA, 0x0000, 0xD6FF, 0x0000, 0x0000, 0x0000, 0x0011, 0x0000, 0xC33C, 0x5AA5, 0x0000, 0x0000, 0x8000, 0xA462, 0x0000, 0x8000, 0xB462 },
	{ 0x1440, 0xB300, 0x1000, 0xFFFF, 0x7FFF, 0x0000, 0x8000, 0x0000, 0x0000, 0x0000, 0x0000, 0x0011, 0x1122, 0x2233, 0x3344, 0x4455, 0x6677, 0x7788, 0xAAAA, 0x0000, 0xD700, 0x0000, 0x0000, 0x0000, 0x0011, 0x0000, 0xC33C, 0x5AA5, 0x0000, 0x0000, 0x8000, 0xA460, 0xFFFF, 0x7FFF, 0x2060 },
	{ 0x1440, 0xB300, 0x1000, 0xFFFF, 0x7FFF, 0x0000, 0x8000, 0x0000, 0x0000, 0x0000, 0x0000, 0x0011, 0x1122, 0x2233, 0x3344, 0x4455, 0x6677, 0x7788, 0xAAAA, 0x0000, 0xD700, 0x0000, 0x0000, 0x0000, 0x0011, 0x0000, 0xC33C, 0x5AA5, 0x0000, 0x0000, 0x8000, 0xA460, 0xFFFF, 0x7FFF, 0x2060 },
	{ 0x1440, 0xB300, 0x1000, 0xFFFF, 0x7FFF, 0x0000, 0x8000, 0x0000, 0x0000, 0x0000, 0x0000, 0x0011, 0x1122, 0x2233, 0x3344, 0x4455, 0x6677, 0x7788, 0xAAAA, 0x0000, 0xD700, 0x0000, 0x0000, 0x0000, 0x0011, 0x0000, 0xC33C, 0x5AA5, 0x0000, 0x0000, 0x8000, 0xA460, 0xFFFF, 0x7FFF, 0x2060 },
	{ 0x1440, 0xB300, 0x1000, 0xFFFF, 0x7FFF, 0x0000, 0x8000, 0x0000, 0x0000, 0x0000, 0x0000, 0x0011, 0x1122, 0x2233, 0x3344, 0x4455, 0x6677, 0x7788, 0xAAAA, 0x0000, 0xD700, 0x0000, 0x0000, 0x0000, 0x0011, 0x0000, 0xC33C, 0x5AA5, 0x0000, 0x0000, 0x8000, 0xA460, 0xFFFF, 0x7FFF, 0x2060 },
	{ 0x1440, 0xB300, 0x1000, 0xFFFF, 0x7FFF, 0x0000, 0x8000, 0x0000, 0x0000, 0x0000, 0x0000, 0x0011, 0x1122, 0x2233, 0x3344, 0x4455, 0x6677, 0x7788, 0xAAAA, 0x0000, 0xD700, 0x0000, 0x0000, 0x0000, 0x0011, 0x0000, 0xC33C, 0x5AA5, 0x0000, 0x0000, 0x8000, 0xA460, 0xFFFF, 0x7FFF, 0x2060 },
	{ 0x1440, 0xB300, 0x1000, 0xFFFF, 0x7FFF, 0x0000, 0x8000, 0x0000, 0x0000, 0x0000, 0x0000, 0x0011, 0x1122, 0x2233, 0x3344, 0x4455, 0x6677, 0x7788, 0xAAAA, 0x0000, 0xD700, 0x0000, 0x0000, 0x0000, 0x0011, 0x0000, 0xC33C, 0x5AA5, 0x0000, 0x0000, 0x8000, 0xA460, 0xFFFF, 0x7FFF, 0x2060 },
	{ 0x1440, 0xB300, 0x1000, 0xFFFF, 0x7FFF, 0x0000, 0x8000, 0x0000, 0x0000, 0x0000, 0x0000, 0x0011, 0x1122, 0x2233, 0x3344, 0x4455, 0x6677, 0x7788, 0xAAAA, 0x0000, 0xD700, 0x0000, 0x0000, 0x0000, 0x0011, 0x0000, 0xC33C, 0x5AA5, 0x0000, 0x0000, 0x8000, 0xA460, 0xFFFF, 0x7FFF, 0x2060 },
	{ 0x1440, 0xB300, 0x1000, 0xFFFF, 0x7FFF, 0x0000, 0x8000, 0x0000, 0x0000, 0x0000, 0x0000, 0x0011, 0x1122, 0x2233, 0x3344, 0x4455, 0x6677, 0x7788, 0xAAAA, 0x0000, 0xD700, 0x0000, 0x0000, 0x0000, 0x0011, 0x0000, 0xC33C, 0x5AA5, 0x0000, 0x0000, 0x8000, 0xA460, 0xFFFF, 0x7FFF, 0x2060 },
	{ 0x1440, 0xB300, 0x1000, 0xFFFF, 0x7FFF, 0x0000, 0x8000, 0x0000, 0x0000, 0x0000, 0x0000, 0x0011, 0x1122, 0x2233, 0x3344, 0x4455, 0x6677, 0x7788, 0xAAAA, 0x0000, 0xD700, 0x0000, 0x0000, 0x0000, 0x0011, 0x0000, 0xC33C, 0x5AA5, 0x0000, 0x0000, 0x8000, 0xA460, 0xFFFF, 0x7FFF, 0x2060 },
	{ 0x1440, 0xB300, 0x1000, 0xFFFF, 0x7FFF, 0x0000, 0x8000, 0x0000, 0x0000, 0x0000, 0x0000, 0x0011, 0x1122, 0x2233, 0x3344, 0x4455, 0x6677, 0x7788, 0xAAAA, 0x0000, 0xD700, 0x0000, 0x0000, 0x0000, 0x0011, 0x0000, 0xC33C, 0x5AA5, 0x0000, 0x0000, 0x8000, 0xA460, 0xFFFF, 0x7FFF, 0x2060 },
	{ 0x1440, 0xB300, 0x1000, 0xFFFF, 0x7FFF, 0x0000, 0x8000, 0x0000, 0x0000, 0x0000, 0x0000, 0x0011, 0x1122, 0x2233, 0x3344, 0x4455, 0x6677, 0x7788, 0xAAAA, 0x0000, 0xD700, 0x0000, 0x0000, 0x0000, 0x0011, 0x0000, 0xC33C, 0x5AA5, 0x0000, 0x0000, 0x8000, 0xA460, 0xFFFF, 0x7FFF, 0x2060 },
	{ 0x1440, 0xB300, 0x1000, 0xFFFF, 0x7FFF, 0x0000, 0x8000, 0x0000, 0x0000, 0x0000, 0x0000, 0x0011, 0x1122, 0x2233, 0x3344, 0x4455, 0x6677, 0x7788, 0xAAAA, 0x0000, 0xD700, 0x0000, 0x0000, 0x0000, 0x0011, 0x0000, 0xC33C, 0x5AA5, 0x0000, 0x0000, 0x8000, 0xA460, 0xFFFF, 0x7FFF, 0x2060 },
	{ 0x1440, 0xB300, 0x1000, 0xFFFF, 0x7FFF, 0x0000, 0x8000, 0x0000, 0x0000, 0x0000, 0x0000, 0x0011, 0x1122, 0x2233, 0x3344, 0x4455, 0x6677, 0x7788, 0xAAAA, 0x0000, 0xD700, 0x0000, 0x0000, 0x0000, 0x0011, 0x0000, 0xC33C, 0x5AA5, 0x0000, 0x0000, 0x8000, 0xA460, 0xFFFF, 0x7FFF, 0x2060 },
	{ 0x1440, 0xB300, 0x1000, 0xFFFF, 0x7FFF, 0x0000, 0x8000, 0x0000, 0x0000, 0x0000, 0x0000, 0x0011, 0x1122, 0x2233, 0x3344, 0x4455, 0x6677, 0x7788, 0xAAAA, 0x0000, 0xD700, 0x0000, 0x0000, 0x0000, 0x0011, 0x0000, 0xC33C, 0x5AA5, 0x0000, 0x0000, 0x8000, 0xA460, 0xFFFF, 0x7FFF, 0x2060 },
	{ 0x1440, 0xB300, 0x1000, 0xFFFF, 0x7FFF, 0x0000, 0x8000, 0x0000, 0x0000, 0x0000, 0x0000, 0x0011, 0x1122, 0x2233, 0x3344, 0x4455, 0x6677, 0x7788, 0xAAAA, 0x0000, 0xD700, 0x0000, 0x0000, 0x0000, 0x0011, 0x0000, 0xC33C, 0x5AA5, 0x0000, 0x0000, 0x8000, 0xA460, 0xFFFF, 0x7FFF, 0x2060 },
	{ 0x1440, 0xB300, 0x1000, 0xFFFF, 0x7FFF, 0x0000, 0x8000, 0x0000, 0x0000, 0x0000, 0x0000, 0x0011, 0x1122, 0x2233, 0x3344, 0x4455, 0x6677, 0x7788, 0xAAAA, 0x0000, 0xD700, 0x0000, 0x0000, 0x0000, 0x0011, 0x0000, 0xC33C, 0x5AA5, 0x0000, 0x0000, 0x8000, 0xA460, 0xFFFF, 0x7FFF, 0x2060 },
	{ 0x1440, 0xB300, 0x1000, 0xFFFF, 0x7FFF, 0x0000, 0x8000, 0x0000, 0x0000, 0x0000, 0x0000, 0x0011, 0x1122, 0x2233, 0x3344, 0x4455, 0x6677, 0x7788, 0xAAAA, 0x0000, 0xD700, 0x0000, 0x0000, 0x0000, 0x0011, 0x0000, 0xC33C, 0x5AA5, 0x0000, 0x0000, 0x8000, 0xA460, 0xFFFF, 0x7FFF, 0x2060 },
	{ 0x1440, 0xB300, 0x1000, 0xFFFF, 0x7FFF, 0x0000, 0x8000, 0x0000, 0x0000, 0x0000, 0x0000, 0x0011, 0x1122, 0x2233, 0x3344, 0x4455, 0x6677, 0x7788, 0xAAAA, 0x0000, 0xD700, 0x0000, 0x0000, 0x0000, 0x0011, 0x0000, 0xC33C, 0x5AA5, 0x0000, 0x0000, 0x8000, 0xA460, 0xFFFF, 0x7FFF, 0x2060 },
	{ 0x1440, 0xB300, 0x1000, 0xFFFF, 0x7FFF, 0x0000, 0x8000, 0x0000, 0x0000, 0x0000, 0x0000, 0x0011, 0x1122, 0x2233, 0x3344, 0x4455, 0x6677, 0x7788, 0xAAAA, 0x0000, 0xD700, 0x0000, 0x0000, 0x0000, 0x0011, 0x0000, 0xC33C, 0x5AA5, 0x0000, 0x0000, 0x8000, 0xA460, 0xFFFF, 0x7FFF, 0x2060 },
	{ 0x1440, 0xB300, 0x1000, 0xFFFF, 0x7FFF, 0x0000, 0x8000, 0x0000, 0x0000, 0x0000, 0x0000, 0x0011, 0x1122, 0x2233, 0x3344, 0x4455, 0x6677, 0x7788, 0xAAAA, 0x0000, 0xD700, 0x0000, 0x0000, 0x0000, 0x0011, 0x0000, 0xC33C, 0x5AA5, 0x0000, 0x0000, 0x8000, 0xA460, 0xFFFF, 0x7FFF, 0x2060 },
	{ 0x1440, 0xB300, 0x1000, 0xFFFF, 0x7FFF, 0x0000, 0x8000, 0x0000, 0x0000, 0x0000, 0x0000, 0x0011, 0x1122, 0x2233, 0x3344, 0x4455, 0x6677, 0x7788, 0xAAAA, 0x0000, 0xD700, 0x0000, 0x0000, 0x0000, 0x0011, 0x0000, 0xC33C, 0x5AA5, 0x0000, 0x0000, 0x8000, 0xA460, 0xFFFF, 0x7FFF, 0x2060 },
	{ 0x1440, 0xB300, 0x1000, 0xFFFF, 0x7FFF, 0x0000, 0x8000, 0x0000, 0x0000, 0x0000, 0x0000, 0x0011, 0x1122, 0x2233, 0x3344, 0x4455, 0x6677, 0x7788, 0xAAAA, 0x0000, 0xD700, 0x0000, 0x0000, 0x0000, 0x0011, 0x0000, 0xC33C, 0x5AA5, 0x0000, 0x0000, 0x8000, 0xA460, 0xFFFF, 0x7FFF, 0x2060 },
	{ 0x1440, 0xB300, 0x1000, 0xFFFF, 0x7FFF, 0x0000, 0x8000, 0x0000, 0x0000, 0x0000, 0x0000, 0x0011, 0x1122, 0x2233, 0x3344, 0x4455, 0x6677, 0x7788, 0xAAAA, 0x0000, 0xD700, 0x0000, 0x0000, 0x0000, 0x0011, 0x0000, 0xC33C, 0x5AA5, 0x0000, 0x0000, 0x8000, 0xA460, 0xFFFF, 0x7FFF, 0x2060 },
	{ 0x1440, 0xB300, 0x1000, 0xFFFF, 0x7FFF, 0x0000, 0x8000, 0x0000, 0x0000, 0x0000, 0x0000, 0x0011, 0x1122, 0x2233, 0x3344, 0x4455, 0x6677, 0x7788, 0xAAAA, 0x0000, 0xD700, 0x0000, 0x0000, 0x0000, 0x0011, 0x0000, 0xC33C, 0x5AA5, 0x0000, 0x0000, 0x8000, 0xA460, 0xFFFF, 0x7FFF, 0x2060 },
	{ 0x1440, 0xB300, 0x1000, 0xFFFF, 0x7FFF, 0x0000, 0x8000, 0x0000, 0x0000, 0x0000, 0x0000, 0x0011, 0x1122, 0x2233, 0x3344, 0x4455, 0x6677, 0x7788, 0xAAAA, 0x0000, 0xD700, 0x0000, 0x0000, 0x0000, 0x0011, 0x0000, 0xC33C, 0x5AA5, 0x0000, 0x0000, 0x8000, 0xA460, 0xFFFF, 0x7FFF, 0x2060 },
	{ 0x1440, 0xB300, 0x1000, 0xFFFF, 0x7FFF, 0x0000, 0x8000, 0x0000, 0x0000, 0x0000, 0x0000, 0x0011, 0x1122, 0x2233, 0x3344, 0x4455, 0x6677, 0x7788, 0xAAAA, 0x0000, 0xD700, 0x0000, 0x0000, 0x0000, 0x0011, 0x0000, 0xC33C, 0x5AA5, 0x0000, 0x0000, 0x8000, 0xA460, 0xFFFF, 0x7FFF, 0x2060 },
	{ 0x1440, 0xB300, 0x1000, 0xFFFF, 0x7FFF, 0x0000, 0x8000, 0x0000, 0x0000, 0x0000, 0x0000, 0x0011, 0x1122, 0x2233, 0x3344, 0x4455, 0x6677, 0x7788, 0xAAAA, 0x0000, 0xD700, 0x0000, 0x0000, 0x0000, 0x0011, 0x0000, 0xC33C, 0x5AA5, 0x0000, 0x0000, 0x8000, 0xA460, 0xFFFF, 0x7FFF, 0x2060 },
	{ 0x1440, 0xB300, 0x1000, 0xFFFF, 0x7FFF, 0x0000, 0x8000, 0x0000, 0x0000, 0x0000, 0x0000, 0x0011, 0x1122, 0x2233, 0x3344, 0x4455, 0x6677, 0x7788, 0xAAAA, 0x0000, 0xD700, 0x0000, 0x0000, 0x0000, 0x0011, 0x0000, 0xC33C, 0x5AA5, 0x0000, 0x0000, 0x8000, 0xA460, 0xFFFF, 0x7FFF, 0x2060 },
	{ 0x1440, 0xB300, 0x1000, 0xFFFF, 0x7FFF, 0x0000, 0x8000, 0x0000, 0x0000, 0x0000, 0x0000, 0x0011, 0x1122, 0x2233, 0x3344, 0x4455, 0x6677, 0x7788, 0xAAAA, 0x0000, 0xD700, 0x0000, 0x0000, 0x0000, 0x0011, 0x0000, 0xC33C, 0x5AA5, 0x0000, 0x0000, 0x8000, 0xA460, 0xFFFF, 0x7FFF, 0x2060 },
	{ 0x1440, 0xB300, 0x1000, 0xFFFF, 0x7FFF, 0x0000, 0x8000, 0x0000, 0x0000, 0x0000, 0x0000, 0x0011, 0x1122, 0x2233, 0x3344, 0x4455, 0x6677, 0x7788, 0xAAAA, 0x0000, 0xD700, 0x0000, 0x0000, 0x0000, 0x0011, 0x0000, 0xC33C, 0x5AA5, 0x0000, 0x0000, 0x8000, 0xA460, 0xFFFF, 0x7FFF, 0x2060 },
	{ 0x1440, 0xB300, 0x1000, 0xFFFF, 0x7FFF, 0x0000, 0x8000, 0x0000, 0x0000, 0x0000, 0x0000, 0x0011, 0x1122, 0x2233, 0x3344, 0x4455, 0x6677, 0x7788, 0xAAAA, 0x0000, 0xD700, 0x0000, 0x0000, 0x0000, 0x0011, 0x0000, 0xC33C, 0x5AA5, 0x0000, 0x0000, 0x8000, 0xA460, 0xFFFF, 0x7FFF, 0x2060 },
	{ 0x1000, 0x2300, 0x1000, 0xFFFF, 0x7FFF, 0xFFFF, 0x7FFF, 0x0000, 0x0000, 0x0000, 0x0000, 0x0011, 0x1122, 0x2233, 0x3344, 0x4455, 0x6677, 0x7788, 0xAAAA, 0x0000, 0xD700, 0x0000, 0x0000, 0x0000, 0x0011, 0x0000, 0xC33C, 0x5AA5, 0x0000, 0x0000, 0x8000, 0xA460, 0x0000, 0x8000, 0xB460 },
	{ 0x1000, 0x2300, 0x1000, 0xFFFF, 0x7FFF, 0xFFFF, 0x7FFF, 0x0000, 0x0000, 0x0000, 0x0000, 0x0011, 0x1122, 0x2233, 0x3344, 0x4455, 0x6677, 0x7788, 0xAAAA, 0x0000, 0xD700, 0x0000, 0x0000, 0x0000, 0x0011, 0x0000, 0xC33C, 0x5AA5, 0x0000, 0x0000, 0x8000, 0xA460, 0x0000, 0x8000, 0xB460 },
	{ 0x1000, 0x2300, 0x1000, 0xFFFF, 0x7FFF, 0xFFFF, 0x7FFF, 0x0000, 0x0000, 0x0000, 0x0000, 0x0011, 0x1122, 0x2233, 0x3344, 0x4455, 0x6677, 0x7788, 0xAAAA, 0x0000, 0xD700, 0x0000, 0x0000, 0x0000, 0x0011, 0x0000, 0xC33C, 0x5AA5, 0x0000, 0x0000, 0x8000, 0xA460, 0x0000, 0x8000, 0xB460 },
	{ 0x1000, 0x2300, 0x1000, 0xFFFF, 0x7FFF, 0xFFFF, 0x7FFF, 0x0000, 0x0000, 0x0000, 0x0000, 0x0011, 0x1122, 0x2233, 0x3344, 0x4455, 0x6677, 0x7788, 0xAAAA, 0x0000, 0xD700, 0x0000, 0x0000, 0x0000, 0x0011, 0x0000, 0xC33C, 0x5AA5, 0x0000, 0x0000, 0x8000, 0xA460, 0x0000, 0x8000, 0xB460 },
	{ 0x1000, 0x2300, 0x1000, 0xFFFF, 0x7FFF, 0xFFFF, 0x7FFF, 0x0000, 0x0000, 0x0000, 0x0000, 0x0011, 0x1122, 0x2233, 0x3344, 0x4455, 0x6677, 0x7788, 0xAAAA, 0x0000, 0xD700, 0x0000, 0x0000, 0x0000, 0x0011, 0x0000, 0xC33C, 0x5AA5, 0x0000, 0x0000, 0x8000, 0xA460, 0x0000, 0x8000, 0xB460 },
	{ 0x1000, 0x2300, 0x1000, 0xFFFF, 0x7FFF, 0xFFFF, 0x7FFF, 0x0000, 0x0000, 0x0000, 0x0000, 0x0011, 0x1122, 0x2233, 0x3344, 0x4455, 0x6677, 0x7788, 0xAAAA, 0x0000, 0xD700, 0x0000, 0x0000, 0x0000, 0x0011, 0x0000, 0xC33C, 0x5AA5, 0x0000, 0x0000, 0x8000, 0xA460, 0x0000, 0x8000, 0xB460 },
	{ 0x1000, 0x2300, 0x1000, 0xFFFF, 0x7FFF, 0xFFFF, 0x7FFF, 0x0000, 0x0000, 0x0000, 0x0000, 0x0011, 0x1122, 0x2233, 0x3344, 0x4455, 0x6677, 0x7788, 0xAAAA, 0x0000, 0xD700, 0x0000, 0x0000, 0x0000, 0x0011, 0x0000, 0xC33C, 0x5AA5, 0x0000, 0x0000, 0x8000, 0xA460, 0x0000, 0x8000, 0xB460 },
	{ 0x1000, 0x2300, 0x1000, 0xFFFF, 0x7FFF, 0xFFFF, 0x7FFF, 0x0000, 0x0000, 0x0000, 0x0000, 0x0011, 0x1122, 0x2233, 0x3344, 0x4455, 0x6677, 0x7788, 0xAAAA, 0x0000, 0xD700, 0x0000, 0x0000, 0x0000, 0x0011, 0x0000, 0xC33C, 0x5AA5, 0x0000, 0x0000, 0x8000, 0xA460, 0x0000, 0x8000, 0xB460 },
	{ 0x1000, 0x2300, 0x1000, 0xFFFF, 0x7FFF, 0xFFFF, 0x7FFF, 0x0000, 0x0000, 0x0000, 0x0000, 0x0011, 0x1122, 0x2233, 0x3344, 0x4455, 0x6677, 0x7788, 0xAAAA, 0x0000, 0xD700, 0x0000, 0x0000, 0x0000, 0x0011, 0x0000, 0xC33C, 0x5AA5, 0x0000, 0x0000, 0x8000, 0xA460, 0x0000, 0x8000, 0xB460 },
	{ 0x1000, 0x2300, 0x1000, 0xFFFF, 0x7FFF, 0xFFFF, 0x7FFF, 0x0000, 0x0000, 0x0000, 0x0000, 0x0011, 0x1122, 0x2233, 0x3344, 0x4455, 0x6677, 0x7788, 0xAAAA, 0x0000, 0xD700, 0x0000, 0x0000, 0x0000, 0x0011, 0x0000, 0xC33C, 0x5AA5, 0x0000, 0x0000, 0x8000, 0xA460, 0x0000, 0x8000, 0xB460 },
	{ 0x1000, 0x2300, 0x1000, 0xFFFF, 0x7FFF, 0xFFFF, 0x7FFF, 0x0000, 0x0000, 0x0000, 0x0000, 0x0011, 0x1122, 0x2233, 0x3344, 0x4455, 0x6677, 0x7788, 0xAAAA, 0x0000, 0xD700, 0x0000, 0x0000, 0x0000, 0x0011, 0x0000, 0xC33C, 0x5AA5, 0x0000, 0x0000, 0x8000, 0xA460, 0x0000, 0x8000, 0xB460 },
	{ 0x1000, 0x2300, 0x1000, 0xFFFF, 0x7FFF, 0xFFFF, 0x7FFF, 0x0000, 0x0000, 0x0000, 0x0000, 0x0011, 0x1122, 0x2233, 0x3344, 0x4455, 0x6677, 0x7788, 0xAAAA, 0x0000, 0xD700, 0x0000, 0x0000, 0x0000, 0x0011, 0x0000, 0xC33C, 0x5AA5, 0x0000, 0x0000, 0x8000, 0xA460, 0x0000, 0x8000, 0xB460 },
	{ 0x1000, 0x2300, 0x1000, 0xFFFF, 0x7FFF, 0xFFFF, 0x7FFF, 0x0000, 0x0000, 0x0000, 0x0000, 0x0011, 0x1122, 0x2233, 0x3344, 0x4455, 0x6677, 0x7788, 0xAAAA, 0x0000, 0xD700, 0x0000, 0x0000, 0x0000, 0x0011, 0x0000, 0xC33C, 0x5AA5, 0x0000, 0x0000, 0x8000, 0xA460, 0x0000, 0x8000, 0xB460 },
	{ 0x1000, 0x2300, 0x1000, 0xFFFF, 0x7FFF, 0xFFFF, 0x7FFF, 0x0000, 0x0000, 0x0000, 0x0000, 0x0011, 0x1122, 0x2233, 0x3344, 0x4455, 0x6677, 0x7788, 0xAAAA, 0x0000, 0xD700, 0x0000, 0x0000, 0x0000, 0x0011, 0x0000, 0xC33C, 0x5AA5, 0x0000, 0x0000, 0x8000, 0xA460, 0x0000, 0x8000, 0xB460 },
	{ 0x1000, 0x2300, 0x1000, 0xFFFF, 0x7FFF, 0xFFFF, 0x7FFF, 0x0000, 0x0000, 0x0000, 0x0000, 0x0011, 0x1122, 0x2233, 0x3344, 0x4455, 0x6677, 0x7788, 0xAAAA, 0x0000, 0xD700, 0x0000, 0x0000, 0x0000, 0x0011, 0x0000, 0xC33C, 0x5AA5, 0x0000, 0x0000, 0x8000, 0xA460, 0x0000, 0x8000, 0xB460 },
	{ 0x1000, 0x2300, 0x1000, 0xFFFF, 0x7FFF, 0xFFFF, 0x7FFF, 0x0000, 0x0000, 0x0000, 0x0000, 0x0011, 0x1122, 0x2233, 0x3344, 0x4455, 0x6677, 0x7788, 0xAAAA, 0x0000, 0xD700, 0x0000, 0x0000, 0x0000, 0x0011, 0x0000, 0xC33C, 0x5AA5, 0x0000, 0x0000, 0x8000, 0xA460, 0x0000, 0x8000, 0xB460 },
	{ 0x1000, 0x2300, 0x1000, 0xFFFF, 0x7FFF, 0xFFFF, 0x7FFF, 0x0000, 0x0000, 0x0000, 0x0000, 0x0011, 0x1122, 0x2233, 0x3344, 0x4455, 0x6677, 0x7788, 0xAAAA, 0x0000, 0xD700, 0x0000, 0x0000, 0x0000, 0x0011, 0x0000, 0xC33C, 0x5AA5, 0x0000, 0x0000, 0x8000, 0xA460, 0x0000, 0x8000, 0xB460 },
	{ 0x1000, 0x2300, 0x1000, 0xFFFF, 0x7FFF, 0xFFFF, 0x7FFF, 0x0000, 0x0000, 0x0000, 0x0000, 0x0011, 0x1122, 0x2233, 0x3344, 0x4455, 0x6677, 0x7788, 0xAAAA, 0x0000, 0xD700, 0x0000, 0x0000, 0x0000, 0x0011, 0x0000, 0xC33C, 0x5AA5, 0x0000, 0x0000, 0x8000, 0xA460, 0x0000, 0x8000, 0xB460 },
	{ 0x1000, 0x2300, 0x1000, 0xFFFF, 0x7FFF, 0xFFFF, 0x7FFF, 0x0000, 0x0000, 0x0000, 0x0000, 0x0011, 0x1122, 0x2233, 0x3344, 0x4455, 0x6677, 0x7788, 0xAAAA, 0x0000, 0xD700, 0x0000, 0x0000, 0x0000, 0x0011, 0x0000, 0xC33C, 0x5AA5, 0x0000, 0x0000, 0x8000, 0xA460, 0x0000, 0x8000, 0xB460 },
	{ 0x1000, 0x2300, 0x1000, 0xFFFF, 0x7FFF, 0xFFFF, 0x7FFF, 0x0000, 0x0000, 0x0000, 0x0000, 0x0011, 0x1122, 0x2233, 0x3344, 0x4455, 0x6677, 0x7788, 0xAAAA, 0x0000, 0xD700, 0x0000, 0x0000, 0x0000, 0x0011, 0x0000, 0xC33C, 0x5AA5, 0x0000, 0x0000, 0x8000, 0xA460, 0x0000, 0x8000, 0xB460 },
	{ 0x1000, 0x2300, 0x1000, 0xFFFF, 0x7FFF, 0xFFFF, 0x7FFF, 0x0000, 0x0000, 0x0000, 0x0000, 0x0011, 0x1122, 0x2233, 0x3344, 0x4455, 0x6677, 0x7788, 0xAAAA, 0x0000, 0xD700, 0x0000, 0x0000, 0x0000, 0x0011, 0x0000, 0xC33C, 0x5AA5, 0x0000, 0x0000, 0x8000, 0xA460, 0x0000, 0x8000, 0xB460 },
	{ 0x1000, 0x2300, 0x1000, 0xFFFF, 0x7FFF, 0xFFFF, 0x7FFF, 0x0000, 0x0000, 0x0000, 0x0000, 0x0011, 0x1122, 0x2233, 0x3344, 0x4455, 0x6677, 0x7788, 0xAAAA, 0x0000, 0xD700, 0x0000, 0x0000, 0x0000, 0x0011, 0x0000, 0xC33C, 0x5AA5, 0x0000, 0x0000, 0x8000, 0xA460, 0x0000, 0x8000, 0xB460 },
	{ 0x1000, 0x2300, 0x1000, 0xFFFF, 0x7FFF, 0xFFFF, 0x7FFF, 0x0000, 0x0000, 0x0000, 0x0000, 0x0011, 0x1122, 0x2233, 0x3344, 0x4455, 0x6677, 0x7788, 0xAAAA, 0x0000, 0xD700, 0x0000, 0x0000, 0x0000, 0x0011, 0x0000, 0xC33C, 0x5AA5, 0x0000, 0x0000, 0x8000, 0xA460, 0x0000, 0x8000, 0xB460 },
	{ 0x1000, 0x2300, 0x1000, 0xFFFF, 0x7FFF, 0xFFFF, 0x7FFF, 0x0000, 0x0000, 0x0000, 0x0000, 0x0011, 0x1122, 0x2233, 0x3344, 0x4455, 0x6677, 0x7788, 0xAAAA, 0x0000, 0xD700, 0x0000, 0x0000, 0x0000, 0x0011, 0x0000, 0xC33C, 0x5AA5, 0x0000, 0x0000, 0x8000, 0xA460, 0x0000, 0x8000, 0xB460 },
	{ 0x1000, 0x2300, 0x1000, 0xFFFF, 0x7FFF, 0xFFFF, 0x7FFF, 0x0000, 0x0000, 0x0000, 0x0000, 0x0011, 0x1122, 0x2233, 0x3344, 0x4455, 0x6677, 0x7788, 0xAAAA, 0x0000, 0xD700, 0x0000, 0x0000, 0x0000, 0x0011, 0x0000, 0xC33C, 0x5AA5, 0x0000, 0x0000, 0x8000, 0xA460, 0x0000, 0x8000, 0xB460 },
	{ 0x1000, 0x2300, 0x1000, 0xFFFF, 0x7FFF, 0xFFFF, 0x7FFF, 0x0000, 0x0000, 0x0000, 0x0000, 0x0011, 0x1122, 0x2233, 0x3344, 0x4455, 0x6677, 0x7788, 0xAAAA, 0x0000, 0xD700, 0x0000, 0x0000, 0x0000, 0x0011, 0x0000, 0xC33C, 0x5AA5, 0x0000, 0x0000, 0x8000, 0xA460, 0x0000, 0x8000, 0xB460 },
	{ 0x1000, 0x2300, 0x1000, 0xFFFF, 0x7FFF, 0xFFFF, 0x7FFF, 0x0000, 0x0000, 0x0000, 0x0000, 0x0011, 0x1122, 0x2233, 0x3344, 0x4455, 0x6677, 0x7788, 0xAAAA, 0x0000, 0xD700, 0x0000, 0x0000, 0x0000, 0x0011, 0x0000, 0xC33C, 0x5AA5, 0x0000, 0x0000, 0x8000, 0xA460, 0x0000, 0x8000, 0xB460 },
	{ 0x1000, 0x2300, 0x1000, 0xFFFF, 0x7FFF, 0xFFFF, 0x7FFF, 0x0000, 0x0000, 0x0000, 0x0000, 0x0011, 0x1122, 0x2233, 0x3344, 0x4455, 0x6677, 0x7788, 0xAAAA, 0x0000, 0xD700, 0x0000, 0x0000, 0x0000, 0x0011, 0x0000, 0xC33C, 0x5AA5, 0x0000, 0x0000, 0x8000, 0xA460, 0x0000, 0x8000, 0xB460 },
	{ 0x1000, 0x2300, 0x1000, 0xFFFF, 0x7FFF, 0xFFFF, 0x7FFF, 0x0000, 0x0000, 0x0000, 0x0000, 0x0011, 0x1122, 0x2233, 0x3344, 0x4455, 0x6677, 0x7788, 0xAAAA, 0x0000, 0xD700, 0x0000, 0x0000, 0x0000, 0x0011, 0x0000, 0xC33C, 0x5AA5, 0x0000, 0x0000, 0x8000, 0xA460, 0x0000, 0x8000, 0xB460 },
	{ 0x1000, 0x2300, 0x1000, 0xFFFF, 0x7FFF, 0xFFFF, 0x7FFF, 0x0000, 0x0000, 0x0000, 0x0000, 0x0011, 0x1122, 0x2233, 0x3344, 0x4455, 0x6677, 0x7788, 0xAAAA, 0x0000, 0xD700, 0x0000, 0x0000, 0x0000, 0x0011, 0x0000, 0xC33C, 0x5AA5, 0x0000, 0x0000, 0x8000, 0xA460, 0x0000, 0x8000, 0xB460 },
	{ 0x1000, 0x2300, 0x1000, 0xFFFF, 0x7FFF, 0xFFFF, 0x7FFF, 0x0000, 0x0000, 0x0000, 0x0000, 0x0011, 0x1122, 0x2233, 0x3344, 0x4455, 0x6677, 0x7788, 0xAAAA, 0x0000, 0xD700, 0x0000, 0x0000, 0x0000, 0x0011, 0x0000, 0xC33C, 0x5AA5, 0x0000, 0x0000, 0x8000, 0xA460, 0x0000, 0x8000, 0xB460 },
	{ 0x1000, 0x2300, 0x1000, 0xFFFF, 0x7FFF, 0xFFFF, 0x7FFF, 0x0000, 0x0000, 0x0000, 0x0000, 0xD600, 0x1122, 0x2233, 0x3344, 0x4455, 0x6677, 0x7788, 0xAAAA, 0x0000, 0xD700, 0x0000, 0x0000, 0x0000, 0x0011, 0x0000, 0xC33C, 0x5AA5, 0x0000, 0x0000, 0x8000, 0xA460, 0x0000, 0x8000, 0xB460 },
	{ 0x0002, 0x0300, 0x1000, 0x1357, 0x2468, 0x89AB, 0x4567, 0x0000, 0x0000, 0x0000, 0x0000, 0x0011, 0x1122, 0x2233, 0x3344, 0x4455, 0x6677, 0x7788, 0xAAAA, 0x0000, 0xD700, 0x0000, 0x0000, 0x0000, 0x0011, 0x0000, 0xC33C, 0x5AA5, 0x0000, 0x0000, 0x8000, 0xA462, 0x0000, 0x8000, 0xB462 },
	{ 0x0002, 0x0300, 0x1000, 0x1357, 0x2468, 0x89AB, 0x4567, 0x0000, 0x0000, 0x0000, 0x0000, 0x0011, 0x1122, 0x2233, 0x3344, 0x4455, 0x6677, 0x7788, 0xAAAA, 0x0000, 0xD700, 0x0000, 0x0000, 0x0000, 0x0011, 0x0000, 0xC33C, 0x5AA5, 0x0000, 0x0000, 0x0000, 0x0A02, 0x0000, 0x0000, 0x0A02 },
	{ 0x0002, 0x0300, 0x1000, 0x1357, 0x2468, 0x89AB, 0x4567, 0x0000, 0x0000, 0x0000, 0x0000, 0x0011, 0x1122, 0x2233, 0x3344, 0x4455, 0x6677, 0x7788, 0xAAAA, 0x0000, 0xD700, 0x0000, 0x0000, 0x0000, 0x0011, 0x0000, 0xC33C, 0x5AA5, 0x0000, 0x0000, 0x0000, 0x0A02, 0x0000, 0x0000, 0x0A02 },
	{ 0x0002, 0x0300, 0x1000, 0x1357, 0x2468, 0x89AB, 0x4567, 0x0000, 0x0000, 0x0000, 0x0000, 0x0011, 0x1122, 0x2233, 0x3344, 0x4455, 0x6677, 0x7788, 0xAAAA, 0x0000, 0xD700, 0x0000, 0x0000, 0x0000, 0x0011, 0x0000, 0xC33C, 0x5AA5, 0x0000, 0x0000, 0x0000, 0x0A02, 0x0000, 0x0000, 0x0A02 },
	{ 0x0002, 0x0300, 0x1000, 0x1357, 0x2468, 0x89AB, 0x4567, 0x0000, 0x0000, 0x0000, 0x0000, 0x0011, 0x1122, 0x2233, 0x3344, 0x4455, 0x6677, 0x7788, 0xAAAA, 0x0000, 0xD700, 0x0000, 0x0000, 0x0000, 0x0011, 0x0000, 0xC33C, 0x5AA5, 0x0000, 0x0000, 0x0000, 0x0A02, 0x0000, 0x0000, 0x0A02 },
	{ 0x0002, 0x0300, 0x1000, 0x1357, 0x2468, 0x89AB, 0x4567, 0x0000, 0x0000, 0x0000, 0x0000, 0x0011, 0x1122, 0x2233, 0x3344, 0x4455, 0x6677, 0x7788, 0xAAAA, 0x0000, 0xD700, 0x0000, 0x0000, 0x0000, 0x0011, 0x0000, 0xC33C, 0x5AA5, 0x0000, 0x0000, 0x0000, 0x0A02, 0x0000, 0x0000, 0x0A02 },
	{ 0x0002, 0x0300, 0x1000, 0x1357, 0x2468, 0x89AB, 0x4567, 0x0000, 0x0000, 0x0000, 0x0000, 0x0011, 0x1122, 0x2233, 0x3344, 0x4455, 0x6677, 0x7788, 0xAAAA, 0x0000, 0xD700, 0x0000, 0x0000, 0x0000, 0x0011, 0x0000, 0xC33C, 0x5AA5, 0x0000, 0x0000, 0x0000, 0x0A02, 0x0000, 0x0000, 0x0A02 },
	{ 0x0002, 0x0300, 0x1000, 0x1357, 0x2468, 0x89AB, 0x4567, 0x0000, 0x0000, 0x0000, 0x0000, 0x0011, 0x1122, 0x2233, 0x3344, 0x4455, 0x6677, 0x7788, 0xAAAA, 0x0000, 0xD700, 0x0000, 0x0000, 0x0000, 0x0011, 0x0000, 0xC33C, 0x5AA5, 0x0000, 0x0000, 0x0000, 0x0A02, 0x0000, 0x0000, 0x0A02 },
	{ 0x0002, 0x0300, 0x1000, 0x1357, 0x2468, 0x89AB, 0x4567, 0x0000, 0x0000, 0x0000, 0x0000, 0x0011, 0x1122, 0x2233, 0x3344, 0x4455, 0x6677, 0x7788, 0xAAAA, 0x0000, 0xD700, 0x0000, 0x0000, 0x0000, 0x0011, 0x0000, 0xC33C, 0x5AA5, 0x0000, 0x0000, 0x0000, 0x0A02, 0x0000, 0x0000, 0x0A02 },
	{ 0x0002, 0x0300, 0x1000, 0x1357, 0x2468, 0x89AB, 0x4567, 0x0000, 0x0000, 0x0000, 0x0000, 0x0011, 0x1122, 0x2233, 0x3344, 0x4455, 0x6677, 0x7788, 0xAAAA, 0x0000, 0xD700, 0x0000, 0x0000, 0x0000, 0x0011, 0x0000, 0xC33C, 0x5AA5, 0x0000, 0x0000, 0x0000, 0x0A02, 0x0000, 0x0000, 0x0A02 },
	{ 0x0002, 0x0300, 0x1000, 0x1357, 0x2468, 0x89AB, 0x4567, 0x0000, 0x0000, 0x0000, 0x0000, 0x0011, 0x1122, 0x2233, 0x3344, 0x4455, 0x6677, 0x7788, 0xAAAA, 0x0000, 0xD700, 0x0000, 0x0000, 0x0000, 0x0011, 0x0000, 0xC33C, 0x5AA5, 0x0000, 0x0000, 0x0000, 0x0A02, 0x0000, 0x0000, 0x0A02 },
	{ 0x0002, 0x0300, 0x1000, 0x1357, 0x2468, 0x89AB, 0x4567, 0x0000, 0x0000, 0x0000, 0x0000, 0x0011, 0x1122, 0x2233, 0x3344, 0x4455, 0x6677, 0x7788, 0xAAAA, 0x0000, 0xD700, 0x0000, 0x0000, 0x0000, 0x0011, 0x0000, 0xC33C, 0x5AA5, 0x0000, 0x0000, 0x0000, 0x0A02, 0x0000, 0x0000, 0x0A02 },
	{ 0x0002, 0x0300, 0x1000, 0x1357, 0x2468, 0x89AB, 0x4567, 0x0000, 0x0000, 0x0000, 0x0000, 0x0011, 0x1122, 0x2233, 0x3344, 0x4455, 0x6677, 0x7788, 0xAAAA, 0x0000, 0xD700, 0x0000, 0x0000, 0x0000, 0x0011, 0x0000, 0xC33C, 0x5AA5, 0x0000, 0x0000, 0x0000, 0x0A02, 0x0000, 0x0000, 0x0A02 },
	{ 0x0002, 0x0300, 0x1000, 0x1357, 0x2468, 0x89AB, 0x4567, 0x0000, 0x0000, 0x0000, 0x0000, 0x0011, 0x1122, 0x2233, 0x3344, 0x4455, 0x6677, 0x7788, 0xAAAA, 0x0000, 0xD700, 0x0000, 0x0000, 0x0000, 0x0011, 0x0000, 0xC33C, 0x5AA5, 0x0000, 0x0000, 0x0000, 0x0A02, 0x0000, 0x0000, 0x0A02 },
	{ 0x0002, 0x0300, 0x1000, 0x1357, 0x2468, 0x89AB, 0x4567, 0x0000, 0x0000, 0x0000, 0x0000, 0x0011, 0x1122, 0x2233, 0x3344, 0x4455, 0x6677, 0x7788, 0xAAAA, 0x0000, 0xD700, 0x0000, 0x0000, 0x0000, 0x0011, 0x0000, 0xC33C, 0x5AA5, 0x0000, 0x0000, 0x0000, 0x0A02, 0x0000, 0x0000, 0x0A02 },
	{ 0x0002, 0x0300, 0x1000, 0x1357, 0x2468, 0x89AB, 0x4567, 0x0000, 0x0000, 0x0000, 0x0000, 0x0011, 0x1122, 0x2233, 0x3344, 0x4455, 0x6677, 0x7788, 0xAAAA, 0x0000, 0xD700, 0x0000, 0x0000, 0x0000, 0x0011, 0x0000, 0xC33C, 0x5AA5, 0x0000, 0x0000, 0x0000, 0x0A02, 0x0000, 0x0000, 0x0A02 },
	{ 0x0002, 0x0300, 0x1000, 0x1357, 0x2468, 0x89AB, 0x4567, 0x0000, 0x0000, 0x0000, 0x0000, 0x0011, 0x1122, 0x2233, 0x3344, 0x4455, 0x6677, 0x7788, 0xAAAA, 0x0000, 0xD700, 0x0000, 0x0000, 0x0000, 0x0011, 0x0000, 0xC33C, 0x5AA5, 0x0000, 0x0000, 0x0000, 0x0A02, 0x0000, 0x0000, 0x0A02 },
	{ 0x0002, 0x0300, 0x1000, 0x1357, 0x2468, 0x89AB, 0x4567, 0x0000, 0x0000, 0x0000, 0x0000, 0x0011, 0x1122, 0x2233, 0x3344, 0x4455, 0x6677, 0x7788, 0xAAAA, 0x0000, 0xD700, 0x0000, 0x0000, 0x0000, 0x0011, 0x0000, 0xC33C, 0x5AA5, 0x0000, 0x0000, 0x0000, 0x0A02, 0x0000, 0x0000, 0x0A02 },
	{ 0x0002, 0x0300, 0x1000, 0x1357, 0x2468, 0x89AB, 0x4567, 0x0000, 0x0000, 0x0000, 0x0000, 0x0011, 0x1122, 0x2233, 0x3344, 0x4455, 0x6677, 0x7788, 0xAAAA, 0x0000, 0xD700, 0x0000, 0x0000, 0x0000, 0x0011, 0x0000, 0xC33C, 0x5AA5, 0x0000, 0x0000, 0x0000, 0x0A02, 0x0000, 0x0000, 0x0A02 },
	{ 0x0002, 0x0300, 0x1000, 0x1357, 0x2468, 0x89AB, 0x4567, 0x0000, 0x0000, 0x0000, 0x0000, 0x0011, 0x1122, 0x2233, 0x3344, 0x4455, 0x6677, 0x7788, 0xAAAA, 0x0000, 0xD700, 0x0000, 0x0000, 0x0000, 0x0011, 0x0000, 0xC33C, 0x5AA5, 0x0000, 0x0000, 0x0000, 0x0A02, 0x0000, 0x0000, 0x0A02 },
	{ 0x0002, 0x0300, 0x1000, 0x1357, 0x2468, 0x89AB, 0x4567, 0x0000, 0x0000, 0x0000, 0x0000, 0x0011, 0x1122, 0x2233, 0x3344, 0x4455, 0x6677, 0x7788, 0xAAAA, 0x0000, 0xD700, 0x0000, 0x0000, 0x0000, 0x0011, 0x0000, 0xC33C, 0x5AA5, 0x0000, 0x0000, 0x0000, 0x0A02, 0x0000, 0x0000, 0x0A02 },
	{ 0x0002, 0x0300, 0x1000, 0x1357, 0x2468, 0x89AB, 0x4567, 0x0000, 0x0000, 0x0000, 0x0000, 0x0011, 0x1122, 0x2233, 0x3344, 0x4455, 0x6677, 0x7788, 0xAAAA, 0x0000, 0xD700, 0x0000, 0x0000, 0x0000, 0x0011, 0x0000, 0xC33C, 0x5AA5, 0x0000, 0x0000, 0x0000, 0x0A02, 0x0000, 0x0000, 0x0A02 },
	{ 0x0002, 0x0300, 0x1000, 0x1357, 0x2468, 0x89AB, 0x4567, 0x0000, 0x0000, 0x0000, 0x0000, 0x0011, 0x1122, 0x2233, 0x3344, 0x4455, 0x6677, 0x7788, 0xAAAA, 0x0000, 0xD700, 0x0000, 0x0000, 0x0000, 0x0011, 0x0000, 0xC33C, 0x5AA5, 0x0000, 0x0000, 0x0000, 0x0A02, 0x0000, 0x0000, 0x0A02 },
	{ 0x0002, 0x0300, 0x1000, 0x1357, 0x2468, 0x89AB, 0x4567, 0x0000, 0x0000, 0x0000, 0x0000, 0x0011, 0x1122, 0x2233, 0x3344, 0x4455, 0x6677, 0x7788, 0xAAAA, 0x0000, 0xD700, 0x0000, 0x0000, 0x0000, 0x0011, 0x0000, 0xC33C, 0x5AA5, 0x0000, 0x0000, 0x0000, 0x0A02, 0x0000, 0x0000, 0x0A02 },
	{ 0x0002, 0x0300, 0x1000, 0x1357, 0x2468, 0x89AB, 0x4567, 0x0000, 0x0000, 0x0000, 0x0000, 0x0011, 0x1122, 0x2233, 0x3344, 0x4455, 0x6677, 0x7788, 0xAAAA, 0x0000, 0xD700, 0x0000, 0x0000, 0x0000, 0x0011, 0x0000, 0xC33C, 0x5AA5, 0x0000, 0x0000, 0x0000, 0x0A02, 0x0000, 0x0000, 0x0A02 },
	{ 0x0002, 0x0300, 0x1000, 0x1357, 0x2468, 0x89AB, 0x4567, 0x0000, 0x0000, 0x0000, 0x0000, 0x0011, 0x1122, 0x2233, 0x3344, 0x4455, 0x6677, 0x7788, 0xAAAA, 0x0000, 0xD700, 0x0000, 0x0000, 0x0000, 0x0011, 0x0000, 0xC33C, 0x5AA5, 0x0000, 0x0000, 0x0000, 0x0A02, 0x0000, 0x0000, 0x0A02 },
	{ 0x0002, 0x0300, 0x1000, 0x1357, 0x2468, 0x89AB, 0x4567, 0x0000, 0x0000, 0x0000, 0x0000, 0x0011, 0x1122, 0x2233, 0x3344, 0x4455, 0x6677, 0x7788, 0xAAAA, 0x0000, 0xD700, 0x0000, 0x0000, 0x0000, 0x0011, 0x0000, 0xC33C, 0x5AA5, 0x0000, 0x0000, 0x0000, 0x0A02, 0x0000, 0x0000, 0x0A02 },
	{ 0x0002, 0x0300, 0x1000, 0x1357, 0x2468, 0x89AB, 0x4567, 0x0000, 0x0000, 0x0000, 0x0000, 0x0011, 0x1122, 0x2233, 0x3344, 0x4455, 0x6677, 0x7788, 0xAAAA, 0x0000, 0xD700, 0x0000, 0x0000, 0x0000, 0x0011, 0x0000, 0xC33C, 0x5AA5, 0x0000, 0x0000, 0x0000, 0x0A02, 0x0000, 0x0000, 0x0A02 },
	{ 0x0002, 0x0300, 0x1000, 0x1357, 0x2468, 0x89AB, 0x4567, 0x0000, 0x0000, 0x0000, 0x0000, 0x0011, 0x1122, 0x2233, 0x3344, 0x4455, 0x6677, 0x7788, 0xAAAA, 0x0000, 0xD700, 0x0000, 0x0000, 0x0000, 0x0011, 0x0000, 0xC33C, 0x5AA5, 0x0000, 0x0000, 0x0000, 0x0A02, 0x0000, 0x0000, 0x0A02 },
	{ 0x0002, 0x0300, 0x1000, 0x1357, 0x2468, 0x89AB, 0x4567, 0x0000, 0x0000, 0x0000, 0x0000, 0x0011, 0x1122, 0x2233, 0x3344, 0x4455, 0x6677, 0x7788, 0xAAAA, 0x0000, 0xD700, 0x0000, 0x0000, 0x0000, 0x0011, 0x0000, 0xC33C, 0x5AA5, 0x0000, 0x0000, 0x0000, 0x0A02, 0x0000, 0x0000, 0x0A02 },
	{ 0x0002, 0x0300, 0x1000, 0x1357, 0x2468, 0x89AB, 0x4567, 0x0000, 0x0000, 0x0000, 0x0000, 0x0011, 0x1122, 0x2233, 0x3344, 0x4455, 0x6677, 0x7788, 0xAAAA, 0x0000, 0xD700, 0x0000, 0x0000, 0x0000, 0x0011, 0x0000, 0xC33C, 0x5AA5, 0x0000, 0x0000, 0x0000, 0x0A02, 0x0000, 0x0000, 0x0A02 },
	{ 0x0002, 0x0300, 0x1000, 0x1357, 0x2468, 0x89AB, 0x4567, 0x0000, 0x0000, 0x0000, 0x0000, 0x0011, 0x1122, 0x2233, 0x3344, 0x4455, 0x6677, 0x7788, 0xAAAA, 0x0000, 0xD700, 0x0000, 0x0000, 0x0000, 0x0011, 0x0000, 0xC33C, 0x5AA5, 0x0000, 0x0000, 0x0000, 0x0A02, 0x0000, 0x0000, 0x0A02 },
	{ 0x0002, 0x0300, 0x1000, 0x1357, 0x2468, 0x89AB, 0x4567, 0x0000, 0x0000, 0x0000, 0x0000, 0x0011, 0x1122, 0x2233, 0x3344, 0x4455, 0x6677, 0x7788, 0xAAAA, 0x0000, 0xD700, 0x0000, 0x0000, 0x0000, 0x0011, 0x0000, 0xC33C, 0x5AA5, 0x0000, 0x0000, 0x0000, 0x0A02, 0x0000, 0x0000, 0x0A02 },
	{ 0x0002, 0x0300, 0x1000, 0x1357, 0x2468, 0x89AB, 0x4567, 0x0000, 0x0000, 0x0000, 0x0000, 0x0011, 0x1122, 0x2233, 0x3344, 0x4455, 0x6677, 0x7788, 0xAAAA, 0x0000, 0xD700, 0x0000, 0x0000, 0x0000, 0x0011, 0x0000, 0xC33C, 0x5AA5, 0x0000, 0x0000, 0x0000, 0x0A02, 0x0000, 0x0000, 0x0A02 },
	{ 0x0002, 0x0300, 0x1000, 0x1357, 0x2468, 0x89AB, 0x4567, 0x0000, 0x0000, 0x0000, 0x0000, 0x0011, 0x1122, 0x2233, 0x3344, 0x4455, 0x6677, 0x7788, 0xAAAA, 0x0000, 0xD700, 0x0000, 0x0000, 0x0000, 0x0011, 0x0000, 0xC33C, 0x5AA5, 0x0000, 0x0000, 0x0000, 0x0A02, 0x0000, 0x0000, 0x0A02 },
	{ 0x0002, 0x0300, 0x1000, 0x1357, 0x2468, 0x89AB, 0x4567, 0x0000, 0x0000, 0x0000, 0x0000, 0x0011, 0x1122, 0x2233, 0x3344, 0x4455, 0x6677, 0x7788, 0xAAAA, 0x0000, 0xD700, 0x0000, 0x0000, 0x0000, 0x0011, 0x0000, 0xC33C, 0x5AA5, 0x0000, 0x0000, 0x0000, 0x0A02, 0x0000, 0x0000, 0x0A02 },
	{ 0x0002, 0x0300, 0x1000, 0x1357, 0x2468, 0x89AB, 0x4567, 0x0000, 0x0000, 0x0000, 0x0000, 0x0011, 0x1122, 0x2233, 0x3344, 0x4455, 0x6677, 0x7788, 0xAAAA, 0x0000, 0xD700, 0x0000, 0x0000, 0x0000, 0x0011, 0x0000, 0xC33C, 0x5AA5, 0x0000, 0x0000, 0x0000, 0x0A02, 0x0000, 0x0000, 0x0A02 },
	{ 0x0002, 0x0300, 0x1000, 0x1357, 0x2468, 0x89AB, 0x4567, 0x0000, 0x0000, 0x0000, 0x0000, 0x0011, 0x1122, 0x2233, 0x3344, 0x4455, 0x6677, 0x7788, 0xAAAA, 0x0000, 0xD700, 0x0000, 0x0000, 0x0000, 0x0011, 0x0000, 0xC33C, 0x5AA5, 0x0000, 0x0000, 0x0000, 0x0A02, 0x0000, 0x0000, 0x0A02 },
	{ 0x0002, 0x0300, 0x1000, 0x1357, 0x2468, 0x89AB, 0x4567, 0x0000, 0x0000, 0x0000, 0x0000, 0x0011, 0x1122, 0x2233, 0x3344, 0x4455, 0x6677, 0x7788, 0xAAAA, 0x0000, 0xD700, 0x0000, 0x0000, 0x0000, 0x0011, 0x0000, 0xC33C, 0x5AA5, 0x0000, 0x0000, 0x0000, 0x0A02, 0x0000, 0x0000, 0x0A02 },
	{ 0x0002, 0x0300, 0x1000, 0x1357, 0x2468, 0x89AB, 0x4567, 0x0000, 0x0000, 0x0000, 0x0000, 0x0011, 0x1122, 0x2233, 0x3344, 0x4455, 0x6677, 0x7788, 0xAAAA, 0x0000, 0xD700, 0x0000, 0x0000, 0x0000, 0x0011, 0x0000, 0xC33C, 0x5AA5, 0x0000, 0x0000, 0x0000, 0x0A02, 0x0000, 0x0000, 0x0A02 },
	{ 0x0002, 0x0300, 0x1000, 0x1357, 0x2468, 0x89AB, 0x4567, 0x0000, 0x0000, 0x0000, 0x0000, 0x0011, 0x1122, 0x2233, 0x3344, 0x4455, 0x6677, 0x7788, 0xAAAA, 0x0000, 0xD700, 0x0000, 0x0000, 0x0000, 0x0011, 0x0000, 0xC33C, 0x5AA5, 0x0000, 0x0000, 0x0000, 0x0A02, 0x0000, 0x0000, 0x0A02 },
	{ 0x0002, 0x0300, 0x1000, 0x1357, 0x2468, 0x89AB, 0x4567, 0x0000, 0x0000, 0x0000, 0x0000, 0x0011, 0x1122, 0x2233, 0x3344, 0x4455, 0x6677, 0x7788, 0xAAAA, 0x0000, 0xD700, 0x0000, 0x0000, 0x0000, 0x0011, 0x0000, 0xC33C, 0x5AA5, 0x0000, 0x0000, 0x0000, 0x0A02, 0x0000, 0x0000, 0x0A02 },
	{ 0x0002, 0x0300, 0x1000, 0x1357, 0x2468, 0x89AB, 0x4567, 0x0000, 0x0000, 0x0000, 0x0000, 0x0011, 0x1122, 0x2233, 0x3344, 0x4455, 0x6677, 0x7788, 0xAAAA, 0x0000, 0xD700, 0x0000, 0x0000, 0x0000, 0x0011, 0x0000, 0xC33C, 0x5AA5, 0x0000, 0x0000, 0x0000, 0x0A02, 0x0000, 0x0000, 0x0A02 },
	{ 0x0002, 0x0300, 0x1000, 0x1357, 0x2468, 0x89AB, 0x4567, 0x0000, 0x0000, 0x0000, 0x0000, 0x0011, 0x1122, 0x2233, 0x3344, 0x4455, 0x6677, 0x7788, 0xAAAA, 0x0000, 0xD700, 0x0000, 0x0000, 0x0000, 0x0011, 0x0000, 0xC33C, 0x5AA5, 0x0000, 0x0000, 0x0000, 0x0A02, 0x0000, 0x0000, 0x0A02 },
	{ 0x0002, 0x0300, 0x1000, 0x1357, 0x2468, 0x89AB, 0x4567, 0x0000, 0x0000, 0x0000, 0x0000, 0x0011, 0x1122, 0x2233, 0x3344, 0x4455, 0x6677, 0x7788, 0xAAAA, 0x0000, 0xD700, 0x0000, 0x0000, 0x0000, 0x0011, 0x0000, 0xC33C, 0x5AA5, 0x0000, 0x0000, 0x0000, 0x0A02, 0x0000, 0x0000, 0x0A02 },
	{ 0x0002, 0x0300, 0x1000, 0x1357, 0x2468, 0x89AB, 0x4567, 0x0000, 0x0000, 0x0000, 0x0000, 0x0011, 0x1122, 0x2233, 0x3344, 0x4455, 0x6677, 0x7788, 0xAAAA, 0x0000, 0xD700, 0x0000, 0x0000, 0x0000, 0x0011, 0x0000, 0xC33C, 0x5AA5, 0x0000, 0x0000, 0x0000, 0x0A02, 0x0000, 0x0000, 0x0A02 },
	{ 0x0002, 0x0300, 0x1000, 0x1357, 0x2468, 0x89AB, 0x4567, 0x0000, 0x0000, 0x0000, 0x0000, 0x0011, 0x1122, 0x2233, 0x3344, 0x4455, 0x6677, 0x7788, 0xAAAA, 0x0000, 0xD700, 0x0000, 0x0000, 0x0000, 0x0011, 0x0000, 0xC33C, 0x5AA5, 0x0000, 0x0000, 0x0000, 0x0A02, 0x0000, 0x0000, 0x0A02 },
	{ 0x0002, 0x0300, 0x1000, 0x1357, 0x2468, 0x89AB, 0x4567, 0x0000, 0x0000, 0x0000, 0x0000, 0x0011, 0x1122, 0x2233, 0x3344, 0x4455, 0x6677, 0x7788, 0xAAAA, 0x0000, 0xD700, 0x0000, 0x0000, 0x0000, 0x0011, 0x0000, 0xC33C, 0x5AA5, 0x0000, 0x0000, 0x0000, 0x0A02, 0x0000, 0x0000, 0x0A02 },
	{ 0x0002, 0x0300, 0x1000, 0x1357, 0x2468, 0x89AB, 0x4567, 0x0000, 0x0000, 0x0000, 0x0000, 0x0011, 0x1122, 0x2233, 0x3344, 0x4455, 0x6677, 0x7788, 0xAAAA, 0x0000, 0xD700, 0x0000, 0x0000, 0x0000, 0x0011, 0x0000, 0xC33C, 0x5AA5, 0x0000, 0x0000, 0x0000, 0x0A02, 0x0000, 0x0000, 0x0A02 },
	{ 0x0002, 0x0300, 0x1000, 0x1357, 0x2468, 0x89AB, 0x4567, 0x0000, 0x0000, 0x0000, 0x0000, 0x0011, 0x1122, 0x2233, 0x3344, 0x4455, 0x6677, 0x7788, 0xAAAA, 0x0000, 0xD700, 0x0000, 0x0000, 0x0000, 0x0011, 0x0000, 0xC33C, 0x5AA5, 0x0000, 0x0000, 0x0000, 0x0A02, 0x0000, 0x0000, 0x0A02 },
	{ 0x0002, 0x0300, 0x1000, 0x1357, 0x2468, 0x89AB, 0x4567, 0x0000, 0x0000, 0x0000, 0x0000, 0x0011, 0x1122, 0x2233, 0x3344, 0x4455, 0x6677, 0x7788, 0xAAAA, 0x0000, 0xD700, 0x0000, 0x0000, 0x0000, 0x0011, 0x0000, 0xC33C, 0x5AA5, 0x0000, 0x0000, 0x0000, 0x0A02, 0x0000, 0x0000, 0x0A02 },
	{ 0x0002, 0x0300, 0x1000, 0x1357, 0x2468, 0x89AB, 0x4567, 0x0000, 0x0000, 0x0000, 0x0000, 0x0011, 0x1122, 0x2233, 0x3344, 0x4455, 0x6677, 0x7788, 0xAAAA, 0x0000, 0xD700, 0x0000, 0x0000, 0x0000, 0x0011, 0x0000, 0xC33C, 0x5AA5, 0x0000, 0x0000, 0x0000, 0x0A02, 0x0000, 0x0000, 0x0A02 },
	{ 0x0002, 0x0300, 0x1000, 0x1357, 0x2468, 0x89AB, 0x4567, 0x0000, 0x0000, 0x0000, 0x0000, 0x0011, 0x1122, 0x2233, 0x3344, 0x4455, 0x6677, 0x7788, 0xAAAA, 0x0000, 0xD700, 0x0000, 0x0000, 0x0000, 0x0011, 0x0000, 0xC33C, 0x5AA5, 0x0000, 0x0000, 0x0000, 0x0A02, 0x0000, 0x0000, 0x0A02 },
	{ 0x0002, 0x0300, 0x1000, 0x1357, 0x2468, 0x89AB, 0x4567, 0x0000, 0x0000, 0x0000, 0x0000, 0x0011, 0x1122, 0x2233, 0x3344, 0x4455, 0x6677, 0x7788, 0xAAAA, 0x0000, 0xD700, 0x0000, 0x0000, 0x0000, 0x0011, 0x0000, 0xC33C, 0x5AA5, 0x0000, 0x0000, 0x0000, 0x0A02, 0x0000, 0x0000, 0x0A02 },
	{ 0x0002, 0x0300, 0x1000, 0x1357, 0x2468, 0x89AB, 0x4567, 0x0000, 0x0000, 0x0000, 0x0000, 0x0011, 0x1122, 0x2233, 0x3344, 0x4455, 0x6677, 0x7788, 0xAAAA, 0x0000, 0xD700, 0x0000, 0x0000, 0x0000, 0x0011, 0x0000, 0xC33C, 0x5AA5, 0x0000, 0x0000, 0x0000, 0x0A02, 0x0000, 0x0000, 0x0A02 },
	{ 0x0002, 0x0300, 0x1000, 0x1357, 0x2468, 0x89AB, 0x4567, 0x0000, 0x0000, 0x0000, 0x0000, 0x0011, 0x1122, 0x2233, 0x3344, 0x4455, 0x6677, 0x7788, 0xAAAA, 0x0000, 0xD700, 0x0000, 0x0000, 0x0000, 0x0011, 0x0000, 0xC33C, 0x5AA5, 0x0000, 0x0000, 0x0000, 0x0A02, 0x0000, 0x0000, 0x0A02 },
	{ 0x0002, 0x0300, 0x1000, 0x1357, 0x2468, 0x89AB, 0x4567, 0x0000, 0x0000, 0x0000, 0x0000, 0x0011, 0x1122, 0x2233, 0x3344, 0x4455, 0x6677, 0x7788, 0xAAAA, 0x0000, 0xD700, 0x0000, 0x0000, 0x0000, 0x0011, 0x0000, 0xC33C, 0x5AA5, 0x0000, 0x0000, 0x0000, 0x0A02, 0x0000, 0x0000, 0x0A02 },
	{ 0x0002, 0x0300, 0x1000, 0x1357, 0x2468, 0x89AB, 0x4567, 0x0000, 0x0000, 0x0000, 0x0000, 0x0011, 0x1122, 0x2233, 0x3344, 0x4455, 0x6677, 0x7788, 0xAAAA, 0x0000, 0xD700, 0x0000, 0x0000, 0x0000, 0x0011, 0x0000, 0xC33C, 0x5AA5, 0x0000, 0x0000, 0x0000, 0x0A02, 0x0000, 0x0000, 0x0A02 },
	{ 0x0002, 0x0300, 0x1000, 0x1357, 0x2468, 0x89AB, 0x4567, 0x0000, 0x0000, 0x0000, 0x0000, 0x0011, 0x1122, 0x2233, 0x3344, 0x4455, 0x6677, 0x7788, 0xAAAA, 0x0000, 0xD700, 0x0000, 0x0000, 0x0000, 0x0011, 0x0000, 0xC33C, 0x5AA5, 0x0000, 0x0000, 0x0000, 0x0A02, 0x0000, 0x0000, 0x0A02 },
	{ 0x0002, 0x0300, 0x1000, 0x1357, 0x2468, 0x89AB, 0x4567, 0x0000, 0x0000, 0x0000, 0x0000, 0x0011, 0x1122, 0x2233, 0x3344, 0x4455, 0x6677, 0x7788, 0xAAAA, 0x0000, 0xD700, 0x0000, 0x0000, 0x0000, 0x0011, 0x0000, 0xC33C, 0x5AA5, 0x0000, 0x0000, 0x0000, 0x0A02, 0x0000, 0x0000, 0x0A02 },
	{ 0x0002, 0x0300, 0x1000, 0x1357, 0x2468, 0x89AB, 0x4567, 0x0000, 0x0000, 0x0000, 0x0000, 0x0011, 0x1122, 0x2233, 0x3344, 0x4455, 0x6677, 0x7788, 0xAAAA, 0x0000, 0xD700, 0x0000, 0x0000, 0x0000, 0x0011, 0x0000, 0xC33C, 0x5AA5, 0x0000, 0x0000, 0x0000, 0x0A02, 0x0000, 0x0000, 0x0A02 },
	{ 0x0002, 0x0300, 0x1000, 0x1357, 0x2468, 0x89AB, 0x4567, 0x0000, 0x0000, 0x0000, 0x0000, 0x0011, 0x1122, 0x2233, 0x3344, 0x4455, 0x6677, 0x7788, 0xAAAA, 0x0000, 0xD700, 0x0000, 0x0000, 0x0000, 0x0011, 0x0000, 0xC33C, 0x5AA5, 0x0000, 0x0000, 0x0000, 0x0A02, 0x0000, 0x0000, 0x0A02 },
	{ 0x0002, 0x0300, 0x1000, 0x1357, 0x2468, 0x89AB, 0x4567, 0x0000, 0x0000, 0x0000, 0x0000, 0x0011, 0x1122, 0x2233, 0x3344, 0x4455, 0x6677, 0x7788, 0xAAAA, 0x0000, 0xD700, 0x0000, 0x0000, 0x0000, 0x0011, 0x0000, 0xC33C, 0x5AA5, 0x0000, 0x0000, 0x0000, 0x0A02, 0x0000, 0x0000, 0x0A02 },
	{ 0x0000, 0x0300, 0x1000, 0x1357, 0x2468, 0x89AB, 0x4567, 0x0000, 0x0000, 0x0000, 0x0000, 0x0011, 0x1122, 0x2233, 0x3344, 0x4455, 0x6677, 0x7788, 0xAAAA, 0x0000, 0xD700, 0x0000, 0x0000, 0x0000, 0x0011, 0x0000, 0xC33C, 0x5AA5, 0x0000, 0x0000, 0x0000, 0x0A00, 0x0000, 0x0000, 0x0A00 },
	{ 0x0000, 0x0300, 0x1000, 0x1357, 0x2468, 0x89AB, 0x4567, 0x0000, 0x0000, 0x0000, 0x0000, 0x0011, 0x1122, 0x2233, 0x3344, 0x4455, 0x6677, 0x7788, 0xAAAA, 0x0000, 0xD700, 0x0000, 0x0000, 0x0000, 0x0011, 0x0000, 0xC33C, 0x5AA5, 0x0000, 0x0000, 0x0000, 0x0A00, 0x0000, 0x0000, 0x0A00 },
	{ 0x0000, 0x0300, 0x1000, 0x1357, 0x2468, 0x89AB, 0x4567, 0x0000, 0x0000, 0x0000, 0x0000, 0x0011, 0x1122, 0x2233, 0x3344, 0x4455, 0x6677, 0x7788, 0xAAAA, 0x0000, 0xD700, 0x0000, 0x0000, 0x0000, 0x0011, 0x0000, 0xC33C, 0x5AA5, 0x0000, 0x0000, 0x0000, 0x0A00, 0x0000, 0x0000, 0x0A00 },
	{ 0x0000, 0x0300, 0x1000, 0x1357, 0x2468, 0x89AB, 0x4567, 0x0000, 0x0000, 0x0000, 0x0000, 0x0011, 0x1122, 0x2233, 0x3344, 0x4455, 0x6677, 0x7788, 0xAAAA, 0x0000, 0xD700, 0x0000, 0x0000, 0x0000, 0x0011, 0x0000, 0xC33C, 0x5AA5, 0x0000, 0x0000, 0x0000, 0x0A00, 0x0000, 0x0000, 0x0A00 },
	{ 0x0000, 0x0300, 0x1000, 0x1357, 0x2468, 0x89AB, 0x4567, 0x0000, 0x0000, 0x0000, 0x0000, 0x0011, 0x1122, 0x2233, 0x3344, 0x4455, 0x6677, 0x7788, 0xAAAA, 0x0000, 0xD700, 0x0000, 0x0000, 0x0000, 0x0011, 0x0000, 0xC33C, 0x5AA5, 0x0000, 0x0000, 0x0000, 0x0A00, 0x0000, 0x0000, 0x0A00 },
	{ 0x0000, 0x0300, 0x1000, 0x1357, 0x2468, 0x89AB, 0x4567, 0x0000, 0x0000, 0x0000, 0x0000, 0x0011, 0x1122, 0x2233, 0x3344, 0x4455, 0x6677, 0x7788, 0xAAAA, 0x0000, 0xD700, 0x0000, 0x0000, 0x0000, 0x0011, 0x0000, 0xC33C, 0x5AA5, 0x0000, 0x0000, 0x0000, 0x0A00, 0x0000, 0x0000, 0x0A00 },
	{ 0x0000, 0x0300, 0x1000, 0x1357, 0x2468, 0x89AB, 0x4567, 0x0000, 0x0000, 0x0000, 0x0000, 0x0011, 0x1122, 0x2233, 0x3344, 0x4455, 0x6677, 0x7788, 0xAAAA, 0x0000, 0xD700, 0x0000, 0x0000, 0x0000, 0x0011, 0x0000, 0xC33C, 0x5AA5, 0x0000, 0x0000, 0x0000, 0x0A00, 0x0000, 0x0000, 0x0A00 },
	{ 0x0000, 0x0300, 0x1000, 0x1357, 0x2468, 0x89AB, 0x4567, 0x0000, 0x0000, 0x0000, 0x0000, 0x0011, 0x1122, 0x2233, 0x3344, 0x4455, 0x6677, 0x7788, 0xAAAA, 0x0000, 0xD700, 0x0000, 0x0000, 0x0000, 0x0011, 0x0000, 0xC33C, 0x5AA5, 0x0000, 0x0000, 0x0000, 0x0A00, 0x0000, 0x0000, 0x0A00 },
	{ 0x0000, 0x0300, 0x1000, 0x1357, 0x2468, 0x89AB, 0x4567, 0x0000, 0x0000, 0x0000, 0x0000, 0x0011, 0x1122, 0x2233, 0x3344, 0x4455, 0x6677, 0x7788, 0xAAAA, 0x0000, 0xD700, 0x0000, 0x0000, 0x0000, 0x0011, 0x0000, 0xC33C, 0x5AA5, 0x0000, 0x0000, 0x0000, 0x0A00, 0x0000, 0x0000, 0x0A00 },
	{ 0x0000, 0x0300, 0x1000, 0x1357, 0x2468, 0x89AB, 0x4567, 0x0000, 0x0000, 0x0000, 0x0000, 0x0011, 0x1122, 0x2233, 0x3344, 0x4455, 0x6677, 0x7788, 0xAAAA, 0x0000, 0xD700, 0x0000, 0x0000, 0x0000, 0x0011, 0x0000, 0xC33C, 0x5AA5, 0x0000, 0x0000, 0x0000, 0x0A00, 0x0000, 0x0000, 0x0A00 },
	{ 0x0000, 0x0300, 0x1000, 0x1357, 0x2468, 0x89AB, 0x4567, 0x0000, 0x0000, 0x0000, 0x0000, 0x0011, 0x1122, 0x2233, 0x3344, 0x4455, 0x6677, 0x7788, 0xAAAA, 0x0000, 0xD700, 0x0000, 0x0000, 0x0000, 0x0011, 0x0000, 0xC33C, 0x5AA5, 0x0000, 0x0000, 0x0000, 0x0A00, 0x0000, 0x0000, 0x0A00 },
	{ 0x0000, 0x0300, 0x1000, 0x1357, 0x2468, 0x89AB, 0x4567, 0x0000, 0x0000, 0x0000, 0x0000, 0x0011, 0x1122, 0x2233, 0x3344, 0x4455, 0x6677, 0x7788, 0xAAAA, 0x0000, 0xD700, 0x0000, 0x0000, 0x0000, 0x0011, 0x0000, 0xC33C, 0x5AA5, 0x0000, 0x0000, 0x0000, 0x0A00, 0x0000, 0x0000, 0x0A00 },
	{ 0x0000, 0x0300, 0x1000, 0x1357, 0x2468, 0x89AB, 0x4567, 0x0000, 0x0000, 0x0000, 0x0000, 0x0011, 0x1122, 0x2233, 0x3344, 0x4455, 0x6677, 0x7788, 0xAAAA, 0x0000, 0xD700, 0x0000, 0x0000, 0x0000, 0x0011, 0x0000, 0xC33C, 0x5AA5, 0x0000, 0x0000, 0x0000, 0x0A00, 0x0000, 0x0000, 0x0A00 },
	{ 0x0000, 0x0300, 0x1000, 0x1357, 0x2468, 0x89AB, 0x4567, 0x0000, 0x0000, 0x0000, 0x0000, 0x0011, 0x1122, 0x2233, 0x3344, 0x4455, 0x6677, 0x7788, 0xAAAA, 0x0000, 0xD700, 0x0000, 0x0000, 0x0000, 0x0011, 0x0000, 0xC33C, 0x5AA5, 0x0000, 0x0000, 0x0000, 0x0A00, 0x0000, 0x0000, 0x0A00 },
	{ 0x0000, 0x0300, 0x1000, 0x1357, 0x2468, 0x89AB, 0x4567, 0x0000, 0x0000, 0x0000, 0x0000, 0x0011, 0x1122, 0x2233, 0x3344, 0x4455, 0x6677, 0x7788, 0xAAAA, 0x0000, 0xD700, 0x0000, 0x0000, 0x0000, 0x0011, 0x0000, 0xC33C, 0x5AA5, 0x0000, 0x0000, 0x0000, 0x0A00, 0x0000, 0x0000, 0x0A00 },
	{ 0x0000, 0x0300, 0x1000, 0x1357, 0x2468, 0x89AB, 0x4567, 0x0000, 0x0000, 0x0000, 0x0000, 0x0011, 0x1122, 0x2233, 0x3344, 0x4455, 0x6677, 0x7788, 0xAAAA, 0x0000, 0xD700, 0x0000, 0x0000, 0x0000, 0x0011, 0x0000, 0xC33C, 0x5AA5, 0x0000, 0x0000, 0x0000, 0x0A00, 0x0000, 0x0000, 0x0A00 },
	{ 0x0000, 0x0300, 0x1000, 0x1357, 0x2468, 0x89AB, 0x4567, 0x0000, 0x0000, 0x0000, 0x0000, 0x0011, 0x1122, 0x2233, 0x3344, 0x4455, 0x6677, 0x7788, 0xAAAA, 0x0000, 0xD700, 0x0000, 0x0000, 0x0000, 0x0011, 0x0000, 0xC33C, 0x5AA5, 0x0000, 0x0000, 0x0000, 0x0A00, 0x0000, 0x0000, 0x0A00 },
	{ 0x0000, 0x0300, 0x1000, 0x1357, 0x2468, 0x89AB, 0x4567, 0x0000, 0x0000, 0x0000, 0x0000, 0x0011, 0x1122, 0x2233, 0x3344, 0x4455, 0x6677, 0x7788, 0xAAAA, 0x0000, 0xD700, 0x0000, 0x0000, 0x0000, 0x0011, 0x0000, 0xC33C, 0x5AA5, 0x0000, 0x0000, 0x0000, 0x0A00, 0x0000, 0x0000, 0x0A00 },
	{ 0x0000, 0x0300, 0x1000, 0x1357, 0x2468, 0x89AB, 0x4567, 0x0000, 0x0000, 0x0000, 0x0000, 0x0011, 0x1122, 0x2233, 0x3344, 0x4455, 0x6677, 0x7788, 0xAAAA, 0x0000, 0xD700, 0x0000, 0x0000, 0x0000, 0x0011, 0x0000, 0xC33C, 0x5AA5, 0x0000, 0x0000, 0x0000, 0x0A00, 0x0000, 0x0000, 0x0A00 },
	{ 0x0000, 0x0300, 0x1000, 0x1357, 0x2468, 0x89AB, 0x4567, 0x0000, 0x0000, 0x0000, 0x0000, 0x0011, 0x1122, 0x2233, 0x3344, 0x4455, 0x6677, 0x7788, 0xAAAA, 0x0000, 0xD700, 0x0000, 0x0000, 0x0000, 0x0011, 0x0000, 0xC33C, 0x5AA5, 0x0000, 0x0000, 0x0000, 0x0A00, 0x0000, 0x0000, 0x0A00 },
	{ 0x0000, 0x0300, 0x1000, 0x1357, 0x2468, 0x89AB, 0x4567, 0x0000, 0x0000, 0x0000, 0x0000, 0x0011, 0x1122, 0x2233, 0x3344, 0x4455, 0x6677, 0x7788, 0xAAAA, 0x0000, 0xD700, 0x0000, 0x0000, 0x0000, 0x0011, 0x0000, 0xC33C, 0x5AA5, 0x0000, 0x0000, 0x0000, 0x0A00, 0x0000, 0x0000, 0x0A00 },
	{ 0x0000, 0x0300, 0x1000, 0x1357, 0x2468, 0x89AB, 0x4567, 0x0000, 0x0000, 0x0000, 0x0000, 0x0011, 0x1122, 0x2233, 0x3344, 0x4455, 0x6677, 0x7788, 0xAAAA, 0x0000, 0xD700, 0x0000, 0x0000, 0x0000, 0x0011, 0x0000, 0xC33C, 0x5AA5, 0x0000, 0x0000, 0x0000, 0x0A00, 0x0000, 0x0000, 0x0A00 },
	{ 0x0000, 0x0300, 0x1000, 0x1357, 0x2468, 0x89AB, 0x4567, 0x0000, 0x0000, 0x0000, 0x0000, 0x0011, 0x1122, 0x2233, 0x3344, 0x4455, 0x6677, 0x7788, 0xAAAA, 0x0000, 0xD700, 0x0000, 0x0000, 0x0000, 0x0011, 0x0000, 0xC33C, 0x5AA5, 0x0000, 0x0000, 0x0000, 0x0A00, 0x0000, 0x0000, 0x0A00 },
	{ 0x0000, 0x0300, 0x1000, 0x1357, 0x2468, 0x89AB, 0x4567, 0x0000, 0x0000, 0x0000, 0x0000, 0x0011, 0x1122, 0x2233, 0x3344, 0x4455, 0x6677, 0x7788, 0xAAAA, 0x0000, 0xD700, 0x0000, 0x0000, 0x0000, 0x0011, 0x0000, 0xC33C, 0x5AA5, 0x0000, 0x0000, 0x0000, 0x0A00, 0x0000, 0x0000, 0x0A00 },
	{ 0x0000, 0x0300, 0x1000, 0x1357, 0x2468, 0x89AB, 0x4567, 0x0000, 0x0000, 0x0000, 0x0000, 0x0011, 0x1122, 0x2233, 0x3344, 0x4455, 0x6677, 0x7788, 0xAAAA, 0x0000, 0xD700, 0x0000, 0x0000, 0x0000, 0x0011, 0x0000, 0xC33C, 0x5AA5, 0x0000, 0x0000, 0x0000, 0x0A00, 0x0000, 0x0000, 0x0A00 },
	{ 0x0000, 0x0300, 0x1000, 0x1357, 0x2468, 0x89AB, 0x4567, 0x0000, 0x0000, 0x0000, 0x0000, 0x0011, 0x1122, 0x2233, 0x3344, 0x4455, 0x6677, 0x7788, 0xAAAA, 0x0000, 0xD700, 0x0000, 0x0000, 0x0000, 0x0011, 0x0000, 0xC33C, 0x5AA5, 0x0000, 0x0000, 0x0000, 0x0A00, 0x0000, 0x0000, 0x0A00 },
	{ 0x0000, 0x0300, 0x1000, 0x1357, 0x2468, 0x89AB, 0x4567, 0x0000, 0x0000, 0x0000, 0x0000, 0x0011, 0x1122, 0x2233, 0x3344, 0x4455, 0x6677, 0x7788, 0xAAAA, 0x0000, 0xD700, 0x0000, 0x0000, 0x0000, 0x0011, 0x0000, 0xC33C, 0x5AA5, 0x0000, 0x0000, 0x0000, 0x0A00, 0x0000, 0x0000, 0x0A00 },
	{ 0x0000, 0x0300, 0x1000, 0x1357, 0x2468, 0x89AB, 0x4567, 0x0000, 0x0000, 0x0000, 0x0000, 0x0011, 0x1122, 0x2233, 0x3344, 0x4455, 0x6677, 0x7788, 0xAAAA, 0x0000, 0xD700, 0x0000, 0x0000, 0x0000, 0x0011, 0x0000, 0xC33C, 0x5AA5, 0x0000, 0x0000, 0x0000, 0x0A00, 0x0000, 0x0000, 0x0A00 },
	{ 0x0000, 0x0300, 0x1000, 0x1357, 0x2468, 0x89AB, 0x4567, 0x0000, 0x0000, 0x0000, 0x0000, 0x0011, 0x1122, 0x2233, 0x3344, 0x4455, 0x6677, 0x7788, 0xAAAA, 0x0000, 0xD700, 0x0000, 0x0000, 0x0000, 0x0011, 0x0000, 0xC33C, 0x5AA5, 0x0000, 0x0000, 0x0000, 0x0A00, 0x0000, 0x0000, 0x0A00 },
	{ 0x0000, 0x0300, 0x1000, 0x1357, 0x2468, 0x89AB, 0x4567, 0x0000, 0x0000, 0x0000, 0x0000, 0x0011, 0x1122, 0x2233, 0x3344, 0x4455, 0x6677, 0x7788, 0xAAAA, 0x0000, 0xD700, 0x0000, 0x0000, 0x0000, 0x0011, 0x0000, 0xC33C, 0x5AA5, 0x0000, 0x0000, 0x0000, 0x0A00, 0x0000, 0x0000, 0x0A00 },
	{ 0x0000, 0x0300, 0x1000, 0x1357, 0x2468, 0x89AB, 0x4567, 0x0000, 0x0000, 0x0000, 0x0000, 0x0011, 0x1122, 0x2233, 0x3344, 0x4455, 0x6677, 0x7788, 0xAAAA, 0x0000, 0xD700, 0x0000, 0x0000, 0x0000, 0x0011, 0x0000, 0xC33C, 0x5AA5, 0x0000, 0x0000, 0x0000, 0x0A00, 0x0000, 0x0000, 0x0A00 },
	{ 0x0000, 0x0300, 0x1000, 0x1357, 0x2468, 0x89AB, 0x4567, 0x0000, 0x0000, 0x0000, 0x0000, 0x0011, 0x1122, 0x2233, 0x3344, 0x4455, 0x6677, 0x7788, 0xAAAA, 0x0000, 0xD700, 0x0000, 0x0000, 0x0000, 0x0011, 0x0000, 0xC33C, 0x5AA5, 0x0000, 0x0000, 0x0000, 0x0A00, 0x0000, 0x0000, 0x0A00 },
	{ 0x0000, 0x0300, 0x1000, 0x1357, 0x2468, 0x89AB, 0x4567, 0x0000, 0x0000, 0x0000, 0x0000, 0x0011, 0x1122, 0x2233, 0x3344, 0x4455, 0x6677, 0x7788, 0xAAAA, 0x0000, 0xD700, 0x0000, 0x0000, 0x0000, 0x0011, 0x0000, 0xC33C, 0x5AA5, 0x0000, 0x0000, 0x0000, 0x0A00, 0x0000, 0x0000, 0x0A00 },
	{ 0x0000, 0x0300, 0x1000, 0x1357, 0x2468, 0x89AB, 0x4567, 0x0000, 0x0000, 0x0000, 0x0000, 0x0011, 0x1122, 0x2233, 0x3344, 0x4455, 0x6677, 0x7788, 0xAAAA, 0x0000, 0xD700, 0x0000, 0x0000, 0x0000, 0x0011, 0x0000, 0xC33C, 0x5AA5, 0x0000, 0x0000, 0x0000, 0x0A00, 0x0000, 0x0000, 0x0A00 },
	{ 0x0000, 0x0300, 0x1000, 0x1357, 0x2468, 0x89AB, 0x4567, 0x0000, 0x0000, 0x0000, 0x0000, 0x0011, 0x1122, 0x2233, 0x3344, 0x4455, 0x6677, 0x7788, 0xAAAA, 0x0000, 0xD700, 0x0000, 0x0000, 0x0000, 0x0011, 0x0000, 0xC33C, 0x5AA5, 0x0000, 0x0000, 0x0000, 0x0A00, 0x0000, 0x0000, 0x0A00 },
	{ 0x0000, 0x0300, 0x1000, 0x1357, 0x2468, 0x89AB, 0x4567, 0x0000, 0x0000, 0x0000, 0x0000, 0x0011, 0x1122, 0x2233, 0x3344, 0x4455, 0x6677, 0x7788, 0xAAAA, 0x0000, 0xD700, 0x0000, 0x0000, 0x0000, 0x0011, 0x0000, 0xC33C, 0x5AA5, 0x0000, 0x0000, 0x0000, 0x0A00, 0x0000, 0x0000, 0x0A00 },
	{ 0x0000, 0x0300, 0x1000, 0x1357, 0x2468, 0x89AB, 0x4567, 0x0000, 0x0000, 0x0000, 0x0000, 0x0011, 0x1122, 0x2233, 0x3344, 0x4455, 0x6677, 0x7788, 0xAAAA, 0x0000, 0xD700, 0x0000, 0x0000, 0x0000, 0x0011, 0x0000, 0xC33C, 0x5AA5, 0x0000, 0x0000, 0x0000, 0x0A00, 0x0000, 0x0000, 0x0A00 },
	{ 0x0000, 0x0300, 0x1000, 0x1357, 0x2468, 0x89AB, 0x4567, 0x0000, 0x0000, 0x0000, 0x0000, 0x0011, 0x1122, 0x2233, 0x3344, 0x4455, 0x6677, 0x7788, 0xAAAA, 0x0000, 0xD700, 0x0000, 0x0000, 0x0000, 0x0011, 0x0000, 0xC33C, 0x5AA5, 0x0000, 0x0000, 0x0000, 0x0A00, 0x0000, 0x0000, 0x0A00 },
	{ 0x0000, 0x0300, 0x1000, 0x1357, 0x2468, 0x89AB, 0x4567, 0x0000, 0x0000, 0x0000, 0x0000, 0x0011, 0x1122, 0x2233, 0x3344, 0x4455, 0x6677, 0x7788, 0xAAAA, 0x0000, 0xD700, 0x0000, 0x0000, 0x0000, 0x0011, 0x0000, 0xC33C, 0x5AA5, 0x0000, 0x0000, 0x0000, 0x0A00, 0x0000, 0x0000, 0x0A00 },
	{ 0x0000, 0x0300, 0x1000, 0x1357, 0x2468, 0x89AB, 0x4567, 0x0000, 0x0000, 0x0000, 0x0000, 0x0011, 0x1122, 0x2233, 0x3344, 0x4455, 0x6677, 0x7788, 0xAAAA, 0x0000, 0xD700, 0x0000, 0x0000, 0x0000, 0x0011, 0x0000, 0xC33C, 0x5AA5, 0x0000, 0x0000, 0x0000, 0x0A00, 0x0000, 0x0000, 0x0A00 },
	{ 0x0000, 0x0300, 0x1000, 0x1357, 0x2468, 0x89AB, 0x4567, 0x0000, 0x0000, 0x0000, 0x0000, 0x0011, 0x1122, 0x2233, 0x3344, 0x4455, 0x6677, 0x7788, 0xAAAA, 0x0000, 0xD700, 0x0000, 0x0000, 0x0000, 0x0011, 0x0000, 0xC33C, 0x5AA5, 0x0000, 0x0000, 0x0000, 0x0A00, 0x0000, 0x0000, 0x0A00 },
	{ 0x0000, 0x0300, 0x1000, 0x1357, 0x2468, 0x89AB, 0x4567, 0x0000, 0x0000, 0x0000, 0x0000, 0x0011, 0x1122, 0x2233, 0x3344, 0x4455, 0x6677, 0x7788, 0xAAAA, 0x0000, 0xD700, 0x0000, 0x0000, 0x0000, 0x0011, 0x0000, 0xC33C, 0x5AA5, 0x0000, 0x0000, 0x0000, 0x0A00, 0x0000, 0x0000, 0x0A00 },
	{ 0x0000, 0x0300, 0x1000, 0x1357, 0x2468, 0x89AB, 0x4567, 0x0000, 0x0000, 0x0000, 0x0000, 0x0011, 0x1122, 0x2233, 0x3344, 0x4455, 0x6677, 0x7788, 0xAAAA, 0x0000, 0xD700, 0x0000, 0x0000, 0x0000, 0x0011, 0x0000, 0xC33C, 0x5AA5, 0x0000, 0x0000, 0x0000, 0x0A00, 0x0000, 0x0000, 0x0A00 },
	{ 0x0000, 0x0300, 0x1000, 0x1357, 0x2468, 0x89AB, 0x4567, 0x0000, 0x0000, 0x0000, 0x0000, 0x0011, 0x1122, 0x2233, 0x3344, 0x4455, 0x6677, 0x7788, 0xAAAA, 0x0000, 0xD700, 0x0000, 0x0000, 0x0000, 0x0011, 0x0000, 0xC33C, 0x5AA5, 0x0000, 0x0000, 0x0000, 0x0A00, 0x0000, 0x0000, 0x0A00 },
	{ 0x0000, 0x0300, 0x1000, 0x1357, 0x2468, 0x89AB, 0x4567, 0x0000, 0x0000, 0x0000, 0x0000, 0x0011, 0x1122, 0x2233, 0x3344, 0x4455, 0x6677, 0x7788, 0xAAAA, 0x0000, 0xD700, 0x0000, 0x0000, 0x0000, 0x0011, 0x0000, 0xC33C, 0x5AA5, 0x0000, 0x0000, 0x0000, 0x0A00, 0x0000, 0x0000, 0x0A00 },
	{ 0x0000, 0x0300, 0x1000, 0x1357, 0x2468, 0x89AB, 0x4567, 0x0000, 0x0000, 0x0000, 0x0000, 0x0011, 0x1122, 0x2233, 0x3344, 0x4455, 0x6677, 0x7788, 0xAAAA, 0x0000, 0xD700, 0x0000, 0x0000, 0x0000, 0x0011, 0x0000, 0xC33C, 0x5AA5, 0x0000, 0x0000, 0x0000, 0x0A00, 0x0000, 0x0000, 0x0A00 },
	{ 0x0000, 0x0300, 0x1000, 0x1357, 0x2468, 0x89AB, 0x4567, 0x0000, 0x0000, 0x0000, 0x0000, 0x0011, 0x1122, 0x2233, 0x3344, 0x4455, 0x6677, 0x7788, 0xAAAA, 0x0000, 0xD700, 0x0000, 0x0000, 0x0000, 0x0011, 0x0000, 0xC33C, 0x5AA5, 0x0000, 0x0000, 0x0000, 0x0A00, 0x0000, 0x0000, 0x0A00 },
	{ 0x0000, 0x0300, 0x1000, 0x1357, 0x2468, 0x89AB, 0x4567, 0x0000, 0x0000, 0x0000, 0x0000, 0x0011, 0x1122, 0x2233, 0x3344, 0x4455, 0x6677, 0x7788, 0xAAAA, 0x0000, 0xD700, 0x0000, 0x0000, 0x0000, 0x0011, 0x0000, 0xC33C, 0x5AA5, 0x0000, 0x0000, 0x0000, 0x0A00, 0x0000, 0x0000, 0x0A00 },
	{ 0x0000, 0x0300, 0x1000, 0x1357, 0x2468, 0x89AB, 0x4567, 0x0000, 0x0000, 0x0000, 0x0000, 0x0011, 0x1122, 0x2233, 0x3344, 0x4455, 0x6677, 0x7788, 0xAAAA, 0x0000, 0xD700, 0x0000, 0x0000, 0x0000, 0x0011, 0x0000, 0xC33C, 0x5AA5, 0x0000, 0x0000, 0x0000, 0x0A00, 0x0000, 0x0000, 0x0A00 },
	{ 0x0000, 0x0300, 0x1000, 0x1357, 0x2468, 0x89AB, 0x4567, 0x0000, 0x0000, 0x0000, 0x0000, 0x0011, 0x1122, 0x2233, 0x3344, 0x4455, 0x6677, 0x7788, 0xAAAA, 0x0000, 0xD700, 0x0000, 0x0000, 0x0000, 0x0011, 0x0000, 0xC33C, 0x5AA5, 0x0000, 0x0000, 0x0000, 0x0A00, 0x0000, 0x0000, 0x0A00 },
	{ 0x0000, 0x0300, 0x1000, 0x1357, 0x2468, 0x89AB, 0x4567, 0x0000, 0x0000, 0x0000, 0x0000, 0x0011, 0x1122, 0x2233, 0x3344, 0x4455, 0x6677, 0x7788, 0xAAAA, 0x0000, 0xD700, 0x0000, 0x0000, 0x0000, 0x0011, 0x0000, 0xC33C, 0x5AA5, 0x0000, 0x0000, 0x0000, 0x0A00, 0x0000, 0x0000, 0x0A00 },
	{ 0x0000, 0x0300, 0x1000, 0x1357, 0x2468, 0x89AB, 0x4567, 0x0000, 0x0000, 0x0000, 0x0000, 0x0011, 0x1122, 0x2233, 0x3344, 0x4455, 0x6677, 0x7788, 0xAAAA, 0x0000, 0xD700, 0x0000, 0x0000, 0x0000, 0x0011, 0x0000, 0xC33C, 0x5AA5, 0x0000, 0x0000, 0x0000, 0x0A00, 0x0000, 0x0000, 0x0A00 },
	{ 0x0000, 0x0300, 0x1000, 0x1357, 0x2468, 0x89AB, 0x4567, 0x0000, 0x0000, 0x0000, 0x0000, 0x0011, 0x1122, 0x2233, 0x3344, 0x4455, 0x6677, 0x7788, 0xAAAA, 0x0000, 0xD700, 0x0000, 0x0000, 0x0000, 0x0011, 0x0000, 0xC33C, 0x5AA5, 0x0000, 0x0000, 0x0000, 0x0A00, 0x0000, 0x0000, 0x0A00 },
	{ 0x0000, 0x0300, 0x1000, 0x1357, 0x2468, 0x89AB, 0x4567, 0x0000, 0x0000, 0x0000, 0x0000, 0x0011, 0x1122, 0x2233, 0x3344, 0x4455, 0x6677, 0x7788, 0xAAAA, 0x0000, 0xD700, 0x0000, 0x0000, 0x0000, 0x0011, 0x0000, 0xC33C, 0x5AA5, 0x0000, 0x0000, 0x0000, 0x0A00, 0x0000, 0x0000, 0x0A00 },
	{ 0x0000, 0x0300, 0x1000, 0x1357, 0x2468, 0x89AB, 0x4567, 0x0000, 0x0000, 0x0000, 0x0000, 0x0011, 0x1122, 0x2233, 0x3344, 0x4455, 0x6677, 0x7788, 0xAAAA, 0x0000, 0xD700, 0x0000, 0x0000, 0x0000, 0x0011, 0x0000, 0xC33C, 0x5AA5, 0x0000, 0x0000, 0x0000, 0x0A00, 0x0000, 0x0000, 0x0A00 },
	{ 0x0000, 0x0300, 0x1000, 0x1357, 0x2468, 0x89AB, 0x4567, 0x0000, 0x0000, 0x0000, 0x0000, 0x0011, 0x1122, 0x2233, 0x3344, 0x4455, 0x6677, 0x7788, 0xAAAA, 0x0000, 0xD700, 0x0000, 0x0000, 0x0000, 0x0011, 0x0000, 0xC33C, 0x5AA5, 0x0000, 0x0000, 0x0000, 0x0A00, 0x0000, 0x0000, 0x0A00 },
	{ 0x0000, 0x0300, 0x1000, 0x1357, 0x2468, 0x89AB, 0x4567, 0x0000, 0x0000, 0x0000, 0x0000, 0x0011, 0x1122, 0x2233, 0x3344, 0x4455, 0x6677, 0x7788, 0xAAAA, 0x0000, 0xD700, 0x0000, 0x0000, 0x0000, 0x0011, 0x0000, 0xC33C, 0x5AA5, 0x0000, 0x0000, 0x0000, 0x0A00, 0x0000, 0x0000, 0x0A00 },
	{ 0x0000, 0x0300, 0x1000, 0x1357, 0x2468, 0x89AB, 0x4567, 0x0000, 0x0000, 0x0000, 0x0000, 0x0011, 0x1122, 0x2233, 0x3344, 0x4455, 0x6677, 0x7788, 0xAAAA, 0x0000, 0xD700, 0x0000, 0x0000, 0x0000, 0x0011, 0x0000, 0xC33C, 0x5AA5, 0x0000, 0x0000, 0x0000, 0x0A00, 0x0000, 0x0000, 0x0A00 },
	{ 0x0000, 0x0300, 0x1000, 0x1357, 0x2468, 0x89AB, 0x4567, 0x0000, 0x0000, 0x0000, 0x0000, 0x0011, 0x1122, 0x2233, 0x3344, 0x4455, 0x6677, 0x7788, 0xAAAA, 0x0000, 0xD700, 0x0000, 0x0000, 0x0000, 0x0011, 0x0000, 0xC33C, 0x5AA5, 0x0000, 0x0000, 0x0000, 0x0A00, 0x0000, 0x0000, 0x0A00 },
	{ 0x0000, 0x0300, 0x1000, 0x1357, 0x2468, 0x89AB, 0x4567, 0x0000, 0x0000, 0x0000, 0x0000, 0x0011, 0x1122, 0x2233, 0x3344, 0x4455, 0x6677, 0x7788, 0xAAAA, 0x0000, 0xD700, 0x0000, 0x0000, 0x0000, 0x0011, 0x0000, 0xC33C, 0x5AA5, 0x0000, 0x0000, 0x0000, 0x0A00, 0x0000, 0x0000, 0x0A00 },
	{ 0x0000, 0x0300, 0x1000, 0x1357, 0x2468, 0x89AB, 0x4567, 0x0000, 0x0000, 0x0000, 0x0000, 0x0011, 0x1122, 0x2233, 0x3344, 0x4455, 0x6677, 0x7788, 0xAAAA, 0x0000, 0xD700, 0x0000, 0x0000, 0x0000, 0x0011, 0x0000, 0xC33C, 0x5AA5, 0x0000, 0x0000, 0x0000, 0x0A00, 0x0000, 0x0000, 0x0A00 },
	{ 0x0000, 0x0300, 0x1000, 0x1357, 0x2468, 0x89AB, 0x4567, 0x0000, 0x0000, 0x0000, 0x0000, 0x0011, 0x1122, 0x2233, 0x3344, 0x4455, 0x6677, 0x7788, 0xAAAA, 0x0000, 0xD700, 0x0000, 0x0000, 0x0000, 0x0011, 0x0000, 0xC33C, 0x5AA5, 0x0000, 0x0000, 0x0000, 0x0A00, 0x0000, 0x0000, 0x0A00 },
	{ 0x0000, 0x0300, 0x1000, 0x1357, 0x2468, 0x89AB, 0x4567, 0x0000, 0x0000, 0x0000, 0x0000, 0x0011, 0x1122, 0x2233, 0x3344, 0x4455, 0x6677, 0x7788, 0xAAAA, 0x0000, 0xD700, 0x0000, 0x0000, 0x0000, 0x0011, 0x0000, 0xC33C, 0x5AA5, 0x0000, 0x0000, 0x0000, 0x0A00, 0x0000, 0x0000, 0x0A00 },
	{ 0x0000, 0x2300, 0x1000, 0x0003, 0x0000, 0xFFFF, 0x7FFF, 0x0000, 0x0000, 0x0000, 0x0000, 0x0011, 0x1122, 0x2233, 0x3344, 0x4455, 0x6677, 0x7788, 0xAAAA, 0x0000, 0xD700, 0x0000, 0x0000, 0x0000, 0x0011, 0x0000, 0xC33C, 0x08B7, 0x0003, 0x0000, 0x8000, 0xA460, 0x0000, 0x8000, 0xB460 },
	{ 0x0000, 0x2300, 0x1000, 0x0003, 0x0000, 0xFFFF, 0x7FFF, 0x0000, 0x0000, 0x0000, 0x0000, 0x0011, 0x1122, 0x2233, 0x3344, 0x4455, 0x6677, 0x7788, 0xAAAA, 0x0000, 0xD700, 0x0000, 0x0000, 0x0000, 0x0011, 0x0000, 0xC33C, 0x0966, 0x0003, 0x0000, 0x8000, 0xA460, 0x0000, 0x8000, 0xB460 },
	{ 0x0000, 0x2300, 0x1000, 0x0003, 0x0000, 0xFFFF, 0x7FFF, 0x0000, 0x0000, 0x0000, 0x0000, 0x0011, 0x1122, 0x2233, 0x3344, 0x4455, 0x6677, 0x7788, 0xAAAA, 0x0000, 0xD700, 0x0000, 0x0000, 0x0000, 0x0011, 0x0000, 0xC33C, 0x0A18, 0x0003, 0x0000, 0x8000, 0xA460, 0x0000, 0x8000, 0xB460 },
	{ 0x0000, 0x2300, 0x1000, 0x0003, 0x0000, 0xFFFF, 0x7FFF, 0x0000, 0x0000, 0x0000, 0x0000, 0x0011, 0x1122, 0x2233, 0x3344, 0x4455, 0x6677, 0x7788, 0xAAAA, 0x0000, 0xD700, 0x0000, 0x0000, 0x0000, 0x0011, 0x0000, 0xC33C, 0x016F, 0x0003, 0x0000, 0x8000, 0xA460, 0x0000, 0x8000, 0xB460 },
	{ 0x0000, 0x2300, 0x1000, 0x0003, 0x0000, 0xFFFF, 0x7FFF, 0x0000, 0x0000, 0x0000, 0x0000, 0x0011, 0x1122, 0x2233, 0x3344, 0x4455, 0x6677, 0x7788, 0xAAAA, 0x0000, 0xD700, 0x0000, 0x0000, 0x0000, 0x0011, 0x0000, 0xC33C, 0x021E, 0x0003, 0x0000, 0x8000, 0xA460, 0x0000, 0x8000, 0xB460 },
	{ 0x0000, 0x2300, 0x1000, 0x0003, 0x0000, 0xFFFF, 0x7FFF, 0x0000, 0x0000, 0x0000, 0x0000, 0x0011, 0x1122, 0x2233, 0x3344, 0x4455, 0x6677, 0x7788, 0xAAAA, 0x0000, 0xD700, 0x0000, 0x0000, 0x0000, 0x0011, 0x0000, 0xC33C, 0x02CD, 0x0003, 0x0000, 0x8000, 0xA460, 0x0000, 0x8000, 0xB460 },
	{ 0x0000, 0x2300, 0x1000, 0x0003, 0x0000, 0xFFFF, 0x7FFF, 0x0000, 0x0000, 0x0000, 0x0000, 0x0011, 0x1122, 0x2233, 0x3344, 0x4455, 0x6677, 0x7788, 0xAAAA, 0x0000, 0xD700, 0x0000, 0x0000, 0x0000, 0x0011, 0x0000, 0xC33C, 0x037C, 0x0003, 0x0000, 0x8000, 0xA460, 0x0000, 0x8000, 0xB460 },
	{ 0x0000, 0x2300, 0x1000, 0x0003, 0x0000, 0xFFFF, 0x7FFF, 0x0000, 0x0000, 0x0000, 0x0000, 0x0011, 0x1122, 0x2233, 0x3344, 0x4455, 0x6677, 0x7788, 0xAAAA, 0x0000, 0xD700, 0x0000, 0x0000, 0x0000, 0x0011, 0x0000, 0xC33C, 0x042B, 0x0003, 0x0000, 0x8000, 0xA460, 0x0000, 0x8000, 0xB460 },
	{ 0x0000, 0x2300, 0x1000, 0x0003, 0x0000, 0xFFFF, 0x7FFF, 0x0000, 0x0000, 0x0000, 0x0000, 0x0011, 0x1122, 0x2233, 0x3344, 0x4455, 0x6677, 0x7788, 0xAAAA, 0x0000, 0xD700, 0x0000, 0x0000, 0x0000, 0x0011, 0x0000, 0xC33C, 0x04DA, 0x0003, 0x0000, 0x8000, 0xA460, 0x0000, 0x8000, 0xB460 },
	{ 0x0000, 0x2300, 0x1000, 0x0003, 0x0000, 0xFFFF, 0x7FFF, 0x0000, 0x0000, 0x0000, 0x0000, 0x0011, 0x1122, 0x2233, 0x3344, 0x4455, 0x6677, 0x7788, 0xAAAA, 0x0000, 0xD700, 0x0000, 0x0000, 0x0000, 0x0011, 0x0000, 0xC33C, 0x0589, 0x0003, 0x0000, 0x8000, 0xA460, 0x0000, 0x8000, 0xB460 },
	{ 0x0000, 0x2300, 0x1000, 0x0003, 0x0000, 0xFFFF, 0x7FFF, 0x0000, 0x0000, 0x0000, 0x0000, 0x0011, 0x1122, 0x2233, 0x3344, 0x4455, 0x6677, 0x7788, 0xAAAA, 0x0000, 0xD700, 0x0000, 0x0000, 0x0000, 0x0011, 0x0000, 0xC33C, 0x0638, 0x0003, 0x0000, 0x8000, 0xA460, 0x0000, 0x8000, 0xB460 },
	{ 0x0000, 0x2300, 0x1000, 0x0003, 0x0000, 0xFFFF, 0x7FFF, 0x0000, 0x0000, 0x0000, 0x0000, 0x0011, 0x1122, 0x2233, 0x3344, 0x4455, 0x6677, 0x7788, 0xAAAA, 0x0000, 0xD700, 0x0000, 0x0000, 0x0000, 0x0011, 0x0000, 0xC33C, 0x06EC, 0x0003, 0x0000, 0x8000, 0xA460, 0x0000, 0x8000, 0xB460 },
	{ 0x0000, 0x2300, 0x1000, 0x0003, 0x0000, 0xFFFF, 0x7FFF, 0x0000, 0x0000, 0x0000, 0x0000, 0x0011, 0x1122, 0x2233, 0x3344, 0x4455, 0x6677, 0x7788, 0xAAAA, 0x0000, 0xD700, 0x0000, 0x0000, 0x0000, 0x0011, 0x0000, 0xC33C, 0x079B, 0x0003, 0x0000, 0x8000, 0xA460, 0x0000, 0x8000, 0xB460 },
	{ 0x0000, 0x2300, 0x1000, 0x0003, 0x0000, 0xFFFF, 0x7FFF, 0x0000, 0x0000, 0x0000, 0x0000, 0x0011, 0x1122, 0x2233, 0x3344, 0x4455, 0x6677, 0x7788, 0xAAAA, 0x0000, 0xD700, 0x0000, 0x0000, 0x0000, 0x0011, 0x0000, 0xC33C, 0x084A, 0x0003, 0x0000, 0x8000, 0xA460, 0x0000, 0x8000, 0xB460 },
	{ 0x0000, 0x2300, 0x1000, 0x0003, 0x0000, 0xFFFF, 0x7FFF, 0x0000, 0x0000, 0x0000, 0x0000, 0x0011, 0x1122, 0x2233, 0x3344, 0x4455, 0x6677, 0x7788, 0xAAAA, 0x0000, 0xD700, 0x0000, 0x0000, 0x0000, 0x0011, 0x0000, 0xC33C, 0x08F9, 0x0003, 0x0000, 0x8000, 0xA460, 0x0000, 0x8000, 0xB460 },
	{ 0x0000, 0x2300, 0x1000, 0x0003, 0x0000, 0xFFFF, 0x7FFF, 0x0000, 0x0000, 0x0000, 0x0000, 0x0011, 0x1122, 0x2233, 0x3344, 0x4455, 0x6677, 0x7788, 0xAAAA, 0x0000, 0xD700, 0x0000, 0x0000, 0x0000, 0x0011, 0x0000, 0xC33C, 0x09A8, 0x0003, 0x0000, 0x8000, 0xA460, 0x0000, 0x8000, 0xB460 },
	{ 0x0000, 0x2300, 0x1000, 0x0003, 0x0000, 0xFFFF, 0x7FFF, 0x0000, 0x0000, 0x0000, 0x0000, 0x0011, 0x1122, 0x2233, 0x3344, 0x4455, 0x6677, 0x7788, 0xAAAA, 0x0000, 0xD700, 0x0000, 0x0000, 0x0000, 0x0011, 0x0000, 0xC33C, 0x0A57, 0x0003, 0x0000, 0x8000, 0xA460, 0x0000, 0x8000, 0xB460 },
	{ 0x0000, 0x2300, 0x1000, 0x0003, 0x0000, 0xFFFF, 0x7FFF, 0x0000, 0x0000, 0x0000, 0x0000, 0x0011, 0x1122, 0x2233, 0x3344, 0x4455, 0x6677, 0x7788, 0xAAAA, 0x0000, 0xD700, 0x0000, 0x0000, 0x0000, 0x0011, 0x0000, 0xC33C, 0x0B06, 0x0003, 0x0000, 0x8000, 0xA460, 0x0000, 0x8000, 0xB460 },
	{ 0x0000, 0x2300, 0x1000, 0x0003, 0x0000, 0xFFFF, 0x7FFF, 0x0000, 0x0000, 0x0000, 0x0000, 0x0011, 0x1122, 0x2233, 0x3344, 0x4455, 0x6677, 0x7788, 0xAAAA, 0x0000, 0xD700, 0x0000, 0x0000, 0x0000, 0x0011, 0x0000, 0xC33C, 0x0BB8, 0x0003, 0x0000, 0x8000, 0xA460, 0x0000, 0x8000, 0xB460 },
	{ 0x0000, 0x2300, 0x1000, 0x0003, 0x0000, 0xFFFF, 0x7FFF, 0x0000, 0x0000, 0x0000, 0x0000, 0x0011, 0x1122, 0x2233, 0x3344, 0x4455, 0x6677, 0x7788, 0xAAAA, 0x0000, 0xD700, 0x0000, 0x0000, 0x0000, 0x0011, 0x0000, 0xC33C, 0x016F, 0x0003, 0x0000, 0x8000, 0xA460, 0x0000, 0x8000, 0xB460 },
	{ 0x0000, 0x2300, 0x1000, 0x0003, 0x0000, 0xFFFF, 0x7FFF, 0x0000, 0x0000, 0x0000, 0x0000, 0x0011, 0x1122, 0x2233, 0x3344, 0x4455, 0x6677, 0x7788, 0xAAAA, 0x0000, 0xD700, 0x0000, 0x0000, 0x0000, 0x0011, 0x0000, 0xC33C, 0x021E, 0x0003, 0x0000, 0x8000, 0xA460, 0x0000, 0x8000, 0xB460 },
	{ 0x0000, 0x2300, 0x1000, 0x0003, 0x0000, 0xFFFF, 0x7FFF, 0x0000, 0x0000, 0x0000, 0x0000, 0x0011, 0x1122, 0x2233, 0x3344, 0x4455, 0x6677, 0x7788, 0xAAAA, 0x0000, 0xD700, 0x0000, 0x0000, 0x0000, 0x0011, 0x0000, 0xC33C, 0x02CD, 0x0003, 0x0000, 0x8000, 0xA460, 0x0000, 0x8000, 0xB460 },
	{ 0x0000, 0x2300, 0x1000, 0x0003, 0x0000, 0xFFFF, 0x7FFF, 0x0000, 0x0000, 0x0000, 0x0000, 0x0011, 0x1122, 0x2233, 0x3344, 0x4455, 0x6677, 0x7788, 0xAAAA, 0x0000, 0xD700, 0x0000, 0x0000, 0x0000, 0x0011, 0x0000, 0xC33C, 0x037C, 0x0003, 0x0000, 0x8000, 0xA460, 0x0000, 0x8000, 0xB460 },
	{ 0x0000, 0x2300, 0x1000, 0x0003, 0x0000, 0xFFFF, 0x7FFF, 0x0000, 0x0000, 0x0000, 0x0000, 0x0011, 0x1122, 0x2233, 0x3344, 0x4455, 0x6677, 0x7788, 0xAAAA, 0x0000, 0xD700, 0x0000, 0x0000, 0x0000, 0x0011, 0x0000, 0xC33C, 0x042B, 0x0003, 0x0000, 0x8000, 0xA460, 0x0000, 0x8000, 0xB460 },
	{ 0x0000, 0x2300, 0x1000, 0x0003, 0x0000, 0xFFFF, 0x7FFF, 0x0000, 0x0000, 0x0000, 0x0000, 0x0011, 0x1122, 0x2233, 0x3344, 0x4455, 0x6677, 0x7788, 0xAAAA, 0x0000, 0xD700, 0x0000, 0x0000, 0x0000, 0x0011, 0x0000, 0xC33C, 0x04DA, 0x0003, 0x0000, 0x8000, 0xA460, 0x0000, 0x8000, 0xB460 },
	{ 0x0000, 0x2300, 0x1000, 0x0003, 0x0000, 0xFFFF, 0x7FFF, 0x0000, 0x0000, 0x0000, 0x0000, 0x0011, 0x1122, 0x2233, 0x3344, 0x4455, 0x6677, 0x7788, 0xAAAA, 0x0000, 0xD700, 0x0000, 0x0000, 0x0000, 0x0011, 0x0000, 0xC33C, 0x0589, 0x0003, 0x0000, 0x8000, 0xA460, 0x0000, 0x8000, 0xB460 },
	{ 0x0000, 0x2300, 0x1000, 0x0003, 0x0000, 0xFFFF, 0x7FFF, 0x0000, 0x0000, 0x0000, 0x0000, 0x0011, 0x1122, 0x2233, 0x3344, 0x4455, 0x6677, 0x7788, 0xAAAA, 0x0000, 0xD700, 0x0000, 0x0000, 0x0000, 0x0011, 0x0000, 0xC33C, 0x0638, 0x0003, 0x0000, 0x8000, 0xA460, 0x0000, 0x8000, 0xB460 },
	{ 0x0000, 0x2300, 0x1000, 0x0003, 0x0000, 0xFFFF, 0x7FFF, 0x0000, 0x0000, 0x0000, 0x0000, 0x0011, 0x1122, 0x2233, 0x3344, 0x4455, 0x6677, 0x7788, 0xAAAA, 0x0000, 0xD700, 0x0000, 0x0000, 0x0000, 0x0011, 0x0000, 0xC33C, 0x06EC, 0x0003, 0x0000, 0x8000, 0xA460, 0x0000, 0x8000, 0xB460 },
	{ 0x0000, 0x2300, 0x1000, 0x0003, 0x0000, 0xFFFF, 0x7FFF, 0x0000, 0x0000, 0x0000, 0x0000, 0x0011, 0x1122, 0x2233, 0x3344, 0x4455, 0x6677, 0x7788, 0xAAAA, 0x0000, 0xD700, 0x0000, 0x0000, 0x0000, 0x0011, 0x0000, 0xC33C, 0x079B, 0x0003, 0x0000, 0x8000, 0xA460, 0x0000, 0x8000, 0xB460 },
	{ 0x0000, 0x2300, 0x1000, 0x0003, 0x0000, 0xFFFF, 0x7FFF, 0x0000, 0x0000, 0x0000, 0x0000, 0x0011, 0x1122, 0x2233, 0x3344, 0x4455, 0x6677, 0x7788, 0xAAAA, 0x0000, 0xD700, 0x0000, 0x0000, 0x0000, 0x0011, 0x0000, 0xC33C, 0x084A, 0x0003, 0x0000, 0x8000, 0xA460, 0x0000, 0x8000, 0xB460 },
	{ 0x0000, 0x2300, 0x1000, 0x0003, 0x0000, 0xFFFF, 0x7FFF, 0x0000, 0x0000, 0x0000, 0x0000, 0x0011, 0x1122, 0x2233, 0x3344, 0x4455, 0x6677, 0x7788, 0xAAAA, 0x0000, 0xD700, 0x0000, 0x0000, 0x0000, 0x0011, 0x0000, 0xC33C, 0x08F9, 0x0003, 0x0000, 0x8000, 0xA460, 0x0000, 0x8000, 0xB460 },
	{ 0x1000, 0x2300, 0x1000, 0xFFFF, 0x7FFF, 0xFFFF, 0x7FFF, 0x0000, 0x0000, 0x0000, 0x0000, 0x0011, 0x1122, 0x2233, 0x3344, 0x4455, 0x6677, 0x7788, 0xAAAA, 0x0000, 0xD700, 0x0000, 0x0000, 0x0000, 0x0011, 0x0000, 0xC33C, 0x5AA5, 0x0000, 0x0000, 0x8000, 0xA460, 0x0000, 0x8000, 0xB460 },
	{ 0x1000, 0x2300, 0x1000, 0xFFFF, 0x7FFF, 0xFFFF, 0x7FFF, 0x0000, 0x0000, 0x0000, 0x0000, 0x0011, 0x1122, 0x2233, 0x3344, 0x4455, 0x6677, 0x7788, 0xAAAA, 0x0000, 0xD700, 0x0000, 0x0000, 0x0000, 0x0011, 0x0000, 0xC33C, 0x5AA5, 0x0000, 0x0000, 0x8000, 0xA460, 0x0000, 0x8000, 0xB460 },
	{ 0x1000, 0x2300, 0x1000, 0xFFFF, 0x7FFF, 0xFFFF, 0x7FFF, 0x0000, 0x0000, 0x0000, 0x0000, 0x0011, 0x1122, 0x2233, 0x3344, 0x4455, 0x6677, 0x7788, 0xAAAA, 0x0000, 0xD700, 0x0000, 0x0000, 0x0000, 0x0011, 0x0000, 0xC33C, 0x5AA5, 0x0000, 0x0000, 0x8000, 0xA460, 0x0000, 0x8000, 0xB460 },
	{ 0x1000, 0x2300, 0x1000, 0xFFFF, 0x7FFF, 0xFFFF, 0x7FFF, 0x0000, 0x0000, 0x0000, 0x0000, 0x0011, 0x1122, 0x2233, 0x3344, 0x4455, 0x6677, 0x7788, 0xAAAA, 0x0000, 0xD700, 0x0000, 0x0000, 0x0000, 0x0011, 0x0000, 0xC33C, 0x5AA5, 0x0000, 0x0000, 0x8000, 0xA460, 0x0000, 0x8000, 0xB460 },
	{ 0x1000, 0x2300, 0x1000, 0xFFFF, 0x7FFF, 0xFFFF, 0x7FFF, 0x0000, 0x0000, 0x0000, 0x0000, 0x0011, 0x1122, 0x2233, 0x3344, 0x4455, 0x6677, 0x7788, 0xAAAA, 0x0000, 0xD700, 0x0000, 0x0000, 0x0000, 0x0011, 0x0000, 0xC33C, 0x5AA5, 0x0000, 0x0000, 0x8000, 0xA460, 0x0000, 0x8000, 0xB460 },
	{ 0x1000, 0x2300, 0x1000, 0xFFFF, 0x7FFF, 0xFFFF, 0x7FFF, 0x0000, 0x0000, 0x0000, 0x0000, 0x0011, 0x1122, 0x2233, 0x3344, 0x4455, 0x6677, 0x7788, 0xAAAA, 0x0000, 0xD700, 0x0000, 0x0000, 0x0000, 0x0011, 0x0000, 0xC33C, 0x5AA5, 0x0000, 0x0000, 0x8000, 0xA460, 0x0000, 0x8000, 0xB460 },
	{ 0x1000, 0x2300, 0x1000, 0xFFFF, 0x7FFF, 0xFFFF, 0x7FFF, 0x0000, 0x0000, 0x0000, 0x0000, 0x0011, 0x1122, 0x2233, 0x3344, 0x4455, 0x6677, 0x7788, 0xAAAA, 0x0000, 0xD700, 0x0000, 0x0000, 0x0000, 0x0011, 0x0000, 0xC33C, 0x5AA5, 0x0000, 0x0000, 0x8000, 0xA460, 0x0000, 0x8000, 0xB460 },
	{ 0x1000, 0x2300, 0x1000, 0xFFFF, 0x7FFF, 0xFFFF, 0x7FFF, 0x0000, 0x0000, 0x0000, 0x0000, 0x0011, 0x1122, 0x2233, 0x3344, 0x4455, 0x6677, 0x7788, 0xAAAA, 0x0000, 0xD700, 0x0000, 0x0000, 0x0000, 0x0011, 0x0000, 0xC33C, 0x5AA5, 0x0000, 0x0000, 0x8000, 0xA460, 0x0000, 0x8000, 0xB460 },
	{ 0x1000, 0x2300, 0x1000, 0xFFFF, 0x7FFF, 0xFFFF, 0x7FFF, 0x0000, 0x0000, 0x0000, 0x0000, 0x0011, 0x1122, 0x2233, 0x3344, 0x4455, 0x6677, 0x7788, 0xAAAA, 0x0000, 0xD700, 0x0000, 0x0000, 0x0000, 0x0011, 0x0000, 0xC33C, 0x5AA5, 0x0000, 0x0000, 0x8000, 0xA460, 0x0000, 0x8000, 0xB460 },
	{ 0x1000, 0x2300, 0x1000, 0xFFFF, 0x7FFF, 0xFFFF, 0x7FFF, 0x0000, 0x0000, 0x0000, 0x0000, 0x0011, 0x1122, 0x2233, 0x3344, 0x4455, 0x6677, 0x7788, 0xAAAA, 0x0000, 0xD700, 0x0000, 0x0000, 0x0000, 0x0011, 0x0000, 0xC33C, 0x5AA5, 0x0000, 0x0000, 0x8000, 0xA460, 0x0000, 0x8000, 0xB460 },
	{ 0x1000, 0x2300, 0x1000, 0xFFFF, 0x7FFF, 0xFFFF, 0x7FFF, 0x0000, 0x0000, 0x0000, 0x0000, 0x0011, 0x1122, 0x2233, 0x3344, 0x4455, 0x6677, 0x7788, 0xAAAA, 0x0000, 0xD700, 0x0000, 0x0000, 0x0000, 0x0011, 0x0000, 0xC33C, 0x5AA5, 0x0000, 0x0000, 0x8000, 0xA460, 0x0000, 0x8000, 0xB460 },
	{ 0x1000, 0x2300, 0x1000, 0xFFFF, 0x7FFF, 0xFFFF, 0x7FFF, 0x0000, 0x0000, 0x0000, 0x0000, 0x0011, 0x1122, 0x2233, 0x3344, 0x4455, 0x6677, 0x7788, 0xAAAA, 0x0000, 0xD700, 0x0000, 0x0000, 0x0000, 0x0011, 0x0000, 0xC33C, 0x5AA5, 0x0000, 0x0000, 0x8000, 0xA460, 0x0000, 0x8000, 0xB460 },
	{ 0x1000, 0x2300, 0x1000, 0xFFFF, 0x7FFF, 0xFFFF, 0x7FFF, 0x0000, 0x0000, 0x0000, 0x0000, 0x0011, 0x1122, 0x2233, 0x3344, 0x4455, 0x6677, 0x7788, 0xAAAA, 0x0000, 0xD700, 0x0000, 0x0000, 0x0000, 0x0011, 0x0000, 0xC33C, 0x5AA5, 0x0000, 0x0000, 0x8000, 0xA460, 0x0000, 0x8000, 0xB460 },
	{ 0x1000, 0x2300, 0x1000, 0xFFFF, 0x7FFF, 0xFFFF, 0x7FFF, 0x0000, 0x0000, 0x0000, 0x0000, 0x0011, 0x1122, 0x2233, 0x3344, 0x4455, 0x6677, 0x7788, 0xAAAA, 0x0000, 0xD700, 0x0000, 0x0000, 0x0000, 0x0011, 0x0000, 0xC33C, 0x5AA5, 0x0000, 0x0000, 0x8000, 0xA460, 0x0000, 0x8000, 0xB460 },
	{ 0x1000, 0x2300, 0x1000, 0xFFFF, 0x7FFF, 0xFFFF, 0x7FFF, 0x0000, 0x0000, 0x0000, 0x0000, 0x0011, 0x1122, 0x2233, 0x3344, 0x4455, 0x6677, 0x7788, 0xAAAA, 0x0000, 0xD700, 0x0000, 0x0000, 0x0000, 0x0011, 0x0000, 0xC33C, 0x5AA5, 0x0000, 0x0000, 0x8000, 0xA460, 0x0000, 0x8000, 0xB460 },
	{ 0x1000, 0x2300, 0x1000, 0xFFFF, 0x7FFF, 0xFFFF, 0x7FFF, 0x0000, 0x0000, 0x0000, 0x0000, 0x0011, 0x1122, 0x2233, 0x3344, 0x4455, 0x6677, 0x7788, 0xAAAA, 0x0000, 0xD700, 0x0000, 0x0000, 0x0000, 0x0011, 0x0000, 0xC33C, 0x5AA5, 0x0000, 0x0000, 0x8000, 0xA460, 0x0000, 0x8000, 0xB460 },
	{ 0x1000, 0x2300, 0x1000, 0xFFFF, 0x7FFF, 0xFFFF, 0x7FFF, 0x0000, 0x0000, 0x0000, 0x0000, 0x0011, 0x1122, 0x2233, 0x3344, 0x4455, 0x6677, 0x7788, 0xAAAA, 0x0000, 0xD700, 0x0000, 0x0000, 0x0000, 0x0011, 0x0000, 0xC33C, 0x5AA5, 0x0000, 0x0000, 0x8000, 0xA460, 0x0000, 0x8000, 0xB460 },
	{ 0x1000, 0x2300, 0x1000, 0xFFFF, 0x7FFF, 0xFFFF, 0x7FFF, 0x0000, 0x0000, 0x0000, 0x0000, 0x0011, 0x1122, 0x2233, 0x3344, 0x4455, 0x6677, 0x7788, 0xAAAA, 0x0000, 0xD700, 0x0000, 0x0000, 0x0000, 0x0011, 0x0000, 0xC33C, 0x5AA5, 0x0000, 0x0000, 0x8000, 0xA460, 0x0000, 0x8000, 0xB460 },
	{ 0x1000, 0x2300, 0x1000, 0xFFFF, 0x7FFF, 0xFFFF, 0x7FFF, 0x0000, 0x0000, 0x0000, 0x0000, 0x0011, 0x1122, 0x2233, 0x3344, 0x4455, 0x6677, 0x7788, 0xAAAA, 0x0000, 0xD700, 0x0000, 0x0000, 0x0000, 0x0011, 0x0000, 0xC33C, 0x5AA5, 0x0000, 0x0000, 0x8000, 0xA460, 0x0000, 0x8000, 0xB460 },
	{ 0x1000, 0x2300, 0x1000, 0xFFFF, 0x7FFF, 0xFFFF, 0x7FFF, 0x0000, 0x0000, 0x0000, 0x0000, 0x0011, 0x1122, 0x2233, 0x3344, 0x4455, 0x6677, 0x7788, 0xAAAA, 0x0000, 0xD700, 0x0000, 0x0000, 0x0000, 0x0011, 0x0000, 0xC33C, 0x5AA5, 0x0000, 0x0000, 0x8000, 0xA460, 0x0000, 0x8000, 0xB460 },
	{ 0x1000, 0x2300, 0x1000, 0xFFFF, 0x7FFF, 0xFFFF, 0x7FFF, 0x0000, 0x0000, 0x0000, 0x0000, 0x0011, 0x1122, 0x2233, 0x3344, 0x4455, 0x6677, 0x7788, 0xAAAA, 0x0000, 0xD700, 0x0000, 0x0000, 0x0000, 0x0011, 0x0000, 0xC33C, 0x5AA5, 0x0000, 0x0000, 0x8000, 0xA460, 0x0000, 0x8000, 0xB460 },
	{ 0x1000, 0x2300, 0x1000, 0xFFFF, 0x7FFF, 0xFFFF, 0x7FFF, 0x0000, 0x0000, 0x0000, 0x0000, 0x0011, 0x1122, 0x2233, 0x3344, 0x4455, 0x6677, 0x7788, 0xAAAA, 0x0000, 0xD700, 0x0000, 0x0000, 0x0000, 0x0011, 0x0000, 0xC33C, 0x5AA5, 0x0000, 0x0000, 0x8000, 0xA460, 0x0000, 0x8000, 0xB460 },
	{ 0x1000, 0x2300, 0x1000, 0xFFFF, 0x7FFF, 0xFFFF, 0x7FFF, 0x0000, 0x0000, 0x0000, 0x0000, 0x0011, 0x1122, 0x2233, 0x3344, 0x4455, 0x6677, 0x7788, 0xAAAA, 0x0000, 0xD700, 0x0000, 0x0000, 0x0000, 0x0011, 0x0000, 0xC33C, 0x5AA5, 0x0000, 0x0000, 0x8000, 0xA460, 0x0000, 0x8000, 0xB460 },
	{ 0x1000, 0x2300, 0x1000, 0xFFFF, 0x7FFF, 0xFFFF, 0x7FFF, 0x0000, 0x0000, 0x0000, 0x0000, 0x0011, 0x1122, 0x2233, 0x3344, 0x4455, 0x6677, 0x7788, 0xAAAA, 0x0000, 0xD700, 0x0000, 0x0000, 0x0000, 0x0011, 0x0000, 0xC33C, 0x5AA5, 0x0000, 0x0000, 0x8000, 0xA460, 0x0000, 0x8000, 0xB460 },
	{ 0x1000, 0x2300, 0x1000, 0xFFFF, 0x7FFF, 0xFFFF, 0x7FFF, 0x0000, 0x0000, 0x0000, 0x0000, 0x0011, 0x1122, 0x2233, 0x3344, 0x4455, 0x6677, 0x7788, 0xAAAA, 0x0000, 0xD700, 0x0000, 0x0000, 0x0000, 0x0011, 0x0000, 0xC33C, 0x5AA5, 0x0000, 0x0000, 0x8000, 0xA460, 0x0000, 0x8000, 0xB460 },
	{ 0x1000, 0x2300, 0x1000, 0xFFFF, 0x7FFF, 0xFFFF, 0x7FFF, 0x0000, 0x0000, 0x0000, 0x0000, 0x0011, 0x1122, 0x2233, 0x3344, 0x4455, 0x6677, 0x7788, 0xAAAA, 0x0000, 0xD700, 0x0000, 0x0000, 0x0000, 0x0011, 0x0000, 0xC33C, 0x5AA5, 0x0000, 0x0000, 0x8000, 0xA460, 0x0000, 0x8000, 0xB460 },
	{ 0x1000, 0x2300, 0x1000, 0xFFFF, 0x7FFF, 0xFFFF, 0x7FFF, 0x0000, 0x0000, 0x0000, 0x0000, 0x0011, 0x1122, 0x2233, 0x3344, 0x4455, 0x6677, 0x7788, 0xAAAA, 0x0000, 0xD700, 0x0000, 0x0000, 0x0000, 0x0011, 0x0000, 0xC33C, 0x5AA5, 0x0000, 0x0000, 0x8000, 0xA460, 0x0000, 0x8000, 0xB460 },
	{ 0x1000, 0x2300, 0x1000, 0xFFFF, 0x7FFF, 0xFFFF, 0x7FFF, 0x0000, 0x0000, 0x0000, 0x0000, 0x0011, 0x1122, 0x2233, 0x3344, 0x4455, 0x6677, 0x7788, 0xAAAA, 0x0000, 0xD700, 0x0000, 0x0000, 0x0000, 0x0011, 0x0000, 0xC33C, 0x5AA5, 0x0000, 0x0000, 0x8000, 0xA460, 0x0000, 0x8000, 0xB460 },
	{ 0x1000, 0x2300, 0x1000, 0xFFFF, 0x7FFF, 0xFFFF, 0x7FFF, 0x0000, 0x0000, 0x0000, 0x0000, 0x0011, 0x1122, 0x2233, 0x3344, 0x4455, 0x6677, 0x7788, 0xAAAA, 0x0000, 0xD700, 0x0000, 0x0000, 0x0000, 0x0011, 0x0000, 0xC33C, 0x5AA5, 0x0000, 0x0000, 0x8000, 0xA460, 0x0000, 0x8000, 0xB460 },
	{ 0x1000, 0x2300, 0x1000, 0xFFFF, 0x7FFF, 0xFFFF, 0x7FFF, 0x0000, 0x0000, 0x0000, 0x0000, 0x0011, 0x1122, 0x2233, 0x3344, 0x4455, 0x6677, 0x7788, 0xAAAA, 0x0000, 0xD700, 0x0000, 0x0000, 0x0000, 0x0011, 0x0000, 0xC33C, 0x5AA5, 0x0000, 0x0000, 0x8000, 0xA460, 0x0000, 0x8000, 0xB460 },
	{ 0x1000, 0x2300, 0x1000, 0xFFFF, 0x7FFF, 0xFFFF, 0x7FFF, 0x0000, 0x0000, 0x0000, 0x0000, 0x0011, 0x1122, 0x2233, 0x3344, 0x4455, 0x6677, 0x7788, 0xAAAA, 0x0000, 0xD700, 0x0000, 0x0000, 0x0000, 0x0011, 0x0000, 0xC33C, 0x5AA5, 0x0000, 0x0000, 0x8000, 0xA460, 0x0000, 0x8000, 0xB460 },
};
