// Generated by pack_instructions.pl.
#define DSP_INSTRUCTION_IMAGES_PACKED 1
#define DSP_INSTRUCTION_IMAGES_MAX_SIZE 6862
static const uint8_t DSP_INSTRUCTION_IMAGES_DATA[] = {
	0x27, 0x00, 0x00, 0x02, 0x00, 0x04, 0x00, 0xd1, 0xd4, 0xbc, 0xd4, 0x81, 0xd6, 0xc0, 0x45, 0x00,
	0x00, 0x00, 0x01, 0xb2, 0x01, 0x1a, 0x5e, 0x01, 0x00, 0xbc, 0xd4, 0x92, 0xde, 0x1a, 0x5e, 0x3c,
	0xc3, 0xbc, 0xd4, 0x80, 0xd6, 0x1a, 0x5e, 0xa5, 0x5a, 0x81, 0x20, 0x00, 0x6d, 0x1a, 0x5e, 0x00,
	0x00, 0xbc, 0xd4, 0x82, 0xd6, 0x1a, 0x5e, 0x55, 0x55, 0xd8, 0xda, 0x07, 0x5e, 0xaa, 0xaa, 0x60,
	0x67, 0x00, 0x5e, 0x57, 0x13, 0xa0, 0x94, 0x00, 0x5e, 0x68, 0x24, 0xa0, 0x92, 0x60, 0x77, 0x00,
	0x5e, 0xab, 0x89, 0xa0, 0x95, 0x00, 0x5e, 0x67, 0x45, 0xa0, 0x93, 0x09, 0x5e, 0x00, 0x00, 0x0a,
	0x5e, 0x00, 0x00, 0x00, 0x5e, 0x11, 0x00, 0x01, 0x5e, 0x22, 0x11, 0x02, 0x5e, 0x33, 0x22, 0x03,
	0x5e, 0x44, 0x33, 0x04, 0x5e, 0x55, 0x44, 0x05, 0x5e, 0x77, 0x66, 0x06, 0x5e, 0x88, 0x77, 0x0d,
	0x5e, 0x00, 0xd7, 0x1f, 0x5e, 0x00, 0x00, 0x0e, 0x5e, 0x00, 0x00, 0x0f, 0x5e, 0x00, 0x00, 0x1e,
	0x5e, 0x00, 0x00, 0x80, 0x5e, 0x00, 0x5e, 0x00, 0x00, 0x40, 0x80, 0x83, 0x3a, 0x00, 0x8b, 0x62,
	0x00, 0x81, 0x12, 0x00, 0x00, 0x08, 0x81, 0x54, 0x00, 0x71, 0x00, 0x40, 0x5e, 0x08, 0x58, 0x40,
	0x5e, 0x09, 0x58, 0x40, 0x5e, 0x0a, 0x58, 0x40, 0x5e, 0xd9, 0x04, 0x03, 0x38, 0x60, 0x5e, 0x02,
	0x20, 0x60, 0x5e, 0x01, 0x20, 0x60, 0x5e, 0x00, 0x20, 0x60, 0x5e, 0x0b, 0x20, 0x04, 0x3a, 0x05,
	0x3c, 0x06, 0x3e, 0x0c, 0x22, 0x0d, 0x24, 0x0e, 0x26, 0x0f, 0x28, 0x10, 0x2a, 0x11, 0x2c, 0x12,
	0x2e, 0x13, 0x7d, 0x0d, 0x58, 0x14, 0x20, 0x0e, 0x58, 0x15, 0x20, 0x0f, 0x58, 0x16, 0x20, 0x1e,
	0x58, 0x17, 0x20, 0xc0, 0x47, 0x18, 0x20, 0xd0, 0xd4, 0x19, 0x38, 0xf3, 0xd4, 0x09, 0x3c, 0x0a,
	0x3e, 0x2b, 0x5b, 0x07, 0x3c, 0x08, 0x3e, 0xd0, 0xd2, 0x1d, 0x38, 0x1e, 0x3a, 0x08, 0x58, 0x1f,
	0x20, 0xd0, 0xd6, 0x20, 0x38, 0x21, 0x3a, 0x08, 0x58, 0x22, 0x20, 0xb8, 0x81, 0x08, 0x01, 0x0c,
	0x38, 0xb8, 0xd4, 0x81, 0xd6, 0x1b, 0x38, 0xb8, 0xd4, 0x82, 0xd6, 0x1c, 0x38, 0xff, 0x1e, 0x01,
	0x93, 0x1e, 0x01, 0x01, 0xf0, 0x0f, 0x8f, 0x1e, 0x01, 0x5e, 0x26, 0x38, 0x60, 0x5e, 0x25, 0x20,
	0x60, 0x5e, 0x24, 0x20, 0x60, 0x5e, 0x23, 0x20, 0x60, 0x5e, 0x2e, 0x20, 0x27, 0x3a, 0x28, 0x3c,
	0x29, 0x3e, 0x2f, 0x22, 0x30, 0x24, 0x31, 0x26, 0x32, 0x28, 0x33, 0x2a, 0x34, 0x2c, 0x35, 0x2e,
	0x36, 0x7d, 0x0d, 0x58, 0x37, 0x20, 0x0e, 0x58, 0x38, 0x20, 0x0f, 0x58, 0x39, 0x20, 0x1e, 0x58,
	0x3a, 0x20, 0xc0, 0x47, 0x3b, 0x20, 0xd0, 0xd4, 0x3c, 0x38, 0xf3, 0xd4, 0x2c, 0x3c, 0x2d, 0x3e,
	0x2b, 0x5b, 0x2a, 0x3c, 0x2b, 0x3e, 0xd0, 0xd2, 0x40, 0x38, 0x41, 0x3a, 0x08, 0x58, 0x42, 0x20,
	0xd0, 0xd6, 0x43, 0x38, 0x44, 0x3a, 0x08, 0x58, 0x45, 0x82, 0x1e, 0x01, 0x00, 0x3d, 0x82, 0x1e,
	0x01, 0x00, 0x3e, 0x82, 0x1e, 0x01, 0x00, 0x3f, 0xff, 0x1e, 0x01, 0x84, 0x1e, 0x01, 0x01, 0x00,
	0x00, 0x81, 0x62, 0x00, 0x01, 0x00, 0x00, 0x87, 0x3c, 0x02, 0x01, 0xc0, 0x86, 0x8f, 0x20, 0x01,
	0x5e, 0x49, 0x38, 0x60, 0x5e, 0x48, 0x20, 0x60, 0x5e, 0x47, 0x20, 0x60, 0x5e, 0x46, 0x20, 0x60,
	0x5e, 0x51, 0x20, 0x4a, 0x3a, 0x4b, 0x3c, 0x4c, 0x3e, 0x52, 0x22, 0x53, 0x24, 0x54, 0x26, 0x55,
	0x28, 0x56, 0x2a, 0x57, 0x2c, 0x58, 0x2e, 0x59, 0x7d, 0x0d, 0x58, 0x5a, 0x20, 0x0e, 0x58, 0x5b,
	0x20, 0x0f, 0x58, 0x5c, 0x20, 0x1e, 0x58, 0x5d, 0x20, 0xc0, 0x47, 0x5e, 0x20, 0xd0, 0xd4, 0x5f,
	0x38, 0xf3, 0xd4, 0x4f, 0x3c, 0x50, 0x3e, 0x2b, 0x5b, 0x4d, 0x3c, 0x4e, 0x3e, 0xd0, 0xd2, 0x63,
	0x38, 0x64, 0x3a, 0x08, 0x58, 0x65, 0x20, 0xd0, 0xd6, 0x66, 0x38, 0x67, 0x3a, 0x08, 0x58, 0x68,
	0x82, 0x20, 0x01, 0x00, 0x60, 0x82, 0x20, 0x01, 0x00, 0x61, 0x82, 0x20, 0x01, 0x07, 0x62, 0x38,
	0x00, 0x00, 0xb2, 0x02, 0xb0, 0x01, 0xff, 0x26, 0x01, 0x83, 0x26, 0x01, 0x01, 0xff, 0xff, 0x8f,
	0x26, 0x01, 0x00, 0x01, 0x8e, 0x26, 0x01, 0x5e, 0x6c, 0x38, 0x60, 0x5e, 0x6b, 0x20, 0x60, 0x5e,
	0x6a, 0x20, 0x60, 0x5e, 0x69, 0x20, 0x60, 0x5e, 0x74, 0x20, 0x6d, 0x3a, 0x6e, 0x3c, 0x6f, 0x3e,
	0x75, 0x22, 0x76, 0x24, 0x77, 0x26, 0x78, 0x28, 0x79, 0x2a, 0x7a, 0x2c, 0x7b, 0x2e, 0x7c, 0x7d,
	0x0d, 0x58, 0x7d, 0x20, 0x0e, 0x58, 0x7e, 0x20, 0x0f, 0x58, 0x7f, 0x20, 0x1e, 0x58, 0x80, 0x20,
	0xc0, 0x47, 0x81, 0x20, 0xd0, 0xd4, 0x82, 0x38, 0xf3, 0xd4, 0x72, 0x3c, 0x73, 0x3e, 0x2b, 0x5b,
	0x70, 0x3c, 0x71, 0x3e, 0xd0, 0xd2, 0x86, 0x38, 0x87, 0x3a, 0x08, 0x58, 0x88, 0x20, 0xd0, 0xd6,
	0x89, 0x38, 0x8a, 0x3a, 0x08, 0x58, 0x8b, 0x82, 0x26, 0x01, 0x00, 0x83, 0x82, 0x26, 0x01, 0x00,
	0x84, 0x82, 0x26, 0x01, 0x00, 0x85, 0xff, 0x46, 0x02, 0x8a, 0x20, 0x01, 0x01, 0xff, 0xff, 0x86,
	0x20, 0x01, 0x00, 0x70, 0x91, 0x20, 0x01, 0x5e, 0x8f, 0x38, 0x60, 0x5e, 0x8e, 0x20, 0x60, 0x5e,
	0x8d, 0x20, 0x60, 0x5e, 0x8c, 0x20, 0x60, 0x5e, 0x97, 0x20, 0x90, 0x3a, 0x91, 0x3c, 0x92, 0x3e,
	0x98, 0x22, 0x99, 0x24, 0x9a, 0x26, 0x9b, 0x28, 0x9c, 0x2a, 0x9d, 0x2c, 0x9e, 0x2e, 0x9f, 0x7d,
	0x0d, 0x58, 0xa0, 0x20, 0x0e, 0x58, 0xa1, 0x20, 0x0f, 0x58, 0xa2, 0x20, 0x1e, 0x58, 0xa3, 0x20,
	0xc0, 0x47, 0xa4, 0x20, 0xd0, 0xd4, 0xa5, 0x38, 0xf3, 0xd4, 0x95, 0x3c, 0x96, 0x3e, 0x2b, 0x5b,
	0x93, 0x3c, 0x94, 0x3e, 0xd0, 0xd2, 0xa9, 0x38, 0xaa, 0x3a, 0x08, 0x58, 0xab, 0x20, 0xd0, 0xd6,
	0xac, 0x38, 0xad, 0x3a, 0x08, 0x58, 0xae, 0x82, 0x20, 0x01, 0x00, 0xa6, 0x82, 0x20, 0x01, 0x00,
	0xa7, 0x82, 0x20, 0x01, 0x00, 0xa8, 0xff, 0x20, 0x01, 0x95, 0x20, 0x01, 0x00, 0xf0, 0x91, 0x20,
	0x01, 0x5e, 0xb2, 0x38, 0x60, 0x5e, 0xb1, 0x20, 0x60, 0x5e, 0xb0, 0x20, 0x60, 0x5e, 0xaf, 0x20,
	0x60, 0x5e, 0xba, 0x20, 0xb3, 0x3a, 0xb4, 0x3c, 0xb5, 0x3e, 0xbb, 0x22, 0xbc, 0x24, 0xbd, 0x26,
	0xbe, 0x28, 0xbf, 0x2a, 0xc0, 0x2c, 0xc1, 0x2e, 0xc2, 0x7d, 0x0d, 0x58, 0xc3, 0x20, 0x0e, 0x58,
	0xc4, 0x20, 0x0f, 0x58, 0xc5, 0x20, 0x1e, 0x58, 0xc6, 0x20, 0xc0, 0x47, 0xc7, 0x20, 0xd0, 0xd4,
	0xc8, 0x38, 0xf3, 0xd4, 0xb8, 0x3c, 0xb9, 0x3e, 0x2b, 0x5b, 0xb6, 0x3c, 0xb7, 0x3e, 0xd0, 0xd2,
	0xcc, 0x38, 0xcd, 0x3a, 0x08, 0x58, 0xce, 0x20, 0xd0, 0xd6, 0xcf, 0x38, 0xd0, 0x3a, 0x08, 0x58,
	0xd1, 0x82, 0x20, 0x01, 0x00, 0xc9, 0x82, 0x20, 0x01, 0x00, 0xca, 0x82, 0x20, 0x01, 0x06, 0xcb,
	0x38, 0x00, 0x00, 0x62, 0x04, 0xb5, 0xff, 0x66, 0x03, 0x95, 0x8c, 0x04, 0x00, 0x80, 0x91, 0x26,
	0x01, 0x5e, 0xd5, 0x38, 0x60, 0x5e, 0xd4, 0x20, 0x60, 0x5e, 0xd3, 0x20, 0x60, 0x5e, 0xd2, 0x20,
	0x60, 0x5e, 0xdd, 0x20, 0xd6, 0x3a, 0xd7, 0x3c, 0xd8, 0x3e, 0xde, 0x22, 0xdf, 0x24, 0xe0, 0x26,
	0xe1, 0x28, 0xe2, 0x2a, 0xe3, 0x2c, 0xe4, 0x2e, 0xe5, 0x7d, 0x0d, 0x58, 0xe6, 0x20, 0x0e, 0x58,
	0xe7, 0x20, 0x0f, 0x58, 0xe8, 0x20, 0x1e, 0x58, 0xe9, 0x20, 0xc0, 0x47, 0xea, 0x20, 0xd0, 0xd4,
	0xeb, 0x38, 0xf3, 0xd4, 0xdb, 0x3c, 0xdc, 0x3e, 0x2b, 0x5b, 0xd9, 0x3c, 0xda, 0x3e, 0xd0, 0xd2,
	0xef, 0x38, 0xf0, 0x3a, 0x08, 0x58, 0xf1, 0x20, 0xd0, 0xd6, 0xf2, 0x38, 0xf3, 0x3a, 0x08, 0x58,
	0xf4, 0x82, 0x26, 0x01, 0x00, 0xec, 0x82, 0x26, 0x01, 0x00, 0xed, 0x82, 0x26, 0x01, 0x00, 0xee,
	0xff, 0x46, 0x02, 0x84, 0x20, 0x01, 0x01, 0xaa, 0xaa, 0x81, 0x62, 0x00, 0x01, 0x55, 0x55, 0x89,
	0x86, 0x04, 0x01, 0x5a, 0xa5, 0x8d, 0x20, 0x01, 0x68, 0xf8, 0x38, 0x60, 0x5e, 0xf7, 0x20, 0x60,
	0x5e, 0xf6, 0x20, 0x60, 0x5e, 0xf5, 0x20, 0x60, 0x5e, 0xda, 0x04, 0x00, 0x20, 0xd9, 0x04, 0xf9,
	0x3a, 0xfa, 0x3c, 0xfb, 0x3e, 0xda, 0x04, 0x01, 0x22, 0x02, 0x24, 0x03, 0x26, 0x04, 0x28, 0x05,
	0x2a, 0x06, 0x2c, 0x07, 0x2e, 0x08, 0x7d, 0x0d, 0x58, 0x09, 0x20, 0x0e, 0x58, 0x0a, 0x20, 0x0f,
	0x58, 0x0b, 0x20, 0x1e, 0x58, 0x0c, 0x20, 0xc0, 0x47, 0x0d, 0x20, 0xd0, 0xd4, 0x0e, 0x38, 0xf3,
	0xd4, 0xd9, 0x04, 0xfe, 0x3c, 0xff, 0x3e, 0x2b, 0x5b, 0xfc, 0x3c, 0xfd, 0x3e, 0xd0, 0xd2, 0xda,
	0x04, 0x12, 0x38, 0x13, 0x3a, 0x08, 0x58, 0x14, 0x20, 0xd0, 0xd6, 0x15, 0x38, 0x16, 0x3a, 0x08,
	0x58, 0x17, 0x82, 0x2a, 0x01, 0x00, 0x0f, 0x82, 0x2a, 0x01, 0x00, 0x10, 0x82, 0x2a, 0x01, 0x00,
	0x11, 0xff, 0x2a, 0x01, 0x97, 0xd6, 0x06, 0x00, 0x8e, 0x8d, 0xd6, 0x06, 0x0e, 0xda, 0x04, 0x1b,
	0x38, 0x60, 0x5e, 0x1a, 0x20, 0x60, 0x5e, 0x19, 0x20, 0x60, 0x5e, 0x18, 0x82, 0xfa, 0x07, 0x4c,
	0x1c, 0x3a, 0x1d, 0x3c, 0x1e, 0x3e, 0x24, 0x22, 0x25, 0x24, 0x26, 0x26, 0x27, 0x28, 0x28, 0x2a,
	0x29, 0x2c, 0x2a, 0x2e, 0x2b, 0x7d, 0x0d, 0x58, 0x2c, 0x20, 0x0e, 0x58, 0x2d, 0x20, 0x0f, 0x58,
	0x2e, 0x20, 0x1e, 0x58, 0x2f, 0x20, 0xc0, 0x47, 0x30, 0x20, 0xd0, 0xd4, 0x31, 0x38, 0xf3, 0xd4,
	0x21, 0x3c, 0x22, 0x3e, 0x2b, 0x5b, 0x1f, 0x3c, 0x20, 0x3e, 0xd0, 0xd2, 0x35, 0x38, 0x36, 0x3a,
	0x08, 0x58, 0x37, 0x20, 0xd0, 0xd6, 0x38, 0x38, 0x39, 0x3a, 0x08, 0x58, 0x3a, 0x82, 0x20, 0x01,
	0x00, 0x32, 0x82, 0x20, 0x01, 0x00, 0x33, 0x82, 0x20, 0x01, 0x05, 0x34, 0x38, 0x00, 0x00, 0x17,
	0x06, 0xff, 0xd6, 0x06, 0x98, 0xd6, 0x06, 0x00, 0x8e, 0x8d, 0x70, 0x03, 0x0e, 0xda, 0x04, 0x3e,
	0x38, 0x60, 0x5e, 0x3d, 0x20, 0x60, 0x5e, 0x3c, 0x20, 0x60, 0x5e, 0x3b, 0x82, 0x00, 0x08, 0x4c,
	0x3f, 0x3a, 0x40, 0x3c, 0x41, 0x3e, 0x47, 0x22, 0x48, 0x24, 0x49, 0x26, 0x4a, 0x28, 0x4b, 0x2a,
	0x4c, 0x2c, 0x4d, 0x2e, 0x4e, 0x7d, 0x0d, 0x58, 0x4f, 0x20, 0x0e, 0x58, 0x50, 0x20, 0x0f, 0x58,
	0x51, 0x20, 0x1e, 0x58, 0x52, 0x20, 0xc0, 0x47, 0x53, 0x20, 0xd0, 0xd4, 0x54, 0x38, 0xf3, 0xd4,
	0x44, 0x3c, 0x45, 0x3e, 0x2b, 0x5b, 0x42, 0x3c, 0x43, 0x3e, 0xd0, 0xd2, 0x58, 0x38, 0x59, 0x3a,
	0x08, 0x58, 0x5a, 0x20, 0xd0, 0xd6, 0x5b, 0x38, 0x5c, 0x3a, 0x08, 0x58, 0x5d, 0x82, 0x26, 0x01,
	0x00, 0x55, 0x82, 0x26, 0x01, 0x00, 0x56, 0x82, 0x26, 0x01, 0x00, 0x57, 0xff, 0x46, 0x02, 0x97,
	0xd6, 0x06, 0x90, 0x20, 0x01, 0x0c, 0x61, 0x38, 0x60, 0x5e, 0x60, 0x20, 0x60, 0x5e, 0x5f, 0x20,
	0x60, 0x5e, 0x5e, 0x82, 0xfa, 0x07, 0x4c, 0x62, 0x3a, 0x63, 0x3c, 0x64, 0x3e, 0x6a, 0x22, 0x6b,
	0x24, 0x6c, 0x26, 0x6d, 0x28, 0x6e, 0x2a, 0x6f, 0x2c, 0x70, 0x2e, 0x71, 0x7d, 0x0d, 0x58, 0x72,
	0x20, 0x0e, 0x58, 0x73, 0x20, 0x0f, 0x58, 0x74, 0x20, 0x1e, 0x58, 0x75, 0x20, 0xc0, 0x47, 0x76,
	0x20, 0xd0, 0xd4, 0x77, 0x38, 0xf3, 0xd4, 0x67, 0x3c, 0x68, 0x3e, 0x2b, 0x5b, 0x65, 0x3c, 0x66,
	0x3e, 0xd0, 0xd2, 0x7b, 0x38, 0x7c, 0x3a, 0x08, 0x58, 0x7d, 0x20, 0xd0, 0xd6, 0x7e, 0x38, 0x7f,
	0x3a, 0x08, 0x58, 0x80, 0x82, 0x20, 0x01, 0x00, 0x78, 0x82, 0x20, 0x01, 0x00, 0x79, 0x82, 0x20,
	0x01, 0x00, 0x7a, 0xff, 0x20, 0x01, 0x97, 0xd6, 0x06, 0x90, 0x20, 0x01, 0x0c, 0x84, 0x38, 0x60,
	0x5e, 0x83, 0x20, 0x60, 0x5e, 0x82, 0x20, 0x60, 0x5e, 0x81, 0x82, 0xfa, 0x07, 0x4c, 0x85, 0x3a,
	0x86, 0x3c, 0x87, 0x3e, 0x8d, 0x22, 0x8e, 0x24, 0x8f, 0x26, 0x90, 0x28, 0x91, 0x2a, 0x92, 0x2c,
	0x93, 0x2e, 0x94, 0x7d, 0x0d, 0x58, 0x95, 0x20, 0x0e, 0x58, 0x96, 0x20, 0x0f, 0x58, 0x97, 0x20,
	0x1e, 0x58, 0x98, 0x20, 0xc0, 0x47, 0x99, 0x20, 0xd0, 0xd4, 0x9a, 0x38, 0xf3, 0xd4, 0x8a, 0x3c,
	0x8b, 0x3e, 0x2b, 0x5b, 0x88, 0x3c, 0x89, 0x3e, 0xd0, 0xd2, 0x9e, 0x38, 0x9f, 0x3a, 0x08, 0x58,
	0xa0, 0x20, 0xd0, 0xd6, 0xa1, 0x38, 0xa2, 0x3a, 0x08, 0x58, 0xa3, 0x82, 0x20, 0x01, 0x00, 0x9b,
	0x82, 0x20, 0x01, 0x00, 0x9c, 0x82, 0x20, 0x01, 0x06, 0x9d, 0x38, 0x00, 0x00, 0xc7, 0x07, 0xb3,
	0xff, 0x66, 0x03, 0x97, 0xd6, 0x06, 0x90, 0x26, 0x01, 0x0c, 0xa7, 0x38, 0x60, 0x5e, 0xa6, 0x20,
	0x60, 0x5e, 0xa5, 0x20, 0x60, 0x5e, 0xa4, 0x82, 0x00, 0x08, 0x4c, 0xa8, 0x3a, 0xa9, 0x3c, 0xaa,
	0x3e, 0xb0, 0x22, 0xb1, 0x24, 0xb2, 0x26, 0xb3, 0x28, 0xb4, 0x2a, 0xb5, 0x2c, 0xb6, 0x2e, 0xb7,
	0x7d, 0x0d, 0x58, 0xb8, 0x20, 0x0e, 0x58, 0xb9, 0x20, 0x0f, 0x58, 0xba, 0x20, 0x1e, 0x58, 0xbb,
	0x20, 0xc0, 0x47, 0xbc, 0x20, 0xd0, 0xd4, 0xbd, 0x38, 0xf3, 0xd4, 0xad, 0x3c, 0xae, 0x3e, 0x2b,
	0x5b, 0xab, 0x3c, 0xac, 0x3e, 0xd0, 0xd2, 0xc1, 0x38, 0xc2, 0x3a, 0x08, 0x58, 0xc3, 0x20, 0xd0,
	0xd6, 0xc4, 0x38, 0xc5, 0x3a, 0x08, 0x58, 0xc6, 0x82, 0x26, 0x01, 0x00, 0xbe, 0x82, 0x26, 0x01,
	0x00, 0xbf, 0x82, 0x26, 0x01, 0x00, 0xc0, 0xff, 0x46, 0x02, 0x97, 0xd6, 0x06, 0x00, 0x8e, 0x8d,
	0xd6, 0x06, 0x0e, 0xda, 0x04, 0xca, 0x38, 0x60, 0x5e, 0xc9, 0x20, 0x60, 0x5e, 0xc8, 0x20, 0x60,
	0x5e, 0xc7, 0x82, 0xfa, 0x07, 0x4c, 0xcb, 0x3a, 0xcc, 0x3c, 0xcd, 0x3e, 0xd3, 0x22, 0xd4, 0x24,
	0xd5, 0x26, 0xd6, 0x28, 0xd7, 0x2a, 0xd8, 0x2c, 0xd9, 0x2e, 0xda, 0x7d, 0x0d, 0x58, 0xdb, 0x20,
	0x0e, 0x58, 0xdc, 0x20, 0x0f, 0x58, 0xdd, 0x20, 0x1e, 0x58, 0xde, 0x20, 0xc0, 0x47, 0xdf, 0x20,
	0xd0, 0xd4, 0xe0, 0x38, 0xf3, 0xd4, 0xd0, 0x3c, 0xd1, 0x3e, 0x2b, 0x5b, 0xce, 0x3c, 0xcf, 0x3e,
	0xd0, 0xd2, 0xe4, 0x38, 0xe5, 0x3a, 0x08, 0x58, 0xe6, 0x20, 0xd0, 0xd6, 0xe7, 0x38, 0xe8, 0x3a,
	0x08, 0x58, 0xe9, 0x82, 0x20, 0x01, 0x00, 0xe1, 0x82, 0x20, 0x01, 0x00, 0xe2, 0x82, 0x20, 0x01,
	0x00, 0xe3, 0xff, 0x20, 0x01, 0x97, 0xcc, 0x06, 0x00, 0x8c, 0x8f, 0xcc, 0x06, 0x0c, 0xed, 0x38,
	0x60, 0x5e, 0xec, 0x20, 0x60, 0x5e, 0xeb, 0x20, 0x60, 0x5e, 0xea, 0x82, 0xfa, 0x07, 0x52, 0xee,
	0x3a, 0xef, 0x3c, 0xf0, 0x3e, 0xf6, 0x22, 0xf7, 0x24, 0xf8, 0x26, 0xf9, 0x28, 0xfa, 0x2a, 0xfb,
	0x2c, 0xfc, 0x2e, 0xfd, 0x7d, 0x0d, 0x58, 0xfe, 0x20, 0x0e, 0x58, 0xff, 0x20, 0x0f, 0x58, 0xdb,
	0x04, 0x00, 0x20, 0x1e, 0x58, 0x01, 0x20, 0xc0, 0x47, 0x02, 0x20, 0xd0, 0xd4, 0x03, 0x38, 0xf3,
	0xd4, 0xda, 0x04, 0xf3, 0x3c, 0xf4, 0x3e, 0x2b, 0x5b, 0xf1, 0x3c, 0xf2, 0x3e, 0xd0, 0xd2, 0xdb,
	0x04, 0x07, 0x38, 0x08, 0x3a, 0x08, 0x58, 0x09, 0x20, 0xd0, 0xd6, 0x0a, 0x38, 0x0b, 0x3a, 0x08,
	0x58, 0x0c, 0x82, 0x26, 0x01, 0x00, 0x04, 0x82, 0x26, 0x01, 0x00, 0x05, 0x82, 0x26, 0x01, 0x07,
	0x06, 0x38, 0x00, 0x00, 0x7a, 0x09, 0x96, 0x00, 0xff, 0x2c, 0x01, 0x96, 0xd2, 0x06, 0x00, 0x8c,
	0x8d, 0x6c, 0x03, 0x0e, 0xdb, 0x04, 0x10, 0x38, 0x60, 0x5e, 0x0f, 0x20, 0x60, 0x5e, 0x0e, 0x20,
	0x60, 0x5e, 0x0d, 0x82, 0xfc, 0x07, 0x4c, 0x11, 0x3a, 0x12, 0x3c, 0x13, 0x3e, 0x19, 0x22, 0x1a,
	0x24, 0x1b, 0x26, 0x1c, 0x28, 0x1d, 0x2a, 0x1e, 0x2c, 0x1f, 0x2e, 0x20, 0x7d, 0x0d, 0x58, 0x21,
	0x20, 0x0e, 0x58, 0x22, 0x20, 0x0f, 0x58, 0x23, 0x20, 0x1e, 0x58, 0x24, 0x20, 0xc0, 0x47, 0x25,
	0x20, 0xd0, 0xd4, 0x26, 0x38, 0xf3, 0xd4, 0x16, 0x3c, 0x17, 0x3e, 0x2b, 0x5b, 0x14, 0x3c, 0x15,
	0x3e, 0xd0, 0xd2, 0x2a, 0x38, 0x2b, 0x3a, 0x08, 0x58, 0x2c, 0x20, 0xd0, 0xd6, 0x2d, 0x38, 0x2e,
	0x3a, 0x08, 0x58, 0x2f, 0x82, 0x26, 0x01, 0x00, 0x27, 0x82, 0x26, 0x01, 0x00, 0x28, 0x82, 0x26,
	0x01, 0x15, 0x29, 0x38, 0x1a, 0x5e, 0x5a, 0xa5, 0xbc, 0xd4, 0x00, 0xd3, 0x80, 0x41, 0x0e, 0x0a,
	0x00, 0x00, 0x00, 0x10, 0x09, 0x01, 0x02, 0x21, 0x81, 0x28, 0x01, 0x00, 0x80, 0x81, 0x52, 0x12,
	0x92, 0x01, 0x00, 0x03, 0x02, 0x21, 0x80, 0xd7, 0x81, 0x22, 0x00, 0x97, 0x20, 0x00, 0x82, 0x1e,
	0x00, 0x00, 0x09, 0x8b, 0x10, 0x00, 0x00, 0x01, 0x8c, 0x10, 0x00, 0x00, 0x03, 0x8c, 0x10, 0x00,
	0x00, 0xff, 0x86, 0x10, 0x00, 0x01, 0xc0, 0xd7, 0x84, 0x42, 0x00, 0x94, 0x01, 0x00, 0x82, 0xec,
	0x12, 0x98, 0x01, 0x00, 0x00, 0xd0, 0x9c, 0x20, 0x00, 0xff, 0x01, 0x00, 0xff, 0x01, 0x00, 0x99,
	0x01, 0x00, 0x01, 0x80, 0x43, 0x85, 0x0a, 0x00, 0x05, 0xc0, 0x43, 0x8f, 0x4b, 0x80, 0xd3, 0x81,
	0x68, 0x14, 0x01, 0x00, 0x01, 0x8f, 0x6e, 0x14, 0x00, 0xb4, 0xff, 0x6e, 0x14, 0x9f, 0x16, 0x09,
	0x8e, 0x64, 0x03, 0xff, 0x70, 0x14, 0xff, 0x20, 0x01, 0x88, 0x16, 0x09, 0x90, 0x20, 0x01, 0xff,
	0x72, 0x14, 0xff, 0xd0, 0x06, 0x86, 0x10, 0x09, 0x90, 0x20, 0x01, 0xf1, 0x72, 0x14, 0x00, 0xb4,
	0xff, 0x72, 0x14, 0x99, 0x16, 0x09, 0x00, 0x8c, 0x8f, 0xec, 0x0f, 0xff, 0x72, 0x14, 0xff, 0x46,
	0x02, 0x86, 0x20, 0x01, 0x00, 0x82, 0x8f, 0xb8, 0x16, 0xff, 0x72, 0x14, 0xff, 0x0a, 0x09, 0x87,
	0x20, 0x01, 0xff, 0x72, 0x14, 0x81, 0x72, 0x14, 0x00, 0x64, 0xff, 0x72, 0x14, 0x99, 0xcc, 0x06,
	0x90, 0x26, 0x01, 0xff, 0x72, 0x14, 0xff, 0x20, 0x01, 0x86, 0xcc, 0x06, 0x90, 0x20, 0x01, 0xff,
	0x72, 0x14, 0xff, 0x2a, 0x01, 0x90, 0xd6, 0x06, 0x8e, 0x2a, 0x01, 0xf3, 0x72, 0x14, 0x00, 0x19,
	0xff, 0x72, 0x14, 0x99, 0xd6, 0x06, 0x00, 0x82, 0x8f, 0xec, 0x0f, 0xff, 0x72, 0x14, 0xff, 0x46,
	0x02, 0x86, 0x20, 0x01, 0x00, 0x80, 0x8f, 0xec, 0x0f, 0xff, 0x72, 0x14, 0xff, 0xd6, 0x06, 0x87,
	0x20, 0x01, 0xff, 0x72, 0x14, 0x81, 0x72, 0x14, 0x00, 0xc9, 0xff, 0x72, 0x14, 0x99, 0xd6, 0x06,
	0x90, 0x26, 0x01, 0xff, 0x72, 0x14, 0xff, 0x20, 0x01, 0x86, 0xd6, 0x06, 0x90, 0x20, 0x01, 0xff,
	0x72, 0x14, 0xff, 0x86, 0x04, 0x86, 0xcc, 0x06, 0x90, 0x20, 0x01, 0xf7, 0x72, 0x14, 0x00, 0x7c,
	0xff, 0x72, 0x14, 0x99, 0xd2, 0x06, 0x00, 0x80, 0x8d, 0xd2, 0x06, 0xfb, 0x72, 0x14, 0x00, 0x10,
	0xff, 0x72, 0x14, 0x82, 0x01, 0x00, 0xff, 0x72, 0x14, 0xff, 0x01, 0x00, 0xf9, 0x01, 0x00, 0x93,
	0x72, 0x14, 0xff, 0x72, 0x14, 0xb2, 0x16, 0x09, 0x00, 0x84, 0xff, 0xe2, 0x28, 0xff, 0x72, 0x14,
	0x98, 0x16, 0x09, 0x00, 0x84, 0xff, 0x72, 0x14, 0xff, 0x72, 0x14, 0x98, 0x10, 0x09, 0x90, 0x20,
	0x01, 0xff, 0x72, 0x14, 0xff, 0x26, 0x01, 0x8c, 0x16, 0x09, 0x90, 0x26, 0x01, 0xff, 0x72, 0x14,
	0xff, 0x86, 0x04, 0x86, 0x16, 0x09, 0x90, 0x20, 0x01, 0xff, 0x72, 0x14, 0xff, 0x0a, 0x09, 0x87,
	0x86, 0x04, 0x8f, 0xb2, 0x16, 0xf3, 0x72, 0x14, 0x81, 0xb4, 0x2f, 0xff, 0x26, 0x01, 0x8b, 0x62,
	0x00, 0x85, 0x26, 0x01, 0x01, 0x60, 0x67, 0xff, 0x70, 0x14, 0xff, 0x1e, 0x01, 0x95, 0x1e, 0x01,
	0x00, 0xc0, 0x8e, 0x1e, 0x01, 0xff, 0x6e, 0x14, 0xff, 0x28, 0x01, 0x8f, 0xd2, 0x06, 0x00, 0xd0,
	0x8c, 0x28, 0x01, 0xf3, 0x6c, 0x14, 0x02, 0x16, 0x06, 0xad, 0xff, 0x6a, 0x03, 0x96, 0xb0, 0x05,
	0x00, 0xe0, 0x8e, 0x24, 0x01, 0xff, 0x6a, 0x14, 0xf5, 0x1e, 0x01, 0x00, 0x01, 0x8e, 0x54, 0x0b,
	0x00, 0x90, 0x8e, 0x1e, 0x01, 0xff, 0x68, 0x14, 0xff, 0xcc, 0x06, 0x85, 0x1e, 0x01, 0x00, 0x80,
	0x8e, 0x1e, 0x01, 0xf1, 0x66, 0x14, 0x01, 0xc3, 0x07, 0xff, 0x30, 0x0a, 0x86, 0x42, 0x02, 0x00,
	0x80, 0x8d, 0x42, 0x02, 0x00, 0x20, 0x8e, 0x24, 0x01, 0xff, 0x64, 0x14, 0xf6, 0x1e, 0x01, 0x00,
	0xf0, 0x8d, 0x1e, 0x01, 0x00, 0x30, 0x8e, 0x1e, 0x01, 0xff, 0x62, 0x14, 0xff, 0x7e, 0x04, 0x85,
	0x9c, 0x05, 0x00, 0x00, 0x8e, 0x1e, 0x01, 0xf7, 0x60, 0x14, 0x02, 0x73, 0x09, 0x95, 0xff, 0x60,
	0x14, 0x84, 0x2a, 0x01, 0x00, 0x0f, 0x8e, 0x2a, 0x01, 0x00, 0x10, 0x8c, 0x2a, 0x01, 0xfb, 0x5e,
	0x14, 0x00, 0x06, 0xff, 0x5e, 0x14, 0x82, 0x01, 0x00, 0xff, 0x5e, 0x14, 0xff, 0x01, 0x00, 0xf9,
	0x01, 0x00, 0x93, 0x5e, 0x14, 0x8f, 0x5e, 0x14, 0x00, 0xb1, 0xff, 0x5e, 0x14, 0x8c, 0x62, 0x03,
	0x00, 0x00, 0x8c, 0xc8, 0x06, 0x02, 0x80, 0x00, 0x50, 0x8e, 0x74, 0x0c, 0xff, 0x5c, 0x14, 0xff,
	0xaa, 0x05, 0x85, 0x1e, 0x01, 0x00, 0x40, 0x8e, 0x1e, 0x01, 0xff, 0x5a, 0x14, 0xff, 0x3c, 0x02,
	0x85, 0xe6, 0x07, 0x00, 0xa0, 0x8e, 0x1e, 0x01, 0xf1, 0x58, 0x14, 0x01, 0xb1, 0x02, 0xff, 0x88,
	0x0d, 0x97, 0xd4, 0x0f, 0x00, 0xd1, 0x8e, 0x24, 0x01, 0xff, 0x56, 0x14, 0xff, 0x1e, 0x01, 0x84,
	0x1e, 0x01, 0x00, 0x08, 0x8f, 0x1e, 0x01, 0xff, 0x54, 0x14, 0xff, 0x1e, 0x01, 0x85, 0x3c, 0x02,
	0x00, 0xe1, 0x8e, 0x1e, 0x01, 0xf1, 0x52, 0x14, 0x00, 0x5e, 0xff, 0x52, 0x14, 0x98, 0x42, 0x02,
	0x8f, 0x24, 0x01, 0xff, 0x52, 0x14, 0xff, 0x1e, 0x01, 0x85, 0x42, 0x02, 0x00, 0x91, 0xff, 0x52,
	0x14, 0xff, 0x52, 0x14, 0xa0, 0x46, 0x02, 0x8d, 0x28, 0x01, 0xf3, 0x52, 0x14, 0x00, 0x10, 0xff,
	0x52, 0x14, 0x98, 0x4c, 0x02, 0x00, 0x81, 0xff, 0x52, 0x14, 0xff, 0x42, 0x02, 0x96, 0x42, 0x02,
	0x8f, 0x1e, 0x01, 0xff, 0x52, 0x14, 0xff, 0x1e, 0x01, 0x85, 0x3c, 0x02, 0x00, 0x21, 0xff, 0x52,
	0x14, 0x03, 0x38, 0x00, 0x00, 0xbd, 0xff, 0x52, 0x14, 0x98, 0x42, 0x02, 0x8f, 0x24, 0x01, 0xff,
	0x52, 0x14, 0xff, 0x1e, 0x01, 0x85, 0x42, 0x02, 0x00, 0x01, 0xff, 0x52, 0x14, 0xff, 0x1e, 0x01,
	0x96, 0x3c, 0x02, 0x8f, 0x1e, 0x01, 0xf7, 0x52, 0x14, 0x02, 0x6d, 0x09, 0x97, 0xff, 0x52, 0x14,
	0x84, 0x2a, 0x01, 0x8b, 0x2e, 0x24, 0x81, 0xe2, 0x0f, 0x82, 0xb8, 0x0e, 0x00, 0x86, 0xff, 0x56,
	0x14, 0x87, 0x56, 0x14, 0x00, 0x02, 0xff, 0x56, 0x14, 0x82, 0x01, 0x00, 0xff, 0x56, 0x14, 0xff,
	0x01, 0x00, 0xf9, 0x01, 0x00, 0x93, 0x56, 0x14, 0x8f, 0x56, 0x14, 0x00, 0xb7, 0xff, 0x56, 0x14,
	0x8c, 0x66, 0x03, 0x8b, 0x7e, 0x1e, 0x86, 0x66, 0x03, 0x00, 0x8e, 0xff, 0x5a, 0x14, 0xff, 0x22,
	0x01, 0x83, 0x22, 0x01, 0x01, 0x5a, 0xa5, 0x81, 0x62, 0x00, 0x01, 0xa5, 0x5a, 0x85, 0x22, 0x01,
	0x01, 0xf0, 0x0f, 0x82, 0x22, 0x01, 0x00, 0x82, 0xff, 0x5e, 0x14, 0xff, 0x22, 0x01, 0x84, 0x44,
	0x02, 0x8d, 0x22, 0x01, 0x83, 0x44, 0x02, 0x00, 0x80, 0xff, 0x62, 0x14, 0x03, 0x00, 0x00, 0xb7,
	0x02, 0xff, 0xf0, 0x32, 0x85, 0x28, 0x01, 0x8b, 0xae, 0x1f, 0x81, 0xe2, 0x06, 0x82, 0x28, 0x01,
	0x00, 0x84, 0xff, 0x66, 0x14, 0xff, 0x22, 0x01, 0x89, 0x1e, 0x09, 0x85, 0x30, 0x24, 0x86, 0x8e,
	0x04, 0x00, 0x92, 0xff, 0x6a, 0x14, 0xff, 0x22, 0x01, 0x89, 0x16, 0x09, 0x85, 0x40, 0x0a, 0x86,
	0x22, 0x01, 0x00, 0x94, 0xff, 0x6e, 0x14, 0x04, 0x00, 0x00, 0x6a, 0x04, 0xaf, 0xff, 0x6c, 0x03,
	0x8a, 0x4a, 0x02, 0x8e, 0xd8, 0x06, 0x00, 0x96, 0xff, 0x72, 0x14, 0xff, 0x22, 0x01, 0x89, 0xfa,
	0x07, 0x8e, 0x4a, 0x02, 0x00, 0x98, 0xff, 0x76, 0x14, 0xff, 0x76, 0x14, 0x89, 0x2c, 0x01, 0x81,
	0x0c, 0x00, 0x81, 0x1a, 0x01, 0x00, 0x40, 0x8c, 0xd0, 0x06, 0xf5, 0x26, 0x3d, 0x00, 0x98, 0xff,
	0x64, 0x03, 0x88, 0x16, 0x01, 0x01, 0xa0, 0x9a, 0xff, 0x5a, 0x14, 0xff, 0x10, 0x01, 0x87, 0x40,
	0x03, 0x8f, 0x26, 0x02, 0xff, 0x4c, 0x14, 0xf9, 0x10, 0x01, 0x8f, 0x20, 0x02, 0xf1, 0x3e, 0x14,
	0x02, 0xb1, 0x07, 0x9b, 0xff, 0x36, 0x03, 0x83, 0xf4, 0x09, 0x00, 0x7f, 0x93, 0x26, 0x02, 0xff,
	0x30, 0x14, 0xf9, 0x10, 0x01, 0x8f, 0x26, 0x02, 0xff, 0x22, 0x14, 0xf4, 0x56, 0x05, 0x00, 0x80,
	0x93, 0x20, 0x02, 0xf7, 0x14, 0x14, 0x02, 0x4c, 0x09, 0x8e, 0xff, 0x14, 0x14, 0x88, 0x1c, 0x01,
	0x8d, 0x2c, 0x02, 0xfb, 0x02, 0x14, 0x00, 0xd8, 0x81, 0x84, 0x13, 0xff, 0x02, 0x14, 0xff, 0x02,
	0x14, 0xff, 0x01, 0x00, 0xfa, 0x01, 0x00, 0x93, 0x02, 0x14, 0x8f, 0x02, 0x14, 0x00, 0x9c, 0xff,
	0x02, 0x14, 0x8b, 0x80, 0x05, 0x82, 0x84, 0x10, 0x8d, 0x70, 0x04, 0xff, 0xf0, 0x13, 0xfb, 0x10,
	0x01, 0x8d, 0x64, 0x04, 0xff, 0xde, 0x13, 0xf5, 0x10, 0x01, 0x01, 0x55, 0x55, 0x93, 0x20, 0x02,
	0xf1, 0xcc, 0x13, 0x02, 0x9c, 0x02, 0xa6, 0xff, 0xc6, 0x09, 0x88, 0x16, 0x01, 0x8f, 0x26, 0x02,
	0xff, 0xba, 0x13, 0xff, 0xd8, 0x1c, 0x85, 0xf6, 0x1d, 0x00, 0xd2, 0xff, 0x20, 0x28, 0xff, 0x1e,
	0x01, 0x94, 0x1e, 0x01, 0x01, 0xf0, 0x0f, 0x8f, 0x1e, 0x01, 0xf1, 0xb2, 0x13, 0x00, 0x42, 0xff,
	0x20, 0x28, 0x98, 0x42, 0x02, 0x00, 0xd3, 0xff, 0x20, 0x28, 0xff, 0x42, 0x02, 0x96, 0x42, 0x02,
	0x8f, 0x1e, 0x01, 0xff, 0xaa, 0x13, 0xff, 0x28, 0x01, 0x8f, 0x46, 0x02, 0x00, 0xd4, 0xff, 0x20,
	0x28, 0x04, 0x38, 0x00, 0x00, 0xf4, 0x05, 0xff, 0x20, 0x28, 0x97, 0x4c, 0x02, 0x8f, 0x24, 0x01,
	0xff, 0xc6, 0x13, 0xff, 0x1e, 0x01, 0x85, 0x42, 0x02, 0x00, 0xd5, 0xff, 0x20, 0x28, 0xff, 0x1e,
	0x01, 0x96, 0x3c, 0x02, 0x8f, 0x1e, 0x01, 0xf1, 0xe2, 0x13, 0x00, 0xa1, 0xff, 0x20, 0x28, 0x98,
	0x42, 0x02, 0x00, 0xd6, 0xff, 0x20, 0x28, 0xff, 0x42, 0x02, 0x96, 0x42, 0x02, 0x8f, 0x1e, 0x01,
	0xff, 0xfe, 0x13, 0xff, 0x1e, 0x01, 0x85, 0x3c, 0x02, 0x00, 0xd7, 0xff, 0x20, 0x28, 0x86, 0x0c,
	0x14, 0x00, 0x51, 0xff, 0x72, 0x3c, 0x98, 0x48, 0x02, 0x8d, 0x2a, 0x01, 0xfb, 0x1a, 0x14, 0x00,
	0xe4, 0xff, 0x1a, 0x14, 0x82, 0x01, 0x00, 0xff, 0x1a, 0x14, 0xff, 0x01, 0x00, 0xf9, 0x01, 0x00,
	0x93, 0x1a, 0x14, 0xff, 0x72, 0x3c, 0xb1, 0x8c, 0x04, 0x00, 0xd8, 0xff, 0x72, 0x3c, 0xff, 0xaa,
	0x05, 0x96, 0x80, 0x04, 0x8f, 0x1e, 0x01, 0xff, 0x36, 0x14, 0xff, 0x1e, 0x01, 0x85, 0x3c, 0x02,
	0x00, 0xd9, 0xff, 0x72, 0x3c, 0xff, 0x72, 0x3c, 0x9c, 0x42, 0x02, 0x8f, 0x24, 0x01, 0xff, 0x52,
	0x14, 0xff, 0x1e, 0x01, 0x85, 0x42, 0x02, 0x00, 0xda, 0xff, 0x52, 0x14, 0xff, 0x1e, 0x01, 0x96,
	0x3c, 0x02, 0x8f, 0x1e, 0x01, 0xff, 0x72, 0x3c, 0xff, 0x24, 0x01, 0x8b, 0x42, 0x02, 0x00, 0xdb,
	0xff, 0x52, 0x14, 0xff, 0x42, 0x02, 0x96, 0x42, 0x02, 0x8f, 0x1e, 0x01, 0xff, 0x52, 0x14, 0xff,
	0x28, 0x01, 0x8f, 0x46, 0x02, 0x00, 0xdc, 0xff, 0x52, 0x14, 0xff, 0x72, 0x3c, 0x9c, 0x4c, 0x02,
	0x8f, 0x24, 0x01, 0xff, 0x52, 0x14, 0xfb, 0x42, 0x32, 0x01, 0x57, 0x13, 0x87, 0x42, 0x02, 0x01,
	0x00, 0xc6, 0xff, 0x52, 0x14, 0xff, 0x1e, 0x01, 0x95, 0x1e, 0x01, 0x00, 0x01, 0x8e, 0x1e, 0x01,
	0xff, 0x72, 0x3c, 0xff, 0x24, 0x01, 0x8b, 0x24, 0x01, 0x00, 0x7f, 0x8e, 0x24, 0x01, 0xff, 0x52,
	0x14, 0xff, 0x1e, 0x01, 0x85, 0x1e, 0x01, 0x00, 0x80, 0x8e, 0x1e, 0x01, 0xff, 0x52, 0x14, 0xff,
	0x1e, 0x01, 0x85, 0x1e, 0x01, 0x00, 0xff, 0x8e, 0x1e, 0x01, 0xf9, 0x72, 0x3c, 0xff, 0x52, 0x14,
	0x98, 0xa8, 0x05, 0x00, 0xce, 0xff, 0x52, 0x14, 0x87, 0x52, 0x14, 0x00, 0x00, 0xff, 0x6e, 0x3c,
	0x82, 0x01, 0x00, 0xff, 0x52, 0x14, 0xff, 0x01, 0x00, 0xf9, 0x01, 0x00, 0x93, 0x52, 0x14, 0xff,
	0x52, 0x14, 0xb2, 0xec, 0x07, 0x8c, 0x62, 0x03, 0xff, 0x52, 0x14, 0xff, 0x1e, 0x01, 0x88, 0xe6,
	0x07, 0x8e, 0x1e, 0x01, 0xff, 0x52, 0x14, 0xff, 0x1e, 0x01, 0x86, 0xe6, 0x07, 0x8e, 0x1e, 0x01,
	0xff, 0x52, 0x14, 0xff, 0x24, 0x01, 0x8c, 0xec, 0x07, 0x8e, 0x24, 0x01, 0xff, 0x52, 0x14, 0xff,
	0x1e, 0x01, 0x86, 0xe0, 0x07, 0x00, 0xcc, 0xff, 0x52, 0x14, 0xff, 0x1e, 0x01, 0x96, 0x9c, 0x05,
	0x8e, 0x1e, 0x01, 0xff, 0x52, 0x14, 0xff, 0x24, 0x01, 0x8c, 0xa2, 0x05, 0x8e, 0x24, 0x01, 0xff,
	0x52, 0x14, 0xff, 0x1e, 0x01, 0x86, 0xa2, 0x05, 0x8e, 0x1e, 0x01, 0xff, 0x52, 0x14, 0xff, 0x28,
	0x01, 0x90, 0xa6, 0x05, 0x8c, 0x28, 0x01, 0xff, 0x52, 0x14, 0xff, 0x24, 0x01, 0x8e, 0xac, 0x05,
	0x00, 0xc2, 0xff, 0x52, 0x14, 0xff, 0x1e, 0x01, 0x96, 0xac, 0x05, 0x8e, 0x1e, 0x01, 0xff, 0x52,
	0x14, 0xff, 0x1e, 0x01, 0x86, 0xa6, 0x05, 0x8e, 0x1e, 0x01, 0xff, 0x52, 0x14, 0xff, 0x24, 0x01,
	0x8c, 0xac, 0x05, 0x8e, 0x24, 0x01, 0xff, 0x52, 0x14, 0xff, 0x1e, 0x01, 0x86, 0xa2, 0x05, 0x8e,
	0x1e, 0x01, 0xff, 0x52, 0x14, 0xff, 0x1e, 0x01, 0x86, 0x9c, 0x05, 0x00, 0xc0, 0xff, 0x52, 0x14,
	0xff, 0x52, 0x14, 0xa2, 0xa8, 0x05, 0x8c, 0x2a, 0x01, 0xff, 0x52, 0x14, 0xff, 0x52, 0x14, 0xff,
	0x52, 0x14, 0xff, 0x01, 0x00, 0xfb, 0x01, 0x00, 0x93, 0x52, 0x14, 0xff, 0x52, 0x14, 0xb2, 0xec,
	0x07, 0x8c, 0x62, 0x03, 0xff, 0x52, 0x14, 0xff, 0x1e, 0x01, 0x88, 0xe6, 0x07, 0x8e, 0x1e, 0x01,
	0xff, 0x52, 0x14, 0xff, 0x1e, 0x01, 0x86, 0xe6, 0x07, 0x8e, 0x1e, 0x01, 0xff, 0x52, 0x14, 0xff,
	0x24, 0x01, 0x8c, 0xec, 0x07, 0x00, 0xc4, 0xff, 0x52, 0x14, 0xff, 0x1e, 0x01, 0x96, 0xe0, 0x07,
	0x8e, 0x1e, 0x01, 0xff, 0x52, 0x14, 0xff, 0x1e, 0x01, 0x86, 0x9c, 0x05, 0x8e, 0x1e, 0x01, 0xf3,
	0x52, 0x14, 0x00, 0xac, 0xff, 0x60, 0x03, 0x97, 0xa2, 0x05, 0x8e, 0x24, 0x01, 0xff, 0x52, 0x14,
	0xff, 0x1e, 0x01, 0x86, 0xa2, 0x05, 0x8e, 0x1e, 0x01, 0xff, 0x52, 0x14, 0xfe, 0x18, 0x49, 0x82,
	0x1a, 0x01, 0x02, 0xe0, 0x81, 0x01, 0xff, 0xa2, 0x50, 0x04, 0x38, 0x00, 0x00, 0x0a, 0x06, 0xff,
	0x6c, 0x4d, 0x83, 0x18, 0x01, 0x83, 0xa6, 0x43, 0x03, 0xe0, 0x81, 0xaa, 0xaa, 0xff, 0x3a, 0x14,
	0xff, 0x12, 0x01, 0x87, 0xde, 0x46, 0x02, 0xe0, 0x81, 0x00, 0xff, 0xac, 0x8d, 0xff, 0x12, 0x01,
	0x89, 0x12, 0x01, 0x00, 0x83, 0x8f, 0x3c, 0x03, 0xf1, 0x22, 0x14, 0x02, 0xa5, 0x07, 0x9e, 0xff,
	0x3c, 0x03, 0x82, 0x18, 0x01, 0x01, 0xaa, 0xaa, 0x83, 0x18, 0x01, 0x01, 0x55, 0x55, 0xff, 0x16,
	0x14, 0xff, 0x12, 0x01, 0x88, 0x66, 0x05, 0x02, 0x83, 0xff, 0xff, 0xff, 0x0a, 0x14, 0xff, 0x12,
	0x01, 0x88, 0x12, 0x01, 0x00, 0x85, 0x8f, 0x3c, 0x03, 0xf7, 0xfe, 0x13, 0x02, 0x43, 0x09, 0x8f,
	0xff, 0xfe, 0x13, 0x89, 0x7e, 0x06, 0x00, 0x85, 0x8d, 0x7e, 0x06, 0xfb, 0xf2, 0x13, 0x00, 0xd0,
	0xff, 0x96, 0x3c, 0x82, 0x01, 0x00, 0xff, 0xf2, 0x13, 0xff, 0x01, 0x00, 0xf9, 0x01, 0x00, 0x93,
	0xf2, 0x13, 0x8f, 0xf2, 0x13, 0x00, 0x9f, 0xff, 0xf2, 0x13, 0x91, 0xb0, 0x07, 0x00, 0x85, 0x8d,
	0x86, 0x05, 0xff, 0xe6, 0x13, 0xfc, 0x86, 0x05, 0x00, 0x87, 0x8d, 0xd4, 0x09, 0xff, 0xda, 0x13,
	0xf6, 0x24, 0x02, 0x82, 0x54, 0x58, 0x01, 0xe0, 0x87, 0xff, 0x3c, 0x8d, 0x81, 0xce, 0x13, 0x01,
	0x9f, 0x02, 0xff, 0x10, 0x0d, 0x8a, 0x3c, 0x03, 0x90, 0x18, 0x01, 0xff, 0xc2, 0x13, 0xfa, 0x3c,
	0x03, 0x00, 0x8d, 0x8f, 0x3c, 0x03, 0xff, 0xb6, 0x13, 0xf4, 0x12, 0x01, 0x82, 0x64, 0x59, 0x01,
	0xe0, 0x8d, 0xff, 0x84, 0xa1, 0x81, 0xaa, 0x13, 0x02, 0x3a, 0x04, 0xa0, 0xff, 0x3c, 0x03, 0x89,
	0x3c, 0x03, 0x00, 0x8d, 0x8f, 0x78, 0x06, 0xff, 0x9e, 0x13, 0xfa, 0x3c, 0x03, 0x00, 0x8f, 0xff,
	0x68, 0xa1, 0xff, 0x92, 0x13, 0x94, 0x46, 0x03, 0x8e, 0x1c, 0x01, 0xf3, 0x92, 0x13, 0x02, 0xda,
	0x05, 0x99, 0xff, 0x46, 0x03, 0x89, 0x46, 0x03, 0x00, 0x8f, 0x8f, 0x44, 0x0f, 0xff, 0x92, 0x13,
	0xf9, 0x46, 0x03, 0x01, 0x00, 0x90, 0xff, 0x90, 0x13, 0xff, 0x10, 0x01, 0x87, 0x22, 0x02, 0x8f,
	0x10, 0x01, 0xf1, 0x8e, 0x13, 0x00, 0x73, 0xff, 0x36, 0x64, 0x8b, 0x26, 0x02, 0x00, 0x91, 0xff,
	0x8c, 0x13, 0xff, 0x10, 0x01, 0x88, 0x26, 0x02, 0x8e, 0x10, 0x01, 0xff, 0x8a, 0x13, 0xfa, 0x20,
	0x02, 0x00, 0x97, 0xff, 0x88, 0x13, 0x85, 0x88, 0x13, 0x00, 0x0e, 0xff, 0x36, 0x64, 0x8b, 0x2c,
	0x02, 0x8c, 0x1c, 0x01, 0xfb, 0x86, 0x13, 0x00, 0x9a, 0xff, 0x86, 0x13, 0x82, 0x01, 0x00, 0xff,
	0x86, 0x13, 0xff, 0x01, 0x00, 0xf9, 0x01, 0x00, 0x93, 0x86, 0x13, 0xff, 0x36, 0x64, 0xa4, 0x70,
	0x04, 0x8e, 0x2c, 0x70, 0xff, 0x84, 0x13, 0xfa, 0x64, 0x04, 0x8e, 0x10, 0x01, 0xff, 0x82, 0x13,
	0xfa, 0x20, 0x02, 0x00, 0x9e, 0xff, 0x80, 0x13, 0x81, 0x36, 0x64, 0xff, 0x32, 0x71, 0x8a, 0x26,
	0x02, 0x8e, 0x16, 0x01, 0xff, 0x7e, 0x13, 0xfa, 0x26, 0x02, 0x00, 0x9f, 0xff, 0x7c, 0x13, 0xff,
	0x10, 0x01, 0x88, 0x20, 0x02, 0x8e, 0x10, 0x01, 0xf1, 0x7a, 0x13, 0x01, 0x34, 0x04, 0x81, 0x60,
	0xa7, 0xff, 0x16, 0x01, 0x8b, 0x62, 0x00, 0x85, 0x06, 0x26, 0x00, 0x61, 0x8e, 0x24, 0x01, 0xff,
	0x86, 0x13, 0xff, 0x1e, 0x01, 0x85, 0x1e, 0x01, 0x05, 0x1f, 0x5e, 0xe1, 0xff, 0xc0, 0xde, 0xff,
	0x96, 0x13, 0xff, 0x96, 0x13, 0x9f, 0x2c, 0x01, 0x00, 0x71, 0x8c, 0x4a, 0x02, 0xf3, 0xa2, 0x13,
	0x01, 0xe8, 0x05, 0x81, 0x5a, 0x31, 0xff, 0x24, 0x01, 0x95, 0x50, 0x02, 0x00, 0xf1, 0x8e, 0x50,
	0x02, 0xff, 0xb2, 0x13, 0xff, 0x22, 0x01, 0x88, 0xd8, 0x2c, 0x8e, 0x46, 0x02, 0xff, 0xc0, 0x13,
	0xff, 0x1e, 0x01, 0x87, 0x40, 0x02, 0x00, 0xff, 0x90, 0x40, 0x02, 0xf1, 0xd2, 0x13, 0x01, 0x99,
	0x07, 0xff, 0x4c, 0x42, 0x97, 0x28, 0x01, 0x00, 0x41, 0x8e, 0x46, 0x02, 0xff, 0xe0, 0x13, 0xff,
	0x1e, 0x01, 0x87, 0x46, 0x02, 0x01, 0x01, 0x00, 0x8f, 0x46, 0x02, 0xff, 0xf2, 0x13, 0xff, 0x22,
	0x01, 0x85, 0x22, 0x01, 0x00, 0x4f, 0x8e, 0x40, 0x02, 0xf7, 0x00, 0x14, 0x00, 0x4b, 0xff, 0x4a,
	0x8c, 0x9a, 0x4c, 0x02, 0x00, 0x0f, 0x8e, 0x4c, 0x02, 0xfb, 0x12, 0x14, 0x00, 0xe0, 0xff, 0x12,
	0x14, 0x82, 0x01, 0x00, 0xff, 0x12, 0x14, 0xff, 0x01, 0x00, 0xf9, 0x01, 0x00, 0x93, 0x12, 0x14,
	0x8f, 0x12, 0x14, 0x81, 0xc2, 0x34, 0xff, 0x12, 0x14, 0x9b, 0x66, 0x03, 0x00, 0x5f, 0x8e, 0xa6,
	0x0d, 0xff, 0x20, 0x14, 0xff, 0x1e, 0x01, 0x87, 0x84, 0x04, 0x00, 0x1f, 0x8e, 0x84, 0x04, 0xff,
	0x32, 0x14, 0xfb, 0x0c, 0x12, 0x00, 0x40, 0x8c, 0xf8, 0x1d, 0xf3, 0x32, 0x14, 0x00, 0xac, 0xff,
	0x32, 0x14, 0x84, 0x16, 0x01, 0x84, 0x54, 0x84, 0x8e, 0x16, 0x01, 0xff, 0x32, 0x14, 0xf9, 0xda,
	0x29, 0x8f, 0x10, 0x01, 0xff, 0x32, 0x14, 0xf9, 0x68, 0x24, 0x8f, 0x10, 0x01, 0xf1, 0x32, 0x14,
	0x00, 0x44, 0xff, 0x56, 0x3b, 0x8a, 0x48, 0x15, 0x8f, 0x16, 0x01, 0xff, 0x24, 0x14, 0xf9, 0x8a,
	0x32, 0x8f, 0x10, 0x01, 0xff, 0x12, 0x14, 0xff, 0x98, 0x07, 0x8b, 0x50, 0x8f, 0x82, 0x80, 0x17,
	0x08, 0x5e, 0x00, 0xd6, 0x01, 0x5e, 0x01, 0x00, 0x20, 0x18, 0x81, 0x0a, 0x00, 0x02, 0x83, 0xdb,
	0x80, 0x8c, 0x72, 0x98, 0xf3, 0x22, 0x14, 0x02, 0xf0, 0x05, 0xc5, 0xff, 0x5e, 0x03, 0xa6, 0x34,
	0x01, 0x00, 0x88, 0x8e, 0x34, 0x01, 0xff, 0x2e, 0x14, 0xff, 0x2e, 0x01, 0x95, 0x2e, 0x01, 0x00,
	0x90, 0x8e, 0x2e, 0x01, 0xff, 0x3e, 0x14, 0xff, 0x2e, 0x01, 0x95, 0x2e, 0x01, 0x00, 0x98, 0x8e,
	0x2e, 0x01, 0xf1, 0x4a, 0x14, 0x02, 0xb5, 0x07, 0xc8, 0xff, 0x90, 0x03, 0xa7, 0xc4, 0x04, 0x8c,
	0xd0, 0x99, 0xff, 0x5a, 0x14, 0xff, 0x2e, 0x01, 0x98, 0xbe, 0x04, 0x8e, 0x2e, 0x01, 0xff, 0x66,
	0x14, 0xff, 0x2e, 0x01, 0x96, 0xbe, 0x04, 0x8e, 0x2e, 0x01, 0xf7, 0x76, 0x14, 0x02, 0x7d, 0x09,
	0x9d, 0xff, 0x76, 0x14, 0xa7, 0xca, 0x04, 0x8c, 0x3a, 0x01, 0xfb, 0x82, 0x14, 0x00, 0x18, 0xff,
	0x0c, 0x50, 0x82, 0x01, 0x00, 0xff, 0x82, 0x14, 0xff, 0x01, 0x00, 0xf9, 0x01, 0x00, 0x93, 0x82,
	0x14, 0x8f, 0x82, 0x14, 0x00, 0xc9, 0xff, 0x82, 0x14, 0xa4, 0x72, 0x03, 0x01, 0x68, 0x24, 0x86,
	0x08, 0x07, 0x00, 0x8c, 0xff, 0x92, 0x14, 0xff, 0x2e, 0x01, 0xa5, 0x2e, 0x01, 0x00, 0x88, 0x8e,
	0x2e, 0x01, 0xff, 0x9e, 0x14, 0xff, 0x2e, 0x01, 0x95, 0x2e, 0x01, 0x00, 0x90, 0x8e, 0x2e, 0x01,
	0xf1, 0xbc, 0x14, 0x01, 0xc9, 0x02, 0xff, 0x28, 0x0e, 0xa7, 0x34, 0x01, 0x00, 0x98, 0x8e, 0x34,
	0x01, 0xff, 0xda, 0x14, 0xff, 0x2e, 0x01, 0x8b, 0x2e, 0x01, 0x01, 0xf0, 0x0f, 0x86, 0xbe, 0x04,
	0x8e, 0x74, 0xa4, 0xff, 0xf8, 0x14, 0xff, 0x2e, 0x01, 0x95, 0x2e, 0x01, 0x00, 0x88, 0x8e, 0x2e,
	0x01, 0xf1, 0x16, 0x15, 0x02, 0x8e, 0x04, 0xca, 0xff, 0x90, 0x03, 0xa6, 0x34, 0x01, 0x00, 0x90,
	0x8e, 0x34, 0x01, 0xff, 0x34, 0x15, 0xff, 0x2e, 0x01, 0x95, 0x2e, 0x01, 0x00, 0x98, 0x8e, 0x2e,
	0x01, 0xff, 0x52, 0x15, 0xff, 0x38, 0x01, 0x96, 0x38, 0x01, 0x87, 0x8e, 0x10, 0xff, 0xa8, 0x50,
	0x04, 0x38, 0x00, 0x00, 0x58, 0x06, 0xff, 0x2a, 0x07, 0xa7, 0x34, 0x01, 0x00, 0x88, 0x8e, 0x34,
	0x01, 0xff, 0x52, 0x15, 0xff, 0x2e, 0x01, 0x95, 0x2e, 0x01, 0x00, 0x90, 0xff, 0x86, 0xa1, 0xff,
	0x2e, 0x01, 0xa6, 0x2e, 0x01, 0x00, 0x98, 0xff, 0xfc, 0x50, 0x04, 0x38, 0x00, 0x00, 0x1d, 0x08,
	0xff, 0x52, 0x15, 0x9d, 0x34, 0x01, 0x01, 0xff, 0xff, 0x86, 0xc4, 0x04, 0x8c, 0xb6, 0xab, 0xff,
	0x52, 0x15, 0xff, 0x2e, 0x01, 0x97, 0x2e, 0x01, 0x00, 0x88, 0x8e, 0x2e, 0x01, 0xff, 0x52, 0x15,
	0xff, 0x2e, 0x01, 0x95, 0x2e, 0x01, 0x00, 0x90, 0x8e, 0x2e, 0x01, 0xf7, 0x52, 0x15, 0x00, 0xe5,
	0xff, 0x52, 0x15, 0xa8, 0x3a, 0x01, 0x00, 0x98, 0x8c, 0x3a, 0x01, 0xfb, 0x52, 0x15, 0x00, 0x80,
	0xff, 0x52, 0x15, 0x82, 0x01, 0x00, 0xff, 0x52, 0x15, 0xff, 0x01, 0x00, 0xf9, 0x01, 0x00, 0x93,
	0x52, 0x15, 0xff, 0x52, 0x15, 0xc2, 0x5a, 0x1c, 0x8e, 0x9c, 0xb1, 0xff, 0x52, 0x15, 0xff, 0x2e,
	0x01, 0x96, 0x5a, 0x1c, 0x8e, 0x2e, 0x01, 0xff, 0x52, 0x15, 0xff, 0x2e, 0x01, 0x96, 0x5a, 0x1c,
	0x8e, 0x2e, 0x01, 0xff, 0x52, 0x15, 0xff, 0x34, 0x01, 0x9c, 0x54, 0x1c, 0x8e, 0x34, 0x01, 0xff,
	0x52, 0x15, 0xff, 0x2e, 0x01, 0x96, 0xbe, 0x04, 0x8e, 0x38, 0xb5, 0xff, 0x52, 0x15, 0xff, 0x2e,
	0x01, 0x96, 0xbe, 0x04, 0xff, 0x66, 0xb6, 0xff, 0x52, 0x15, 0xad, 0xc4, 0x04, 0x8e, 0x34, 0x01,
	0xff, 0x52, 0x15, 0xff, 0x2e, 0x01, 0x96, 0xbe, 0x04, 0x8e, 0x2e, 0x01, 0xff, 0x52, 0x15, 0xff,
	0x38, 0x01, 0xa0, 0xc8, 0x04, 0x8c, 0xd8, 0xb8, 0xff, 0x52, 0x15, 0xff, 0x34, 0x01, 0x9e, 0xce,
	0x04, 0x8e, 0x34, 0x01, 0xff, 0x52, 0x15, 0xff, 0x2e, 0x01, 0x96, 0xc8, 0x04, 0x8e, 0x2e, 0x01,
	0xff, 0x52, 0x15, 0xff, 0x2e, 0x01, 0x96, 0xc8, 0x04, 0x8e, 0x2e, 0x01, 0xff, 0x52, 0x15, 0xff,
	0x34, 0x01, 0x9c, 0xc4, 0x04, 0x8c, 0x3e, 0x4b, 0xff, 0x52, 0x15, 0xff, 0x2e, 0x01, 0x98, 0xbe,
	0x04, 0x8e, 0x2e, 0x01, 0xff, 0x52, 0x15, 0xff, 0x2e, 0x01, 0x96, 0xbe, 0x04, 0x8e, 0x2e, 0x01,
	0xff, 0x52, 0x15, 0xff, 0x3a, 0x01, 0xa2, 0xca, 0x04, 0x8c, 0x3a, 0x01, 0xff, 0x52, 0x15, 0xff,
	0x52, 0x15, 0xff, 0x52, 0x15, 0xff, 0x01, 0x00, 0xfb, 0x01, 0x00, 0x93, 0x52, 0x15, 0xff, 0x38,
	0x53, 0xa4, 0xe6, 0x3c, 0x00, 0x81, 0xff, 0x34, 0x15, 0xff, 0x10, 0x01, 0x88, 0xe0, 0x3c, 0x8e,
	0x10, 0x01, 0xff, 0x16, 0x15, 0xfa, 0xe0, 0x3c, 0x8e, 0x10, 0x01, 0xff, 0x38, 0x53, 0xff, 0xe6,
	0x3c, 0x8f, 0x16, 0x01, 0xff, 0xda, 0x14, 0xfa, 0xe0, 0x3c, 0x8e, 0x10, 0x01, 0xff, 0xbc, 0x14,
	0xfa, 0xe0, 0x3c, 0x8e, 0x10, 0x01, 0xf3, 0x38, 0x53, 0x00, 0x9d, 0xff, 0x36, 0x03, 0x89, 0x6c,
	0x06, 0xff, 0xd2, 0x29, 0xff, 0x26, 0x02, 0x89, 0x6c, 0x06, 0xff, 0xb4, 0x29, 0xff, 0x62, 0x14,
	0x93, 0x76, 0x06, 0x8c, 0x1a, 0x01, 0xf3, 0x44, 0x14, 0x01, 0xd1, 0x05, 0xff, 0x76, 0x06, 0x8a,
	0x76, 0x06, 0x8e, 0x16, 0x01, 0xff, 0x26, 0x14, 0xfa, 0x76, 0x06, 0x8e, 0x10, 0x01, 0xff, 0x08,
	0x14, 0xfa, 0x76, 0x06, 0x8e, 0x10, 0x01, 0xf1, 0xea, 0x13, 0x00, 0x69, 0xff, 0xaa, 0x66, 0x8b,
	0x76, 0x06, 0x00, 0x83, 0xff, 0xcc, 0x13, 0xff, 0x10, 0x01, 0x88, 0x76, 0x06, 0x8e, 0x10, 0x01,
	0xff, 0xae, 0x13, 0xfa, 0x6c, 0x06, 0x8e, 0x10, 0x01, 0xf7, 0x90, 0x13, 0x00, 0x04, 0xff, 0xaa,
	0x66, 0x8b, 0x72, 0x06, 0x8c, 0x1c, 0x01, 0xfb, 0x72, 0x13, 0x00, 0x90, 0xff, 0x98, 0x52, 0x82,
	0x01, 0x00, 0xff, 0x72, 0x13, 0xff, 0x01, 0x00, 0xf9, 0x01, 0x00, 0x93, 0x72, 0x13, 0xff, 0x72,
	0x13, 0xa4, 0xb6, 0x08, 0x8c, 0x54, 0x03, 0xff, 0x72, 0x13, 0xfc, 0xb6, 0x08, 0x8e, 0x10, 0x01,
	0xff, 0x72, 0x13, 0xfa, 0xb0, 0x08, 0x8e, 0x84, 0xdd, 0xff, 0x72, 0x13, 0xff, 0xb6, 0x08, 0x8f,
	0x16, 0x01, 0xff, 0x72, 0x13, 0xfa, 0xb6, 0x08, 0x8e, 0x10, 0x01, 0xff, 0x72, 0x13, 0xfa, 0xaa,
	0x08, 0x8e, 0x10, 0x01, 0xff, 0x72, 0x13, 0xff, 0x6c, 0x06, 0x8f, 0x16, 0x01, 0xff, 0x72, 0x13,
	0xfa, 0x6c, 0x06, 0x8e, 0x10, 0x01, 0xff, 0x72, 0x13, 0xff, 0x76, 0x06, 0x82, 0x1a, 0x01, 0x00,
	0x85, 0xff, 0x72, 0x13, 0xff, 0x72, 0x13, 0x8e, 0x76, 0x06, 0x8e, 0x16, 0x01, 0xff, 0x72, 0x13,
	0xfa, 0x76, 0x06, 0x8e, 0x10, 0x01, 0xff, 0x72, 0x13, 0xfa, 0x76, 0x06, 0x8e, 0x10, 0x01, 0xff,
	0x72, 0x13, 0xff, 0x76, 0x06, 0x8f, 0x16, 0x01, 0xff, 0x72, 0x13, 0xfa, 0x76, 0x06, 0x8e, 0x10,
	0x01, 0xff, 0x72, 0x13, 0xfa, 0x6c, 0x06, 0x8e, 0x36, 0x55, 0xff, 0x72, 0x13, 0xff, 0x1c, 0x01,
	0x84, 0x72, 0x06, 0xff, 0x54, 0xf2, 0xff, 0x72, 0x13, 0xff, 0x72, 0x13, 0xff, 0x01, 0x00, 0xff,
	0x01, 0x00, 0x88, 0x01, 0x00, 0x93, 0x72, 0x13, 0xff, 0x72, 0x13, 0xa4, 0xb6, 0x08, 0x8c, 0x54,
	0x03, 0xff, 0x72, 0x13, 0xfc, 0xb6, 0x08, 0x8e, 0x10, 0x01, 0xff, 0x72, 0x13, 0xfa, 0xb0, 0x08,
	0x8e, 0x10, 0x01, 0xff, 0x72, 0x13, 0xff, 0xb6, 0x08, 0x8f, 0x16, 0x01, 0xff, 0x72, 0x13, 0xfa,
	0xb6, 0x08, 0x00, 0x87, 0xff, 0x72, 0x13, 0xff, 0x10, 0x01, 0x88, 0xaa, 0x08, 0x8e, 0x10, 0x01,
	0xff, 0x72, 0x13, 0xff, 0x6c, 0x06, 0x8f, 0x16, 0x01, 0xff, 0x72, 0x13, 0xfa, 0x6c, 0x06, 0x8e,
	0x10, 0x01, 0xff, 0x72, 0x13, 0xff, 0x76, 0x06, 0x91, 0x1a, 0x01, 0xf5, 0x72, 0x13, 0x00, 0x96,
	0xff, 0x40, 0x03, 0x89, 0x76, 0x06, 0x8e, 0x16, 0x01, 0xff, 0x72, 0x13, 0xf1, 0x10, 0x01, 0x84,
	0x00, 0x35, 0xff, 0x1c, 0xa1, 0xff, 0x0e, 0x01, 0x86, 0x0e, 0x01, 0x8f, 0xc2, 0x90, 0xf1, 0x6e,
	0x13, 0x01, 0x67, 0x07, 0xff, 0xa8, 0x09, 0x87, 0x14, 0x01, 0x00, 0x7f, 0x8e, 0x14, 0x01, 0xff,
	0x6c, 0x13, 0xf7, 0x0e, 0x01, 0x00, 0x80, 0x8e, 0x0e, 0x01, 0xff, 0x6a, 0x13, 0xf7, 0x0e, 0x01,
	0x01, 0xff, 0x7f, 0xff, 0x68, 0x13, 0x85, 0x68, 0x13, 0x02, 0xff, 0x08, 0x8d, 0xff, 0x68, 0x13,
	0x87, 0x58, 0x05, 0x8c, 0x66, 0x54, 0xfb, 0x66, 0x13, 0x00, 0x8a, 0xff, 0x66, 0x13, 0x82, 0x01,
	0x00, 0xff, 0x66, 0x13, 0xff, 0x01, 0x00, 0xf9, 0x01, 0x00, 0x93, 0x66, 0x13, 0x8f, 0x66, 0x13,
	0x81, 0xb2, 0x09, 0xff, 0x66, 0x13, 0x8c, 0x6c, 0x04, 0xff, 0x04, 0xa1, 0xff, 0x7a, 0x05, 0x86,
	0x0e, 0x01, 0x8d, 0xaa, 0xa8, 0xff, 0x62, 0x13, 0xf4, 0xd6, 0x0b, 0x00, 0x23, 0xff, 0x5a, 0x13,
	0x04, 0x00, 0x00, 0x96, 0x02, 0x8c, 0xff, 0xb2, 0x09, 0x81, 0x0e, 0x01, 0x00, 0x25, 0xff, 0x52,
	0x13, 0xff, 0x08, 0x01, 0x02, 0x11, 0x00, 0x01, 0x8e, 0x16, 0x02, 0xff, 0x4a, 0x13, 0xf2, 0x08,
	0x01, 0x8e, 0x10, 0x02, 0xf1, 0x42, 0x13, 0x02, 0x22, 0x04, 0x91, 0xff, 0x1e, 0x03, 0x03, 0x5e,
	0x11, 0x00, 0x7f, 0x8e, 0x16, 0x02, 0xff, 0x3a, 0x13, 0xf2, 0x08, 0x01, 0x8e, 0x16, 0x02, 0xff,
	0x32, 0x13, 0xfb, 0x12, 0x01, 0x00, 0x80, 0x8c, 0x1a, 0x02, 0xf3, 0x2a, 0x13, 0x01, 0xb3, 0x05,
	0xff, 0x46, 0x06, 0x82, 0x0e, 0x01, 0x8c, 0x20, 0x02, 0xff, 0x22, 0x13, 0xf3, 0x08, 0x01, 0x00,
	0xff, 0x8e, 0x16, 0x02, 0xff, 0x1c, 0x13, 0xf2, 0x08, 0x01, 0x8e, 0x10, 0x02, 0xf1, 0x16, 0x13,
	0x02, 0x3f, 0x07, 0x8f, 0xff, 0x1e, 0x03, 0x81, 0x64, 0x09, 0x00, 0x21, 0xff, 0x10, 0x13, 0xff,
	0x08, 0x01, 0x02, 0x11, 0x00, 0x01, 0x8e, 0x08, 0x01, 0xff, 0x0a, 0x13, 0xf2, 0x4e, 0x07, 0x8e,
	0x08, 0x01, 0xf7, 0x04, 0x13, 0x02, 0xce, 0x08, 0x8a, 0xff, 0x04, 0x13, 0x81, 0x42, 0x06, 0x8c,
	0x14, 0x01, 0xfb, 0xfe, 0x12, 0x00, 0x56, 0xff, 0xfe, 0x12, 0x82, 0x01, 0x00, 0xff, 0xfe, 0x12,
	0xff, 0x01, 0x00, 0xf9, 0x01, 0x00, 0x93, 0xfe, 0x12, 0x8f, 0xfe, 0x12, 0x00, 0x94, 0xff, 0xfe,
	0x12, 0x89, 0x7e, 0x07, 0x8c, 0x4c, 0x03, 0xff, 0xf8, 0x12, 0xf4, 0x70, 0x06, 0x04, 0x5e, 0x5a,
	0xa5, 0x01, 0x58, 0xff, 0xf6, 0x12, 0xff, 0x0c, 0x01, 0x81, 0x04, 0x14, 0x01, 0xa0, 0x05, 0x81,
	0x08, 0x01, 0xff, 0xfa, 0x12, 0x02, 0x94, 0x02, 0x92, 0xff, 0x96, 0x09, 0x06, 0x5e, 0x11, 0x00,
	0x09, 0x5e, 0x57, 0x13, 0x81, 0x0a, 0x01, 0xff, 0xfe, 0x12, 0xff, 0x0c, 0x01, 0x03, 0x0a, 0x5e,
	0x68, 0x24, 0x81, 0x00, 0x01, 0xff, 0x02, 0x13, 0xff, 0x0c, 0x01, 0x04, 0x1f, 0x5e, 0x5a, 0xa5,
	0x1f, 0x8e, 0x0c, 0x01, 0xf1, 0x06, 0x13, 0x02, 0x26, 0x04, 0x93, 0xff, 0x2a, 0x03, 0x03, 0x5e,
	0x11, 0x00, 0x1a, 0x8e, 0x0e, 0x01, 0xff, 0x06, 0x13, 0xf1, 0x08, 0x01, 0x00, 0x1c, 0x8e, 0x08,
	0x01, 0xff, 0x06, 0x13, 0xfd, 0x22, 0x25, 0x03, 0x5a, 0xa5, 0x40, 0x5b, 0xff, 0x0a, 0x13, 0x03,
	0x00, 0x00, 0xb9, 0x05, 0xff, 0x56, 0x06, 0x85, 0x12, 0x01, 0x00, 0x80, 0x8e, 0x12, 0x01, 0xff,
	0x0e, 0x13, 0xf1, 0x0c, 0x01, 0x00, 0xd0, 0x8e, 0x8e, 0x9c, 0xff, 0x0e, 0x13, 0xfa, 0xae, 0x2d,
	0x00, 0x01, 0xff, 0x16, 0x13, 0x02, 0x00, 0x00, 0x4b, 0xff, 0x9a, 0x39, 0x84, 0x16, 0x01, 0x84,
	0xb4, 0x2d, 0x8e, 0x16, 0x01, 0xff, 0x1e, 0x13, 0xfa, 0xae, 0x2d, 0x8e, 0x10, 0x01, 0xff, 0x26,
	0x13, 0xfa, 0xae, 0x2d, 0x8e, 0x10, 0x01, 0xf7, 0x2e, 0x13, 0x01, 0xe6, 0x08, 0xff, 0x9a, 0x39,
	0x84, 0x2c, 0x02, 0x83, 0xb0, 0x2d, 0x8c, 0x1c, 0x01, 0xfb, 0x36, 0x13, 0x00, 0x72, 0xff, 0x36,
	0x13, 0x82, 0x01, 0x00, 0xff, 0x36, 0x13, 0xff, 0x01, 0x00, 0xf9, 0x01, 0x00, 0x93, 0x36, 0x13,
	0xff, 0x9a, 0x39, 0xa4, 0xee, 0x2f, 0x8c, 0x54, 0x03, 0xff, 0x3e, 0x13, 0xfb, 0xb6, 0x08, 0x01,
	0xc0, 0x9c, 0xff, 0x42, 0x13, 0xff, 0x10, 0x01, 0x87, 0xb0, 0x08, 0x8f, 0x10, 0x01, 0xff, 0x9a,
	0x39, 0xff, 0xb6, 0x08, 0x8f, 0x16, 0x01, 0xff, 0x4a, 0x13, 0xf9, 0xb6, 0x08, 0x8f, 0x10, 0x01,
	0xff, 0x4e, 0x13, 0xf9, 0xaa, 0x08, 0x8f, 0x10, 0x01, 0xff, 0x9a, 0x39, 0xff, 0x6c, 0x06, 0x8f,
	0x16, 0x01, 0xff, 0x5a, 0x13, 0xf1, 0x10, 0x01, 0x01, 0xd6, 0x04, 0x81, 0xac, 0x19, 0x03, 0x00,
	0x22, 0x00, 0x71, 0xff, 0x62, 0x13, 0xff, 0x62, 0x13, 0x92, 0x1a, 0x01, 0x00, 0x60, 0xff, 0x66,
	0x13, 0xff, 0x0c, 0x4d, 0x8b, 0x16, 0x01, 0x02, 0x01, 0x22, 0x01, 0x8c, 0x30, 0x02, 0xff, 0x6a,
	0x13, 0xfc, 0x10, 0x01, 0x8e, 0x26, 0x02, 0xff, 0x72, 0x13, 0xf7, 0x10, 0x01, 0x02, 0x7f, 0x22,
	0x7f, 0x8e, 0x20, 0x02, 0xff, 0x0c, 0x4d, 0xff, 0x16, 0x01, 0x00, 0x7f, 0x8e, 0x26, 0x02, 0xff,
	0x72, 0x13, 0xf7, 0x10, 0x01, 0x02, 0x80, 0x22, 0x80, 0x8e, 0x26, 0x02, 0xff, 0x72, 0x13, 0xfa,
	0x10, 0x01, 0x8e, 0x20, 0x02, 0xff, 0x0c, 0x4d, 0xff, 0x1c, 0x01, 0x81, 0x1c, 0x01, 0x02, 0xff,
	0x22, 0xff, 0x8c, 0x2c, 0x02, 0xff, 0x0c, 0x4d, 0xff, 0x72, 0x13, 0xff, 0x72, 0x13, 0xff, 0x01,
	0x00, 0xfb, 0x01, 0x00, 0x93, 0x72, 0x13, 0xff, 0x72, 0x13, 0xa4, 0x54, 0x03, 0x8c, 0x70, 0x04,
	0xff, 0x72, 0x13, 0xfc, 0xec, 0x0b, 0x00, 0x72, 0xff, 0x72, 0x13, 0xff, 0x10, 0x01, 0x88, 0x10,
	0x01, 0x00, 0x76, 0xff, 0x72, 0x13, 0x81, 0x72, 0x13, 0xff, 0x6c, 0xd7, 0x84, 0x62, 0x12, 0x00,
	0xd6, 0x81, 0x18, 0x01, 0x05, 0x20, 0x18, 0xb8, 0xd4, 0x00, 0xd6, 0xff, 0x76, 0x13, 0xff, 0x14,
	0x01, 0x82, 0x14, 0x01, 0x00, 0xd7, 0x83, 0x14, 0x01, 0x05, 0x06, 0x5e, 0x00, 0xd7, 0x80, 0xd8,
	0xff, 0x7c, 0x13, 0xff, 0x16, 0x01, 0x81, 0x16, 0x01, 0x00, 0x3f, 0x88, 0x16, 0x01, 0x00, 0xbf,
	0x8e, 0x16, 0x01, 0xf1, 0x82, 0x13, 0x02, 0x3c, 0x04, 0xa7, 0xff, 0x46, 0x03, 0x83, 0x98, 0x14,
	0x84, 0x46, 0x03, 0x81, 0x1c, 0x01, 0x00, 0xff, 0x8e, 0x1c, 0x01, 0xff, 0x88, 0x13, 0xf3, 0x16,
	0x01, 0x00, 0xc0, 0x88, 0x16, 0x01, 0x00, 0xc0, 0x8e, 0x16, 0x01, 0xff, 0x8e, 0x13, 0xfe, 0x68,
	0x04, 0x00, 0xd8, 0x87, 0x20, 0x01, 0x02, 0x98, 0xd4, 0x00, 0x8e, 0x9c, 0x20, 0xf1, 0x96, 0x13,
	0x02, 0xe3, 0x05, 0xa4, 0xff, 0x54, 0x03, 0x8a, 0x9a, 0x06, 0x84, 0x1e, 0x01, 0xff, 0xc6, 0xda,
	0xff, 0x36, 0x02, 0x8a, 0x18, 0x01, 0x81, 0x0a, 0x00, 0x03, 0x83, 0xdb, 0x00, 0x1f, 0xff, 0xa6,
	0x13, 0xff, 0x18, 0x01, 0x8f, 0x18, 0x01, 0x00, 0x08, 0x8e, 0x18, 0x01, 0xf1, 0xae, 0x13, 0x02,
	0x87, 0x07, 0xa8, 0xff, 0x4e, 0x03, 0x90, 0x1e, 0x01, 0x00, 0x10, 0x8e, 0x1e, 0x01, 0xff, 0xb6,
	0x13, 0xff, 0x18, 0x01, 0x02, 0x83, 0xdb, 0x18, 0x8e, 0x18, 0x01, 0xff, 0xbe, 0x13, 0xfb, 0x18,
	0x01, 0x00, 0x01, 0x82, 0x18, 0x01, 0x01, 0x01, 0x1f, 0x8d, 0xfc, 0x34, 0xf9, 0xc8, 0x13, 0x02,
	0x2f, 0x09, 0x93, 0xff, 0xc8, 0x13, 0x90, 0x26, 0x01, 0x00, 0x09, 0x8e, 0x26, 0x01, 0xfb, 0xd2,
	0x13, 0x00, 0xc0, 0xff, 0xd2, 0x13, 0x82, 0x01, 0x00, 0xff, 0xd2, 0x13, 0xff, 0x01, 0x00, 0xf9,
	0x01, 0x00, 0x93, 0xd2, 0x13, 0x8f, 0xd2, 0x13, 0x00, 0xab, 0xff, 0xd2, 0x13, 0x98, 0x5e, 0x03,
	0x00, 0x11, 0x8e, 0x5e, 0x03, 0xff, 0xdc, 0x13, 0xff, 0x1a, 0x01, 0x81, 0x1a, 0x01, 0x00, 0x19,
	0x90, 0x1a, 0x01, 0xff, 0xe6, 0x13, 0xfb, 0x1a, 0x01, 0x00, 0x02, 0x82, 0x1a, 0x01, 0x02, 0x02,
	0x1f, 0x02, 0x8e, 0x1a, 0x01, 0xf1, 0xf0, 0x13, 0x01, 0xab, 0x02, 0xff, 0xaa, 0x10, 0x91, 0x20,
	0x01, 0x00, 0x0a, 0x90, 0x20, 0x01, 0xff, 0xf6, 0x13, 0xff, 0x1a, 0x01, 0x02, 0x83, 0xdb, 0x12,
	0x90, 0x1a, 0x01, 0xff, 0xfa, 0x13, 0xff, 0x1a, 0x01, 0x02, 0x83, 0xdb, 0x1a, 0x90, 0x1a, 0x01,
	0xf1, 0xfe, 0x13, 0x00, 0x52, 0xff, 0x04, 0xc7, 0x8c, 0x20, 0x01, 0x00, 0x03, 0x82, 0x20, 0x01,
	0x02, 0x03, 0x1f, 0x03, 0x8e, 0x20, 0x01, 0xff, 0x02, 0x14, 0xff, 0x1a, 0x01, 0x02, 0x83, 0xdb,
	0x0b, 0x90, 0x1a, 0x01, 0xff, 0x06, 0x14, 0xff, 0x24, 0x01, 0x89, 0x24, 0x01, 0x00, 0x13, 0x8e,
	0x24, 0x01, 0xf3, 0x08, 0x14, 0x01, 0xfe, 0x05, 0xff, 0xb2, 0x06, 0x91, 0x20, 0x01, 0x00, 0x1b,
	0x90, 0x20, 0x01, 0xff, 0x0a, 0x14, 0xfb, 0x1a, 0x01, 0x00, 0x04, 0x82, 0x1a, 0x01, 0x02, 0x04,
	0x1f, 0x04, 0x8e, 0x1a, 0x01, 0xff, 0x0c, 0x14, 0xff, 0x1a, 0x01, 0x02, 0x83, 0xdb, 0x0c, 0x90,
	0x1a, 0x01, 0xf1, 0x0e, 0x14, 0x02, 0xa5, 0x07, 0xaa, 0xff, 0x54, 0x03, 0x90, 0x20, 0x01, 0x00,
	0x14, 0x90, 0x20, 0x01, 0xff, 0x10, 0x14, 0xff, 0x1a, 0x01, 0x02, 0x83, 0xdb, 0x1c, 0x90, 0x1a,
	0x01, 0xff, 0x12, 0x14, 0xfb, 0x1a, 0x01, 0x00, 0x05, 0x82, 0x1a, 0x01, 0x02, 0x05, 0x1f, 0x05,
	0xff, 0x12, 0x14, 0x86, 0x12, 0x14, 0x00, 0x4f, 0xff, 0x12, 0x14, 0x92, 0x26, 0x01, 0x00, 0x0d,
	0x8e, 0x26, 0x01, 0xff, 0xfa, 0xda, 0xff, 0x12, 0x14, 0xff, 0x12, 0x14, 0xff, 0x01, 0x00, 0xfb,
	0x01, 0x00, 0x93, 0x12, 0x14, 0x8f, 0x12, 0x14, 0x00, 0xb5, 0xff, 0x12, 0x14, 0x98, 0x5e, 0x03,
	0x00, 0x15, 0x8e, 0x5e, 0x03, 0xff, 0x12, 0x14, 0xff, 0x1a, 0x01, 0x81, 0x1a, 0x01, 0x00, 0x1d,
	0x90, 0x1a, 0x01, 0xff, 0x12, 0x14, 0xf1, 0x1a, 0x01, 0x00, 0x1b, 0x81, 0xf6, 0x27, 0x04, 0x5e,
	0x00, 0xd6, 0x60, 0x1b, 0x82, 0xef, 0x02, 0x82, 0x1e, 0x01, 0x00, 0x40, 0x82, 0x0c, 0x00, 0x03,
	0xc0, 0x58, 0x68, 0x5b, 0x81, 0x10, 0x00, 0x04, 0x00, 0x1f, 0x1b, 0x59, 0x06, 0xff, 0x26, 0x14,
	0x81, 0xe8, 0xd0, 0xff, 0xfe, 0xb0, 0x96, 0x34, 0x01, 0x00, 0x48, 0xa0, 0x34, 0x01, 0xff, 0x3a,
	0x14, 0xff, 0x2e, 0x01, 0x83, 0x2e, 0x01, 0x00, 0x50, 0xa0, 0x2e, 0x01, 0xff, 0x4e, 0x14, 0xff,
	0x2e, 0x01, 0x83, 0x2e, 0x01, 0x00, 0x58, 0xa0, 0x2e, 0x01, 0xf1, 0x62, 0x14, 0x00, 0x7a, 0xff,
	0xfe, 0xb0, 0x86, 0x34, 0x01, 0x81, 0xea, 0x19, 0x00, 0x61, 0x82, 0x28, 0x01, 0x83, 0xf4, 0x19,
	0x00, 0x41, 0x82, 0x0c, 0x00, 0x03, 0xc1, 0x58, 0x68, 0x5b, 0x81, 0x10, 0x00, 0x00, 0x01, 0x92,
	0x34, 0x01, 0xff, 0x76, 0x14, 0xff, 0x2e, 0x01, 0x83, 0x2e, 0x01, 0x00, 0x49, 0xa0, 0x2e, 0x01,
	0xff, 0x8a, 0x14, 0xff, 0x38, 0x01, 0x8d, 0x38, 0x01, 0x00, 0x51, 0x9e, 0x38, 0x01, 0xf3, 0x9e,
	0x14, 0x00, 0x44, 0xff, 0xfe, 0xb0, 0x96, 0x34, 0x01, 0x00, 0x59, 0xa0, 0x34, 0x01, 0xff, 0xb2,
	0x14, 0xf5, 0x2e, 0x01, 0x81, 0x44, 0x1a, 0x00, 0x62, 0x82, 0x22, 0x01, 0x83, 0x4e, 0x1a, 0x00,
	0x42, 0x82, 0x0c, 0x00, 0x03, 0xc2, 0x58, 0x68, 0x5b, 0x81, 0x10, 0x00, 0x00, 0x02, 0x92, 0x2e,
	0x01, 0xff, 0xc6, 0x14, 0xff, 0x2e, 0x01, 0x83, 0x2e, 0x01, 0x00, 0x4a, 0xa0, 0x2e, 0x01, 0xf1,
	0xda, 0x14, 0x00, 0x09, 0xff, 0xfe, 0xb0, 0x96, 0x34, 0x01, 0x00, 0x52, 0xa0, 0x34, 0x01, 0xff,
	0xee, 0x14, 0xff, 0x2e, 0x01, 0x83, 0x2e, 0x01, 0x00, 0x5a, 0xa0, 0x2e, 0x01, 0xff, 0x02, 0x15,
	0xf5, 0x2e, 0x01, 0x81, 0x84, 0x1a, 0x00, 0x63, 0x82, 0x22, 0x01, 0x83, 0x8e, 0x1a, 0x00, 0x43,
	0x82, 0x0c, 0x00, 0x03, 0xc3, 0x58, 0x68, 0x5b, 0x81, 0x10, 0x00, 0x00, 0x03, 0x92, 0x2e, 0x01,
	0xf7, 0x16, 0x15, 0x00, 0xd1, 0xff, 0xfe, 0xb0, 0x96, 0x3a, 0x01, 0x00, 0x4b, 0x9e, 0x3a, 0x01,
	0xfb, 0x2a, 0x15, 0x00, 0x6c, 0xff, 0xfe, 0xb0, 0x82, 0x01, 0x00, 0xff, 0x2a, 0x15, 0xff, 0x01,
	0x00, 0xf9, 0x01, 0x00, 0x93, 0x2a, 0x15, 0x8f, 0x2a, 0x15, 0xff, 0x50, 0xc6, 0x9d, 0x72, 0x03,
	0x00, 0x53, 0x9e, 0x72, 0x03, 0xff, 0x3e, 0x15, 0xff, 0x2e, 0x01, 0x85, 0x2e, 0x01, 0x00, 0x5b,
	0xa0, 0x2e, 0x01, 0xff, 0x52, 0x15, 0xf5, 0x2e, 0x01, 0x81, 0x1e, 0x1d, 0x00, 0x64, 0x82, 0x22,
	0x01, 0x83, 0x28, 0x1d, 0x00, 0x44, 0x82, 0x0c, 0x00, 0x03, 0xc4, 0x58, 0x68, 0x5b, 0x81, 0x10,
	0x00, 0x00, 0x04, 0xff, 0x52, 0x15, 0x84, 0x52, 0x15, 0xff, 0x50, 0xc6, 0x97, 0x34, 0x01, 0x00,
	0x4c, 0xa0, 0x34, 0x01, 0xff, 0x52, 0x15, 0xff, 0x2e, 0x01, 0x83, 0x2e, 0x01, 0x00, 0x54, 0xa0,
	0x2e, 0x01, 0xff, 0x52, 0x15, 0xff, 0x2e, 0x01, 0x83, 0x2e, 0x01, 0x00, 0x5c, 0xa0, 0x2e, 0x01,
	0xff, 0x50, 0xc6, 0xfb, 0x34, 0x01, 0x81, 0x2a, 0x1b, 0x00, 0x65, 0x82, 0x28, 0x01, 0x83, 0x34,
	0x1b, 0x00, 0x45, 0x82, 0x0c, 0x00, 0x03, 0xc5, 0x58, 0x68, 0x5b, 0x81, 0x10, 0x00, 0x00, 0x05,
	0xff, 0x52, 0x15, 0xff, 0x52, 0x15, 0x98, 0x2e, 0x01, 0x00, 0x4d, 0xa0, 0x2e, 0x01, 0xff, 0x52,
	0x15, 0xff, 0x38, 0x01, 0x8d, 0x38, 0x01, 0x00, 0x55, 0x9e, 0x38, 0x01, 0xf5, 0x50, 0xc6, 0x00,
	0xc2, 0xff, 0x9a, 0x03, 0x94, 0x34, 0x01, 0x00, 0x5d, 0xa0, 0x34, 0x01, 0xff, 0x52, 0x15, 0xf1,
	0x2e, 0x01, 0x81, 0x62, 0x00, 0x99, 0x58, 0xc0, 0x03, 0xd6, 0x04, 0x00, 0xa6, 0xff, 0x4e, 0x15,
	0xff, 0x2a, 0x01, 0xa1, 0x2a, 0x01, 0x00, 0xfb, 0x8e, 0x02, 0x47, 0xf3, 0x4c, 0x15, 0x02, 0x1a,
	0x08, 0xc3, 0xff, 0x8a, 0x03, 0xa3, 0x5c, 0x02, 0x00, 0xae, 0xff, 0x48, 0x15, 0xff, 0x2a, 0x01,
	0xa1, 0x2a, 0x01, 0x00, 0xff, 0x90, 0x5c, 0x02, 0xff, 0x46, 0x15, 0xff, 0x2c, 0x01, 0x92, 0x56,
	0x02, 0x00, 0xac, 0xff, 0x42, 0x15, 0x85, 0x42, 0x15, 0x02, 0xdd, 0x09, 0x9c, 0xff, 0x42, 0x15,
	0xa2, 0x36, 0x01, 0x00, 0xfe, 0x8e, 0x62, 0x02, 0xfb, 0x40, 0x15, 0x00, 0x77, 0xff, 0x40, 0x15,
	0x82, 0x01, 0x00, 0xff, 0x40, 0x15, 0xff, 0x01, 0x00, 0xf9, 0x01, 0x00, 0x93, 0x40, 0x15, 0x8f,
	0x40, 0x15, 0x00, 0xc4, 0xff, 0x40, 0x15, 0xab, 0xa6, 0x04, 0x00, 0xa2, 0xff, 0x3c, 0x15, 0xff,
	0x2a, 0x01, 0xa1, 0x2a, 0x01, 0x00, 0xf9, 0x90, 0x5a, 0x50, 0xff, 0x3a, 0x15, 0xff, 0x2c, 0x01,
	0x92, 0x56, 0x02, 0x00, 0xa0, 0xff, 0x36, 0x15, 0x04, 0x00, 0x00, 0xc4, 0x02, 0xc1, 0xff, 0x82,
	0x0a, 0xa2, 0x30, 0x01, 0x00, 0xf8, 0xff, 0xb6, 0x52, 0xff, 0x34, 0x15, 0xa5, 0x5c, 0x02, 0x00,
	0xa4, 0xff, 0x30, 0x15, 0xff, 0x2a, 0x01, 0xa1, 0x2a, 0x01, 0x00, 0xfa, 0x90, 0x56, 0x02, 0xf1,
	0x2e, 0x15, 0x02, 0x85, 0x04, 0xb8, 0xff, 0x88, 0x03, 0x84, 0x32, 0x01, 0x01, 0x00, 0x00, 0x81,
	0x62, 0x00, 0x01, 0x00, 0x00, 0x8a, 0x32, 0x01, 0x02, 0x00, 0xa0, 0x9e, 0xff, 0x22, 0x15, 0xff,
	0x22, 0x01, 0x97, 0x22, 0x01, 0x00, 0x01, 0x90, 0x22, 0x01, 0xff, 0x16, 0x15, 0xff, 0x2c, 0x01,
	0x91, 0x2c, 0x01, 0x01, 0xff, 0x7f, 0x8d, 0x2c, 0x01, 0xf3, 0x0a, 0x15, 0x02, 0x3d, 0x06, 0xb3,
	0xff, 0x76, 0x03, 0x99, 0x76, 0x03, 0x00, 0x80, 0x8f, 0x28, 0x01, 0xff, 0xfe, 0x14, 0xff, 0x22,
	0x01, 0x88, 0x4a, 0x02, 0x00, 0xff, 0x8f, 0x22, 0x01, 0xff, 0xf6, 0x14, 0xff, 0x22, 0x01, 0x87,
	0x22, 0x01, 0x01, 0x55, 0x55, 0x8f, 0x22, 0x01, 0xf1, 0xec, 0x14, 0x02, 0xf0, 0x07, 0x9e, 0xff,
	0x6c, 0x03, 0x00, 0x5e, 0x87, 0xa0, 0x72, 0x01, 0xe0, 0x89, 0x8f, 0x84, 0xa1, 0xff, 0xd4, 0x14,
	0xf3, 0x12, 0x01, 0x83, 0xa2, 0x72, 0x91, 0x12, 0x01, 0xff, 0xba, 0x14, 0xf4, 0x24, 0x02, 0x82,
	0x8e, 0x71, 0x01, 0xe0, 0x89, 0x8d, 0x5e, 0x9f, 0xf9, 0xa2, 0x14, 0x02, 0x8e, 0x09, 0x8f, 0xff,
	0xa2, 0x14, 0x82, 0x1e, 0x01, 0x83, 0xbc, 0x73, 0x8f, 0x1e, 0x01, 0xfb, 0x88, 0x14, 0x00, 0x1b,
	0xff, 0x88, 0x14, 0x82, 0x01, 0x00, 0xff, 0x88, 0x14, 0xff, 0x01, 0x00, 0xf9, 0x01, 0x00, 0x93,
	0x88, 0x14, 0x8f, 0x88, 0x14, 0x00, 0x9f, 0xff, 0x88, 0x14, 0x8a, 0x56, 0x03, 0x83, 0xdc, 0x73,
	0x03, 0xe0, 0x89, 0xaa, 0xaa, 0xff, 0x70, 0x14, 0xff, 0x12, 0x01, 0x81, 0x12, 0x01, 0x01, 0xaa,
	0xaa, 0x83, 0x12, 0x01, 0x8f, 0x92, 0xa1, 0xff, 0x56, 0x14, 0xfa, 0xbc, 0x08, 0x00, 0x8b, 0x8d,
	0xaa, 0x07, 0xf3, 0x3e, 0x14, 0x01, 0x9f, 0x02, 0xff, 0xa2, 0x70, 0x8a, 0xc2, 0x08, 0x90, 0x18,
	0x01, 0xff, 0x24, 0x14, 0xfa, 0xc2, 0x08, 0x00, 0x8b, 0x8d, 0xa4, 0x07, 0xff, 0x0c, 0x14, 0xfc,
	0xb6, 0x08, 0x90, 0x12, 0x01, 0xf1, 0xf2, 0x13, 0x02, 0x3a, 0x04, 0xa9, 0xff, 0x3c, 0x03, 0x89,
	0x78, 0x06, 0x00, 0x8b, 0x8f, 0x78, 0x06, 0xff, 0xe2, 0x13, 0xfa, 0x78, 0x06, 0x00, 0x8b, 0x8f,
	0x78, 0x06, 0xff, 0xd2, 0x13, 0xff, 0x66, 0x10, 0x00, 0x01, 0x91, 0xaa, 0x12, 0x03, 0xd6, 0x83,
	0xdb, 0xc0, 0x8c, 0x66, 0xf0, 0xf5, 0xd6, 0x66, 0x00, 0xb6, 0xff, 0x58, 0x03, 0x9c, 0x2a, 0x01,
	0x00, 0xc8, 0x8e, 0x2a, 0x01, 0xff, 0xd6, 0x13, 0xff, 0x24, 0x01, 0x8b, 0x24, 0x01, 0x00, 0xd0,
	0x8e, 0x24, 0x01, 0xff, 0xd8, 0x13, 0xff, 0x24, 0x01, 0x8b, 0x24, 0x01, 0x00, 0xd8, 0x8e, 0x24,
	0x01, 0xf1, 0xda, 0x13, 0x02, 0x99, 0x07, 0xb9, 0xff, 0x72, 0x03, 0x96, 0x2a, 0x01, 0x83, 0xaa,
	0x41, 0x00, 0xc1, 0x8e, 0x2a, 0x01, 0xff, 0xec, 0x13, 0xff, 0x24, 0x01, 0x8b, 0x24, 0x01, 0x00,
	0xc9, 0x8e, 0x24, 0x01, 0xff, 0xfe, 0x13, 0xff, 0x24, 0x01, 0x8b, 0x24, 0x01, 0x00, 0xd1, 0x8e,
	0x24, 0x01, 0xf7, 0x10, 0x14, 0x02, 0x52, 0x09, 0x98, 0xff, 0x10, 0x14, 0x9c, 0x30, 0x01, 0x00,
	0xd9, 0x8c, 0x30, 0x01, 0xfb, 0x22, 0x14, 0x00, 0xe8, 0xff, 0x14, 0x53, 0x82, 0x01, 0x00, 0xff,
	0x22, 0x14, 0xff, 0x01, 0x00, 0xf9, 0x01, 0x00, 0x93, 0x22, 0x14, 0x8f, 0x22, 0x14, 0x00, 0xba,
	0xff, 0x22, 0x14, 0x9e, 0x68, 0x03, 0x83, 0xcc, 0x43, 0x00, 0xc2, 0x8e, 0xe2, 0xfb, 0xff, 0x34,
	0x14, 0xff, 0x24, 0x01, 0x8b, 0x24, 0x01, 0x00, 0xca, 0x8e, 0x24, 0x01, 0xff, 0x46, 0x14, 0xff,
	0x24, 0x01, 0x8b, 0x24, 0x01, 0x00, 0xd2, 0x8e, 0x24, 0x01, 0xf1, 0x58, 0x14, 0x01, 0xba, 0x02,
	0xff, 0xc4, 0x0d, 0x9d, 0x2a, 0x01, 0x00, 0xda, 0x8e, 0x2a, 0x01, 0xff, 0x6a, 0x14, 0xff, 0x24,
	0x01, 0x85, 0x24, 0x01, 0x83, 0x5a, 0x41, 0x00, 0xc3, 0x8e, 0x24, 0x01, 0xff, 0x7c, 0x14, 0xff,
	0x24, 0x01, 0x8b, 0x24, 0x01, 0x00, 0xcb, 0x8e, 0x24, 0x01, 0xf1, 0x8e, 0x14, 0x02, 0x70, 0x04,
	0xbb, 0xff, 0x72, 0x03, 0x9c, 0x2a, 0x01, 0x00, 0xd3, 0x8e, 0x2a, 0x01, 0xff, 0xa0, 0x14, 0xff,
	0x24, 0x01, 0x8b, 0x24, 0x01, 0x00, 0xdb, 0x8e, 0x24, 0x01, 0xff, 0xb2, 0x14, 0xff, 0x2e, 0x01,
	0x8f, 0x2e, 0x01, 0x83, 0x3c, 0x41, 0x00, 0xc4, 0xff, 0xb2, 0x14, 0x04, 0x38, 0x00, 0x00, 0x2b,
	0x06, 0xff, 0xee, 0x06, 0x9d, 0x2a, 0x01, 0x00, 0xcc, 0xff, 0xb2, 0x14, 0xff, 0x4e, 0x02, 0x9c,
	0x24, 0x01, 0x00, 0xd4, 0xff, 0xb2, 0x14, 0xff, 0x24, 0x01, 0x9c, 0x24, 0x01, 0x00, 0xdc, 0xff,
	0xb2, 0x14, 0x03, 0x38, 0x00, 0x00, 0xe1, 0xff, 0xb2, 0x14, 0x98, 0x2a, 0x01, 0x83, 0x0a, 0x41,
	0x00, 0xc5, 0xff, 0xb2, 0x14, 0xff, 0x4e, 0x02, 0x9c, 0x24, 0x01, 0x00, 0xcd, 0xff, 0xb2, 0x14,
	0xff, 0x24, 0x01, 0x9c, 0x24, 0x01, 0x00, 0xd5, 0xff, 0xb2, 0x14, 0x86, 0xb2, 0x14, 0x00, 0x9a,
	0xff, 0xb2, 0x14, 0x9e, 0x30, 0x01, 0x00, 0xdd, 0xff, 0xb2, 0x14, 0x88, 0xb2, 0x14, 0x00, 0x30,
	0xff, 0xd4, 0x28, 0x82, 0x01, 0x00, 0xff, 0xb2, 0x14, 0xff, 0x01, 0x00, 0xf9, 0x01, 0x00, 0x93,
	0xb2, 0x14, 0xff, 0xb2, 0x14, 0xa5, 0x80, 0x37, 0x01, 0xff, 0xff, 0x9d, 0x2e, 0x20, 0xff, 0xb2,
	0x14, 0xff, 0x24, 0x01, 0x9d, 0x28, 0x20, 0xff, 0xb2, 0x14, 0xff, 0x24, 0x01, 0x9d, 0x28, 0x20,
	0xff, 0xb2, 0x14, 0xff, 0x2a, 0x01, 0x93, 0x2a, 0x01, 0x8d, 0x2e, 0x20, 0xff, 0xb2, 0x14, 0xff,
	0x24, 0x01, 0x9d, 0x28, 0x20, 0xff, 0xb2, 0x14, 0xff, 0x24, 0x01, 0x9d, 0x28, 0x20, 0xff, 0xb2,
	0x14, 0xff, 0x2a, 0x01, 0x93, 0x2a, 0x01, 0x8d, 0x2e, 0x20, 0xff, 0xb2, 0x14, 0xff, 0x24, 0x01,
	0x9d, 0x22, 0x20, 0xff, 0xb2, 0x14, 0xff, 0x2e, 0x01, 0x91, 0x2e, 0x01, 0x93, 0xe8, 0x1d, 0xff,
	0xb2, 0x14, 0xff, 0x2a, 0x01, 0x93, 0x2a, 0x01, 0x8d, 0xee, 0x1d, 0xff, 0xb2, 0x14, 0xff, 0x24,
	0x01, 0x9d, 0xee, 0x1d, 0xff, 0xb2, 0x14, 0xff, 0x24, 0x01, 0x9d, 0xe8, 0x1d, 0xff, 0xb2, 0x14,
	0xff, 0x2a, 0x01, 0x8d, 0x2a, 0x01, 0x93, 0xee, 0x1d, 0xff, 0xb2, 0x14, 0xff, 0x24, 0x01, 0x9d,
	0xee, 0x1d, 0xff, 0xb2, 0x14, 0xff, 0x24, 0x01, 0x9d, 0xe8, 0x1d, 0xff, 0xb2, 0x14, 0xff, 0x30,
	0x01, 0x99, 0x30, 0x01, 0x8d, 0xf4, 0x1d, 0xff, 0xb2, 0x14, 0xff, 0xb2, 0x14, 0xff, 0xb2, 0x14,
	0xff, 0x01, 0x00, 0xfb, 0x01, 0x00, 0x93, 0xb2, 0x14, 0xff, 0xb2, 0x14, 0xb1, 0x68, 0x03, 0x93,
	0x2e, 0x20, 0xff, 0xb2, 0x14, 0xff, 0x24, 0x01, 0x9d, 0x28, 0x20, 0xff, 0xb2, 0x14, 0xff, 0x24,
	0x01, 0x9d, 0x28, 0x20, 0xff, 0xb2, 0x14, 0xff, 0x2a, 0x01, 0x93, 0x2a, 0x01, 0x8d, 0x2e, 0x20,
	0xff, 0xb2, 0x14, 0xff, 0x24, 0x01, 0x9d, 0x28, 0x20, 0xff, 0xb2, 0x14, 0xff, 0x24, 0x01, 0x9d,
	0x28, 0x20, 0xff, 0xb2, 0x14, 0xff, 0x2a, 0x01, 0x93, 0x2a, 0x01, 0x8d, 0x2e, 0x20, 0xff, 0xb2,
	0x14, 0xff, 0x24, 0x01, 0x9d, 0x22, 0x20, 0xff, 0xb2, 0x14, 0xff, 0x2e, 0x01, 0x82, 0x4a, 0x21,
	0x81, 0x50, 0x21, 0x00, 0x40, 0x86, 0x2e, 0x01, 0x00, 0x02, 0x93, 0xe8, 0x1d, 0xff, 0xb2, 0x14,
	0xff, 0x2a, 0x01, 0x93, 0x2a, 0x01, 0xff, 0x16, 0x3e, 0xff, 0xb2, 0x14, 0x9d, 0x24, 0x01, 0xff,
	0x16, 0x3e, 0xff, 0xb2, 0x14, 0x9d, 0x24, 0x01, 0xff, 0x16, 0x3e, 0xff, 0xb2, 0x14, 0x9d, 0x2a,
	0x01, 0xff, 0x16, 0x3e, 0xff, 0xb2, 0x14, 0xa3, 0x24, 0x01, 0xff, 0x16, 0x3e, 0xff, 0xb2, 0x14,
	0x9d, 0x24, 0x01, 0xff, 0x16, 0x3e, 0xff, 0xb2, 0x14, 0xa9, 0x30, 0x01, 0xff, 0x16, 0x3e, 0xff,
	0xb2, 0x14, 0xff, 0xb2, 0x14, 0xff, 0x01, 0x00, 0xff, 0x01, 0x00, 0x89, 0x01, 0x00, 0x93, 0xb2,
	0x14, 0xff, 0xb2, 0x14, 0xb1, 0x68, 0x03, 0xff, 0x16, 0x3e, 0xff, 0xb2, 0x14, 0xa3, 0x24, 0x01,
	0xff, 0x16, 0x3e, 0xff, 0xb2, 0x14, 0x9d, 0x24, 0x01, 0xff, 0x16, 0x3e, 0xff, 0xb2, 0x14, 0xa3,
	0x2a, 0x01, 0xff, 0x16, 0x3e, 0xff, 0xb2, 0x14, 0x97, 0x24, 0x01, 0xff, 0x16, 0x3e, 0xff, 0xb2,
	0x14, 0xa3, 0x24, 0x01, 0xff, 0x16, 0x3e, 0xff, 0xb2, 0x14, 0xa3, 0x2a, 0x01, 0xff, 0x16, 0x3e,
	0xff, 0xb2, 0x14, 0x9d, 0x24, 0x01, 0xff, 0x16, 0x3e, 0xff, 0xb2, 0x14, 0xa1, 0x2e, 0x01, 0xff,
	0x16, 0x3e, 0xff, 0xb2, 0x14, 0xa9, 0x2a, 0x01, 0xff, 0x16, 0x3e, 0xff, 0xb2, 0x14, 0x9d, 0x24,
	0x01, 0xff, 0x16, 0x3e, 0xff, 0xb2, 0x14, 0x9d, 0x24, 0x01, 0xff, 0x16, 0x3e, 0xff, 0xb2, 0x14,
	0x9d, 0x2a, 0x01, 0xff, 0x16, 0x3e, 0xff, 0xb2, 0x14, 0xa3, 0x24, 0x01, 0xff, 0x16, 0x3e, 0xff,
	0xb2, 0x14, 0x9d, 0x24, 0x01, 0xff, 0x16, 0x3e, 0xff, 0xb2, 0x14, 0xa9, 0x30, 0x01, 0xff, 0x16,
	0x3e, 0xff, 0xb2, 0x14, 0xff, 0xb2, 0x14, 0xff, 0x01, 0x00, 0xff, 0x01, 0x00, 0x89, 0x01, 0x00,
	0x93, 0xb2, 0x14, 0xff, 0xb2, 0x14, 0xa6, 0x68, 0x03, 0x00, 0xc0, 0x9d, 0x2e, 0x20, 0xff, 0xb2,
	0x14, 0xff, 0x24, 0x01, 0x9d, 0x28, 0x20, 0xff, 0xb2, 0x14, 0xff, 0x24, 0x01, 0x9d, 0x28, 0x20,
	0xff, 0xb2, 0x14, 0xff, 0x2a, 0x01, 0x93, 0x2a, 0x01, 0xff, 0x16, 0x3e, 0xff, 0xb2, 0x14, 0x97,
	0x24, 0x01, 0xff, 0x16, 0x3e, 0xff, 0xb2, 0x14, 0xa3, 0x24, 0x01, 0xff, 0x16, 0x3e, 0xff, 0xb2,
	0x14, 0xa3, 0x2a, 0x01, 0xff, 0x16, 0x3e, 0xff, 0xb2, 0x14, 0x9d, 0x24, 0x01, 0xff, 0x16, 0x3e,
	0xff, 0xb2, 0x14, 0xa1, 0x2e, 0x01, 0xff, 0x16, 0x3e, 0xff, 0xb2, 0x14, 0xa9, 0x2a, 0x01, 0xff,
	0x16, 0x3e, 0xff, 0xb2, 0x14, 0x9d, 0x24, 0x01, 0xff, 0x16, 0x3e, 0xff, 0xb2, 0x14, 0x9d, 0x24,
	0x01, 0xff, 0x16, 0x3e, 0xff, 0xb2, 0x14, 0x9d, 0x2a, 0x01, 0xff, 0x16, 0x3e, 0xff, 0xb2, 0x14,
	0xa3, 0x24, 0x01, 0xff, 0x16, 0x3e, 0xff, 0xb2, 0x14, 0x9d, 0x24, 0x01, 0xff, 0x16, 0x3e, 0xff,
	0xb2, 0x14, 0xa9, 0x30, 0x01, 0xff, 0x16, 0x3e, 0xff, 0xb2, 0x14, 0xff, 0xb2, 0x14, 0xff, 0x01,
	0x00, 0xff, 0x01, 0x00, 0x89, 0x01, 0x00, 0x93, 0xb2, 0x14, 0xff, 0xb2, 0x14, 0xb1, 0x68, 0x03,
	0xff, 0x16, 0x3e, 0xff, 0xb2, 0x14, 0xa3, 0x24, 0x01, 0xff, 0x16, 0x3e, 0xff, 0xb2, 0x14, 0x9d,
	0x24, 0x01, 0xff, 0x16, 0x3e, 0xff, 0xb2, 0x14, 0xa3, 0x2a, 0x01, 0xff, 0x16, 0x3e, 0xff, 0xb2,
	0x14, 0x97, 0x24, 0x01, 0xff, 0x16, 0x3e, 0xff, 0xb2, 0x14, 0xa3, 0x24, 0x01, 0xff, 0x16, 0x3e,
	0x83, 0xb2, 0x14, 0xff, 0xfa, 0x8f, 0x9d, 0x2a, 0x01, 0xff, 0x16, 0x3e, 0xff, 0xb2, 0x14, 0x9d,
	0x24, 0x01, 0xff, 0x16, 0x3e, 0xff, 0xb2, 0x14, 0x8f, 0x2e, 0x01, 0x87, 0x62, 0x00, 0x84, 0x2e,
	0x01, 0x02, 0x00, 0xc0, 0x49, 0xff, 0xac, 0x14, 0x04, 0x00, 0x00, 0x28, 0x06, 0xad, 0xff, 0x76,
	0x03, 0x84, 0x24, 0x01, 0x84, 0x68, 0x40, 0x00, 0x7f, 0x86, 0x24, 0x01, 0x00, 0x10, 0x8f, 0x24,
	0x01, 0xff, 0xa6, 0x14, 0xfc, 0x70, 0x03, 0x00, 0x80, 0x86, 0x1e, 0x01, 0x00, 0xe0, 0x8f, 0x1e,
	0x01, 0xff, 0xa0, 0x14, 0xff, 0x3c, 0x02, 0x97, 0x60, 0x03, 0xf1, 0x9a, 0x14, 0x00, 0xd5, 0xff,
	0x0e, 0xe3, 0x97, 0x42, 0x02, 0x00, 0xf0, 0x8f, 0x24, 0x01, 0xff, 0x94, 0x14, 0xf1, 0x1e, 0x01,
	0x81, 0x06, 0x65, 0x01, 0x80, 0x4d, 0x81, 0x36, 0x02, 0x81, 0x12, 0x00, 0x01, 0xb0, 0x67, 0xff,
	0x86, 0x14, 0xff, 0x16, 0x01, 0x83, 0x2a, 0x86, 0x99, 0x16, 0x01, 0xf7, 0x78, 0x14, 0x02, 0x7d,
	0x09, 0x91, 0xff, 0x78, 0x14, 0x82, 0x22, 0x01, 0x01, 0x00, 0x80, 0x97, 0x22, 0x01, 0xfb, 0x6a,
	0x14, 0x00, 0x0c, 0xff, 0x6a, 0x14, 0x82, 0x01, 0x00, 0xff, 0x6a, 0x14, 0xff, 0x01, 0x00, 0xf9,
	0x01, 0x00, 0x93, 0x6a, 0x14, 0x8f, 0x6a, 0x14, 0x00, 0xa5, 0xff, 0x6a, 0x14, 0x8b, 0x7c, 0x04,
	0x00, 0xff, 0x97, 0x5a, 0x03, 0xff, 0x5c, 0x14, 0xf7, 0xa8, 0x06, 0x00, 0x81, 0x98, 0x16, 0x01,
	0xff, 0x4e, 0x14, 0xf5, 0xa8, 0x06, 0x99, 0x16, 0x01, 0xf1, 0x40, 0x14, 0x02, 0xa5, 0x02, 0xa1,
	0xff, 0xf8, 0x09, 0x84, 0xa2, 0x06, 0x99, 0x1c, 0x01, 0xff, 0x32, 0x14, 0xf5, 0x5e, 0x04, 0x99,
	0x16, 0x01, 0xff, 0x24, 0x14, 0xf5, 0x5e, 0x04, 0x00, 0x82, 0x98, 0x16, 0x01, 0xf1, 0x16, 0x14,
	0x02, 0x46, 0x04, 0xa6, 0xff, 0x48, 0x03, 0x84, 0x64, 0x04, 0x99, 0x1c, 0x01, 0xff, 0x08, 0x14,
	0xf5, 0x5e, 0x04, 0x99, 0x16, 0x01, 0xff, 0xfa, 0x13, 0xff, 0x68, 0x04, 0x97, 0x20, 0x01, 0xf3,
	0xf2, 0x13, 0x01, 0xec, 0x05, 0xff, 0x9a, 0x06, 0x85, 0x6e, 0x04, 0x00, 0x83, 0x98, 0x1c, 0x01,
	0xff, 0xea, 0x13, 0xf5, 0x68, 0x04, 0x99, 0x16, 0x01, 0xff, 0xe2, 0x13, 0xf5, 0x68, 0x04, 0x99,
	0x16, 0x01, 0xf1, 0xda, 0x13, 0x00, 0x8d, 0xff, 0xc8, 0xa3, 0x86, 0x64, 0x04, 0x99, 0x1c, 0x01,
	0xff, 0xd2, 0x13, 0xf4, 0x32, 0x02, 0x82, 0x06, 0x16, 0x01, 0xa0, 0x90, 0xff, 0xcc, 0x13, 0xff,
	0x10, 0x01, 0x87, 0x1a, 0x9c, 0x8f, 0x10, 0x01, 0xf7, 0xc6, 0x13, 0x02, 0x2b, 0x09, 0x8e, 0xff,
	0xc6, 0x13, 0x84, 0x74, 0x05, 0x91, 0x1c, 0x01, 0xfb, 0xc0, 0x13, 0x00, 0xb7, 0xff, 0xa4, 0x8f,
	0x82, 0x01, 0x00, 0xff, 0xc0, 0x13, 0xff, 0x01, 0x00, 0xf9, 0x01, 0x00, 0x93, 0xc0, 0x13, 0x8f,
	0xc0, 0x13, 0x00, 0x9c, 0xff, 0xc0, 0x13, 0x8c, 0xb2, 0x07, 0x91, 0x54, 0x03, 0xff, 0xba, 0x13,
	0xf7, 0xa6, 0x07, 0x93, 0x10, 0x01, 0xff, 0xb4, 0x13, 0xf3, 0x10, 0x01, 0x83, 0x6e, 0x9f, 0x8f,
	0x10, 0x01, 0xf1, 0xae, 0x13, 0x02, 0x9c, 0x02, 0x98, 0xff, 0xcc, 0x09, 0x89, 0xb6, 0x08, 0x00,
	0x9c, 0xff, 0xa8, 0x13, 0xff, 0x10, 0x01, 0x88, 0xb6, 0x08, 0x8e, 0x10, 0x01, 0xff, 0xa2, 0x13,
	0xfa, 0xaa, 0x08, 0x8e, 0x10, 0x01, 0xf1, 0x9c, 0x13, 0x02, 0x34, 0x04, 0x9d, 0xff, 0x36, 0x03,
	0x89, 0x6c, 0x06, 0x8e, 0x16, 0x01, 0xff, 0x96, 0x13, 0xfa, 0x6c, 0x06, 0x8e, 0x10, 0x01, 0xff,
	0x90, 0x13, 0xff, 0x76, 0x06, 0x91, 0x1a, 0x01, 0xf3, 0x8a, 0x13, 0x02, 0xd1, 0x05, 0x8c, 0xff,
	0x40, 0x03, 0x81, 0x16, 0x01, 0x00, 0x08, 0xff, 0x7c, 0x13, 0xff, 0x08, 0x01, 0x02, 0x11, 0x00,
	0x01, 0x8e, 0x08, 0x01, 0xff, 0x6e, 0x13, 0xf1, 0x08, 0x01, 0x00, 0x7f, 0x8e, 0x08, 0x01, 0xf1,
	0x60, 0x13, 0x02, 0x5d, 0x07, 0x94, 0xff, 0x1e, 0x03, 0x03, 0x5e, 0x11, 0x00, 0x80, 0x8e, 0x0e,
	0x01, 0xff, 0x52, 0x13, 0xf1, 0x08, 0x01, 0x00, 0xff, 0x8e, 0x08, 0x01, 0xff, 0x4a, 0x13, 0xf5,
	0xa4, 0x0b, 0x01, 0x83, 0xdb, 0x81, 0x46, 0x06, 0x00, 0x88, 0x8e, 0x26, 0xb8, 0xf7, 0x4c, 0x13,
	0x01, 0xf1, 0x08, 0xff, 0x14, 0xb7, 0x8b, 0x1e, 0x01, 0x00, 0xa8, 0x8c, 0x1e, 0x01, 0xfb, 0x4e,
	0x13, 0x00, 0x7e, 0xff, 0x4e, 0x13, 0x82, 0x01, 0x00, 0xff, 0x4e, 0x13, 0xff, 0x01, 0x00, 0xf9,
	0x01, 0x00, 0x93, 0x4e, 0x13, 0x8f, 0x4e, 0x13, 0xff, 0x14, 0xb7, 0x93, 0x56, 0x03, 0x00, 0x90,
	0x8e, 0xd8, 0xb3, 0xff, 0x50, 0x13, 0xfb, 0x12, 0x01, 0x00, 0xb0, 0x8e, 0x12, 0x01, 0xff, 0x52,
	0x13, 0xfb, 0x12, 0x01, 0x00, 0x98, 0xff, 0x14, 0xb7, 0xff, 0x14, 0xb7, 0x90, 0x18, 0x01, 0x00,
	0xb8, 0xff, 0x14, 0xb7, 0xff, 0x2a, 0x02, 0x85, 0x7a, 0x21, 0x92, 0xc2, 0x08, 0xff, 0x58, 0x13,
	0xfd, 0x12, 0x01, 0x8d, 0xb6, 0x08, 0xf5, 0x14, 0xb7, 0x00, 0xa0, 0xff, 0x3c, 0x03, 0x8a, 0x18,
	0x01, 0x8f, 0x78, 0x06, 0xff, 0x5c, 0x13, 0xfb, 0x12, 0x01, 0x8f, 0x78, 0x06, 0xff, 0x5e, 0x13,
	0xff, 0x1c, 0x01, 0x93, 0x82, 0x06, 0xf3, 0x60, 0x13, 0x01, 0xda, 0x05, 0xff, 0x82, 0x06, 0x8b,
	0x18, 0x01, 0x8d, 0x82, 0x06, 0xff, 0x6a, 0x13, 0xf8, 0xb4, 0x24, 0x94, 0x44, 0x0f, 0xff, 0x74,
	0x13, 0xfb, 0x12, 0x01, 0x8d, 0x82, 0x06, 0xf3, 0x7e, 0x13, 0x00, 0x75, 0xff, 0xde, 0x26, 0x8c,
	0x18, 0x01, 0x8d, 0x82, 0x06, 0xff, 0x88, 0x13, 0xfd, 0x12, 0x01, 0x8d, 0x82, 0x06, 0xff, 0x92,
	0x13, 0xfd, 0x12, 0x01, 0x8f, 0x78, 0x06, 0xf7, 0x92, 0x13, 0x00, 0x13, 0xff, 0xa6, 0xca, 0x8c,
	0x1e, 0x01, 0x8d, 0x7e, 0x06, 0xfb, 0x92, 0x13, 0x00, 0xa0, 0xff, 0x92, 0x13, 0x82, 0x01, 0x00,
	0xff, 0x92, 0x13, 0xff, 0x01, 0x00, 0xf9, 0x01, 0x00, 0x93, 0x92, 0x13, 0x8f, 0x92, 0x13, 0x00,
	0xb4, 0xff, 0x92, 0x13, 0x88, 0x56, 0x03, 0x88, 0x50, 0x41, 0x89, 0x8e, 0xbe, 0x01, 0x0c, 0xd0,
	0xff, 0xaa, 0x3a, 0xff, 0x94, 0x05, 0x96, 0x20, 0x01, 0x00, 0x01, 0x90, 0x20, 0x01, 0xff, 0xae,
	0x13, 0xff, 0x20, 0x01, 0x85, 0x20, 0x01, 0x00, 0x02, 0x90, 0x20, 0x01, 0xf1, 0xbc, 0x13, 0x02,
	0xb4, 0x02, 0xb2, 0xff, 0xfe, 0x09, 0x96, 0x26, 0x01, 0x00, 0x03, 0x90, 0x26, 0x01, 0xff, 0xca,
	0x13, 0xff, 0x20, 0x01, 0x85, 0x20, 0x01, 0x00, 0x07, 0x90, 0x20, 0x01, 0xff, 0xd8, 0x13, 0xff,
	0x20, 0x01, 0x86, 0xa6, 0x05, 0x81, 0x04, 0x00, 0x00, 0x0d, 0x8f, 0x24, 0x01, 0xf1, 0xea, 0x13,
	0x01, 0x66, 0x04, 0xff, 0xba, 0x5c, 0x99, 0x2a, 0x01, 0x00, 0x01, 0x92, 0x2a, 0x01, 0xff, 0xfc,
	0x13, 0xff, 0x24, 0x01, 0x87, 0x24, 0x01, 0x00, 0x03, 0x92, 0x24, 0x01, 0xff, 0x0e, 0x14, 0xff,
	0x2e, 0x01, 0x8f, 0x2e, 0x01, 0x00, 0xff, 0x8e, 0x9c, 0x04, 0xf3, 0x1c, 0x14, 0x02, 0x1f, 0x06,
	0x42, 0xff, 0x78, 0x03, 0x98, 0x54, 0x02, 0x01, 0xff, 0xff, 0x8f, 0x54, 0x02, 0xff, 0x2e, 0x14,
	0xf7, 0x24, 0x01, 0x01, 0xb1, 0xa0, 0x81, 0x62, 0x00, 0x09, 0xb0, 0xa0, 0xa0, 0x92, 0x08, 0x5e,
	0x00, 0xa0, 0x90, 0xda, 0x81, 0x14, 0x00, 0x01, 0xc1, 0xb0, 0x81, 0x14, 0x00, 0x01, 0xc0, 0xb0,
	0x82, 0x14, 0x00, 0x01, 0xb0, 0xb0, 0x82, 0x14, 0x00, 0x01, 0x11, 0x10, 0x81, 0x14, 0x00, 0x01,
	0x10, 0x10, 0x82, 0x14, 0x00, 0x00, 0x10, 0x81, 0x8e, 0x00, 0x01, 0x21, 0x20, 0x81, 0x8e, 0x00,
	0x01, 0x20, 0x20, 0x82, 0x8e, 0x00, 0x00, 0x20, 0x83, 0x12, 0x0f, 0x00, 0x03, 0x81, 0x54, 0x00,
	0x90, 0x60, 0x01, 0xef, 0x7c, 0x14, 0x04, 0x00, 0x00, 0x61, 0x07, 0x60, 0xff, 0x8a, 0x02, 0xd0,
	0x66, 0x01, 0x00, 0x01, 0x82, 0x66, 0x01, 0x00, 0x01, 0x90, 0x66, 0x01, 0xef, 0xd0, 0x14, 0xff,
	0x60, 0x01, 0xcf, 0x60, 0x01, 0x00, 0x02, 0x82, 0x60, 0x01, 0x00, 0x02, 0x90, 0x60, 0x01, 0xef,
	0x18, 0x15, 0x04, 0x00, 0x00, 0xc1, 0x08, 0x63, 0xff, 0xc6, 0x02, 0xd0, 0x66, 0x01, 0x00, 0x03,
	0x82, 0x66, 0x01, 0x00, 0x03, 0x90, 0x66, 0x01, 0xff, 0x6c, 0x15, 0xff, 0x60, 0x01, 0xbf, 0x60,
	0x01, 0x00, 0x04, 0x82, 0x60, 0x01, 0x00, 0x04, 0x90, 0x60, 0x01, 0xf7, 0xba, 0x15, 0x02, 0x24,
	0x0a, 0xb6, 0xff, 0xba, 0x15, 0xd0, 0x6c, 0x01, 0x00, 0x05, 0x82, 0x6c, 0x01, 0x00, 0x05, 0x8e,
	0x6c, 0x01, 0xfb, 0x08, 0x16, 0x00, 0xd8, 0xff, 0xa8, 0x50, 0x82, 0x01, 0x00, 0xff, 0x08, 0x16,
	0xff, 0x01, 0x00, 0xf9, 0x01, 0x00, 0x93, 0x08, 0x16, 0x8f, 0x08, 0x16, 0x00, 0x64, 0xff, 0x08,
	0x16, 0xd8, 0xa4, 0x03, 0x00, 0x06, 0x82, 0xa4, 0x03, 0x00, 0x06, 0x90, 0x50, 0x0e, 0xff, 0x48,
	0x16, 0xff, 0x60, 0x01, 0xbf, 0x60, 0x01, 0x00, 0x07, 0x82, 0x60, 0x01, 0x00, 0x07, 0x90, 0x60,
	0x01, 0xef, 0x88, 0x16, 0x03, 0x00, 0x00, 0x64, 0x02, 0xff, 0xfc, 0x0b, 0xd1, 0x66, 0x01, 0x00,
	0x08, 0x82, 0x66, 0x01, 0x00, 0x08, 0x90, 0x66, 0x01, 0xef, 0xce, 0x16, 0xff, 0x60, 0x01, 0xcf,
	0x60, 0x01, 0x00, 0x09, 0x82, 0x60, 0x01, 0x00, 0x09, 0x90, 0x60, 0x01, 0xef, 0x08, 0x17, 0x03,
	0x00, 0x00, 0xc4, 0x03, 0xff, 0xc6, 0x02, 0xd1, 0x66, 0x01, 0x00, 0x0a, 0x82, 0x66, 0x01, 0x00,
	0x0a, 0x90, 0x66, 0x01, 0xff, 0x4e, 0x17, 0xff, 0x60, 0x01, 0xbf, 0x60, 0x01, 0x00, 0x0e, 0x82,
	0x60, 0x01, 0x00, 0x0e, 0xff, 0x8a, 0x17, 0x82, 0x8a, 0x17, 0x02, 0x24, 0x05, 0x65, 0xff, 0xc6,
	0x02, 0xd0, 0x66, 0x01, 0x00, 0x0f, 0x82, 0x66, 0x01, 0x00, 0x0f, 0xff, 0xc6, 0x17, 0xff, 0xc6,
	0x17, 0xd2, 0x60, 0x01, 0x00, 0x1a, 0x81, 0x60, 0x01, 0x04, 0x77, 0x1a, 0x0d, 0xd0, 0x77, 0xff,
	0x02, 0x18, 0x87, 0x02, 0x18, 0x03, 0x00, 0x00, 0x89, 0x06, 0xff, 0x96, 0x05, 0xd1, 0x70, 0x01,
	0x00, 0x1b, 0x82, 0xd0, 0x02, 0x00, 0x1b, 0x90, 0x32, 0x10, 0xef, 0x48, 0x18, 0xff, 0x60, 0x01,
	0xcf, 0x60, 0x01, 0x00, 0x1c, 0x82, 0xd0, 0x02, 0x00, 0x1c, 0x8e, 0xd0, 0x02, 0xf1, 0x7e, 0x18,
	0x02, 0x00, 0x00, 0xe9, 0xff, 0x1e, 0x17, 0xd2, 0x66, 0x01, 0x00, 0x1d, 0x82, 0xc6, 0x02, 0x00,
	0x1d, 0xff, 0x84, 0x18, 0xff, 0x00, 0x2d, 0xd2, 0x60, 0x01, 0x00, 0x1e, 0x82, 0x60, 0x01, 0x00,
	0x1e, 0xff, 0x7e, 0x18, 0x82, 0x4e, 0x2d, 0x02, 0x49, 0x09, 0xc8, 0xff, 0xc6, 0x02, 0xd0, 0x66,
	0x01, 0x00, 0x1f, 0x82, 0x66, 0x01, 0x00, 0x1f, 0xff, 0x84, 0x18, 0xff, 0x9c, 0x2d, 0x82, 0x3a,
	0x00, 0x81, 0x22, 0x00, 0x09, 0x01, 0x5e, 0x00, 0x00, 0x41, 0x5e, 0x7a, 0x5e, 0x0d, 0x58, 0xff,
	0x32, 0x18, 0xff, 0x14, 0x01, 0x87, 0x14, 0x01, 0x03, 0x40, 0x5f, 0x00, 0x00, 0x91, 0x16, 0x01,
	0xf7, 0xe8, 0x17, 0x02, 0x11, 0x0b, 0x90, 0xff, 0xe8, 0x17, 0x86, 0x22, 0x01, 0x00, 0x01, 0x92,
	0x36, 0x02, 0xfb, 0x9c, 0x17, 0x02, 0x9f, 0x0b, 0x00, 0xff, 0x9c, 0x17, 0x00, 0x00, 0xff, 0x9c,
	0x17, 0xff, 0x01, 0x00, 0xfb, 0x01, 0x00, 0x93, 0x9c, 0x17, 0x8f, 0x9c, 0x17, 0x00, 0xa4, 0xff,
	0x9c, 0x17, 0x90, 0x58, 0x03, 0x02, 0x40, 0x5f, 0x01, 0x90, 0x7a, 0x04, 0xff, 0x52, 0x17, 0xf9,
	0x16, 0x01, 0x01, 0xff, 0x7f, 0x91, 0x6e, 0x04, 0xff, 0x8e, 0x2d, 0xfb, 0x14, 0x01, 0x03, 0x40,
	0x5f, 0xff, 0x7f, 0x91, 0x16, 0x01, 0xf1, 0x84, 0x2d, 0x01, 0xa4, 0x02, 0x81, 0x84, 0x44, 0xff,
	0x1c, 0x01, 0x84, 0xc0, 0x07, 0x00, 0x80, 0x93, 0x30, 0x02, 0xff, 0x78, 0x2d, 0xf9, 0x14, 0x01,
	0x03, 0x40, 0x5f, 0x00, 0x80, 0x91, 0x16, 0x01, 0xff, 0x20, 0x16, 0xf8, 0x46, 0x03, 0x00, 0xff,
	0x93, 0x2a, 0x02, 0xf1, 0xd4, 0x15, 0x01, 0x43, 0x04, 0x81, 0xd6, 0x6e, 0xff, 0x1a, 0x01, 0x85,
	0x1a, 0x01, 0x03, 0x40, 0x5f, 0xff, 0xff, 0x91, 0x1c, 0x01, 0xff, 0x8a, 0x15, 0xf7, 0x16, 0x01,
	0x01, 0x5a, 0xa5, 0x93, 0x30, 0x02, 0xff, 0x40, 0x2d, 0xff, 0x1e, 0x01, 0x81, 0x1e, 0x01, 0x03,
	0x40, 0x5f, 0x5a, 0xa5, 0x91, 0x38, 0x0d, 0xf1, 0x36, 0x2d, 0x01, 0xe8, 0x05, 0xff, 0x28, 0x5b,
	0x81, 0x3a, 0x00, 0x03, 0x00, 0x5e, 0x5a, 0xa5, 0x81, 0x28, 0x2d, 0x01, 0xd0, 0x40, 0xff, 0xa4,
	0x14, 0xff, 0x10, 0x01, 0x87, 0x10, 0x01, 0x00, 0xdf, 0x8e, 0x10, 0x01, 0xff, 0x4e, 0x14, 0xf9,
	0x10, 0x01, 0x00, 0xc0, 0x8e, 0x10, 0x01, 0xf1, 0xfe, 0x13, 0x01, 0x80, 0x07, 0xff, 0x88, 0x44,
	0x89, 0x16, 0x01, 0x00, 0xc1, 0x8e, 0x16, 0x01, 0xff, 0xae, 0x13, 0xf9, 0x10, 0x01, 0x00, 0xcf,
	0x8e, 0x10, 0x01, 0xff, 0xaa, 0x13, 0xf9, 0x10, 0x01, 0x00, 0xf0, 0x8e, 0x10, 0x01, 0xf7, 0xa4,
	0x13, 0x00, 0x1b, 0xff, 0x24, 0x68, 0x8a, 0x1c, 0x01, 0x00, 0xff, 0x8c, 0x1c, 0x01, 0xfb, 0xa0,
	0x13, 0x00, 0xa7, 0xff, 0x44, 0x41, 0x82, 0x01, 0x00, 0xff, 0xa0, 0x13, 0xff, 0x01, 0x00, 0xf9,
	0x01, 0x00, 0x93, 0xa0, 0x13, 0xff, 0x24, 0x68, 0xa3, 0x54, 0x03, 0x00, 0xe0, 0x8c, 0x54, 0x03,
	0xff, 0x9a, 0x13, 0xfb, 0x10, 0x01, 0x00, 0xe1, 0x8e, 0x10, 0x01, 0xff, 0x96, 0x13, 0xf9, 0x10,
	0x01, 0x00, 0xef, 0x8e, 0x10, 0x01, 0xff, 0x24, 0x68, 0xf7, 0x16, 0x01, 0x03, 0x05, 0x5e, 0xa5,
	0x5a, 0x82, 0xfc, 0x0c, 0x00, 0x4a, 0xff, 0x8c, 0x13, 0xff, 0x10, 0x01, 0x87, 0x10, 0x01, 0x00,
	0xdf, 0x8e, 0x10, 0x01, 0xff, 0x86, 0x13, 0xf9, 0x10, 0x01, 0x00, 0xc0, 0x8e, 0x10, 0x01, 0xff,
	0x24, 0x68, 0xff, 0x16, 0x01, 0x00, 0xc1, 0x8e, 0x16, 0x01, 0xff, 0x7c, 0x13, 0xf9, 0x10, 0x01,
	0x00, 0xcf, 0x8e, 0x10, 0x01, 0xff, 0x78, 0x13, 0xff, 0x1a, 0x01, 0x82, 0x06, 0x0d, 0x8c, 0x1a,
	0x01, 0xf5, 0x24, 0x68, 0xff, 0x76, 0x06, 0x89, 0x16, 0x01, 0x00, 0xff, 0x8e, 0x16, 0x01, 0xff,
	0x72, 0x13, 0xf9, 0x10, 0x01, 0x00, 0xe0, 0x8e, 0x10, 0x01, 0xff, 0x72, 0x13, 0xf9, 0x10, 0x01,
	0x00, 0xe1, 0x8e, 0x10, 0x01, 0xf1, 0x72, 0x13, 0x00, 0x69, 0xff, 0x72, 0x13, 0x8a, 0x16, 0x01,
	0x00, 0xef, 0x8e, 0x16, 0x01, 0xff, 0x72, 0x13, 0xf1, 0x10, 0x01, 0x02, 0x06, 0x5e, 0x01, 0x82,
	0xaa, 0x6f, 0x01, 0xd0, 0x4c, 0xff, 0x72, 0x13, 0xff, 0x10, 0x01, 0x87, 0x10, 0x01, 0x00, 0xdf,
	0x8e, 0x10, 0x01, 0xf7, 0x72, 0x13, 0x00, 0x04, 0xff, 0x72, 0x13, 0x8a, 0x1c, 0x01, 0x00, 0xc0,
	0x8c, 0x1c, 0x01, 0xfb, 0x72, 0x13, 0x00, 0x90, 0xff, 0x72, 0x13, 0x82, 0x01, 0x00, 0xff, 0x72,
	0x13, 0xff, 0x01, 0x00, 0xf9, 0x01, 0x00, 0x93, 0x72, 0x13, 0xff, 0x72, 0x13, 0xa3, 0x54, 0x03,
	0x00, 0xc1, 0x8c, 0x54, 0x03, 0xff, 0x72, 0x13, 0xfb, 0x10, 0x01, 0x00, 0xcf, 0x8e, 0x10, 0x01,
	0xff, 0x72, 0x13, 0xf9, 0x10, 0x01, 0x00, 0xf0, 0x8e, 0x10, 0x01, 0xff, 0x72, 0x13, 0xff, 0x16,
	0x01, 0x00, 0xff, 0x8e, 0x16, 0x01, 0xff, 0x72, 0x13, 0xf9, 0x10, 0x01, 0x00, 0xe0, 0x8e, 0x10,
	0x01, 0xff, 0x72, 0x13, 0xf9, 0x10, 0x01, 0x00, 0xe1, 0x8e, 0x10, 0x01, 0xff, 0x72, 0x13, 0xff,
	0x16, 0x01, 0x00, 0xef, 0x8e, 0x16, 0x01, 0xff, 0x72, 0x13, 0xf1, 0x10, 0x01, 0x00, 0x07, 0x84,
	0xbc, 0x7d, 0x01, 0xd0, 0x4e, 0xff, 0x72, 0x13, 0xff, 0x72, 0x13, 0x91, 0x1a, 0x01, 0x00, 0xdf,
	0x8c, 0x1a, 0x01, 0xff, 0x72, 0x13, 0xff, 0x16, 0x01, 0x02, 0x00, 0x00, 0xc0, 0x8e, 0x16, 0x01,
	0xff, 0x72, 0x13, 0xf9, 0x10, 0x01, 0x00, 0xc1, 0x8e, 0x10, 0x01, 0xff, 0x72, 0x13, 0xf9, 0x10,
	0x01, 0x00, 0xcf, 0x8e, 0x10, 0x01, 0xff, 0x72, 0x13, 0xff, 0x16, 0x01, 0x00, 0xf0, 0x8e, 0x16,
	0x01, 0xff, 0x72, 0x13, 0xf9, 0x10, 0x01, 0x00, 0xff, 0x8e, 0x10, 0x01, 0xff, 0x72, 0x13, 0xf9,
	0x10, 0x01, 0x00, 0xe0, 0x8e, 0x10, 0x01, 0xff, 0x72, 0x13, 0xff, 0x1c, 0x01, 0x83, 0x1c, 0x01,
	0x00, 0xe1, 0x8c, 0x1c, 0x01, 0xff, 0x72, 0x13, 0xff, 0x72, 0x13, 0xff, 0x72, 0x13, 0xff, 0x01,
	0x00, 0xfb, 0x01, 0x00, 0x93, 0x72, 0x13, 0x8f, 0x72, 0x13, 0x81, 0xba, 0x64, 0xff, 0x72, 0x13,
	0x8d, 0x54, 0x03, 0x00, 0xef, 0x8e, 0xf6, 0x0b, 0xff, 0x72, 0x13, 0xf5, 0x82, 0x42, 0x87, 0x62,
	0x00, 0x81, 0x12, 0x00, 0x81, 0x1e, 0x01, 0x01, 0xd6, 0x04, 0x81, 0x7e, 0x39, 0x03, 0x00, 0x22,
	0x00, 0x76, 0xff, 0x88, 0x13, 0xff, 0x26, 0x01, 0x9e, 0x26, 0x01, 0x00, 0x65, 0xff, 0x9e, 0x13,
	0x03, 0x00, 0x00, 0xb2, 0x02, 0xff, 0xba, 0x64, 0x9b, 0x2c, 0x01, 0x01, 0x00, 0x80, 0x91, 0x52,
	0x02, 0xff, 0xb4, 0x13, 0xff, 0x26, 0x01, 0x8e, 0x26, 0x01, 0x8e, 0x52, 0x02, 0xff, 0xca, 0x13,
	0xff, 0x26, 0x01, 0x84, 0x26, 0x01, 0x00, 0x50, 0x97, 0x9e, 0x04, 0xf1, 0xe0, 0x13, 0x02, 0x6b,
	0x04, 0xbe, 0xff, 0x78, 0x03, 0x9f, 0x2c, 0x01, 0x8e, 0x52, 0x02, 0xff, 0xf6, 0x13, 0xff, 0x26,
	0x01, 0x89, 0x26, 0x01, 0x93, 0x9e, 0x04, 0xff, 0x0c, 0x14, 0xff, 0x30, 0x01, 0x98, 0x30, 0x01,
	0x8c, 0x56, 0x02, 0xf3, 0x22, 0x14, 0x01, 0x29, 0x06, 0xff, 0xfa, 0x06, 0x96, 0x2c, 0x01, 0x00,
	0xf0, 0x95, 0xae, 0x04, 0xff, 0x38, 0x14, 0xff, 0x26, 0x01, 0x90, 0x26, 0x01, 0x8e, 0x52, 0x02,
	0xff, 0x4e, 0x14, 0xff, 0x26, 0x01, 0x89, 0x26, 0x01, 0x91, 0xa8, 0x04, 0xf3, 0x64, 0x14, 0x02,
	0xe2, 0x07, 0xcb, 0xff, 0x78, 0x03, 0x9f, 0x2c, 0x01, 0x8e, 0x52, 0x02, 0xff, 0x7a, 0x14, 0xf5,
	0x26, 0x01, 0x8f, 0xda, 0x6c, 0x81, 0x26, 0x01, 0x05, 0x01, 0x00, 0x00, 0x22, 0x00, 0x0e, 0xff,
	0x90, 0x14, 0xff, 0x26, 0x01, 0x9f, 0x26, 0x01, 0x9b, 0x02, 0x00, 0xff, 0xc4, 0x14, 0x85, 0xc4,
	0x14, 0x02, 0xad, 0x09, 0x99, 0xff, 0xc4, 0x14, 0x84, 0x50, 0x01, 0x00, 0x01, 0xa6, 0x76, 0x02,
	0xfb, 0xda, 0x14, 0x00, 0x44, 0xff, 0xfa, 0x66, 0x82, 0x01, 0x00, 0xff, 0xda, 0x14, 0xff, 0x01,
	0x00, 0xf9, 0x01, 0x00, 0x93, 0xda, 0x14, 0x8f, 0xda, 0x14, 0x00, 0xdb, 0xff, 0xda, 0x14, 0xa8,
	0x6a, 0x03, 0xa9, 0xba, 0x04, 0xff, 0x0e, 0x15, 0xf7, 0x44, 0x01, 0x01, 0x34, 0x12, 0x91, 0x44,
	0x01, 0x00, 0x11, 0x90, 0xae, 0x04, 0xff, 0x0e, 0x15, 0xff, 0x26, 0x01, 0x91, 0x26, 0x01, 0xab,
	0x6a, 0x02, 0xf1, 0x2c, 0x15, 0x01, 0xdb, 0x02, 0xff, 0x00, 0x5a, 0x85, 0x4a, 0x01, 0x01, 0xff,
	0x7f, 0x91, 0x4a, 0x01, 0x00, 0x03, 0x92, 0x70, 0x02, 0xff, 0x2c, 0x15, 0xff, 0x26, 0x01, 0x8f,
	0x26, 0x01, 0xab, 0x70, 0x02, 0xff, 0x4a, 0x15, 0xf6, 0xd8, 0x0a, 0x00, 0x80, 0x92, 0x1e, 0x06,
	0x00, 0x01, 0x91, 0x6a, 0x02, 0xf1, 0x4a, 0x15, 0x02, 0xa3, 0x04, 0xdc, 0xff, 0x96, 0x03, 0xa0,
	0x2c, 0x01, 0xab, 0x70, 0x02, 0xff, 0x68, 0x15, 0xf6, 0xb4, 0x03, 0x82, 0x04, 0xc8, 0x8d, 0x44,
	0x01, 0x82, 0xe6, 0x11, 0x8e, 0x26, 0x01, 0xff, 0x68, 0x15, 0xff, 0x30, 0x01, 0x99, 0x30, 0x01,
	0xa9, 0x74, 0x02, 0xf3, 0x86, 0x15, 0x02, 0x7f, 0x06, 0x95, 0xff, 0xbe, 0x03, 0x81, 0x82, 0x08,
	0x82, 0xf6, 0xce, 0x01, 0x60, 0x84, 0xff, 0x6e, 0x15, 0xff, 0x0e, 0x01, 0x85, 0x0e, 0x01, 0x00,
	0x68, 0x8e, 0x0e, 0x01, 0xff, 0x56, 0x15, 0xf7, 0x0e, 0x01, 0x00, 0x70, 0x8e, 0x0e, 0x01, 0xf1,
	0x3e, 0x15, 0x01, 0x14, 0x08, 0xff, 0xd8, 0x2c, 0x87, 0x14, 0x01, 0x00, 0x78, 0x8e, 0x14, 0x01,
	0xff, 0x26, 0x15, 0xf8, 0x3e, 0x04, 0x00, 0x86, 0xff, 0x0e, 0x15, 0xff, 0x0e, 0x01, 0x86, 0x3e,
	0x04, 0x8e, 0x0e, 0x01, 0xf7, 0xd8, 0x14, 0x02, 0xac, 0x09, 0x8d, 0xff, 0xd8, 0x14, 0x87, 0x4a,
	0x04, 0x8c, 0x1a, 0x01, 0xfb, 0xc0, 0x14, 0x00, 0x37, 0xff, 0xc0, 0x14, 0x82, 0x01, 0x00, 0xff,
	0xc0, 0x14, 0xff, 0x01, 0x00, 0xf9, 0x01, 0x00, 0x93, 0xc0, 0x14, 0x8f, 0xc0, 0x14, 0x00, 0x99,
	0xff, 0xc0, 0x14, 0x8f, 0x88, 0x06, 0x8c, 0x52, 0x03, 0xff, 0x8a, 0x14, 0xfa, 0x88, 0x06, 0x00,
	0x85, 0xff, 0x72, 0x14, 0xff, 0x0e, 0x01, 0x86, 0x88, 0x06, 0x8e, 0x0e, 0x01, 0xf1, 0x3c, 0x14,
	0x01, 0x99, 0x02, 0xff, 0xe8, 0x0c, 0x88, 0x82, 0x06, 0x8e, 0x14, 0x01, 0xff, 0x24, 0x14, 0xf8,
	0x3e, 0x04, 0x8e, 0x0e, 0x01, 0xff, 0xee, 0x13, 0xf8, 0x3e, 0x04, 0x00, 0x87, 0xff, 0xd6, 0x13,
	0x04, 0x00, 0x00, 0x2e, 0x04, 0x9a, 0xff, 0x30, 0x03, 0x87, 0x44, 0x04, 0x8e, 0x14, 0x01, 0xff,
	0xa0, 0x13, 0xf8, 0x3e, 0x04, 0x8e, 0x0e, 0x01, 0xff, 0x88, 0x13, 0xff, 0x18, 0x01, 0x02, 0x83,
	0xdb, 0x78, 0x8c, 0x18, 0x01, 0xf3, 0x52, 0x13, 0x01, 0xc8, 0x05, 0xff, 0x6a, 0x06, 0x88, 0x4e,
	0x04, 0x00, 0x88, 0xff, 0x52, 0x13, 0xff, 0x0e, 0x01, 0x86, 0x48, 0x04, 0x8e, 0x0e, 0x01, 0xff,
	0x52, 0x13, 0xf8, 0x48, 0x04, 0x8e, 0x0e, 0x01, 0xf3, 0xa2, 0xb8, 0xff, 0x52, 0x13, 0x88, 0x44,
	0x04, 0x8e, 0x14, 0x01, 0xff, 0x52, 0x13, 0xf8, 0x3e, 0x04, 0x00, 0x8a, 0xff, 0x52, 0x13, 0xff,
	0x0e, 0x01, 0x86, 0x3e, 0x04, 0x8e, 0x0e, 0x01, 0xf7, 0x52, 0x13, 0x01, 0xf5, 0x08, 0xff, 0x52,
	0x13, 0x88, 0x4a, 0x04, 0x8c, 0x1a, 0x01, 0xfb, 0x52, 0x13, 0x00, 0x80, 0xff, 0xec, 0x3c, 0x82,
	0x01, 0x00, 0xff, 0x52, 0x13, 0xff, 0x01, 0x00, 0xf9, 0x01, 0x00, 0x93, 0x52, 0x13, 0xff, 0x52,
	0x13, 0xa2, 0x88, 0x06, 0x8c, 0x52, 0x03, 0xff, 0x52, 0x13, 0xfa, 0x88, 0x06, 0x00, 0x89, 0xff,
	0x52, 0x13, 0xff, 0x0e, 0x01, 0x86, 0x88, 0x06, 0x8e, 0x0e, 0x01, 0xff, 0x52, 0x13, 0xfe, 0x82,
	0x06, 0x8e, 0x14, 0x01, 0xff, 0x52, 0x13, 0xf8, 0x3e, 0x04, 0x8e, 0x0e, 0x01, 0xff, 0x52, 0x13,
	0xf8, 0x3e, 0x04, 0x00, 0x8b, 0xff, 0x52, 0x13, 0xff, 0x52, 0x13, 0x8c, 0x44, 0x04, 0x8e, 0x14,
	0x01, 0xff, 0x52, 0x13, 0xf8, 0x3e, 0x04, 0x8e, 0x0e, 0x01, 0xff, 0x52, 0x13, 0xff, 0x18, 0x01,
	0x02, 0x83, 0xdb, 0x78, 0x8c, 0x18, 0x01, 0xf5, 0x52, 0x13, 0x00, 0xc5, 0xff, 0x3a, 0x03, 0x00,
	0x5e, 0x98, 0x08, 0xa9, 0x00, 0xd6, 0x81, 0xae, 0x31, 0x01, 0x20, 0x18, 0x84, 0x6e, 0x04, 0x00,
	0x80, 0xff, 0x72, 0x13, 0xff, 0x2e, 0x01, 0xa5, 0x2e, 0x01, 0x00, 0x68, 0x8e, 0x2e, 0x01, 0xff,
	0x92, 0x13, 0xff, 0x2e, 0x01, 0x95, 0x2e, 0x01, 0x00, 0x70, 0x8e, 0x2e, 0x01, 0xf3, 0xb4, 0xdf,
	0xff, 0x88, 0x31, 0xa7, 0x34, 0x01, 0x00, 0x78, 0x8e, 0x34, 0x01, 0xff, 0xd2, 0x13, 0xff, 0x2e,
	0x01, 0x96, 0xbe, 0x04, 0x00, 0x82, 0xff, 0xf2, 0x13, 0xff, 0x2e, 0x01, 0xa6, 0xbe, 0x04, 0x8e,
	0x2e, 0x01, 0xf7, 0x12, 0x14, 0x02, 0x55, 0x09, 0x9d, 0xff, 0x12, 0x14, 0xa7, 0xca, 0x04, 0x8c,
	0x3a, 0x01, 0xfb, 0x32, 0x14, 0x00, 0xf0, 0xff, 0x32, 0x14, 0x82, 0x01, 0x00, 0xff, 0x32, 0x14,
	0xff, 0x01, 0x00, 0xf9, 0x01, 0x00, 0x93, 0x32, 0x14, 0x8f, 0x32, 0x14, 0x00, 0xc9, 0xff, 0x32,
	0x14, 0xaf, 0x08, 0x07, 0x8c, 0x72, 0x03, 0xff, 0x52, 0x14, 0xff, 0x2e, 0x01, 0x8d, 0x2e, 0x01,
	0x00, 0x00, 0x96, 0xc6, 0x0b, 0xff, 0x72, 0x14, 0xff, 0x2e, 0x01, 0x97, 0x2e, 0x01, 0x8d, 0xc6,
	0x0b, 0xf3, 0x92, 0x14, 0x01, 0xc9, 0x02, 0xff, 0x28, 0x0e, 0xa7, 0x34, 0x01, 0x8d, 0xcc, 0x0b,
	0xff, 0xb2, 0x14, 0xff, 0x2e, 0x01, 0x97, 0x2e, 0x01, 0x8d, 0xc6, 0x0b, 0xff, 0xd2, 0x14, 0xff,
	0x2e, 0x01, 0x98, 0xbe, 0x04, 0x8e, 0xec, 0x05, 0xf1, 0xf2, 0x14, 0x02, 0x8e, 0x04, 0xca, 0xff,
	0x90, 0x03, 0xa7, 0xc4, 0x04, 0x8e, 0x34, 0x01, 0xff, 0x12, 0x15, 0xff, 0x2e, 0x01, 0x96, 0xbe,
	0x04, 0x8e, 0x2e, 0x01, 0xff, 0x32, 0x15, 0xff, 0x38, 0x01, 0xa0, 0xc8, 0x04, 0x8e, 0x32, 0x0e,
	0xf1, 0x52, 0x15, 0x01, 0x58, 0x06, 0xff, 0xc2, 0x11, 0x85, 0x34, 0x01, 0x8e, 0x04, 0x4e, 0x82,
	0x58, 0x00, 0x03, 0x40, 0x50, 0x01, 0x21, 0x81, 0x8e, 0x00, 0x01, 0x30, 0x50, 0x81, 0x12, 0x0d,
	0x01, 0x82, 0xd6, 0xff, 0x54, 0x15, 0xff, 0x30, 0x01, 0x93, 0x30, 0x01, 0x05, 0xf0, 0x0f, 0x0a,
	0x5e, 0x00, 0x0c, 0x9d, 0x30, 0x01, 0xff, 0x56, 0x15, 0xff, 0x30, 0x01, 0x89, 0x60, 0x02, 0x00,
	0x41, 0x9c, 0x30, 0x01, 0xf1, 0x58, 0x15, 0x01, 0x20, 0x08, 0xff, 0x9a, 0x51, 0x9b, 0x66, 0x02,
	0x9d, 0x36, 0x01, 0xff, 0x5a, 0x15, 0xff, 0x30, 0x01, 0x89, 0x66, 0x02, 0x00, 0x42, 0x9c, 0x30,
	0x01, 0xff, 0x5c, 0x15, 0xff, 0x30, 0x01, 0x89, 0x60, 0x02, 0x9d, 0x30, 0x01, 0xf7, 0x5e, 0x15,
	0x02, 0xeb, 0x09, 0x9e, 0xff, 0x5e, 0x15, 0x9a, 0x6c, 0x02, 0x00, 0x43, 0x9a, 0x3c, 0x01, 0xfb,
	0x60, 0x15, 0x00, 0x87, 0xff, 0xe4, 0x3c, 0x82, 0x01, 0x00, 0xff, 0x60, 0x15, 0xff, 0x01, 0x00,
	0xf9, 0x01, 0x00, 0x93, 0x60, 0x15, 0x8f, 0x60, 0x15, 0x00, 0xcc, 0xff, 0x60, 0x15, 0xa2, 0xb0,
	0x04, 0x9b, 0x74, 0x03, 0xff, 0x62, 0x15, 0xff, 0x30, 0x01, 0x8b, 0xa4, 0x04, 0x00, 0x44, 0x9c,
	0x30, 0x01, 0xff, 0x64, 0x15, 0xff, 0x30, 0x01, 0x89, 0x60, 0x02, 0x9d, 0x30, 0x01, 0xf1, 0x66,
	0x15, 0x00, 0xcc, 0xff, 0x86, 0x51, 0x9c, 0x66, 0x02, 0x00, 0x45, 0x9c, 0x36, 0x01, 0xff, 0x68,
	0x15, 0xff, 0x30, 0x01, 0x89, 0x66, 0x02, 0x9d, 0x30, 0x01, 0xff, 0x6a, 0x15, 0xff, 0x30, 0x01,
	0x89, 0x60, 0x02, 0x00, 0x46, 0x9c, 0x30, 0x01, 0xf1, 0x6c, 0x15, 0x02, 0x94, 0x04, 0xcd, 0xff,
	0x96, 0x03, 0x9a, 0x66, 0x02, 0x9d, 0x36, 0x01, 0xff, 0x6e, 0x15, 0xff, 0x30, 0x01, 0x89, 0x66,
	0x02, 0x00, 0x47, 0x9c, 0x30, 0x01, 0xff, 0x70, 0x15, 0xff, 0x3a, 0x01, 0x93, 0x6a, 0x02, 0x9b,
	0x3a, 0x01, 0xf3, 0x72, 0x15, 0x00, 0x61, 0xff, 0x72, 0x15, 0x9c, 0x70, 0x02, 0x00, 0x48, 0xff,
	0x72, 0x15, 0xff, 0x72, 0x15, 0xa8, 0x66, 0x02, 0x9d, 0x30, 0x01, 0xff, 0x72, 0x15, 0xff, 0x30,
	0x01, 0x89, 0x60, 0x02, 0x00, 0x49, 0xff, 0x72, 0x15, 0x8e, 0x72, 0x15, 0x00, 0x29, 0xff, 0x72,
	0x15, 0x9c, 0x66, 0x02, 0x9d, 0x36, 0x01, 0xff, 0x72, 0x15, 0xff, 0x30, 0x01, 0x89, 0x66, 0x02,
	0x00, 0x4a, 0xff, 0x72, 0x15, 0xff, 0x72, 0x15, 0xa8, 0x60, 0x02, 0x9d, 0x30, 0x01, 0xf7, 0x72,
	0x15, 0x00, 0xf4, 0xff, 0x72, 0x15, 0x9c, 0x6c, 0x02, 0x00, 0x4b, 0xff, 0x72, 0x15, 0x97, 0xf0,
	0x7b, 0xff, 0x72, 0x15, 0x82, 0x01, 0x00, 0xff, 0x72, 0x15, 0xff, 0x01, 0x00, 0xf9, 0x01, 0x00,
	0x93, 0x72, 0x15, 0xff, 0x72, 0x15, 0xb5, 0xb0, 0x04, 0x9b, 0x74, 0x03, 0xff, 0x72, 0x15, 0xff,
	0x30, 0x01, 0x8b, 0xa4, 0x04, 0x00, 0x4c, 0xff, 0x72, 0x15, 0xff, 0x72, 0x15, 0xa8, 0x60, 0x02,
	0x9d, 0x30, 0x01, 0xff, 0x72, 0x15, 0xff, 0x36, 0x01, 0x8f, 0x66, 0x02, 0x00, 0x4d, 0xff, 0x72,
	0x15, 0xff, 0x72, 0x15, 0xa8, 0x66, 0x02, 0x9d, 0x30, 0x01, 0xff, 0x72, 0x15, 0xff, 0x30, 0x01,
	0x89, 0x60, 0x02, 0x00, 0x4e, 0xff, 0x72, 0x15, 0xff, 0x72, 0x15, 0xae, 0x66, 0x02, 0x9d, 0x36,
	0x01, 0xff, 0x72, 0x15, 0xff, 0x30, 0x01, 0x89, 0x66, 0x02, 0x00, 0x4f, 0xff, 0x72, 0x15, 0xff,
	0x72, 0x15, 0xb2, 0x6a, 0x02, 0x9b, 0x3a, 0x01, 0xf5, 0x72, 0x15, 0x00, 0xb5, 0xff, 0xa0, 0x03,
	0x05, 0x5e, 0x11, 0x00, 0x40, 0x10, 0x03, 0x83, 0x14, 0x01, 0x82, 0x1c, 0x01, 0x81, 0x8c, 0x0d,
	0xff, 0x5a, 0x15, 0xff, 0x18, 0x01, 0x95, 0x88, 0x03, 0x00, 0x41, 0x9e, 0x2e, 0x01, 0xff, 0x58,
	0x15, 0xff, 0x2e, 0x01, 0x85, 0x2e, 0x01, 0x01, 0x81, 0x45, 0x84, 0x2e, 0x01, 0xff, 0x4c, 0x15,
	0x03, 0x00, 0x16, 0x08, 0x8e, 0xff, 0x70, 0x03, 0x04, 0x5e, 0x11, 0x00, 0xf0, 0x53, 0x83, 0x84,
	0x04, 0x01, 0xc0, 0x53, 0x9e, 0x1d, 0x0f, 0xd3, 0x01, 0x00, 0x00, 0x54, 0x93, 0x94, 0x01, 0xff,
	0xaa, 0x15, 0xf7, 0x8e, 0x01, 0x99, 0x82, 0x12, 0xdc, 0x01, 0x00, 0x00, 0x14, 0x93, 0x8e, 0x01,
	0xef, 0x08, 0x16, 0x04, 0x00, 0x00, 0xa4, 0x09, 0x59, 0xff, 0x22, 0x03, 0x81, 0x94, 0x01, 0x00,
	0x13, 0x83, 0x14, 0x01, 0x02, 0x80, 0x41, 0x2a, 0x81, 0x26, 0x14, 0xee, 0x01, 0x00, 0x95, 0xda,
	0x05, 0xf5, 0x6c, 0x16, 0xff, 0x94, 0x01, 0x81, 0x70, 0x49, 0x06, 0x16, 0xd6, 0x06, 0x02, 0x0a,
	0x5e, 0x01, 0x8e, 0xcc, 0xff, 0xfb, 0x48, 0x16, 0x00, 0xfb, 0xff, 0x48, 0x16, 0x82, 0x01, 0x00,
	0xff, 0x48, 0x16, 0xff, 0x01, 0x00, 0xf9, 0x01, 0x00, 0x93, 0x48, 0x16, 0x8f, 0x48, 0x16, 0x00,
	0xa1, 0xff, 0x48, 0x16, 0x8a, 0x56, 0x03, 0x00, 0x10, 0x84, 0x56, 0x03, 0x00, 0x90, 0x8c, 0x56,
	0x03, 0xff, 0x2a, 0x16, 0xf9, 0x68, 0x04, 0x01, 0x82, 0xdb, 0x81, 0x14, 0x01, 0x8d, 0xe8, 0xff,
	0xff, 0x0e, 0x16, 0xf9, 0x26, 0x02, 0x00, 0xfd, 0x94, 0x14, 0x01, 0xf1, 0xf2, 0x15, 0x02, 0xa1,
	0x02, 0xa3, 0xff, 0x2a, 0x08, 0x84, 0x1a, 0x01, 0x02, 0x05, 0x02, 0x83, 0x84, 0x1a, 0x01, 0x8b,
	0x02, 0x00, 0xff, 0xe4, 0x15, 0xff, 0x22, 0x01, 0x89, 0xb8, 0x07, 0x00, 0xa8, 0x8e, 0x12, 0x01,
	0xff, 0xc6, 0x15, 0xf1, 0x12, 0x01, 0x00, 0x01, 0x84, 0x12, 0x01, 0x02, 0x02, 0x00, 0x89, 0x8e,
	0x12, 0x01, 0xf1, 0xa8, 0x15, 0x02, 0x44, 0x04, 0xa2, 0xff, 0x4c, 0x03, 0x82, 0x3a, 0x00, 0x83,
	0x8c, 0x06, 0x02, 0x02, 0x00, 0x91, 0x8e, 0x18, 0x01, 0xff, 0x8a, 0x15, 0xf7, 0x2a, 0x02, 0x81,
	0x8c, 0x06, 0x02, 0x02, 0x00, 0x99, 0x8e, 0x14, 0x01, 0xff, 0x6e, 0x15, 0xff, 0x30, 0x02, 0x83,
	0x96, 0x06, 0x8f, 0x1e, 0x01, 0xf3, 0x52, 0x15, 0x01, 0xe6, 0x05, 0xff, 0x96, 0x06, 0x85, 0x1a,
	0x01, 0x83, 0x96, 0x06, 0x81, 0x1a, 0x01, 0x8b, 0x02, 0x00, 0xff, 0x5c, 0x15, 0xff, 0x22, 0x01,
	0x89, 0x84, 0x05, 0x00, 0xa9, 0x8e, 0x12, 0x01, 0xff, 0x40, 0x15, 0xf1, 0x12, 0x01, 0x00, 0x02,
	0x84, 0x12, 0x01, 0x02, 0x04, 0x00, 0x8a, 0x8e, 0x12, 0x01, 0xf1, 0x2e, 0x15, 0x02, 0x89, 0x07,
	0xa0, 0xff, 0x4c, 0x03, 0x82, 0x18, 0x01, 0x83, 0x96, 0x06, 0x02, 0x04, 0x00, 0x92, 0x8e, 0x18,
	0x01, 0xff, 0xb2, 0x14, 0xf7, 0x2a, 0x02, 0x81, 0x96, 0x06, 0x02, 0x04, 0x00, 0x9a, 0x8e, 0x14,
	0x01, 0xff, 0x40, 0x2a, 0xf7, 0x26, 0x02, 0x81, 0x8c, 0x06, 0x91, 0x14, 0x01, 0xf7, 0x24, 0x2a,
	0x02, 0x29, 0x09, 0x97, 0xff, 0x24, 0x2a, 0x84, 0x20, 0x01, 0x83, 0x92, 0x06, 0x81, 0x20, 0x01,
	0x8b, 0x02, 0x00, 0xff, 0xce, 0x13, 0x87, 0xce, 0x13, 0x00, 0xbe, 0xff, 0xe8, 0x54, 0x82, 0x01,
	0x00, 0xff, 0xce, 0x13, 0xff, 0x01, 0x00, 0xf9, 0x01, 0x00, 0x93, 0xce, 0x13, 0x8f, 0xce, 0x13,
	0x81, 0x3c, 0xdd, 0xff, 0xce, 0x13, 0x8f, 0xc4, 0x07, 0x00, 0xaa, 0xff, 0xce, 0x13, 0xff, 0x98,
	0x05, 0x00, 0x5e, 0x81, 0x58, 0xff, 0x83, 0x12, 0x01, 0x02, 0x08, 0x00, 0x8b, 0xff, 0xcc, 0x13,
	0xff, 0x12, 0x01, 0x82, 0x12, 0x01, 0x83, 0xd0, 0x08, 0x02, 0x08, 0x00, 0x93, 0xff, 0xca, 0x13,
	0x04, 0x38, 0x00, 0x00, 0x9f, 0x02, 0xff, 0x3c, 0xdd, 0x87, 0x2a, 0x02, 0x81, 0xd6, 0x08, 0x02,
	0x08, 0x00, 0x9b, 0xff, 0xbc, 0x13, 0xff, 0x2c, 0x02, 0x86, 0x2c, 0x02, 0x81, 0xd6, 0x08, 0x91,
	0x14, 0x01, 0xff, 0xbe, 0x13, 0xf5, 0x14, 0x01, 0x83, 0xca, 0x08, 0x81, 0x14, 0x01, 0x8b, 0x02,
	0x00, 0xff, 0xce, 0x13, 0x81, 0xce, 0x13, 0xff, 0x38, 0x0d, 0x8b, 0x7a, 0x05, 0x00, 0xab, 0xff,
	0xce, 0x13, 0xff, 0x3a, 0x02, 0x03, 0x5e, 0x11, 0x00, 0x04, 0x81, 0x12, 0x01, 0x05, 0x0a, 0x0a,
	0x5e, 0x10, 0x00, 0x8c, 0xff, 0xcc, 0x13, 0xff, 0xcc, 0x13, 0x8c, 0x1c, 0x01, 0x00, 0x10, 0x84,
	0x1c, 0x01, 0x00, 0x94, 0xff, 0xca, 0x13, 0x04, 0x38, 0x00, 0x00, 0xe4, 0x05, 0xff, 0x96, 0x06,
	0x87, 0x34, 0x02, 0x01, 0x82, 0xdf, 0x81, 0x1a, 0x01, 0x00, 0x9c, 0xff, 0xbc, 0x13, 0xff, 0x2c,
	0x02, 0x86, 0x2c, 0x02, 0x00, 0xfd, 0x94, 0x14, 0x01, 0xff, 0xbe, 0x13, 0xf5, 0x14, 0x01, 0x02,
	0x05, 0x0a, 0x83, 0x84, 0x14, 0x01, 0x8b, 0x02, 0x00, 0xff, 0xce, 0x13, 0x81, 0xce, 0x13, 0x00,
	0x9e, 0xff, 0x50, 0x03, 0x8a, 0x84, 0x05, 0x00, 0xac, 0xff, 0xce, 0x13, 0xff, 0x3a, 0x02, 0x00,
	0x5e, 0x81, 0x3c, 0xce, 0x83, 0x12, 0x01, 0x02, 0x20, 0x00, 0x8d, 0xff, 0xcc, 0x13, 0xff, 0x12,
	0x01, 0x82, 0x12, 0x01, 0x83, 0x8c, 0x06, 0x02, 0x20, 0x00, 0x95, 0xff, 0xca, 0x13, 0x86, 0xca,
	0x13, 0x01, 0x27, 0x09, 0xff, 0x46, 0xf4, 0x87, 0x30, 0x02, 0x81, 0x92, 0x06, 0x02, 0x20, 0x00,
	0x9d, 0xff, 0xbc, 0x13, 0x88, 0xbc, 0x13, 0x00, 0xb5, 0xff, 0xbc, 0x13, 0x82, 0x01, 0x00, 0xff,
	0xbc, 0x13, 0xff, 0x01, 0x00, 0xf9, 0x01, 0x00, 0x93, 0xbc, 0x13, 0x8f, 0xbc, 0x13, 0x00, 0xa8,
	0xff, 0xbc, 0x13, 0x8e, 0x76, 0x04, 0x81, 0xd6, 0x08, 0x8f, 0x58, 0x03, 0xff, 0xbe, 0x13, 0xf7,
	0x14, 0x01, 0x83, 0xd6, 0x08, 0x81, 0x14, 0x01, 0x8b, 0x02, 0x00, 0xff, 0xce, 0x13, 0xff, 0x22,
	0x01, 0x89, 0xbe, 0x07, 0x00, 0xad, 0xff, 0xce, 0x13, 0x05, 0x38, 0x00, 0x00, 0xa8, 0x02, 0x60,
	0x98, 0xe8, 0x09, 0x3c, 0x00, 0xa0, 0xbc, 0xd4, 0x10, 0xd6, 0x1a, 0x5e, 0x01, 0xa0, 0xbc, 0xd4,
	0x11, 0xd6, 0x1a, 0x5e, 0x02, 0xa0, 0xbc, 0xd4, 0x12, 0xd6, 0x1a, 0x5e, 0x03, 0xa0, 0xbc, 0xd4,
	0x13, 0xd6, 0x1a, 0x5e, 0x04, 0xa0, 0xbc, 0xd4, 0x14, 0xd6, 0x1a, 0x5e, 0x05, 0xa0, 0xbc, 0xd4,
	0x15, 0xd6, 0x1a, 0x5e, 0x06, 0xa0, 0xbc, 0xd4, 0x16, 0xd6, 0x1a, 0x5e, 0x07, 0xa0, 0xbc, 0xd4,
	0x17, 0xea, 0x58, 0x01, 0x81, 0xd8, 0x27, 0x00, 0x07, 0x82, 0xb6, 0x26, 0x01, 0x08, 0x1f, 0x8b,
	0x02, 0x00, 0xff, 0x1a, 0x14, 0xff, 0x60, 0x01, 0xc3, 0xb0, 0x0c, 0x00, 0x07, 0x82, 0x88, 0x0b,
	0x01, 0x0c, 0x1f, 0x8b, 0x02, 0x00, 0xff, 0x66, 0x14, 0x04, 0x00, 0x00, 0x08, 0x04, 0xb3, 0xff,
	0xae, 0x0c, 0x00, 0x5e, 0x83, 0xd4, 0x36, 0x01, 0x5a, 0xa5, 0x81, 0x62, 0x00, 0x01, 0x00, 0x80,
	0x87, 0xd4, 0x36, 0x01, 0x1a, 0x58, 0xff, 0x68, 0x14, 0xff, 0x1e, 0x01, 0x95, 0x1e, 0x01, 0x03,
	0x5a, 0x5e, 0x60, 0x5e, 0xff, 0x70, 0x14, 0xff, 0x20, 0x01, 0x95, 0x20, 0x01, 0x00, 0x1c, 0x8e,
	0x3e, 0x02, 0xf9, 0x7c, 0x14, 0x04, 0x00, 0x00, 0xbb, 0x05, 0xaf, 0xff, 0x6c, 0x03, 0x96, 0x2e,
	0x01, 0x00, 0x5c, 0x8e, 0x4e, 0x02, 0xf1, 0x90, 0x14, 0xff, 0x20, 0x01, 0x93, 0x20, 0x01, 0x00,
	0x01, 0x8e, 0x8c, 0x04, 0xff, 0x94, 0x14, 0xff, 0x1e, 0x01, 0x87, 0x1e, 0x01, 0x8f, 0x8c, 0x04,
	0xf1, 0xa0, 0x14, 0x04, 0x00, 0x00, 0x6a, 0x07, 0xae, 0xff, 0x64, 0x03, 0x96, 0x26, 0x01, 0x8d,
	0x92, 0x04, 0xf1, 0xa2, 0x14, 0xff, 0x1e, 0x01, 0x95, 0x1e, 0x01, 0x91, 0x82, 0x04, 0xff, 0xaa,
	0x14, 0xff, 0x20, 0x01, 0x85, 0xa2, 0x05, 0x01, 0xc0, 0x49, 0xff, 0xb6, 0x14, 0x04, 0x00, 0x00,
	0x18, 0x09, 0x29, 0xff, 0x62, 0x03, 0x96, 0x24, 0x01, 0x00, 0xd0, 0x8e, 0x24, 0x01, 0xff, 0x4a,
	0x3c, 0xf8, 0x24, 0x01, 0x00, 0x77, 0x82, 0x24, 0x01, 0x00, 0x95, 0x82, 0x24, 0x01, 0x00, 0x93,
	0x85, 0x24, 0x01, 0x81, 0x5c, 0x00, 0x00, 0xe0, 0x8c, 0x28, 0x01, 0xfb, 0xd0, 0x14, 0x00, 0x3f,
	0xff, 0x5a, 0x3c, 0x82, 0x01, 0x00, 0xff, 0xd0, 0x14, 0xff, 0x01, 0x00, 0xf9, 0x01, 0x00, 0x93,
	0xd0, 0x14, 0x8f, 0xd0, 0x14, 0x81, 0xb4, 0x0e, 0xff, 0xd0, 0x14, 0x9f, 0x66, 0x03, 0x00, 0xf0,
	0x8c, 0x66, 0x03, 0xff, 0xde, 0x14, 0xff, 0xac, 0x05, 0x87, 0xf0, 0x07, 0x8d, 0xd0, 0x06, 0xff,
	0xda, 0x14, 0xff, 0x1e, 0x01, 0x87, 0x1e, 0x01, 0x8d, 0xca, 0x06, 0xf3, 0xe6, 0x14, 0x02, 0xb3,
	0x02, 0xb1, 0xff, 0xee, 0x07, 0x94, 0x64, 0x03, 0x00, 0x01, 0x92, 0xca, 0x06, 0xff, 0xa8, 0x14,
	0xff, 0x22, 0x01, 0x8b, 0x22, 0x01, 0x8f, 0x86, 0x04, 0xff, 0xd0, 0x28, 0xf5, 0x68, 0x03, 0x01,
	0xa5, 0x5a, 0x81, 0x62, 0x00, 0x01, 0xff, 0x7f, 0x86, 0x32, 0x0a, 0x00, 0xf0, 0xff, 0x64, 0x14,
	0x81, 0xcc, 0x28, 0x02, 0x64, 0x04, 0xb4, 0xff, 0x68, 0x03, 0x96, 0x24, 0x01, 0xff, 0x6a, 0x14,
	0xff, 0x6a, 0x14, 0x99, 0x20, 0x01, 0xff, 0x6a, 0x14, 0xff, 0xe6, 0x28, 0xa1, 0x28, 0x01, 0xff,
	0x64, 0x14, 0x83, 0xf4, 0x28, 0x01, 0x18, 0x06, 0xff, 0x26, 0x12, 0x95, 0x26, 0x01, 0x00, 0x01,
	0x8e, 0x92, 0x04, 0xff, 0x6a, 0x14, 0xff, 0x1e, 0x01, 0x87, 0x1e, 0x01, 0xff, 0x6a, 0x14, 0xff,
	0x0a, 0x29, 0x99, 0x20, 0x01, 0xff, 0x64, 0x14, 0x81, 0x06, 0x29, 0x01, 0xc6, 0x07, 0xff, 0x38,
	0x0a, 0x97, 0x24, 0x01, 0xff, 0x6a, 0x14, 0xff, 0x6a, 0x14, 0x99, 0xa8, 0x05, 0xff, 0x6a, 0x14,
	0xff, 0x20, 0x29, 0x97, 0x1e, 0x01, 0xff, 0x64, 0x14, 0x87, 0x2c, 0x29, 0x00, 0x77, 0xff, 0xf6,
	0x3c, 0x86, 0x7e, 0x0c, 0x01, 0xa5, 0x5a, 0x81, 0x54, 0x00, 0x01, 0xff, 0x7f, 0x8a, 0x04, 0x11,
	0x00, 0xf0, 0xff, 0x6a, 0x14, 0x89, 0x6a, 0x14, 0x00, 0x0c, 0xff, 0x6a, 0x14, 0x82, 0x01, 0x00,
	0xff, 0x6a, 0x14, 0xff, 0x01, 0x00, 0xf9, 0x01, 0x00, 0x93, 0x6a, 0x14, 0xff, 0x6a, 0x14, 0xb5,
	0x66, 0x03, 0xff, 0x6a, 0x14, 0xff, 0x6a, 0x14, 0x97, 0xf0, 0x07, 0xff, 0x6a, 0x14, 0xff, 0x6a,
	0x14, 0x97, 0x1e, 0x01, 0xff, 0x6a, 0x14, 0x83, 0x6a, 0x14, 0xff, 0xa4, 0x5f, 0x95, 0x64, 0x03,
	0x82, 0x48, 0x13, 0x8e, 0xca, 0x06, 0xff, 0x6a, 0x14, 0xff, 0x22, 0x01, 0x8b, 0x22, 0x01, 0xff,
	0x6a, 0x14, 0xff, 0x6a, 0x14, 0x85, 0x22, 0x01, 0x01, 0x01, 0x80, 0x90, 0xa8, 0x05, 0x82, 0x5c,
	0x00, 0x01, 0x71, 0x9f, 0xff, 0x72, 0x14, 0x02, 0x00, 0x00, 0x68, 0xff, 0xf6, 0xe2, 0xa0, 0x2c,
	0x01, 0x00, 0x7f, 0x8e, 0x2c, 0x01, 0xff, 0x78, 0x14, 0xff, 0x26, 0x01, 0x8d, 0x26, 0x01, 0x00,
	0x41, 0x8e, 0x26, 0x01, 0xff, 0x80, 0x14, 0xff, 0x30, 0x01, 0x97, 0x30, 0x01, 0x00, 0x4f, 0x8c,
	0x30, 0x01, 0xf3, 0x86, 0x14, 0x00, 0x26, 0xff, 0xf6, 0xe2, 0x9e, 0x2c, 0x01, 0x00, 0x80, 0x8e,
	0xae, 0x04, 0xff, 0x8e, 0x14, 0xff, 0x26, 0x01, 0x8f, 0x26, 0x01, 0x8d, 0xa8, 0x04, 0xff, 0x94,
	0x14, 0xff, 0x26, 0x01, 0x8f, 0x26, 0x01, 0x8d, 0xa8, 0x04, 0xf3, 0x9c, 0x14, 0x02, 0xdf, 0x07,
	0xbc, 0xff, 0x78, 0x03, 0x9e, 0x2c, 0x01, 0x8f, 0xa4, 0x04, 0xff, 0xa2, 0x14, 0xf5, 0x26, 0x01,
	0x01, 0x57, 0x13, 0x90, 0x5e, 0x23, 0x00, 0xf0, 0x91, 0x4c, 0x09, 0xff, 0xaa, 0x14, 0xff, 0x26,
	0x01, 0x8f, 0x26, 0x01, 0x8f, 0x9e, 0x04, 0xf7, 0xb2, 0x14, 0x00, 0x9b, 0xff, 0xd8, 0xe2, 0xa0,
	0x32, 0x01, 0x8d, 0xaa, 0x04, 0xfb, 0xb6, 0x14, 0x00, 0x32, 0xff, 0xb6, 0x14, 0x82, 0x01, 0x00,
	0xff, 0xb6, 0x14, 0xff, 0x01, 0x00, 0xf9, 0x01, 0x00, 0x93, 0xb6, 0x14, 0x8f, 0xb6, 0x14, 0x00,
	0xbd, 0xff, 0xb6, 0x14, 0xa6, 0x6a, 0x03, 0x8d, 0xe8, 0x06, 0xff, 0xba, 0x14, 0xff, 0x26, 0x01,
	0x8d, 0x26, 0x01, 0x8f, 0x86, 0x0b, 0xff, 0xc2, 0x14, 0xff, 0x26, 0x01, 0x8f, 0x26, 0x01, 0x8f,
	0x2e, 0x10, 0xf1, 0xca, 0x14, 0x01, 0xbd, 0x02, 0xff, 0x5e, 0x22, 0x9f, 0x2c, 0x01, 0x8f, 0x34,
	0x10, 0xff, 0xce, 0x14, 0xff, 0x26, 0x01, 0x8d, 0x26, 0x01, 0x8f, 0x9e, 0x04, 0xff, 0xd2, 0x14,
	0xf1, 0x26, 0x01, 0x81, 0xa4, 0x0c, 0x81, 0x46, 0x00, 0x01, 0xd0, 0x40, 0xff, 0xbc, 0x14, 0x81,
	0xb2, 0xf7, 0x00, 0x9d, 0xff, 0x62, 0x03, 0x88, 0x16, 0x01, 0x00, 0xdf, 0x8e, 0x16, 0x01, 0xff,
	0xa6, 0x14, 0xf9, 0x10, 0x01, 0x00, 0xc1, 0x8e, 0x10, 0x01, 0xff, 0x90, 0x14, 0xff, 0x1a, 0x01,
	0x81, 0x46, 0x00, 0x00, 0xcf, 0x8c, 0x1a, 0x01, 0xf3, 0x7a, 0x14, 0x01, 0x08, 0x06, 0xff, 0x68,
	0xcb, 0x87, 0x16, 0x01, 0x00, 0x80, 0x8e, 0x56, 0x04, 0xff, 0x64, 0x14, 0xfb, 0x10, 0x01, 0x8d,
	0x50, 0x04, 0xff, 0x4e, 0x14, 0xfb, 0x10, 0x01, 0x8d, 0x50, 0x04, 0xf3, 0x38, 0x14, 0x02, 0xa0,
	0x07, 0x9b, 0xff, 0x36, 0x03, 0x88, 0x16, 0x01, 0x8f, 0x4c, 0x04, 0xff, 0x22, 0x14, 0xf3, 0x10,
	0x01, 0x01, 0x01, 0x80, 0x91, 0x9c, 0x08, 0xff, 0x0c, 0x14, 0xfb, 0x10, 0x01, 0x8f, 0x46, 0x04,
	0xf7, 0xf6, 0x13, 0x02, 0x3b, 0x09, 0x8e, 0xff, 0xf6, 0x13, 0x88, 0x1c, 0x01, 0x8d, 0x52, 0x04,
	0xfb, 0xe0, 0x13, 0x00, 0xc7, 0xff, 0xd0, 0x51, 0x82, 0x01, 0x00, 0xff, 0xe0, 0x13, 0xff, 0x01,
	0x00, 0xf9, 0x01, 0x00, 0x93, 0xe0, 0x13, 0x8f, 0xe0, 0x13, 0x00, 0x9c, 0xff, 0xe0, 0x13, 0x90,
	0x54, 0x03, 0x8d, 0x90, 0x06, 0xff, 0xca, 0x13, 0xf9, 0x10, 0x01, 0x8f, 0xd6, 0x0a, 0xff, 0xb4,
	0x13, 0xfb, 0x10, 0x01, 0x8f, 0x26, 0x0f, 0xf1, 0x9e, 0x13, 0x01, 0x9c, 0x02, 0x81, 0x3e, 0x03,
	0xff, 0x16, 0x01, 0x85, 0x16, 0x01, 0x8f, 0x2c, 0x0f, 0xff, 0x88, 0x13, 0xf9, 0x10, 0x01, 0x8f,
	0x46, 0x04, 0xff, 0x72, 0x13, 0xf3, 0x10, 0x01, 0x00, 0x03, 0x82, 0x0c, 0x00, 0x08, 0x60, 0x67,
	0x80, 0x4d, 0x01, 0x5e, 0x05, 0x00, 0x41, 0xff, 0xc8, 0xb9, 0x05, 0x38, 0x00, 0x00, 0x38, 0x04,
	0xa9, 0xff, 0x3e, 0x03, 0x91, 0x1e, 0x01, 0x8c, 0xfe, 0xee, 0xff, 0x82, 0x13, 0xfd, 0x18, 0x01,
	0x00, 0x81, 0x94, 0x36, 0x02, 0xff, 0x8a, 0x13, 0xff, 0x22, 0x01, 0x8a, 0x22, 0x01, 0x8e, 0x38,
	0xf1, 0xf1, 0x92, 0x13, 0x02, 0xe1, 0x05, 0xa4, 0xff, 0x58, 0x03, 0x8a, 0x1e, 0x01, 0x00, 0x82,
	0x92, 0x40, 0x02, 0xff, 0x9a, 0x13, 0xff, 0x18, 0x01, 0x93, 0x36, 0x02, 0xff, 0xa2, 0x13, 0xfb,
	0x18, 0x01, 0x00, 0x83, 0x94, 0x30, 0x02, 0xf1, 0xaa, 0x13, 0x02, 0x85, 0x07, 0xb7, 0xff, 0x4e,
	0x03, 0x91, 0x1e, 0x01, 0xff, 0xa4, 0xf5, 0xff, 0x36, 0x02, 0x81, 0x74, 0x1d, 0x00, 0x67, 0x81,
	0x0e, 0x00, 0x81, 0x62, 0x00, 0x8b, 0x20, 0xbf, 0x02, 0x01, 0x00, 0x01, 0x82, 0x32, 0x01, 0x8f,
	0x46, 0x02, 0xff, 0xca, 0x13, 0xff, 0x28, 0x01, 0x8f, 0x28, 0x01, 0x01, 0x0b, 0x5b, 0xff, 0xe2,
	0x13, 0x85, 0xe2, 0x13, 0x02, 0x3c, 0x09, 0x9b, 0xff, 0xe2, 0x13, 0xa0, 0x34, 0x01, 0x00, 0x00,
	0x8e, 0xa4, 0x04, 0xfb, 0xfc, 0x13, 0x00, 0xd5, 0xff, 0xfc, 0x13, 0x82, 0x01, 0x00, 0xff, 0xfc,
	0x13, 0xff, 0x01, 0x00, 0xf9, 0x01, 0x00, 0x93, 0xfc, 0x13, 0x8f, 0xfc, 0x13, 0x81, 0xd8, 0xca,
	0xff, 0xfc, 0x13, 0xa7, 0x6e, 0x03, 0x8d, 0xa4, 0x04, 0xff, 0x16, 0x14, 0xff, 0x2a, 0x01, 0x93,
	0x2a, 0x01, 0x8f, 0x9a, 0x04, 0xff, 0x32, 0x14, 0xff, 0x2c, 0x01, 0x95, 0x2c, 0x01, 0x8f, 0x58,
	0x02, 0xf1, 0x4e, 0x14, 0x01, 0xc5, 0x02, 0x81, 0x6c, 0x2b, 0xff, 0x32, 0x01, 0x95, 0x32, 0x01,
	0x01, 0xff, 0x7f, 0x93, 0x52, 0x09, 0xff, 0x66, 0x14, 0xff, 0x28, 0x01, 0x91, 0x28, 0x01, 0x8f,
	0x56, 0x02, 0xff, 0x7e, 0x14, 0xff, 0x28, 0x01, 0x8f, 0x28, 0x01, 0x91, 0xac, 0x04, 0xf1, 0x90,
	0x14, 0x02, 0x82, 0x04, 0xc6, 0xff, 0x80, 0x03, 0xa2, 0x30, 0x01, 0x8f, 0x5a, 0x02, 0xff, 0xa2,
	0x14, 0xff, 0x2a, 0x01, 0x91, 0x2a, 0x01, 0x91, 0x5c, 0x02, 0xff, 0xb6, 0x14, 0xff, 0x36, 0x01,
	0x9d, 0x36, 0x01, 0x8f, 0x0e, 0x0e, 0xf1, 0xca, 0x14, 0x01, 0x48, 0x06, 0xff, 0x12, 0x07, 0x99,
	0x32, 0x01, 0x01, 0x00, 0x80, 0x95, 0x64, 0x10, 0xff, 0xda, 0x14, 0xff, 0x28, 0x01, 0x8f, 0x28,
	0x01, 0x8f, 0x56, 0x02, 0xff, 0xea, 0x14, 0xff, 0x28, 0x01, 0x8f, 0x28, 0x01, 0x8f, 0xb6, 0x04,
	0xf3, 0xfc, 0x14, 0x02, 0x05, 0x08, 0xc4, 0xff, 0x80, 0x03, 0xa2, 0x30, 0x01, 0x8f, 0x5a, 0x02,
	0xff, 0x0e, 0x15, 0xff, 0x2a, 0x01, 0x91, 0x2a, 0x01, 0x91, 0x5c, 0x02, 0xff, 0x12, 0x15, 0xff,
	0x2c, 0x01, 0x93, 0x2c, 0x01, 0xff, 0x16, 0x15, 0x87, 0x16, 0x15, 0x02, 0xc9, 0x09, 0x9a, 0xff,
	0x16, 0x15, 0x99, 0x40, 0x08, 0x00, 0xff, 0x93, 0x0e, 0x07, 0xfb, 0x14, 0x15, 0x00, 0x61, 0xff,
	0xf0, 0x3c, 0x82, 0x01, 0x00, 0xff, 0x14, 0x15, 0xff, 0x01, 0x00, 0xf9, 0x01, 0x00, 0x93, 0x14,
	0x15, 0x8f, 0x14, 0x15, 0x00, 0xc2, 0xff, 0x14, 0x15, 0xa8, 0x6c, 0x03, 0xff, 0x12, 0x15, 0xff,
	0x12, 0x15, 0xa1, 0x28, 0x01, 0xff, 0x10, 0x15, 0xff, 0x10, 0x15, 0xa5, 0x2a, 0x01, 0xff, 0x0e,
	0x15, 0x81, 0x0e, 0x15, 0x01, 0xc2, 0x02, 0xff, 0x8e, 0x11, 0xa3, 0x30, 0x01, 0x91, 0x5c, 0x02,
	0xff, 0x12, 0x15, 0xff, 0x2c, 0x01, 0x93, 0x2c, 0x01, 0xff, 0x16, 0x15, 0xff, 0x16, 0x15, 0x85,
	0x2c, 0x01, 0x87, 0x62, 0x00, 0x85, 0x2c, 0x01, 0x81, 0x58, 0x00, 0x03, 0x80, 0x41, 0x44, 0x04,
	0x83, 0xf8, 0xb4, 0x03, 0x80, 0x41, 0x47, 0x04, 0xff, 0x9a, 0xb8, 0x85, 0x20, 0x15, 0x01, 0x88,
	0x04, 0x81, 0xa0, 0xea, 0xff, 0x3a, 0x01, 0x97, 0x3a, 0x01, 0x02, 0xc0, 0x41, 0x00, 0x85, 0xe8,
	0xb3, 0xff, 0x20, 0x15, 0xff, 0x2a, 0x01, 0x98, 0x5a, 0xb7, 0x03, 0x80, 0x41, 0x73, 0x05, 0x85,
	0x64, 0x02, 0x01, 0x76, 0x05, 0xff, 0x98, 0xb8, 0xff, 0x28, 0x15, 0xa9, 0x3e, 0x01, 0x95, 0x68,
	0x02, 0xf3, 0x26, 0x15, 0x01, 0x51, 0x06, 0xff, 0x98, 0x03, 0x9b, 0x98, 0x03, 0x03, 0x81, 0x41,
	0xa7, 0x06, 0x85, 0x6e, 0x02, 0x01, 0xaa, 0x06, 0x93, 0xcc, 0xb9, 0xff, 0x32, 0x15, 0xff, 0x34,
	0x01, 0x89, 0x34, 0x01, 0x00, 0xc1, 0x96, 0x64, 0x02, 0xff, 0x34, 0x15, 0xff, 0x2a, 0x01, 0x89,
	0x8e, 0x03, 0x03, 0x81, 0x41, 0xd6, 0x07, 0x85, 0x5e, 0x02, 0x01, 0xd9, 0x07, 0x93, 0x5e, 0x02,
	0xf1, 0x3e, 0x15, 0x02, 0x1a, 0x08, 0xc7, 0xff, 0x98, 0x03, 0x9a, 0x3a, 0x01, 0x97, 0x64, 0x02,
	0xff, 0x3e, 0x15, 0xff, 0x2a, 0x01, 0x89, 0x8e, 0x03, 0x03, 0x82, 0x41, 0x05, 0x09, 0x85, 0x64,
	0x02, 0x01, 0x08, 0x09, 0x93, 0x64, 0x02, 0xff, 0x46, 0x15, 0xff, 0x34, 0x01, 0x89, 0x34, 0x01,
	0x00, 0xc2, 0x96, 0x5e, 0x02, 0xf7, 0x44, 0x15, 0x02, 0xe1, 0x09, 0xa0, 0xff, 0x44, 0x15, 0x9a,
	0x94, 0x03, 0x03, 0x82, 0x41, 0x37, 0x0a, 0x85, 0x6a, 0x02, 0x01, 0x3a, 0x0a, 0x91, 0x6a, 0x02,
	0xfb, 0x50, 0x15, 0x00, 0x7f, 0xff, 0x50, 0x15, 0x82, 0x01, 0x00, 0xff, 0x50, 0x15, 0xff, 0x01,
	0x00, 0xf9, 0x01, 0x00, 0x93, 0x50, 0x15, 0x8f, 0x50, 0x15, 0x81, 0x64, 0xca, 0xff, 0x50, 0x15,
	0x9f, 0x78, 0x03, 0x95, 0xae, 0x04, 0xff, 0x52, 0x15, 0xff, 0x2a, 0x01, 0x8b, 0xd8, 0x05, 0x03,
	0x83, 0x41, 0xef, 0x01, 0x85, 0xa2, 0x04, 0x00, 0xf2, 0x82, 0x08, 0x04, 0xff, 0x00, 0xce, 0xff,
	0x5c, 0x15, 0x9b, 0x34, 0x01, 0x00, 0xc3, 0x96, 0x5e, 0x02, 0xf1, 0x5c, 0x15, 0x01, 0xc8, 0x02,
	0xff, 0x32, 0x0e, 0x9b, 0x8e, 0x03, 0x03, 0x83, 0x41, 0x1e, 0x03, 0x85, 0x64, 0x02, 0x01, 0x21,
	0x03, 0x93, 0x64, 0x02, 0xff, 0x64, 0x15, 0xff, 0x34, 0x01, 0x89, 0x34, 0x01, 0x97, 0x64, 0x02,
	0xff, 0x62, 0x15, 0xff, 0x2a, 0x01, 0x89, 0x8e, 0x03, 0x02, 0x84, 0x41, 0x4d, 0x86, 0x62, 0x15,
	0x00, 0x50, 0xff, 0x62, 0x15, 0x86, 0x62, 0x15, 0x00, 0x91, 0xff, 0x62, 0x15, 0x9c, 0x3a, 0x01,
	0x00, 0xc4, 0xff, 0x62, 0x15, 0xff, 0x62, 0x15, 0xa2, 0x8e, 0x03, 0x02, 0x84, 0x41, 0x7c, 0x86,
	0x62, 0x15, 0x00, 0x7f, 0xff, 0x62, 0x15, 0xff, 0x62, 0x15, 0xaa, 0x3e, 0x01, 0x95, 0x68, 0x02,
	0xf3, 0x62, 0x15, 0x00, 0x5a, 0xff, 0x62, 0x15, 0x9c, 0x98, 0x03, 0x02, 0x85, 0x41, 0xb0, 0x86,
	0x62, 0x15, 0x00, 0xb3, 0xff, 0x62, 0x15, 0xff, 0x62, 0x15, 0xa0, 0x34, 0x01, 0x00, 0xc5, 0xff,
	0x62, 0x15, 0xff, 0x62, 0x15, 0xa2, 0x8e, 0x03, 0x02, 0x85, 0x41, 0xdf, 0x86, 0x62, 0x15, 0x00,
	0xe2, 0xff, 0x62, 0x15, 0x86, 0x62, 0x15, 0x00, 0x23, 0xff, 0x62, 0x15, 0x9c, 0x3a, 0x01, 0x97,
	0x64, 0x02, 0xff, 0x62, 0x15, 0xff, 0x2a, 0x01, 0x89, 0x8e, 0x03, 0x02, 0x86, 0x41, 0x0e, 0x86,
	0x62, 0x15, 0x00, 0x11, 0xff, 0x62, 0x15, 0xff, 0x62, 0x15, 0xa0, 0x34, 0x01, 0x00, 0xc6, 0xff,
	0x62, 0x15, 0x8e, 0x62, 0x15, 0x00, 0xea, 0xff, 0x62, 0x15, 0x9c, 0x94, 0x03, 0x02, 0x86, 0x41,
	0x40, 0x86, 0x62, 0x15, 0x00, 0x43, 0xff, 0x62, 0x15, 0x8e, 0x62, 0x15, 0x00, 0x88, 0xff, 0x62,
	0x15, 0x82, 0x01, 0x00, 0xff, 0x62, 0x15, 0xff, 0x01, 0x00, 0xf9, 0x01, 0x00, 0x93, 0x62, 0x15,
	0xff, 0x62, 0x15, 0xb5, 0x78, 0x03, 0x95, 0xae, 0x04, 0xff, 0x62, 0x15, 0xff, 0x2a, 0x01, 0x8b,
	0xd8, 0x05, 0x00, 0x87, 0xff, 0x62, 0x15, 0xff, 0x62, 0x15, 0xac, 0x34, 0x01, 0x00, 0xc7, 0xff,
	0x62, 0x15, 0xff, 0x62, 0x15, 0xa8, 0x8e, 0x03, 0x00, 0x87, 0xff, 0x62, 0x15, 0xff, 0x62, 0x15,
	0xac, 0x34, 0x01, 0x97, 0x64, 0x02, 0xff, 0x62, 0x15, 0xff, 0x2a, 0x01, 0x89, 0x8e, 0x03, 0x00,
	0x88, 0xff, 0x62, 0x15, 0xff, 0x62, 0x15, 0xb2, 0x3a, 0x01, 0x00, 0xc8, 0xff, 0x62, 0x15, 0xff,
	0x62, 0x15, 0xa2, 0x8e, 0x03, 0x00, 0x88, 0xff, 0x62, 0x15, 0xff, 0x62, 0x15, 0xb6, 0x3e, 0x01,
	0x95, 0x68, 0x02, 0xff, 0x62, 0x15, 0xff, 0x30, 0x01, 0x91, 0x98, 0x03, 0x00, 0x89, 0xff, 0x62,
	0x15, 0xff, 0x62, 0x15, 0xac, 0x34, 0x01, 0x00, 0xc9, 0xff, 0x62, 0x15, 0xff, 0x62, 0x15, 0xa2,
	0x8e, 0x03, 0x00, 0x89, 0xff, 0x62, 0x15, 0xff, 0x62, 0x15, 0xb2, 0x3a, 0x01, 0x97, 0x64, 0x02,
	0xff, 0x62, 0x15, 0xff, 0x2a, 0x01, 0x89, 0x8e, 0x03, 0x00, 0x8a, 0xff, 0x62, 0x15, 0xff, 0x62,
	0x15, 0xac, 0x34, 0x01, 0x00, 0xca, 0xff, 0x62, 0x15, 0xff, 0x62, 0x15, 0xae, 0x94, 0x03, 0x00,
	0x8a, 0xff, 0x62, 0x15, 0xff, 0x62, 0x15, 0x86, 0x10, 0x00, 0xff, 0x62, 0x15, 0xff, 0x01, 0x00,
	0xff, 0x01, 0x00, 0x91, 0x01, 0x00, 0x93, 0x62, 0x15, 0xff, 0x62, 0x15, 0xb5, 0x78, 0x03, 0x95,
	0xae, 0x04, 0xff, 0x62, 0x15, 0xff, 0x2a, 0x01, 0x8b, 0xd8, 0x05, 0x00, 0x8b, 0xff, 0x62, 0x15,
	0xff, 0x62, 0x15, 0xac, 0x34, 0x01, 0x00, 0xcb, 0xff, 0x62, 0x15, 0xff, 0x62, 0x15, 0xa8, 0x8e,
	0x03, 0x00, 0x8b, 0xff, 0x62, 0x15, 0xff, 0x62, 0x15, 0xac, 0x34, 0x01, 0x97, 0x64, 0x02, 0xff,
	0x62, 0x15, 0xff, 0x2a, 0x01, 0x89, 0x8e, 0x03, 0x00, 0x8c, 0xff, 0x62, 0x15, 0xff, 0x62, 0x15,
	0xb2, 0x3a, 0x01, 0x00, 0xcc, 0xff, 0x62, 0x15, 0xff, 0x62, 0x15, 0xa2, 0x8e, 0x03, 0x00, 0x8c,
	0xff, 0x62, 0x15, 0xff, 0x62, 0x15, 0xb6, 0x3e, 0x01, 0x95, 0x68, 0x02, 0xff, 0x62, 0x15, 0xff,
	0x30, 0x01, 0x91, 0x98, 0x03, 0x00, 0x8d, 0xff, 0x62, 0x15, 0xff, 0x62, 0x15, 0xac, 0x34, 0x01,
	0x00, 0xcd, 0xff, 0x62, 0x15, 0xff, 0x62, 0x15, 0xa2, 0x8e, 0x03, 0x00, 0x8d, 0xff, 0x62, 0x15,
	0xff, 0x62, 0x15, 0xb2, 0x3a, 0x01, 0x97, 0x64, 0x02, 0xff, 0x62, 0x15, 0xff, 0x2a, 0x01, 0x89,
	0x8e, 0x03, 0x00, 0x8e, 0xff, 0x62, 0x15, 0xff, 0x62, 0x15, 0xac, 0x34, 0x01, 0x00, 0xce, 0xff,
	0x62, 0x15, 0xff, 0x62, 0x15, 0xae, 0x94, 0x03, 0x00, 0x8e, 0xff, 0x62, 0x15, 0xff, 0x62, 0x15,
	0x86, 0x10, 0x00, 0xff, 0x62, 0x15, 0xff, 0x01, 0x00, 0xff, 0x01, 0x00, 0x91, 0x01, 0x00, 0x93,
	0x62, 0x15, 0xff, 0x62, 0x15, 0xb5, 0x78, 0x03, 0x95, 0xae, 0x04, 0xff, 0x62, 0x15, 0xff, 0x2a,
	0x01, 0x8b, 0xd8, 0x05, 0x00, 0x8f, 0xff, 0x62, 0x15, 0xff, 0x62, 0x15, 0xac, 0x34, 0x01, 0x00,
	0xcf, 0xff, 0x62, 0x15, 0x8a, 0x62, 0x15, 0x00, 0xb8, 0xff, 0x9a, 0x0a, 0x9a, 0x8e, 0x03, 0x00,
	0x8f, 0xff, 0x62, 0x15, 0xff, 0x62, 0x15, 0xac, 0x34, 0x01, 0x97, 0x64, 0x02, 0xff, 0x62, 0x15,
	0xf1, 0x2a, 0x01, 0x05, 0x1a, 0x5e, 0x00, 0x10, 0x80, 0xd4, 0x93, 0x12, 0x01, 0xf1, 0x40, 0x15,
	0x01, 0x80, 0x04, 0xff, 0xf4, 0xdd, 0x81, 0x3a, 0x00, 0x00, 0x1b, 0x81, 0x18, 0x01, 0x00, 0xd5,
	0xff, 0x28, 0x15, 0xff, 0x28, 0x15, 0x85, 0x12, 0x01, 0x02, 0xc0, 0x41, 0x10, 0x94, 0x3a, 0x03,
	0xff, 0x04, 0x15, 0xfd, 0x1a, 0x01, 0x00, 0x20, 0xff, 0xea, 0x14, 0x86, 0xea, 0x14, 0x00, 0x1e,
	0xff, 0x92, 0x92, 0x84, 0x16, 0x01, 0x00, 0x28, 0x94, 0x16, 0x01, 0xff, 0xc6, 0x14, 0xf3, 0x10,
	0x01, 0x00, 0x30, 0xff, 0xac, 0x14, 0xff, 0xac, 0x14, 0x88, 0x10, 0x01, 0x00, 0x38, 0x94, 0x10,
	0x01, 0xf1, 0x88, 0x14, 0x01, 0xb6, 0x07, 0xff, 0x42, 0xaa, 0x85, 0xba, 0x08, 0x90, 0x44, 0x5e,
	0x06, 0x5c, 0x06, 0x08, 0xd0, 0x67, 0xd0, 0x67, 0xff, 0x82, 0x14, 0xff, 0x24, 0x01, 0x95, 0x24,
	0x01, 0x02, 0x01, 0x5c, 0x98, 0x92, 0x24, 0x01, 0xff, 0x72, 0x14, 0xff, 0x24, 0x01, 0x85, 0x24,
	0x01, 0x03, 0x02, 0x5c, 0x2a, 0x09, 0x91, 0x24, 0x01, 0xf7, 0x6c, 0x14, 0x02, 0x6f, 0x09, 0x98,
	0xff, 0x6c, 0x14, 0x96, 0x30, 0x01, 0x02, 0x03, 0x5c, 0xbf, 0x90, 0x30, 0x01, 0xfb, 0x5c, 0x14,
	0x00, 0x05, 0xff, 0x5c, 0x14, 0x82, 0x01, 0x00, 0xff, 0x5c, 0x14, 0xff, 0x01, 0x00, 0xf9, 0x01,
	0x00, 0x93, 0x5c, 0x14, 0x8f, 0x5c, 0x14, 0x81, 0xa2, 0xad, 0xff, 0x5c, 0x14, 0x9b, 0x68, 0x03,
	0x03, 0x07, 0x5c, 0x54, 0x01, 0x8f, 0x68, 0x03, 0xff, 0x56, 0x14, 0xff, 0x24, 0x01, 0x87, 0x24,
	0x01, 0x02, 0xff, 0x5c, 0xe6, 0x92, 0x24, 0x01, 0xff, 0x46, 0x14, 0xff, 0x24, 0x01, 0x86, 0x04,
	0x08, 0x81, 0x04, 0x00, 0x02, 0x5d, 0x7a, 0x02, 0x91, 0x28, 0x01, 0xf1, 0x44, 0x14, 0x01, 0xbc,
	0x02, 0xff, 0x20, 0xb1, 0x99, 0x2e, 0x01, 0x05, 0x01, 0x00, 0x01, 0x5d, 0x0e, 0x03, 0x91, 0x2e,
	0x01, 0xff, 0x38, 0x14, 0xff, 0x28, 0x01, 0x87, 0x28, 0x01, 0x04, 0x03, 0x00, 0x01, 0x5d, 0xa2,
	0x92, 0x28, 0x01, 0xff, 0x36, 0x14, 0xff, 0x28, 0x01, 0x87, 0x28, 0x01, 0x05, 0x07, 0x00, 0x01,
	0x5d, 0x36, 0x04, 0x91, 0x28, 0x01, 0xf1, 0x4c, 0x14, 0x02, 0x78, 0x04, 0x46, 0xff, 0x7e, 0x03,
	0x98, 0xb0, 0x0c, 0x04, 0xcb, 0x04, 0x01, 0x5c, 0xca, 0x82, 0x2e, 0x01, 0x8f, 0x30, 0x01, 0xff,
	0x64, 0x14, 0xf5, 0x2a, 0x01, 0x01, 0xb1, 0xa0, 0x81, 0x62, 0x00, 0x09, 0xb0, 0xa0, 0xa0, 0x92,
	0x08, 0x5e, 0x00, 0xa0, 0x90, 0xda, 0x81, 0x14, 0x00, 0x01, 0xc1, 0xb0, 0x81, 0x14, 0x00, 0x01,
	0xc0, 0xb0, 0x82, 0x14, 0x00, 0x01, 0xb0, 0xb0, 0x82, 0x14, 0x00, 0x01, 0x11, 0x10, 0x81, 0x14,
	0x00, 0x01, 0x10, 0x10, 0x82, 0x14, 0x00, 0x00, 0x10, 0x81, 0x8e, 0x00, 0x01, 0x21, 0x20, 0x81,
	0x8e, 0x00, 0x01, 0x20, 0x20, 0x82, 0x8e, 0x00, 0x00, 0x20, 0x81, 0x50, 0x00, 0x01, 0xf0, 0xda,
	0xff, 0xac, 0x14, 0x89, 0xb8, 0xe4, 0x02, 0xbe, 0x05, 0x58, 0xff, 0x92, 0x02, 0xd0, 0x68, 0x01,
	0x00, 0x90, 0x8c, 0x68, 0x01, 0xff, 0xf0, 0xe4, 0xff, 0x58, 0x01, 0xc1, 0x58, 0x01, 0x00, 0xb0,
	0x8e, 0x58, 0x01, 0xef, 0x3c, 0x15, 0x03, 0x00, 0x00, 0x16, 0x07, 0xff, 0xb6, 0x02, 0xd1, 0x5e,
	0x01, 0x01, 0xd0, 0xde, 0xff, 0x8a, 0x15, 0xff, 0x58, 0x01, 0xd0, 0x0e, 0x04, 0x8e, 0x58, 0x01,
	0xf1, 0xd2, 0x15, 0x01, 0x6e, 0x08, 0xff, 0xb6, 0x02, 0xd2, 0x14, 0x04, 0x8e, 0x5e, 0x01, 0xff,
	0x06, 0x16, 0xff, 0x58, 0x01, 0xc0, 0x0e, 0x04, 0x00, 0xd2, 0xff, 0x3a, 0x16, 0x04, 0x00, 0x00,
	0xc6, 0x09, 0x61, 0xff, 0xb6, 0x02, 0xd1, 0x8a, 0x09, 0x8e, 0x5e, 0x01, 0xff, 0x4e, 0xe6, 0xff,
	0x5e, 0x01, 0xc6, 0x14, 0x04, 0x8c, 0x5e, 0x01, 0xfb, 0xa2, 0x16, 0x02, 0x25, 0x0b, 0x00, 0xff,
	0xa2, 0x16, 0x00, 0x00, 0xff, 0xa2, 0x16, 0xff, 0x01, 0x00, 0xfb, 0x01, 0x00, 0x93, 0xa2, 0x16,
	0x8f, 0xa2, 0x16, 0x00, 0x5c, 0xff, 0xa2, 0x16, 0xd9, 0x58, 0x06, 0xff, 0x2c, 0x2b, 0xff, 0xf4,
	0x04, 0xd1, 0x52, 0x06, 0xff, 0x50, 0x2b, 0x04, 0x38, 0x00, 0x00, 0x5c, 0x02, 0xff, 0x66, 0x0a,
	0xd2, 0xc4, 0x0b, 0xff, 0x84, 0x2b, 0xff, 0xb6, 0x02, 0xd0, 0x58, 0x01, 0x00, 0x80, 0xff, 0xfa,
	0xd2, 0x04, 0x38, 0x00, 0x00, 0xb4, 0x03, 0xff, 0xb6, 0x02, 0xd1, 0x5e, 0x01, 0x00, 0x81, 0xff,
	0x36, 0xd3, 0xff, 0xb6, 0x02, 0xd0, 0x58, 0x01, 0x00, 0x82, 0x8e, 0x58, 0x01, 0xf1, 0xd0, 0x17,
	0x02, 0x0c, 0x05, 0x5d, 0xff, 0xb6, 0x02, 0xd0, 0x5e, 0x01, 0x00, 0x83, 0x8e, 0x5e, 0x01, 0xff,
	0xfe, 0x17, 0xff, 0x58, 0x01, 0xbf, 0x58, 0x01, 0x00, 0x84, 0x8e, 0x58, 0x01, 0xfb, 0xfe, 0x17,
	0x01, 0x69, 0x06, 0xff, 0x76, 0x05, 0xd1, 0x68, 0x01, 0x00, 0x85, 0x8e, 0xc6, 0xe1, 0xff, 0xfe,
	0x17, 0xff, 0x58, 0x01, 0xbf, 0x58, 0x01, 0x00, 0x86, 0x8e, 0x58, 0x01, 0xf1, 0xfe, 0x17, 0x00,
	0xc1, 0xff, 0xfe, 0x17, 0xd2, 0x5e, 0x01, 0x00, 0x87, 0x8e, 0x5e, 0x01, 0xff, 0xfe, 0x17, 0xff,
	0x58, 0x01, 0xbf, 0x58, 0x01, 0x00, 0x88, 0x8e, 0x58, 0x01, 0xf1, 0xfe, 0x17, 0x01, 0x19, 0x09,
	0xff, 0xb6, 0x02, 0xd1, 0x5e, 0x01, 0x00, 0x89, 0x8e, 0x5e, 0x01, 0xff, 0xfe, 0x17, 0xff, 0x58,
	0x01, 0xbf, 0x58, 0x01, 0x00, 0x8a, 0xff, 0xa8, 0xe9, 0x04, 0x38, 0x00, 0x00, 0x71, 0x0a, 0xff,
	0xfe, 0x17, 0xd1, 0x5e, 0x01, 0x00, 0x8b, 0xff, 0xe8, 0xe9, 0xff, 0xfe, 0x17, 0xd6, 0x5e, 0x01,
	0x00, 0x8c, 0xff, 0x18, 0xea, 0x88, 0xfe, 0x17, 0x00, 0xd0, 0xff, 0xfe, 0x17, 0x82, 0x01, 0x00,
	0xff, 0xfe, 0x17, 0xff, 0x01, 0x00, 0xf9, 0x01, 0x00, 0x93, 0xfe, 0x17, 0x8f, 0xfe, 0x17, 0x00,
	0x5e, 0xff, 0xfe, 0x17, 0xd8, 0x9c, 0x03, 0x00, 0x8d, 0xff, 0x4e, 0xea, 0xff, 0xf4, 0x04, 0xd0,
	0x58, 0x01, 0x81, 0x92, 0x00, 0x01, 0x61, 0x9b, 0xff, 0x02, 0x18, 0x03, 0x00, 0x00, 0x5e, 0x02,
	0x81, 0xc0, 0x1a, 0xff, 0x62, 0x01, 0xd1, 0x62, 0x01, 0x00, 0x7f, 0x8e, 0x62, 0x01, 0xff, 0x06,
	0x18, 0xff, 0x5c, 0x01, 0xc3, 0x5c, 0x01, 0x00, 0x40, 0x8e, 0x5c, 0x01, 0xf1, 0x0a, 0x18, 0x01,
	0xba, 0x03, 0xff, 0xbe, 0x02, 0xd3, 0x62, 0x01, 0x02, 0x80, 0x00, 0x41, 0x8e, 0x62, 0x01, 0xff,
	0x0e, 0x18, 0xff, 0x5c, 0x01, 0xc3, 0x5c, 0x01, 0x00, 0x5f, 0x8e, 0x5c, 0x01, 0xf1, 0x12, 0x18,
	0x01, 0x16, 0x05, 0xff, 0x30, 0x0d, 0xd5, 0x20, 0x04, 0x00, 0xe1, 0xff, 0xb0, 0xeb, 0xff, 0xbe,
	0x02, 0xd4, 0x5c, 0x01, 0x00, 0xff, 0xff, 0xe6, 0xeb, 0x8a, 0x1a, 0x18, 0x01, 0x77, 0x06, 0xff,
	0x86, 0x05, 0xd5, 0x6c, 0x01, 0x00, 0xc0, 0xff, 0x22, 0xec, 0xff, 0xc8, 0x02, 0xd4, 0x86, 0x05,
	0x00, 0xc1, 0xff, 0x52, 0xec, 0x04, 0x38, 0x00, 0x00, 0xd3, 0x07, 0xff, 0xbe, 0x02, 0xd5, 0x62,
	0x01, 0x00, 0xdf, 0xff, 0x8e, 0xec, 0xff, 0xbe, 0x02, 0xd5, 0xc0, 0x0d, 0x00, 0x92, 0xff, 0x2a,
	0x18, 0x03, 0x00, 0x00, 0x2f, 0x09, 0xff, 0xbe, 0x02, 0xd6, 0xc0, 0x0d, 0x8e, 0x62, 0x01, 0xff,
	0x2e, 0x18, 0xff, 0x5c, 0x01, 0xc4, 0xc0, 0x0d, 0x8e, 0x5c, 0x01, 0xf1, 0x32, 0x18, 0x02, 0x8b,
	0x0a, 0x65, 0xff, 0xbe, 0x02, 0xd5, 0xc0, 0x0d, 0x8e, 0x62, 0x01, 0xff, 0x36, 0x18, 0xff, 0x62,
	0x01, 0xca, 0xc6, 0x0d, 0x8c, 0x62, 0x01, 0xfb, 0x3a, 0x18, 0x00, 0xee, 0xff, 0x3a, 0x18, 0x82,
	0x01, 0x00, 0xff, 0x3a, 0x18, 0xff, 0x01, 0x00, 0xf9, 0x01, 0x00, 0x93, 0x3a, 0x18, 0x8f, 0x3a,
	0x18, 0x00, 0x60, 0xff, 0x3a, 0x18, 0xdc, 0x64, 0x06, 0x01, 0xe1, 0x96, 0xff, 0x3e, 0x18, 0xff,
	0x5c, 0x01, 0xd4, 0x04, 0x10, 0x8e, 0x5c, 0x01, 0xf1, 0x3e, 0x18, 0x00, 0x60, 0xff, 0x3e, 0x18,
	0xd7, 0xfa, 0x0f, 0x8e, 0x62, 0x01, 0xff, 0x3e, 0x18, 0xff, 0x5c, 0x01, 0xc4, 0xfa, 0x0f, 0x8e,
	0x5c, 0x01, 0xf1, 0x3e, 0x18, 0x00, 0xbc, 0xff, 0x3e, 0x18, 0xd7, 0xfa, 0x0f, 0x8e, 0x62, 0x01,
	0xff, 0x3e, 0x18, 0xff, 0x5c, 0x01, 0xc3, 0x1a, 0x04, 0x00, 0x60, 0xff, 0x3e, 0x18, 0x03, 0x38,
	0x00, 0x00, 0x18, 0xff, 0x3e, 0x18, 0xd6, 0xbe, 0x02, 0x8f, 0x62, 0x01, 0xff, 0x3e, 0x18, 0xff,
	0x5c, 0x01, 0xc3, 0x5c, 0x01, 0x8f, 0xba, 0x1d, 0xfb, 0x3e, 0x18, 0x00, 0x79, 0xff, 0x3e, 0x18,
	0xd6, 0x2a, 0x04, 0x8d, 0x68, 0x1c, 0xff, 0x3e, 0x18, 0xff, 0x5c, 0x01, 0xc5, 0x5c, 0x01, 0x00,
	0xe0, 0xff, 0x3e, 0x18, 0x03, 0x38, 0x00, 0x00, 0xd5, 0xff, 0x3e, 0x18, 0xd6, 0x2a, 0x04, 0x8f,
	0x62, 0x01, 0xff, 0x3e, 0x18, 0xff, 0x5c, 0x01, 0xc3, 0x5c, 0x01, 0x8f, 0x58, 0x1c, 0xf1, 0x3e,
	0x18, 0x00, 0x31, 0xff, 0x3e, 0x18, 0xd6, 0x20, 0x04, 0x8f, 0xfc, 0x1a, 0xff, 0x3e, 0x18, 0xff,
	0x5c, 0x01, 0xc4, 0x02, 0x0b, 0xff, 0x3e, 0x18, 0x03, 0x38, 0x00, 0x00, 0x8d, 0xff, 0x3e, 0x18,
	0xd7, 0x02, 0x0b, 0xff, 0x3e, 0x18, 0xff, 0x3e, 0x18, 0xdb, 0x08, 0x0b, 0xff, 0x3e, 0x18, 0x88,
	0x3e, 0x18, 0x00, 0xf0, 0xff, 0x3e, 0x18, 0x82, 0x01, 0x00, 0xff, 0x3e, 0x18, 0xff, 0x01, 0x00,
	0xf9, 0x01, 0x00, 0x93, 0x3e, 0x18, 0xff, 0x3e, 0x18, 0xf0, 0x3c, 0x0d, 0x8c, 0xa0, 0x03, 0xff,
	0x3e, 0x18, 0xff, 0x5c, 0x01, 0xc6, 0x3c, 0x0d, 0xff, 0x3e, 0x18, 0xff, 0x3e, 0x18, 0xdb, 0x3c,
	0x0d, 0xff, 0x3e, 0x18, 0xff, 0xbe, 0x02, 0xd5, 0x3c, 0x0d, 0xff, 0x3e, 0x18, 0xff, 0x3e, 0x18,
	0xdb, 0x3c, 0x0d, 0xff, 0x3e, 0x18, 0xff, 0xbe, 0x02, 0xd5, 0xba, 0x1d, 0xff, 0x3e, 0x18, 0xff,
	0x3e, 0x18, 0xdb, 0x5e, 0x1c, 0xff, 0x3e, 0x18, 0xff, 0xbe, 0x02, 0xd4, 0xbe, 0x02, 0x01, 0x7f,
	0x9a, 0xff, 0x3e, 0x18, 0xff, 0x3e, 0x18, 0xe4, 0x42, 0x28, 0x8c, 0x6c, 0x01, 0xff, 0x3e, 0x18,
	0xff, 0x5c, 0x01, 0xc6, 0x86, 0x05, 0x8e, 0x5c, 0x01, 0xff, 0x3e, 0x18, 0xff, 0x62, 0x01, 0xca,
	0x86, 0x05, 0x8e, 0x62, 0x01, 0xff, 0x3e, 0x18, 0xff, 0x5c, 0x01, 0xc4, 0x86, 0x05, 0xff, 0x3e,
	0x18, 0xff, 0x3e, 0x18, 0xdb, 0x7c, 0x05, 0xff, 0x3e, 0x18, 0xff, 0xbe, 0x02, 0xd5, 0xbe, 0x02,
	0x00, 0x9e, 0xff, 0x3e, 0x18, 0xff, 0x3e, 0x18, 0xda, 0xbe, 0x02, 0x8e, 0x62, 0x01, 0xff, 0x3e,
	0x18, 0xff, 0x62, 0x01, 0xca, 0x40, 0x08, 0x8c, 0x62, 0x01, 0xff, 0x3e, 0x18, 0xff, 0x3e, 0x18,
	0xff, 0x3e, 0x18, 0xff, 0x01, 0x00, 0xfb, 0x01, 0x00, 0x93, 0x3e, 0x18, 0xff, 0x3e, 0x18, 0xf0,
	0x7e, 0x0a, 0x8c, 0xa0, 0x03, 0xff, 0x3e, 0x18, 0xff, 0x5c, 0x01, 0xc6, 0xc0, 0x07, 0x00, 0x93,
	0xff, 0x3e, 0x18, 0xff, 0x3e, 0x18, 0xda, 0xc0, 0x07, 0x8e, 0x62, 0x01, 0xff, 0x3e, 0x18, 0xff,
	0x5c, 0x01, 0xc4, 0xba, 0x07, 0x8e, 0x5c, 0x01, 0xff, 0x3e, 0x18, 0xff, 0x62, 0x01, 0xca, 0x7c,
	0x05, 0x8e, 0x62, 0x01, 0xff, 0x3e, 0x18, 0xff, 0x5c, 0x01, 0xc4, 0xbe, 0x02, 0x8e, 0x16, 0x1f,
	0xff, 0x3e, 0x18, 0xff, 0x62, 0x01, 0xca, 0xbe, 0x02, 0x8e, 0x62, 0x01, 0xff, 0x3e, 0x18, 0xff,
	0x5c, 0x01, 0xc4, 0x3a, 0x08, 0x00, 0x97, 0xff, 0x3e, 0x18, 0xff, 0x3e, 0x18, 0xe4, 0x44, 0x08,
	0x8c, 0x6c, 0x01, 0xff, 0x3e, 0x18, 0xff, 0x5c, 0x01, 0xc6, 0x86, 0x05, 0x8e, 0x5c, 0x01, 0xff,
	0x3e, 0x18, 0xff, 0x62, 0x01, 0xca, 0x86, 0x05, 0x8e, 0x62, 0x01, 0xff, 0x3e, 0x18, 0xff, 0x5c,
	0x01, 0xc4, 0x86, 0x05, 0x8c, 0xde, 0x21, 0xf5, 0x3e, 0x18, 0x81, 0x3c, 0x59, 0xff, 0x62, 0x01,
	0xd2, 0x7c, 0x05, 0x8e, 0x62, 0x01, 0xff, 0x3e, 0x18, 0xff, 0x5c, 0x01, 0xbf, 0x5c, 0x01, 0x03,
	0x1f, 0x5e, 0xdc, 0xff, 0x82, 0x9c, 0x3f, 0x8e, 0x5a, 0x7e, 0xf1, 0x42, 0x18, 0x02, 0x8f, 0x0a,
	0x69, 0xff, 0xc2, 0x02, 0xd2, 0x66, 0x01, 0x00, 0xff, 0x94, 0x66, 0x01, 0xff, 0x46, 0x18, 0xff,
	0x66, 0x01, 0xc7, 0x66, 0x01, 0x83, 0x96, 0x00, 0x8d, 0x66, 0x01, 0xfb, 0x4a, 0x18, 0x00, 0xf6,
	0xff, 0x4a, 0x18, 0x82, 0x01, 0x00, 0xff, 0x4a, 0x18, 0xff, 0x01, 0x00, 0xf9, 0x01, 0x00, 0x93,
	0x4a, 0x18, 0x8f, 0x4a, 0x18, 0x00, 0x64, 0xff, 0x4a, 0x18, 0xda, 0xa4, 0x03, 0x00, 0x01, 0x83,
	0x72, 0x2c, 0x8e, 0x8a, 0x87, 0xff, 0x4e, 0x18, 0xff, 0x60, 0x01, 0xc1, 0x60, 0x01, 0x00, 0x24,
	0x94, 0x60, 0x01, 0xf1, 0x52, 0x18, 0x01, 0x64, 0x02, 0x81, 0x18, 0x1b, 0xff, 0x66, 0x01, 0xd5,
	0x36, 0x09, 0x00, 0xe0, 0x8c, 0x7c, 0x83, 0xff, 0x56, 0x18, 0xff, 0x60, 0x01, 0xc9, 0x30, 0x09,
	0x8f, 0x60, 0x01, 0xf1, 0x5a, 0x18, 0x01, 0xc4, 0x03, 0xff, 0xc6, 0x02, 0xd9, 0x30, 0x09, 0x8f,
	0x66, 0x01, 0xff, 0x5e, 0x18, 0xff, 0x60, 0x01, 0xc7, 0xec, 0x06, 0x8f, 0x60, 0x01, 0xf1, 0x62,
	0x18, 0x01, 0x24, 0x05, 0xff, 0x9e, 0x25, 0xd9, 0xf2, 0x06, 0x8f, 0x66, 0x01, 0xff, 0x66, 0x18,
	0xff, 0x60, 0x01, 0xc7, 0xec, 0x06, 0x00, 0x80, 0x8c, 0x54, 0x86, 0xfd, 0x6a, 0x18, 0x01, 0x89,
	0x06, 0xff, 0x96, 0x05, 0xd9, 0xfc, 0x06, 0x8d, 0x70, 0x01, 0xff, 0x6e, 0x18, 0xff, 0x60, 0x01,
	0xc9, 0xf6, 0x06, 0x8f, 0x60, 0x01, 0xf1, 0x72, 0x18, 0x01, 0xe9, 0x07, 0xff, 0xc6, 0x02, 0xd9,
	0xfc, 0x06, 0x8f, 0x66, 0x01, 0xff, 0x76, 0x18, 0xff, 0x60, 0x01, 0xc7, 0xf6, 0x06, 0x8f, 0x60,
	0x01, 0xf1, 0x7a, 0x18, 0x01, 0x49, 0x09, 0xff, 0xc6, 0x02, 0xd9, 0xfc, 0x06, 0x00, 0xa0, 0xff,
	0xec, 0xbb, 0xff, 0xc6, 0x02, 0xd8, 0xec, 0x06, 0x8f, 0x60, 0x01, 0xf1, 0x7e, 0x18, 0x00, 0xa9,
	0xff, 0x7e, 0x18, 0xda, 0xf2, 0x06, 0x8f, 0x66, 0x01, 0xff, 0x7e, 0x18, 0xff, 0x66, 0x01, 0xcd,
	0xf2, 0x06, 0x8d, 0x66, 0x01, 0xfb, 0x7e, 0x18, 0x02, 0x10, 0x0c, 0x00, 0xff, 0x7e, 0x18, 0x00,
	0x00, 0xff, 0x7e, 0x18, 0xff, 0x01, 0x00, 0xfb, 0x01, 0x00, 0x93, 0x7e, 0x18, 0xff, 0x7e, 0x18,
	0xf3, 0x36, 0x09, 0x8d, 0xa4, 0x03, 0xff, 0x7e, 0x18, 0xff, 0x60, 0x01, 0xca, 0xb8, 0x15, 0xff,
	0x7e, 0x18, 0xff, 0x7e, 0x18, 0xdf, 0x58, 0x14, 0x8e, 0x66, 0x01, 0xff, 0x7e, 0x18, 0xff, 0x60,
	0x01, 0xc8, 0x82, 0x11, 0x8e, 0x60, 0x01, 0xff, 0x7e, 0x18, 0xff, 0x66, 0x01, 0xce, 0x22, 0x10,
	0x8e, 0x66, 0x01, 0xff, 0x7e, 0x18, 0xff, 0x60, 0x01, 0xc8, 0x5c, 0x0d, 0x8e, 0x60, 0x01, 0xff,
	0x7e, 0x18, 0xff, 0x66, 0x01, 0xce, 0xf6, 0x0b, 0x8e, 0x66, 0x01, 0xff, 0x7e, 0x18, 0xff, 0x60,
	0x01, 0xc7, 0xc6, 0x02, 0x00, 0xc0, 0x8e, 0xde, 0x19, 0xff, 0x7e, 0x18, 0xff, 0x70, 0x01, 0xd8,
	0xa0, 0x23, 0x8e, 0x56, 0xa4, 0xff, 0x7e, 0x18, 0xff, 0x60, 0x01, 0xc8, 0x5c, 0x08, 0x8e, 0x60,
	0x01, 0xff, 0x7e, 0x18, 0xff, 0x66, 0x01, 0xce, 0x5c, 0x08, 0xff, 0xd2, 0xa9, 0xff, 0xc6, 0x02,
	0xd9, 0x5c, 0x08, 0xff, 0xda, 0xa9, 0xff, 0x7e, 0x18, 0xdf, 0x5c, 0x08, 0xff, 0xe2, 0xa9, 0xff,
	0xc6, 0x02, 0xd9, 0x5c, 0x08, 0xff, 0xea, 0xa9, 0xff, 0x7e, 0x18, 0xdf, 0x52, 0x08, 0xff, 0xf2,
	0xa9, 0xff, 0x7e, 0x18, 0xdf, 0x7a, 0x13, 0xff, 0xfa, 0xa9, 0xff, 0x7e, 0x18, 0xff, 0x7e, 0x18,
	0xff, 0x01, 0x00, 0xff, 0x01, 0x00, 0x88, 0x01, 0x00, 0x93, 0x7e, 0x18, 0xff, 0x7e, 0x18, 0xf4,
	0xb8, 0x15, 0x8e, 0x4a, 0x27, 0xff, 0x7e, 0x18, 0xff, 0x60, 0x01, 0xc8, 0x96, 0x0a, 0x8e, 0x60,
	0x01, 0xff, 0x7e, 0x18, 0xff, 0x66, 0x01, 0xce, 0x96, 0x0a, 0x8e, 0x66, 0x01, 0xff, 0x7e, 0x18,
	0xff, 0x60, 0x01, 0xc8, 0x96, 0x0a, 0xff, 0xbc, 0xd5, 0xff, 0x7e, 0x18, 0xdf, 0x96, 0x0a, 0xff,
	0xf8, 0xd5, 0xff, 0xc6, 0x02, 0xd9, 0x90, 0x0a, 0xff, 0x46, 0xd6, 0xff, 0x7e, 0x18, 0xdf, 0x52,
	0x08, 0xff, 0x94, 0xd6, 0xff, 0xc6, 0x02, 0xd9, 0xae, 0x15, 0xff, 0xe4, 0xd6, 0x8c, 0x7e, 0x18,
	0x00, 0x67, 0xff, 0xd0, 0x02, 0xd9, 0xb8, 0x15, 0xff, 0x3a, 0xd7, 0xff, 0xd0, 0x02, 0xd0, 0x60,
	0x01, 0x81, 0x28, 0x00, 0x01, 0xff, 0x7f, 0x81, 0x28, 0x00, 0x81, 0x7a, 0xc6, 0x00, 0x08, 0x84,
	0xa0, 0x00, 0x00, 0xa0, 0x8e, 0x00, 0xd2, 0xf1, 0x8c, 0x18, 0x02, 0xf0, 0x07, 0x6e, 0xff, 0xd4,
	0x02, 0xd4, 0x74, 0x01, 0x01, 0x00, 0x80, 0x9f, 0x74, 0x01, 0xff, 0x9a, 0x18, 0xff, 0x6e, 0x01,
	0xc4, 0xe2, 0x02, 0x00, 0xff, 0x9f, 0x6e, 0x01, 0xf1, 0xa8, 0x18, 0x01, 0x5e, 0x09, 0xff, 0xe2,
	0x02, 0xdb, 0xe2, 0x02, 0x01, 0xff, 0xff, 0x99, 0x74, 0x01, 0xff, 0xb6, 0x18, 0xff, 0x6e, 0x01,
	0xd0, 0x6e, 0x01, 0x00, 0xf0, 0x93, 0x6e, 0x01, 0xf1, 0xc4, 0x18, 0x02, 0xcc, 0x0a, 0x77, 0xff,
	0xe2, 0x02, 0xda, 0x56, 0x04, 0x9b, 0x74, 0x01, 0xff, 0xd2, 0x18, 0xff, 0x74, 0x01, 0xc6, 0x74,
	0x01, 0x00, 0x77, 0x82, 0xac, 0x08, 0x00, 0x95, 0x82, 0xca, 0x05, 0x82, 0xa4, 0x00, 0x82, 0x74,
	0x01, 0x00, 0x77, 0xff, 0xe0, 0x18, 0x87, 0xe0, 0x18, 0x00, 0x41, 0xff, 0xe0, 0x18, 0x82, 0x01,
	0x00, 0xff, 0xe0, 0x18, 0xff, 0x01, 0x00, 0xf9, 0x01, 0x00, 0x93, 0xe0, 0x18, 0x8f, 0xe0, 0x18,
	0x00, 0x72, 0xff, 0xe0, 0x18, 0xdc, 0xb2, 0x03, 0x01, 0x00, 0x80, 0x9d, 0xb2, 0x03, 0xff, 0xee,
	0x18, 0xff, 0x6e, 0x01, 0xc6, 0x20, 0x05, 0x00, 0xff, 0x9f, 0x6e, 0x01, 0xf1, 0xfc, 0x18, 0x01,
	0x72, 0x02, 0xff, 0xea, 0x0a, 0xdb, 0xe2, 0x02, 0x01, 0xff, 0xff, 0x99, 0x74, 0x01, 0xff, 0x0a,
	0x19, 0xff, 0x6e, 0x01, 0xd0, 0x6e, 0x01, 0x83, 0x76, 0x09, 0x8e, 0x6e, 0x01, 0xf1, 0x18, 0x19,
	0x01, 0xe0, 0x03, 0xff, 0x82, 0x13, 0xdb, 0x56, 0x04, 0x9b, 0x74, 0x01, 0xff, 0x26, 0x19, 0xff,
	0x6e, 0x01, 0xbf, 0x6e, 0x01, 0x08, 0x80, 0x4d, 0x00, 0x5e, 0x01, 0x00, 0x40, 0x80, 0xb0, 0xff,
	0x20, 0xdb, 0x04, 0x38, 0x00, 0x00, 0x47, 0x05, 0xff, 0xd4, 0x02, 0xd9, 0x66, 0x01, 0x81, 0xa0,
	0x09, 0x8f, 0x6a, 0x01, 0xff, 0x2a, 0x19, 0xff, 0x64, 0x01, 0xc3, 0x64, 0x01, 0x01, 0xff, 0x7f,
	0x91, 0xca, 0x02, 0xfb, 0x2a, 0x19, 0x02, 0xae, 0x06, 0x62, 0xff, 0xd4, 0x02, 0xd8, 0x70, 0x01,
	0x91, 0xd4, 0x02, 0xff, 0x2e, 0x19, 0xff, 0x64, 0x01, 0xc5, 0x64, 0x01, 0x01, 0x00, 0x80, 0x8f,
	0xd4, 0x02, 0xf3, 0x20, 0x19, 0x01, 0x10, 0x08, 0xff, 0xca, 0x02, 0xd9, 0x66, 0x01, 0x93, 0xca,
	0x02, 0xff, 0x16, 0x19, 0xff, 0x64, 0x01, 0xc4, 0x2e, 0x04, 0x00, 0xff, 0x91, 0xca, 0x02, 0xf1,
	0x08, 0x19, 0x01, 0x72, 0x09, 0xff, 0xca, 0x02, 0xd9, 0x66, 0x01, 0x93, 0xca, 0x02, 0xff, 0xfe,
	0x18, 0xff, 0x64, 0x01, 0xbf, 0x64, 0x01, 0x00, 0x81, 0x94, 0x32, 0x0b, 0xf3, 0xf0, 0x18, 0x02,
	0xd4, 0x0a, 0x6b, 0xff, 0xca, 0x02, 0xd8, 0x66, 0x01, 0x93, 0xca, 0x02, 0xff, 0xe6, 0x18, 0xff,
	0x6a, 0x01, 0xc9, 0x6a, 0x01, 0x91, 0x38, 0x0b, 0xfb, 0xd8, 0x18, 0x00, 0x3d, 0xff, 0xd8, 0x18,
	0x82, 0x01, 0x00, 0xff, 0xd8, 0x18, 0xff, 0x01, 0x00, 0xf9, 0x01, 0x00, 0x93, 0xd8, 0x18, 0x8f,
	0xd8, 0x18, 0x00, 0x66, 0xff, 0xd8, 0x18, 0xe0, 0xa4, 0x03, 0x81, 0x08, 0x01, 0x8f, 0xe0, 0x0e,
	0xff, 0xce, 0x18, 0xff, 0x64, 0x01, 0xc3, 0x64, 0x01, 0x91, 0x6c, 0x0d, 0xf3, 0xc0, 0x18, 0x01,
	0x66, 0x02, 0xff, 0xa2, 0x0a, 0xd9, 0x66, 0x01, 0x93, 0xca, 0x02, 0xff, 0xb6, 0x18, 0xff, 0x64,
	0x01, 0xc4, 0x2e, 0x04, 0x90, 0x6c, 0x0d, 0xf3, 0xa8, 0x18, 0x01, 0xc8, 0x03, 0xff, 0xca, 0x02,
	0xd9, 0x66, 0x01, 0x93, 0xca, 0x02, 0xff, 0x9e, 0x18, 0xff, 0x64, 0x01, 0xbf, 0x64, 0x01, 0x00,
	0x82, 0xff, 0x9e, 0x18, 0x88, 0x9e, 0x18, 0x00, 0x2a, 0xff, 0x9e, 0x18, 0xda, 0x66, 0x01, 0x93,
	0xca, 0x02, 0xff, 0x9e, 0x18, 0xff, 0x64, 0x01, 0xc3, 0x64, 0x01, 0xff, 0x9e, 0x18, 0x8f, 0x9e,
	0x18, 0x00, 0x91, 0xff, 0x9e, 0x18, 0xda, 0x70, 0x01, 0x91, 0xd4, 0x02, 0xff, 0x9e, 0x18, 0xff,
	0x64, 0x01, 0xc5, 0x64, 0x01, 0xff, 0x9e, 0x18, 0x85, 0x9e, 0x18, 0x01, 0xf3, 0x07, 0xff, 0xca,
	0x02, 0xd9, 0x66, 0x01, 0x93, 0xca, 0x02, 0xff, 0x9e, 0x18, 0xff, 0x64, 0x01, 0xc4, 0x2e, 0x04,
	0xff, 0x9e, 0x18, 0x84, 0x9e, 0x18, 0x00, 0x55, 0xff, 0x9e, 0x18, 0xda, 0x66, 0x01, 0x93, 0xca,
	0x02, 0xff, 0x9e, 0x18, 0xff, 0x64, 0x01, 0xbf, 0x64, 0x01, 0x00, 0x83, 0xff, 0x9e, 0x18, 0x88,
	0x9e, 0x18, 0x00, 0xb7, 0xff, 0x9e, 0x18, 0xda, 0x66, 0x01, 0x93, 0xca, 0x02, 0xff, 0x9e, 0x18,
	0xff, 0x6a, 0x01, 0xc9, 0x6a, 0x01, 0xff, 0x9e, 0x18, 0x8d, 0x9e, 0x18, 0x00, 0x20, 0xff, 0x9e,
	0x18, 0x82, 0x01, 0x00, 0xff, 0x9e, 0x18, 0xff, 0x01, 0x00, 0xf9, 0x01, 0x00, 0x93, 0x9e, 0x18,
	0xff, 0x9e, 0x18, 0xf3, 0xa4, 0x03, 0x81, 0x08, 0x01, 0xff, 0x9e, 0x18, 0xff, 0x9e, 0x18, 0xd5,
	0x64, 0x01, 0xff, 0x9e, 0x18, 0xff, 0x9e, 0x18, 0xe3, 0x66, 0x01, 0x93, 0xca, 0x02, 0xff, 0x9e,
	0x18, 0xff, 0x64, 0x01, 0xc4, 0x2e, 0x04, 0xff, 0x9e, 0x18, 0xff, 0x9e, 0x18, 0xe2, 0x66, 0x01,
	0x93, 0xca, 0x02, 0xff, 0x9e, 0x18, 0xff, 0x64, 0x01, 0xbf, 0x64, 0x01, 0x86, 0x3c, 0x31, 0x8e,
	0x9c, 0x32, 0xf3, 0x9e, 0x18, 0x00, 0x68, 0xff, 0xca, 0x02, 0xd8, 0x66, 0x01, 0x01, 0x00, 0x00,
	0x8f, 0x68, 0x01, 0xff, 0x9c, 0x18, 0xff, 0x62, 0x01, 0xc9, 0x62, 0x01, 0x91, 0x64, 0x01, 0xfb,
	0xa0, 0x18, 0x01, 0x92, 0x06, 0xff, 0x96, 0x96, 0xd5, 0x74, 0x01, 0x82, 0xd8, 0x0e, 0x8c, 0x70,
	0x01, 0xff, 0x9c, 0x18, 0xff, 0x60, 0x01, 0xc9, 0x60, 0x01, 0x8f, 0xd2, 0x02, 0xff, 0x9e, 0x18,
	0xff, 0x68, 0x01, 0xd1, 0x68, 0x01, 0x91, 0x6a, 0x01, 0xff, 0x9e, 0x18, 0xff, 0x64, 0x01, 0xc3,
	0x64, 0x01, 0x82, 0xfc, 0x0d, 0x8e, 0x60, 0x01, 0xf3, 0x9e, 0x18, 0x00, 0x63, 0xff, 0xca, 0x02,
	0xd8, 0x66, 0x01, 0x91, 0xc8, 0x02, 0xff, 0x9c, 0x18, 0xff, 0x62, 0x01, 0xc9, 0x62, 0x01, 0x91,
	0x64, 0x01, 0xf1, 0xa0, 0x18, 0x02, 0xb8, 0x0a, 0x6a, 0xff, 0xcc, 0x02, 0xd5, 0x96, 0x05, 0x81,
	0x64, 0x0f, 0x8e, 0x66, 0x01, 0xff, 0x9c, 0x18, 0xff, 0x66, 0x01, 0xcf, 0x6e, 0x35, 0x8d, 0x68,
	0x01, 0xff, 0x9e, 0x18, 0xff, 0x9e, 0x18, 0xff, 0x9e, 0x18, 0xff, 0x01, 0x00, 0xfb, 0x01, 0x00,
	0x93, 0x9e, 0x18, 0xff, 0x9e, 0x18, 0xf8, 0x14, 0x39, 0xff, 0x0a, 0x4a, 0xff, 0x0a, 0x05, 0xd0,
	0x64, 0x01, 0x86, 0x14, 0x39, 0xff, 0xfc, 0x49, 0x82, 0x9e, 0x18, 0xff, 0xa2, 0x0a, 0xd9, 0x66,
	0x01, 0x91, 0xc8, 0x02, 0xff, 0x9c, 0x18, 0xff, 0x62, 0x01, 0xc9, 0x62, 0x01, 0x91, 0x64, 0x01,
	0xf1, 0xa0, 0x18, 0x01, 0xc9, 0x03, 0xff, 0x00, 0x13, 0xd5, 0x6a, 0x01, 0x91, 0x00, 0x13, 0xff,
	0x9c, 0x18, 0xff, 0x60, 0x01, 0xc9, 0x60, 0x01, 0x91, 0xc8, 0x02, 0xff, 0x3c, 0x31, 0xff, 0x68,
	0x01, 0xd2, 0x9a, 0x39, 0xff, 0xa0, 0x18, 0xff, 0xcc, 0x02, 0xd4, 0x64, 0x01, 0x91, 0x00, 0x13,
	0xff, 0x3c, 0x31, 0xff, 0x68, 0x08, 0xd9, 0x70, 0x01, 0x91, 0xa6, 0x11, 0xff, 0x9e, 0x18, 0xff,
	0x62, 0x01, 0xc9, 0x62, 0x01, 0xff, 0xa0, 0x18, 0x83, 0xa0, 0x18, 0x01, 0xf4, 0x07, 0xff, 0x68,
	0x08, 0xd6, 0xa0, 0x05, 0x92, 0x0a, 0x13, 0xff, 0x9c, 0x18, 0xff, 0x60, 0x01, 0xc7, 0x60, 0x01,
	0x91, 0xc8, 0x02, 0xff, 0x3c, 0x31, 0xff, 0x68, 0x01, 0xd2, 0x6e, 0x3c, 0xff, 0xa0, 0x18, 0xff,
	0xcc, 0x02, 0xd0, 0x64, 0x01, 0x86, 0x6e, 0x3c, 0xff, 0x9c, 0x18, 0x82, 0x3c, 0x31, 0x00, 0x6c,
	0xff, 0xca, 0x02, 0xd8, 0x66, 0x01, 0x91, 0xc8, 0x02, 0xff, 0x9e, 0x18, 0xff, 0x68, 0x01, 0xd2,
	0xd6, 0x3d, 0xff, 0xa0, 0x18, 0x88, 0xa0, 0x18, 0x00, 0x21, 0xff, 0xa0, 0x18, 0x82, 0x01, 0x00,
	0xff, 0xa0, 0x18, 0xff, 0x01, 0x00, 0xf9, 0x01, 0x00, 0x93, 0xa0, 0x18, 0x8f, 0xa0, 0x18, 0x81,
	0x3a, 0x73, 0xff, 0xa0, 0x18, 0xda, 0x16, 0x39, 0x92, 0x0a, 0x13, 0xff, 0x9c, 0x18, 0xff, 0x60,
	0x01, 0xc7, 0x60, 0x01, 0x91, 0xa0, 0x11, 0xf1, 0x9e, 0x18, 0x00, 0x65, 0xff, 0x3c, 0x31, 0xdc,
	0x68, 0x01, 0xff, 0xa0, 0x18, 0xff, 0xa0, 0x18, 0xd7, 0x64, 0x01, 0x93, 0x0a, 0x13, 0xf1, 0x9c,
	0x18, 0x01, 0xc7, 0x03, 0xff, 0x00, 0x13, 0xd9, 0x66, 0x01, 0x91, 0xc8, 0x02, 0xff, 0x9e, 0x18,
	0xff, 0x62, 0x01, 0xc9, 0x62, 0x01, 0xff, 0xa0, 0x18, 0x85, 0xa0, 0x18, 0x81, 0x06, 0x21, 0xff,
	0x6a, 0x01, 0xd2, 0x96, 0x05, 0x90, 0x00, 0x13, 0xff, 0x9c, 0x18, 0xff, 0x60, 0x01, 0xc9, 0x60,
	0x01, 0xff, 0x3a, 0x31, 0x8d, 0x9e, 0x18, 0x00, 0x90, 0xff, 0xda, 0x49, 0xdc, 0x72, 0x01, 0xff,
	0xa0, 0x18, 0xff, 0xa0, 0x18, 0xd3, 0x64, 0x01, 0x86, 0x46, 0x44, 0xff, 0x9c, 0x18, 0x04, 0x38,
	0x00, 0x00, 0xf2, 0x07, 0xff, 0x68, 0x08, 0xd9, 0x66, 0x01, 0xff, 0x3a, 0x31, 0xff, 0x9e, 0x18,
	0xdd, 0x62, 0x01, 0xff, 0xa0, 0x18, 0x85, 0xa0, 0x18, 0xff, 0x68, 0x1b, 0xd5, 0x6a, 0x01, 0x93,
	0xd0, 0x36, 0xff, 0x9c, 0x18, 0xff, 0x60, 0x01, 0xc7, 0x60, 0x01, 0xff, 0x3a, 0x31, 0x83, 0x9e,
	0x18, 0x00, 0xb6, 0xff, 0xda, 0x49, 0xdc, 0x68, 0x01, 0xff, 0xa0, 0x18, 0xff, 0xa0, 0x18, 0xe2,
	0xd2, 0x44, 0xff, 0x9c, 0x18, 0x88, 0x9c, 0x18, 0x00, 0x1f, 0xff, 0x9c, 0x18, 0x82, 0x01, 0x00,
	0xff, 0x9c, 0x18, 0xff, 0x01, 0x00, 0xf9, 0x01, 0x00, 0x93, 0x9c, 0x18, 0x8f, 0x9c, 0x18, 0x81,
	0xd6, 0x28, 0xff, 0x9c, 0x18, 0xdd, 0xa4, 0x03, 0xff, 0x3a, 0x31, 0xff, 0x9e, 0x18, 0xdd, 0x62,
	0x01, 0xff, 0xa0, 0x18, 0x83, 0xa0, 0x18, 0x01, 0x67, 0x02, 0xff, 0xa2, 0x0a, 0xd6, 0xda, 0x07,
	0x92, 0x0a, 0x13, 0xff, 0x9c, 0x18, 0xff, 0x60, 0x01, 0xc7, 0x60, 0x01, 0xff, 0x3a, 0x31, 0x85,
	0xda, 0x49, 0xff, 0x36, 0x10, 0xdb, 0x68, 0x01, 0xff, 0xa0, 0x18, 0xff, 0xa0, 0x18, 0xd3, 0x64,
	0x01, 0x81, 0x36, 0x10, 0x07, 0x01, 0x5e, 0x03, 0x00, 0x40, 0x80, 0xa1, 0x90, 0xff, 0x9e, 0x18,
	0x03, 0x00, 0x00, 0x2b, 0x05, 0xff, 0xa8, 0x3e, 0xdb, 0x68, 0x01, 0x01, 0x00, 0x00, 0x8f, 0x6a,
	0x01, 0xff, 0xa2, 0x18, 0xff, 0x64, 0x01, 0xcb, 0x64, 0x01, 0x91, 0x66, 0x01, 0xfb, 0xa6, 0x18,
	0x00, 0x95, 0xff, 0x44, 0x31, 0xd4, 0x76, 0x01, 0x01, 0xff, 0x7f, 0x93, 0x42, 0x04, 0xff, 0xa4,
	0x18, 0xff, 0x62, 0x01, 0xcb, 0x62, 0x01, 0x8f, 0xd6, 0x02, 0xf3, 0xa8, 0x18, 0x01, 0xf8, 0x07,
	0x81, 0x3e, 0xa2, 0xff, 0x6a, 0x01, 0xd9, 0x6a, 0x01, 0x91, 0x6c, 0x01, 0xff, 0xac, 0x18, 0xff,
	0x66, 0x01, 0xc1, 0x66, 0x01, 0x01, 0x00, 0x80, 0x95, 0x32, 0x04, 0xf1, 0xaa, 0x18, 0x01, 0x5c,
	0x09, 0xff, 0xb2, 0x9c, 0xdb, 0x68, 0x01, 0x91, 0xcc, 0x02, 0xff, 0xae, 0x18, 0xff, 0x64, 0x01,
	0xcb, 0x64, 0x01, 0x91, 0x66, 0x01, 0xf1, 0xb2, 0x18, 0x00, 0xc1, 0xff, 0x50, 0x31, 0xd5, 0x9e,
	0x05, 0x00, 0xff, 0x95, 0x38, 0x04, 0xff, 0xb0, 0x18, 0xff, 0x68, 0x01, 0xcf, 0x68, 0x01, 0x8f,
	0xd2, 0x02, 0xfb, 0xb4, 0x18, 0x00, 0x2b, 0xff, 0xb4, 0x18, 0x82, 0x01, 0x00, 0xff, 0xb4, 0x18,
	0xff, 0x01, 0x00, 0xf9, 0x01, 0x00, 0x93, 0xb4, 0x18, 0x8f, 0xb4, 0x18, 0x81, 0x28, 0x5a, 0xff,
	0xb4, 0x18, 0xe1, 0xa8, 0x03, 0x91, 0xf0, 0x0e, 0xff, 0xb8, 0x18, 0xff, 0x66, 0x01, 0xca, 0x22,
	0x13, 0x00, 0x9c, 0xff, 0xb6, 0x18, 0x03, 0x00, 0x00, 0x68, 0x02, 0xff, 0xae, 0x0a, 0xde, 0x22,
	0x13, 0x8e, 0x6a, 0x01, 0xff, 0xba, 0x18, 0xff, 0x64, 0x01, 0xce, 0x22, 0x13, 0x8e, 0x66, 0x01,
	0xf1, 0xbe, 0x18, 0x00, 0xcd, 0xff, 0xbe, 0x18, 0xdd, 0x18, 0x13, 0x8e, 0x68, 0x01, 0xff, 0xbc,
	0x18, 0xff, 0x62, 0x01, 0xcc, 0x18, 0x13, 0x8e, 0x64, 0x01, 0xf1, 0xbe, 0x18, 0x01, 0x30, 0x05,
	0xff, 0x58, 0xba, 0xe0, 0x18, 0x13, 0x8e, 0x6c, 0x01, 0xff, 0xc0, 0x18, 0xff, 0x66, 0x01, 0xca,
	0x18, 0x13, 0x8e, 0x62, 0x01, 0xfb, 0xbc, 0x18, 0x01, 0x99, 0x06, 0xff, 0x74, 0x08, 0xde, 0x22,
	0x13, 0x8c, 0x74, 0x01, 0xff, 0xbe, 0x18, 0xff, 0x64, 0x01, 0xd0, 0x22, 0x13, 0x8e, 0x66, 0x01,
	0xf1, 0xc0, 0x18, 0x00, 0xfe, 0xff, 0x68, 0x31, 0xdd, 0x22, 0x13, 0x8e, 0x68, 0x01, 0xff, 0xbc,
	0x18, 0xff, 0x62, 0x01, 0xcc, 0x1c, 0x13, 0x8e, 0x64, 0x01, 0xf1, 0xbe, 0x18, 0x02, 0x61, 0x09,
	0x4b, 0xff, 0xcc, 0x02, 0xdf, 0xde, 0x10, 0x8e, 0x6c, 0x01, 0xff, 0xc0, 0x18, 0xf5, 0x66, 0x01,
	0x01, 0x00, 0x00, 0x81, 0x62, 0x00, 0x81, 0x74, 0xaf, 0x81, 0x12, 0x00, 0x11, 0x08, 0x5e, 0x00,
	0x00, 0x01, 0x5c, 0x6a, 0x0a, 0x01, 0x5c, 0x69, 0x0a, 0x01, 0x5c, 0x68, 0x0a, 0xd0, 0x67, 0x83,
	0x02, 0x00, 0xff, 0x8a, 0x18, 0x04, 0x00, 0x00, 0xac, 0x0a, 0x50, 0xff, 0x9c, 0x02, 0x98, 0x36,
	0x01, 0x0d, 0x05, 0x0b, 0x01, 0x5c, 0x04, 0x0b, 0x01, 0x5c, 0x03, 0x0b, 0x01, 0x5c, 0x02, 0x0b,
	0x85, 0x3a, 0x01, 0x8f, 0x3c, 0x01, 0xff, 0x5e, 0x18, 0xff, 0xd8, 0x03, 0xc5, 0xd8, 0x03, 0x01,
	0xb8, 0x87, 0xff, 0x52, 0x18, 0x87, 0x52, 0x18, 0x00, 0xfa, 0xff, 0x32, 0xf6, 0x82, 0x01, 0x00,
	0xff, 0x52, 0x18, 0xff, 0x01, 0x00, 0xf9, 0x01, 0x00, 0x93, 0x52, 0x18, 0x8f, 0x52, 0x18, 0x00,
	0x5c, 0xff, 0x52, 0x18, 0xd8, 0x9c, 0x03, 0x01, 0xb9, 0x86, 0xff, 0x44, 0x18, 0xff, 0x58, 0x01,
	0xd0, 0xf4, 0x04, 0x00, 0x8f, 0xff, 0x3a, 0x18, 0x04, 0x00, 0x00, 0x5c, 0x02, 0x58, 0xff, 0x8e,
	0x07, 0xd1, 0xb6, 0x02, 0x00, 0x8e, 0xff, 0x2e, 0x18, 0xff, 0x58, 0x01, 0xd0, 0xb6, 0x02, 0x00,
	0x8d, 0xff, 0x20, 0x18, 0x03, 0x00, 0x00, 0xb4, 0x03, 0xff, 0xb6, 0x02, 0xd2, 0xb6, 0x02, 0x00,
	0x8c, 0xff, 0x16, 0x18, 0xff, 0x58, 0x01, 0xd0, 0xb6, 0x02, 0x00, 0x83, 0xff, 0x0a, 0x18, 0x04,
	0x00, 0x00, 0x0c, 0x05, 0x5d, 0xff, 0xb6, 0x02, 0xd1, 0xb6, 0x02, 0x00, 0x82, 0xff, 0xfc, 0x17,
	0xff, 0x58, 0x01, 0xd0, 0xb6, 0x02, 0x00, 0x81, 0xff, 0xf2, 0x17, 0x89, 0xf2, 0x17, 0x01, 0x69,
	0x06, 0xff, 0x76, 0x05, 0xd2, 0xc0, 0x02, 0x00, 0x80, 0xff, 0xe6, 0x17, 0xff, 0x58, 0x01, 0xd0,
	0xc0, 0x02, 0x00, 0x85, 0xff, 0xd8, 0x17, 0x03, 0x00, 0x00, 0xc1, 0x07, 0xff, 0xb6, 0x02, 0xd2,
	0xb6, 0x02, 0x00, 0x84, 0xff, 0xce, 0x17, 0xff, 0x58, 0x01, 0xcf, 0x58, 0x01, 0x00, 0x60, 0xff,
	0x2a, 0x49, 0x04, 0x38, 0x00, 0x00, 0x19, 0x09, 0xff, 0xb6, 0x02, 0xd1, 0x5e, 0x01, 0x00, 0xc0,
	0xff, 0x22, 0x49, 0xff, 0xb6, 0x02, 0xd0, 0x58, 0x01, 0x00, 0xd0, 0xff, 0x18, 0x49, 0x04, 0x38,
	0x00, 0x00, 0x71, 0x0a, 0xff, 0x3e, 0x41, 0xd1, 0x5e, 0x01, 0x00, 0xe0, 0xff, 0x0c, 0x49, 0xff,
	0xfe, 0x17, 0xd6, 0x5e, 0x01, 0x00, 0x90, 0xff, 0x04, 0x49, 0x88, 0xfe, 0x17, 0x00, 0xd0, 0xff,
	0xfe, 0x17, 0x82, 0x01, 0x00, 0xff, 0xfe, 0x17, 0xff, 0x01, 0x00, 0xf9, 0x01, 0x00, 0x93, 0xfe,
	0x17, 0xff, 0xfe, 0x17, 0xeb, 0x9c, 0x03, 0x00, 0x80, 0xff, 0xfa, 0x48, 0xff, 0xf4, 0x04, 0xd0,
	0x58, 0x01, 0x00, 0x20, 0xff, 0xee, 0x48, 0xff, 0xfe, 0x17, 0xd6, 0x5e, 0x01, 0x00, 0x30, 0xff,
	0xe6, 0x48, 0xff, 0xb6, 0x02, 0xd0, 0x58, 0x01, 0x00, 0x00, 0xff, 0xdc, 0x48, 0xff, 0xfe, 0x17,
	0xd6, 0x5e, 0x01, 0x00, 0x10, 0xff, 0xd0, 0x48, 0xff, 0xb6, 0x02, 0xd0, 0x58, 0x01, 0x00, 0x50,
	0xff, 0x64, 0x61, 0xff, 0xfe, 0x17, 0xd6, 0x5e, 0x01, 0x00, 0x40, 0xff, 0x5c, 0x61, 0xff, 0xb6,
	0x02, 0xd0, 0x58, 0x01, 0x00, 0xf0, 0xff, 0x2c, 0xab, 0x8c, 0xfe, 0x17, 0x00, 0x5a, 0xff, 0xc0,
	0x02, 0xd1, 0x68, 0x01, 0xff, 0x46, 0x61, 0xff, 0xc0, 0x02, 0xd1, 0x2c, 0x08, 0x04, 0x5e, 0x01,
	0x80, 0xa0, 0x93, 0xff, 0x02, 0x18, 0x03, 0x00, 0x00, 0xc3, 0x07, 0x81, 0xa4, 0x0d, 0xff, 0x62,
	0x01, 0xd2, 0x62, 0x01, 0x00, 0x95, 0xff, 0x06, 0x18, 0xff, 0x5c, 0x01, 0xd4, 0x5c, 0x01, 0x00,
	0x97, 0xff, 0x0a, 0x18, 0x03, 0x00, 0x00, 0x1f, 0x09, 0xff, 0xbe, 0x02, 0xd6, 0x62, 0x01, 0x00,
	0x99, 0xff, 0x0e, 0x18, 0xff, 0x5c, 0x01, 0xd2, 0x60, 0x35, 0x02, 0x00, 0x40, 0x91, 0xff, 0x12,
	0x18, 0x03, 0x00, 0x00, 0x7b, 0x0a, 0xff, 0x26, 0x38, 0xd5, 0x62, 0x01, 0x01, 0xa0, 0x9f, 0xff,
	0x16, 0x18, 0xff, 0x16, 0x18, 0xd9, 0x98, 0x40, 0x8d, 0xc4, 0x02, 0xfb, 0x1a, 0x18, 0x00, 0xde,
	0xff, 0x1a, 0x18, 0x82, 0x01, 0x00, 0xff, 0x1a, 0x18, 0xff, 0x01, 0x00, 0xf9, 0x01, 0x00, 0x93,
	0x1a, 0x18, 0x8f, 0x1a, 0x18, 0x81, 0xba, 0xef, 0xff, 0x1a, 0x18, 0xd9, 0xa0, 0x03, 0x8d, 0x02,
	0x05, 0xff, 0x1e, 0x18, 0xff, 0x5c, 0x01, 0xc3, 0x5c, 0x01, 0x01, 0xff, 0x7f, 0x8d, 0xfc, 0x04,
	0xf3, 0x22, 0x18, 0x01, 0x60, 0x02, 0xff, 0x7e, 0x0a, 0xd5, 0x62, 0x01, 0x8f, 0xbe, 0x02, 0xff,
	0x26, 0x18, 0xff, 0x5c, 0x01, 0xc2, 0x1c, 0x09, 0x00, 0x80, 0x8f, 0xbe, 0x02, 0xf1, 0x2a, 0x18,
	0x01, 0xbc, 0x03, 0xff, 0xbe, 0x02, 0xd5, 0x62, 0x01, 0x8f, 0xbe, 0x02, 0xff, 0x2e, 0x18, 0xff,
	0x5c, 0x01, 0xc2, 0x1a, 0x04, 0x00, 0xff, 0x8f, 0xbe, 0x02, 0xf1, 0x32, 0x18, 0x01, 0x18, 0x05,
	0xff, 0x4e, 0x25, 0xd5, 0x62, 0x01, 0x8f, 0xbe, 0x02, 0xff, 0x36, 0x18, 0xff, 0x5c, 0x01, 0xc1,
	0x5c, 0x01, 0x01, 0x55, 0x55, 0x8f, 0xbe, 0x02, 0xfb, 0x3a, 0x18, 0x02, 0x79, 0x06, 0xd6, 0xff,
	0xc8, 0x02, 0xd4, 0x6c, 0x01, 0x8f, 0x04, 0x10, 0xff, 0x3e, 0x18, 0xf2, 0x5c, 0x01, 0x00, 0x77,
	0x82, 0x10, 0x0c, 0x00, 0x95, 0x82, 0x18, 0x11, 0x00, 0x93, 0x81, 0x12, 0x00, 0x03, 0x08, 0x5e,
	0x00, 0x00, 0x81, 0x5c, 0x00, 0x06, 0x00, 0x5e, 0x00, 0xd6, 0x83, 0xdb, 0xc0, 0x8e, 0xa8, 0x16,
	0xef, 0x0a, 0x18, 0xff, 0x28, 0x01, 0x9f, 0x28, 0x01, 0x00, 0xc8, 0xff, 0xd0, 0x17, 0x05, 0x38,
	0x00, 0x00, 0x4f, 0x08, 0xbc, 0xff, 0xb2, 0x03, 0xa0, 0x2e, 0x01, 0x00, 0xd0, 0x8e, 0x2e, 0x01,
	0xef, 0xa2, 0x17, 0xff, 0x28, 0x01, 0x9f, 0x28, 0x01, 0x00, 0xd8, 0x8e, 0x28, 0x01, 0xff, 0x68,
	0x17, 0xff, 0x28, 0x01, 0x89, 0x28, 0x01, 0x00, 0x01, 0x82, 0x28, 0x01, 0x00, 0xc1, 0x8e, 0x28,
	0x01, 0xf1, 0x34, 0x17, 0x02, 0x0b, 0x0a, 0x31, 0xff, 0x7e, 0x03, 0xa0, 0x2e, 0x01, 0x00, 0xc9,
	0x8e, 0x2e, 0x01, 0xff, 0x00, 0x17, 0xff, 0x2e, 0x01, 0x95, 0x2e, 0x01, 0x00, 0xd1, 0x8c, 0x2e,
	0x01, 0xfb, 0xcc, 0x16, 0x00, 0x3a, 0xff, 0xcc, 0x16, 0x82, 0x01, 0x00, 0xff, 0xcc, 0x16, 0xff,
	0x01, 0x00, 0xf9, 0x01, 0x00, 0x93, 0xcc, 0x16, 0x8f, 0xcc, 0x16, 0x00, 0xc0, 0xff, 0xcc, 0x16,
	0xa8, 0x6c, 0x03, 0x00, 0xd9, 0x8c, 0x6c, 0x03, 0xff, 0x98, 0x16, 0xff, 0x28, 0x01, 0x8b, 0x28,
	0x01, 0x00, 0x02, 0x82, 0x28, 0x01, 0x00, 0xc2, 0x8e, 0x28, 0x01, 0xef, 0x64, 0x16, 0xff, 0x28,
	0x01, 0x9f, 0x28, 0x01, 0x00, 0xca, 0x8e, 0x28, 0x01, 0xef, 0x2a, 0x16, 0x03, 0x00, 0x00, 0xc0,
	0x02, 0xff, 0x96, 0x0b, 0xa1, 0x2e, 0x01, 0x00, 0xd2, 0x8e, 0x2e, 0x01, 0xef, 0xfc, 0x15, 0xff,
	0x28, 0x01, 0x9f, 0x28, 0x01, 0x00, 0xda, 0x8e, 0x28, 0x01, 0xff, 0xc2, 0x15, 0xff, 0x28, 0x01,
	0x89, 0x28, 0x01, 0x00, 0x03, 0x82, 0x28, 0x01, 0x00, 0xc3, 0x8e, 0x28, 0x01, 0xf1, 0x8e, 0x15,
	0x02, 0x7c, 0x04, 0xc1, 0xff, 0x7e, 0x03, 0xa0, 0x2e, 0x01, 0x00, 0xcb, 0x8e, 0x2e, 0x01, 0xff,
	0x5a, 0x15, 0xff, 0x28, 0x01, 0x8f, 0x28, 0x01, 0x00, 0xd3, 0x8e, 0x28, 0x01, 0xf9, 0x26, 0x15,
	0xff, 0x32, 0x01, 0x9f, 0x32, 0x01, 0x00, 0xdb, 0x8e, 0xf0, 0x0d, 0xef, 0xec, 0x14, 0x03, 0x00,
	0x00, 0x3d, 0x06, 0xff, 0x06, 0x07, 0x9b, 0x2e, 0x01, 0x00, 0x04, 0x82, 0x2e, 0x01, 0x00, 0xc4,
	0xff, 0xf2, 0x14, 0xff, 0x56, 0x02, 0xa0, 0x28, 0x01, 0x00, 0xcc, 0xff, 0xf2, 0x14, 0xff, 0x28,
	0x01, 0xa0, 0x28, 0x01, 0x00, 0xd4, 0xff, 0xec, 0x14, 0x05, 0x38, 0x00, 0x00, 0xf9, 0x07, 0xbf,
	0xff, 0x7e, 0x03, 0xa0, 0x2e, 0x01, 0x00, 0xdc, 0xff, 0xf2, 0x14, 0xff, 0x56, 0x02, 0x9a, 0x28,
	0x01, 0x00, 0x05, 0x82, 0x28, 0x01, 0x00, 0xc5, 0xff, 0xf2, 0x14, 0xff, 0x28, 0x01, 0xa0, 0x28,
	0x01, 0x00, 0xcd, 0xff, 0xec, 0x14, 0x84, 0xec, 0x14, 0x05, 0x00, 0x00, 0xb8, 0x09, 0x9a, 0x00,
	0xff, 0x34, 0x01, 0x9f, 0x34, 0x01, 0x00, 0xd5, 0xff, 0xf2, 0x14, 0x88, 0xf2, 0x14, 0x02, 0x50,
	0x0a, 0x00, 0xff, 0xf2, 0x14, 0x00, 0x00, 0xff, 0xf2, 0x14, 0xff, 0x01, 0x00, 0xfb, 0x01, 0x00,
	0x93, 0xf2, 0x14, 0xff, 0xf2, 0x14, 0xbb, 0x6c, 0x03, 0x00, 0xdd, 0xff, 0xf2, 0x14, 0xff, 0xc8,
	0x05, 0x84, 0x28, 0x01, 0x01, 0xff, 0xff, 0x81, 0x54, 0x00, 0x01, 0xff, 0xff, 0xa1, 0x88, 0x20,
	0xff, 0xf2, 0x14, 0xff, 0x28, 0x01, 0xa1, 0x88, 0x20, 0xff, 0xf2, 0x14, 0xff, 0x2e, 0x01, 0x97,
	0x2e, 0x01, 0x8d, 0x88, 0x20, 0xff, 0xf2, 0x14, 0xff, 0x28, 0x01, 0xa1, 0x88, 0x20, 0xff, 0xf2,
	0x14, 0xff, 0x28, 0x01, 0xa1, 0x88, 0x20, 0xff, 0xf2, 0x14, 0xff, 0x2e, 0x01, 0x97, 0x2e, 0x01,
	0x8d, 0x88, 0x20, 0xff, 0xf2, 0x14, 0xff, 0x28, 0x01, 0xa1, 0x82, 0x20, 0xff, 0xf2, 0x14, 0xff,
	0x32, 0x01, 0x9b, 0x32, 0x01, 0x8d, 0x48, 0x1e, 0xff, 0xf2, 0x14, 0xff, 0x2e, 0x01, 0x91, 0x2e,
	0x01, 0x93, 0x4e, 0x1e, 0xff, 0xf2, 0x14, 0xff, 0x28, 0x01, 0xa1, 0x4e, 0x1e, 0xff, 0xf2, 0x14,
	0xff, 0x28, 0x01, 0xa1, 0x48, 0x1e, 0xff, 0xf2, 0x14, 0xff, 0x2e, 0x01, 0x97, 0x2e, 0x01, 0x8d,
	0x4e, 0x1e, 0xff, 0xf2, 0x14, 0xff, 0x28, 0x01, 0xa1, 0x4e, 0x1e, 0xff, 0xf2, 0x14, 0xff, 0x28,
	0x01, 0xa1, 0x48, 0x1e, 0xff, 0xf2, 0x14, 0xff, 0x34, 0x01, 0x9d, 0x34, 0x01, 0x8d, 0x54, 0x1e,
	0xff, 0xf2, 0x14, 0xff, 0xf2, 0x14, 0xff, 0xf2, 0x14, 0xff, 0x01, 0x00, 0xfb, 0x01, 0x00, 0x93,
	0xf2, 0x14, 0xff, 0xf2, 0x14, 0xbb, 0x6c, 0x03, 0x8d, 0x8e, 0x20, 0xff, 0xf2, 0x14, 0xff, 0x28,
	0x01, 0xa1, 0x88, 0x20, 0xff, 0xf2, 0x14, 0xff, 0x28, 0x01, 0xa1, 0x88, 0x20, 0xff, 0xf2, 0x14,
	0xff, 0x2e, 0x01, 0x97, 0x2e, 0x01, 0x8d, 0x8e, 0x20, 0xff, 0xf2, 0x14, 0xff, 0x28, 0x01, 0xa1,
	0x88, 0x20, 0xff, 0xf2, 0x14, 0xff, 0x28, 0x01, 0xa1, 0x88, 0x20, 0xff, 0xf2, 0x14, 0xff, 0x2e,
	0x01, 0x97, 0x2e, 0x01, 0x8d, 0x8e, 0x20, 0xff, 0xf2, 0x14, 0xff, 0x28, 0x01, 0xa1, 0x82, 0x20,
	0xff, 0xf2, 0x14, 0xff, 0x32, 0x01, 0x9b, 0x32, 0x01, 0x8d, 0x48, 0x1e, 0xff, 0xf2, 0x14, 0xfd,
	0x2e, 0x01, 0x00, 0x00, 0x83, 0x76, 0x1f, 0x00, 0x40, 0x8a, 0x2e, 0x01, 0x00, 0x02, 0x93, 0x4e,
	0x1e, 0xff, 0xf2, 0x14, 0xff, 0x28, 0x01, 0x91, 0x28, 0x01, 0xff, 0xd6, 0x3e, 0xff, 0xf2, 0x14,
	0xa1, 0x28, 0x01, 0xff, 0xd0, 0x3e, 0xff, 0xf2, 0x14, 0xa7, 0x2e, 0x01, 0xff, 0xd6, 0x3e, 0xff,
	0xf2, 0x14, 0x9b, 0x28, 0x01, 0xff, 0xd6, 0x3e, 0xff, 0xf2, 0x14, 0xa7, 0x28, 0x01, 0xff, 0xd0,
	0x3e, 0xff, 0xf2, 0x14, 0xad, 0x34, 0x01, 0xff, 0xd6, 0x3e, 0xff, 0xf2, 0x14, 0xff, 0xf2, 0x14,
	0xff, 0x01, 0x00, 0xff, 0x01, 0x00, 0x89, 0x01, 0x00, 0x93, 0xf2, 0x14, 0xff, 0xf2, 0x14, 0xbb,
	0x6c, 0x03, 0xff, 0xd6, 0x3e, 0xff, 0xf2, 0x14, 0x9b, 0x28, 0x01, 0xff, 0xd6, 0x3e, 0xff, 0xf2,
	0x14, 0xa7, 0x28, 0x01, 0xff, 0xd6, 0x3e, 0xff, 0xf2, 0x14, 0xa7, 0x2e, 0x01, 0xff, 0xd6, 0x3e,
	0xff, 0xf2, 0x14, 0xa1, 0x28, 0x01, 0xff, 0xd6, 0x3e, 0xff, 0xf2, 0x14, 0x9b, 0x28, 0x01, 0xff,
	0xd6, 0x3e, 0xff, 0xf2, 0x14, 0xad, 0x2e, 0x01, 0xff, 0xd6, 0x3e, 0xff, 0xf2, 0x14, 0xa1, 0x28,
	0x01, 0xff, 0xd6, 0x3e, 0xff, 0xf2, 0x14, 0xab, 0x32, 0x01, 0xff, 0xd6, 0x3e, 0xff, 0xf2, 0x14,
	0xa1, 0x2e, 0x01, 0xff, 0xd6, 0x3e, 0xff, 0xf2, 0x14, 0xa7, 0x28, 0x01, 0xff, 0xd6, 0x3e, 0xff,
	0xf2, 0x14, 0xa1, 0x28, 0x01, 0xff, 0xd6, 0x3e, 0xff, 0xf2, 0x14, 0xa7, 0x2e, 0x01, 0xff, 0xd6,
	0x3e, 0xff, 0xf2, 0x14, 0x9b, 0x28, 0x01, 0xff, 0xd6, 0x3e, 0xff, 0xf2, 0x14, 0xa7, 0x28, 0x01,
	0xff, 0xd6, 0x3e, 0xff, 0xf2, 0x14, 0xad, 0x34, 0x01, 0xff, 0xd6, 0x3e, 0xff, 0xf2, 0x14, 0xff,
	0xf2, 0x14, 0xff, 0x01, 0x00, 0xff, 0x01, 0x00, 0x89, 0x01, 0x00, 0x93, 0xf2, 0x14, 0xff, 0xf2,
	0x14, 0xbb, 0x6c, 0x03, 0xff, 0xd6, 0x3e, 0xff, 0xf2, 0x14, 0x8c, 0x28, 0x01, 0x00, 0xc0, 0xa1,
	0x88, 0x20, 0xff, 0xf2, 0x14, 0xff, 0x28, 0x01, 0xa1, 0x88, 0x20, 0xff, 0xf2, 0x14, 0xff, 0x2e,
	0x01, 0x97, 0x2e, 0x01, 0xff, 0xd6, 0x3e, 0xff, 0xf2, 0x14, 0xa1, 0x28, 0x01, 0xff, 0xd6, 0x3e,
	0xff, 0xf2, 0x14, 0x9b, 0x28, 0x01, 0xff, 0xd6, 0x3e, 0xff, 0xf2, 0x14, 0xad, 0x2e, 0x01, 0xff,
	0xd6, 0x3e, 0xff, 0xf2, 0x14, 0xa1, 0x28, 0x01, 0xff, 0xd6, 0x3e, 0xff, 0xf2, 0x14, 0xab, 0x32,
	0x01, 0xff, 0xd6, 0x3e, 0xff, 0xf2, 0x14, 0xa1, 0x2e, 0x01, 0xff, 0xd6, 0x3e, 0xff, 0xf2, 0x14,
	0xa7, 0x28, 0x01, 0xff, 0xd6, 0x3e, 0xff, 0xf2, 0x14, 0xa1, 0x28, 0x01, 0xff, 0xd6, 0x3e, 0xff,
	0xf2, 0x14, 0xa7, 0x2e, 0x01, 0xff, 0xd6, 0x3e, 0xff, 0xf2, 0x14, 0x9b, 0x28, 0x01, 0xff, 0xd6,
	0x3e, 0xff, 0xf2, 0x14, 0xa7, 0x28, 0x01, 0xff, 0xd6, 0x3e, 0xff, 0xf2, 0x14, 0xad, 0x34, 0x01,
	0xff, 0xd6, 0x3e, 0xff, 0xf2, 0x14, 0xff, 0xf2, 0x14, 0xff, 0x01, 0x00, 0xff, 0x01, 0x00, 0x89,
	0x01, 0x00, 0x93, 0xf2, 0x14, 0xff, 0xf2, 0x14, 0xbb, 0x6c, 0x03, 0xff, 0xd6, 0x3e, 0xff, 0xf2,
	0x14, 0x9b, 0x28, 0x01, 0xff, 0xd6, 0x3e, 0xff, 0xf2, 0x14, 0xa7, 0x28, 0x01, 0xff, 0xd6, 0x3e,
	0xff, 0xf2, 0x14, 0xa7, 0x2e, 0x01, 0xff, 0xd6, 0x3e, 0xff, 0xf2, 0x14, 0xa1, 0x28, 0x01, 0xff,
	0xd6, 0x3e, 0xff, 0xf2, 0x14, 0x9b, 0x28, 0x01, 0xff, 0xd6, 0x3e, 0xff, 0xf2, 0x14, 0xad, 0x2e,
	0x01, 0xff, 0xd6, 0x3e, 0xff, 0xf2, 0x14, 0xa1, 0x28, 0x01, 0xff, 0xd6, 0x3e, 0xff, 0xf2, 0x14,
	0xab, 0x32, 0x01, 0xff, 0xd6, 0x3e, 0x83, 0xf2, 0x14, 0xff, 0x8e, 0x84, 0x82, 0x2e, 0x01, 0x00,
	0x67, 0xcf, 0x0c, 0x8f, 0x01, 0x60, 0x01, 0xff, 0x26, 0x15, 0xff, 0x5c, 0x01, 0xd1, 0x5c, 0x01,
	0x00, 0x01, 0x90, 0x5c, 0x01, 0xf1, 0x14, 0x7e, 0x00, 0x99, 0xff, 0x46, 0x97, 0xd4, 0x62, 0x01,
	0x01, 0xff, 0x7f, 0x8f, 0x62, 0x01, 0xff, 0x48, 0x7e, 0xff, 0x5c, 0x01, 0xc2, 0x1a, 0x04, 0x00,
	0x80, 0x8f, 0x5c, 0x01, 0xef, 0xc2, 0x15, 0x04, 0x00, 0x00, 0xf5, 0x08, 0x5f, 0xff, 0xbe, 0x02,
	0xd3, 0xbe, 0x02, 0x00, 0xff, 0x8f, 0x62, 0x01, 0xff, 0xfc, 0x15, 0xff, 0x5c, 0x01, 0xc1, 0x5c,
	0x01, 0x01, 0x55, 0x55, 0x8f, 0x5c, 0x01, 0xf7, 0x30, 0x16, 0x02, 0x54, 0x0a, 0xb4, 0xff, 0x30,
	0x16, 0xd4, 0x40, 0x08, 0x01, 0xc0, 0x9d, 0xff, 0x64, 0x16, 0x87, 0x64, 0x16, 0x00, 0x06, 0xff,
	0x1e, 0x7f, 0x82, 0x01, 0x00, 0xff, 0x64, 0x16, 0xff, 0x01, 0x00, 0xf9, 0x01, 0x00, 0x93, 0x64,
	0x16, 0xff, 0xea, 0x95, 0xef, 0x84, 0x0a, 0x8d, 0xa0, 0x03, 0xff, 0x98, 0x16, 0xff, 0x5c, 0x01,
	0xc5, 0x7e, 0x0a, 0x8f, 0x5c, 0x01, 0xff, 0xea, 0x95, 0xff, 0x62, 0x01, 0xc9, 0x84, 0x0a, 0x8f,
	0x62, 0x01, 0xff, 0xea, 0x95, 0xff, 0x5c, 0x01, 0xc3, 0x7e, 0x0a, 0x8f, 0x5c, 0x01, 0xf3, 0xea,
	0x95, 0x00, 0x43, 0xff, 0xbe, 0x02, 0xd4, 0x84, 0x0a, 0x8f, 0x62, 0x01, 0xff, 0x6e, 0x17, 0xfc,
	0xe6, 0x13, 0x8c, 0x04, 0x71, 0x09, 0xd6, 0x04, 0x01, 0x5e, 0x01, 0x00, 0x00, 0x22, 0x00, 0x0f,
	0xff, 0x70, 0x17, 0x04, 0x00, 0x00, 0xff, 0x04, 0x3e, 0xff, 0x8c, 0x02, 0xa4, 0x30, 0x01, 0x9b,
	0x02, 0x00, 0xff, 0x90, 0x17, 0xff, 0x48, 0x01, 0x83, 0x48, 0x01, 0x93, 0x7c, 0x73, 0x97, 0x78,
	0x02, 0xfb, 0x72, 0x95, 0x02, 0x3d, 0x06, 0xdd, 0xff, 0x82, 0x02, 0xa4, 0x3a, 0x01, 0xa9, 0x82,
	0x02, 0xff, 0x5e, 0x95, 0xf7, 0x48, 0x01, 0x01, 0x34, 0x12, 0x95, 0x48, 0x01, 0x00, 0x11, 0x90,
	0x82, 0x02, 0xff, 0x80, 0x17, 0xff, 0x2a, 0x01, 0x95, 0x2a, 0x01, 0xab, 0x72, 0x02, 0xf1, 0x6c,
	0x17, 0x02, 0x1a, 0x08, 0xce, 0xff, 0xc0, 0x03, 0x84, 0x4e, 0x01, 0x01, 0xff, 0x7f, 0x95, 0x4e,
	0x01, 0x00, 0x03, 0x92, 0x78, 0x02, 0xff, 0x3a, 0x17, 0xff, 0x2a, 0x01, 0x93, 0x2a, 0x01, 0xab,
	0x78, 0x02, 0xff, 0xe8, 0x2c, 0xf6, 0xb4, 0x08, 0x00, 0x80, 0x96, 0x32, 0x06, 0x00, 0x01, 0x91,
	0x72, 0x02, 0xf1, 0xa4, 0x95, 0x02, 0xe8, 0x09, 0x42, 0xff, 0xa2, 0x03, 0xa4, 0x30, 0x01, 0xab,
	0x78, 0x02, 0xff, 0xc4, 0x95, 0xfc, 0xc6, 0x03, 0x82, 0x1e, 0x5f, 0x91, 0x4e, 0x01, 0x01, 0xff,
	0x7f, 0x8f, 0x7e, 0x02, 0xfb, 0xa8, 0x16, 0x00, 0x28, 0xff, 0xa8, 0x16, 0x82, 0x01, 0x00, 0xff,
	0xa8, 0x16, 0xff, 0x01, 0x00, 0xf9, 0x01, 0x00, 0x93, 0xa8, 0x16, 0x8f, 0xa8, 0x16, 0x00, 0x56,
	0xff, 0xa8, 0x16, 0xac, 0x6e, 0x03, 0xa9, 0xbc, 0x04, 0xff, 0x94, 0x16, 0xff, 0x74, 0x12, 0xc5,
	0x90, 0x1b, 0x00, 0xa0, 0xff, 0x7e, 0xac, 0x03, 0x38, 0x00, 0x00, 0x56, 0xff, 0x94, 0x16, 0xd6,
	0x52, 0x19, 0x8f, 0x62, 0x01, 0xff, 0x94, 0x16, 0xff, 0x5c, 0x01, 0xc3, 0x52, 0x19, 0x8f, 0x5c,
	0x01, 0xf1, 0x94, 0x16, 0x00, 0xb2, 0xff, 0x7e, 0xac, 0xd6, 0x52, 0x19, 0x8f, 0x62, 0x01, 0xff,
	0x94, 0x16, 0xff, 0x5c, 0x01, 0xc3, 0x52, 0x19, 0x8f, 0x5c, 0x01, 0xf1, 0xc6, 0x16, 0x02, 0x0e,
	0x05, 0x64, 0xff, 0xbe, 0x02, 0xd4, 0x52, 0x19, 0x8f, 0x62, 0x01, 0xff, 0xda, 0x16, 0xff, 0x5c,
	0x01, 0xc3, 0xd8, 0x06, 0x84, 0x6c, 0xf0, 0xff, 0x84, 0xac, 0x8a, 0x12, 0x17, 0x00, 0x72, 0xff,
	0xae, 0xf4, 0xdc, 0x72, 0x01, 0x01, 0x00, 0x00, 0x8d, 0x74, 0x01, 0xff, 0x2e, 0x17, 0xff, 0x64,
	0x01, 0xcd, 0x64, 0x01, 0x91, 0x66, 0x01, 0xf1, 0xd4, 0xc4, 0x00, 0xd7, 0xff, 0xae, 0xf4, 0xd6,
	0xbe, 0x09, 0x93, 0x42, 0x04, 0xff, 0x50, 0x44, 0xff, 0x62, 0x01, 0xcb, 0x62, 0x01, 0x91, 0xcc,
	0x02, 0xf1, 0x8c, 0x44, 0x01, 0x3a, 0x09, 0xff, 0x6a, 0x08, 0xdd, 0x6a, 0x01, 0x91, 0x6c, 0x01,
	0xff, 0xe2, 0x17, 0xff, 0x66, 0x01, 0xc3, 0x8e, 0x0c, 0x95, 0x32, 0x04, 0xf1, 0x1a, 0x18, 0x02,
	0x9e, 0x0a, 0x6e, 0xff, 0xce, 0x02, 0xda, 0x68, 0x01, 0x91, 0xcc, 0x02, 0xff, 0x36, 0x18, 0xff,
	0x6a, 0x01, 0xd1, 0x6a, 0x01, 0x8f, 0x6c, 0x01, 0xfb, 0x72, 0x18, 0x02, 0x0a, 0x0c, 0x00, 0xff,
	0x72, 0x18, 0x00, 0x00, 0xff, 0x72, 0x18, 0xff, 0x01, 0x00, 0xfb, 0x01, 0x00, 0x93, 0x72, 0x18,
	0x8f, 0x72, 0x18, 0x00, 0x67, 0xff, 0x72, 0x18, 0xdb, 0xe2, 0x07, 0x85, 0x5c, 0xff, 0x8e, 0xf0,
	0x0e, 0xff, 0x8c, 0x18, 0xff, 0x62, 0x01, 0xc9, 0x62, 0x01, 0x8f, 0x0a, 0x05, 0xf3, 0x94, 0x18,
	0x01, 0x67, 0x02, 0xff, 0x96, 0xbf, 0xdd, 0x6a, 0x01, 0x91, 0x6c, 0x01, 0xff, 0x9e, 0x18, 0xff,
	0x66, 0x01, 0xc4, 0x5c, 0x1b, 0xff, 0x32, 0x2f, 0x03, 0x38, 0x00, 0x00, 0xc8, 0xff, 0x9e, 0x18,
	0xd7, 0x5c, 0x1b, 0xff, 0x32, 0x2f, 0xff, 0xbe, 0x02, 0xd5, 0x5c, 0x1b, 0x8e, 0x5c, 0x01, 0xf1,
	0x9e, 0x18, 0x00, 0x24, 0xff, 0x1c, 0xc5, 0xd7, 0x5c, 0x1b, 0x8e, 0x62, 0x01, 0xff, 0x9e, 0x18,
	0xff, 0x5c, 0x01, 0xc4, 0x5c, 0x1b, 0x8e, 0x5c, 0x01, 0xfb, 0x98, 0x18, 0x01, 0x85, 0x06, 0xff,
	0x98, 0x40, 0xd3, 0x6c, 0x01, 0x01, 0x55, 0x55, 0x8d, 0x6c, 0x01, 0xff, 0x90, 0x18, 0xff, 0x5c,
	0x01, 0xcc, 0x66, 0x1b, 0x8e, 0x62, 0x01, 0xf1, 0x8c, 0x18, 0x01, 0xe4, 0x07, 0xff, 0x5c, 0x1b,
	0xdb, 0x68, 0x01, 0x01, 0x00, 0x00, 0x8f, 0x6a, 0x01, 0xff, 0x8e, 0x18, 0xff, 0x64, 0x01, 0xce,
	0x5c, 0x1b, 0x8e, 0x66, 0x01, 0xf1, 0x90, 0x18, 0x01, 0x49, 0x09, 0xff, 0x5c, 0x1b, 0xdb, 0x90,
	0x18, 0x8f, 0x68, 0x01, 0xff, 0x8c, 0x18, 0xff, 0x62, 0x01, 0xcc, 0x5c, 0x1b, 0x8e, 0x64, 0x01,
	0xf1, 0x8e, 0x18, 0x02, 0xac, 0x0a, 0x6d, 0xff, 0xcc, 0x02, 0xdf, 0x5c, 0x1b, 0x8e, 0x6c, 0x01,
	0xff, 0x90, 0x18, 0xff, 0x6c, 0x01, 0xd0, 0x62, 0x1b, 0xff, 0xa6, 0x47, 0x88, 0x8c, 0x18, 0x00,
	0x17, 0xff, 0x8c, 0x18, 0x82, 0x01, 0x00, 0xff, 0x8c, 0x18, 0xff, 0x01, 0x00, 0xf9, 0x01, 0x00,
	0x93, 0x8c, 0x18, 0x8f, 0x8c, 0x18, 0x00, 0x69, 0xff, 0x8c, 0x18, 0xe2, 0xa6, 0x03, 0x8f, 0x10,
	0x05, 0xff, 0x8e, 0x18, 0xff, 0x64, 0x01, 0xd0, 0x9a, 0x1d, 0xff, 0xb8, 0x47, 0x81, 0x98, 0xed,
	0x00, 0x02, 0xff, 0xae, 0x0a, 0xdb, 0x90, 0x18, 0x8f, 0x68, 0x01, 0xff, 0x8c, 0x18, 0xff, 0x62,
	0x01, 0xcc, 0x5c, 0x1b, 0xff, 0x94, 0x18, 0x05, 0x38, 0x00, 0x00, 0xcc, 0x03, 0xd7, 0xff, 0xcc,
	0x02, 0xdf, 0x5c, 0x1b, 0xff, 0x9e, 0x18, 0xff, 0xd0, 0x02, 0x81, 0x66, 0x01, 0x00, 0x77, 0x82,
	0x0e, 0x1b, 0x00, 0x95, 0x8f, 0x00, 0x38, 0x03, 0xc0, 0x87, 0x00, 0x00, 0xff, 0x66, 0x18, 0xff,
	0x24, 0x01, 0x99, 0x24, 0x39, 0x02, 0xc0, 0x87, 0x01, 0x8e, 0x24, 0x01, 0xef, 0x28, 0x18, 0x04,
	0x00, 0x00, 0xa3, 0x05, 0xbb, 0xff, 0xb4, 0x03, 0x8a, 0x2a, 0x01, 0x8c, 0xda, 0x9c, 0x00, 0x70,
	0x91, 0x2a, 0x01, 0xff, 0x32, 0x5f, 0xff, 0x2e, 0x01, 0x92, 0x2e, 0x01, 0x00, 0xf0, 0x8f, 0x2e,
	0x01, 0xff, 0xb8, 0x17, 0xff, 0xa0, 0x04, 0x8a, 0x24, 0x01, 0x00, 0x80, 0x91, 0x24, 0x01, 0xf1,
	0x7a, 0x17, 0x02, 0x5e, 0x07, 0xb4, 0xff, 0x7c, 0x03, 0x84, 0x2a, 0x01, 0x01, 0xaa, 0xaa, 0x81,
	0x54, 0x00, 0x01, 0x55, 0x55, 0x8d, 0xa6, 0x04, 0x01, 0x5a, 0xa5, 0xff, 0x3a, 0x17, 0xff, 0x24,
	0x01, 0x83, 0x24, 0x01, 0x01, 0x5a, 0xa5, 0x81, 0x54, 0x00, 0x01, 0x57, 0x13, 0x8b, 0x24, 0x01,
	0x01, 0x00, 0xc7, 0xff, 0xf6, 0x16, 0xff, 0x22, 0x01, 0x99, 0x22, 0x01, 0x00, 0x01, 0x8e, 0x22,
	0x01, 0xf1, 0x44, 0x5e, 0x01, 0x12, 0x09, 0xff, 0xc6, 0x6a, 0x9b, 0x28, 0x01, 0x00, 0x7f, 0x8e,
	0x28, 0x01, 0xff, 0x0a, 0x5e, 0xff, 0x22, 0x01, 0x89, 0x22, 0x01, 0x00, 0x80, 0x8e, 0x22, 0x01,
	0xff, 0x2a, 0x16, 0xff, 0x28, 0x01, 0x8f, 0x28, 0x01, 0x00, 0xff, 0x8c, 0x28, 0x01, 0xfb, 0xea,
	0x15, 0x00, 0xcc, 0xff, 0xf4, 0x73, 0x82, 0x01, 0x00, 0xff, 0xea, 0x15, 0xff, 0x01, 0x00, 0xf9,
	0x01, 0x00, 0x93, 0xea, 0x15, 0x8f, 0xea, 0x15, 0x00, 0xba, 0xff, 0xea, 0x15, 0x8c, 0x66, 0x03,
	0x94, 0xe8, 0x0e, 0x00, 0x8f, 0x8f, 0xe8, 0x0e, 0xff, 0xaa, 0x15, 0xff, 0xe8, 0x0e, 0x8b, 0x24,
	0x01, 0x8f, 0xbe, 0x0d, 0xff, 0xec, 0x73, 0xff, 0xb4, 0x0d, 0x8a, 0xe2, 0x0e, 0x90, 0x24, 0x01,
	0xf1, 0xe8, 0x73, 0x02, 0xba, 0x02, 0xb6, 0xff, 0x22, 0x09, 0x9b, 0xde, 0x0e, 0x90, 0x2a, 0x01,
	0xff, 0xe4, 0x73, 0xff, 0x96, 0x04, 0x8a, 0xde, 0x0e, 0x90, 0x24, 0x01, 0xff, 0xa2, 0x14, 0xff,
	0xd8, 0x0e, 0x8b, 0x96, 0x04, 0x8d, 0xd8, 0x0e, 0xf3, 0x08, 0x2d, 0x02, 0x70, 0x04, 0xb8, 0xff,
	0x72, 0x03, 0x9b, 0xde, 0x0e, 0x00, 0xcf, 0xff, 0xa6, 0x14, 0xff, 0x22, 0x01, 0x9a, 0xde, 0x0e,
	0x8e, 0x22, 0x01, 0xff, 0x9e, 0x14, 0xff, 0x2c, 0x01, 0x94, 0xe2, 0x0e, 0x8c, 0x2c, 0x01, 0xf3,
	0xca, 0x73, 0x01, 0x28, 0x06, 0xff, 0x78, 0x13, 0x9c, 0xe8, 0x0e, 0x8e, 0x28, 0x01, 0xff, 0x10,
	0x5c, 0xff, 0x22, 0x01, 0x8a, 0xe2, 0x0e, 0x8e, 0x22, 0x01, 0xff, 0x98, 0x14, 0xff, 0x08, 0x08,
	0x8a, 0xe4, 0x06, 0x00, 0x8d, 0x8d, 0x9e, 0x0c, 0xf3, 0x90, 0x2b, 0x02, 0xdc, 0x07, 0xb9, 0xff,
	0x6e, 0x03, 0x9b, 0xa4, 0x0c, 0x00, 0x8d, 0x8f, 0x10, 0x18, 0xff, 0x52, 0x2b, 0xff, 0x7a, 0x0b,
	0x8a, 0xa4, 0x0c, 0x90, 0x24, 0x01, 0xff, 0x9e, 0x14, 0xff, 0x24, 0x01, 0x8a, 0x9e, 0x0c, 0x90,
	0x24, 0x01, 0xf7, 0x70, 0x72, 0x02, 0x95, 0x09, 0x98, 0xff, 0x70, 0x72, 0x9b, 0xaa, 0x0c, 0x8e,
	0x30, 0x01, 0xfb, 0xa8, 0x14, 0x00, 0x2b, 0xff, 0xa8, 0x14, 0x82, 0x01, 0x00, 0xff, 0xa8, 0x14,
	0xff, 0x01, 0x00, 0xf9, 0x01, 0x00, 0x93, 0xa8, 0x14, 0x8f, 0xa8, 0x14, 0x81, 0xbc, 0x0d, 0xff,
	0xa8, 0x14, 0xa0, 0xee, 0x0e, 0x00, 0x8d, 0x8f, 0xee, 0x0e, 0xff, 0xa8, 0x14, 0xff, 0x50, 0x0a,
	0x8a, 0xe8, 0x0e, 0x00, 0xcd, 0xff, 0xa6, 0x14, 0xff, 0x22, 0x01, 0x9a, 0xe8, 0x0e, 0x8e, 0x22,
	0x01, 0xf1, 0xa4, 0x14, 0x02, 0xb8, 0x02, 0xb3, 0xff, 0x4e, 0x0a, 0x9b, 0xe4, 0x0e, 0x8e, 0x28,
	0x01, 0xff, 0xa2, 0x14, 0xff, 0x22, 0x01, 0x8a, 0xde, 0x0e, 0x8e, 0x22, 0x01, 0xff, 0xa0, 0x14,
	0xff, 0x22, 0x01, 0x8a, 0xde, 0x0e, 0x8e, 0x22, 0x01, 0xf1, 0x9e, 0x14, 0x01, 0x6b, 0x04, 0xff,
	0x1c, 0x28, 0x9c, 0xe4, 0x0e, 0x00, 0x83, 0x8f, 0x82, 0x1b, 0xff, 0xa0, 0x14, 0xff, 0xde, 0x0e,
	0x8b, 0x24, 0x01, 0xff, 0x40, 0x29, 0xff, 0xa2, 0x14, 0xa6, 0xe8, 0x0e, 0x8e, 0x2e, 0x01, 0xf3,
	0xa4, 0x14, 0x01, 0x26, 0x06, 0xff, 0x8c, 0x1b, 0x9c, 0xee, 0x0e, 0x90, 0x2a, 0x01, 0xff, 0xa6,
	0x14, 0xff, 0xa0, 0x04, 0x8a, 0xe2, 0x0e, 0x90, 0x24, 0x01, 0xff, 0xa8, 0x14, 0xff, 0x9e, 0x0c,
	0x8b, 0xa0, 0x04, 0x8f, 0x64, 0x2a, 0xf3, 0xa8, 0x14, 0xff, 0x72, 0x03, 0x9c, 0xa4, 0x0c, 0x00,
	0xc3, 0xff, 0xa6, 0x14, 0xff, 0x22, 0x01, 0x9a, 0xa4, 0x0c, 0x8e, 0x22, 0x01, 0xff, 0xa4, 0x14,
	0xff, 0x22, 0x01, 0x8a, 0x9e, 0x0c, 0x8e, 0x22, 0x01, 0xf7, 0xa2, 0x14, 0x02, 0x92, 0x09, 0x97,
	0xff, 0xa2, 0x14, 0x9b, 0xaa, 0x0c, 0x8c, 0x2e, 0x01, 0xfb, 0xa0, 0x14, 0x00, 0x27, 0xff, 0xa0,
	0x14, 0x82, 0x01, 0x00, 0xff, 0xa0, 0x14, 0xff, 0x01, 0x00, 0xf9, 0x01, 0x00, 0x93, 0xa0, 0x14,
	0x8f, 0xa0, 0x14, 0x81, 0x78, 0x1b, 0xff, 0xa0, 0x14, 0xa0, 0xee, 0x0e, 0x8c, 0x66, 0x03, 0xff,
	0x9e, 0x14, 0xff, 0x48, 0x0a, 0x8c, 0x24, 0x09, 0x00, 0x81, 0x8f, 0xe8, 0x0e, 0xff, 0xa0, 0x14,
	0xff, 0xe8, 0x0e, 0x8b, 0x24, 0x01, 0xff, 0x46, 0x29, 0x81, 0xa2, 0x14, 0x00, 0xb9, 0xff, 0x46,
	0x29, 0x9d, 0xe4, 0x0e, 0x90, 0x2a, 0x01, 0xff, 0xa4, 0x14, 0xff, 0x24, 0x01, 0x8a, 0xde, 0x0e,
	0x90, 0x24, 0x01, 0xff, 0xa6, 0x14, 0xff, 0x96, 0x04, 0x8a, 0xde, 0x0e, 0x90, 0x24, 0x01, 0xf1,
	0xa8, 0x14, 0x01, 0x6f, 0x04, 0xff, 0x62, 0x22, 0x9c, 0xe4, 0x0e, 0x00, 0x81, 0x8f, 0x82, 0x1b,
	0xff, 0xa8, 0x14, 0xff, 0x06, 0x08, 0x8a, 0xde, 0x0e, 0x00, 0xc1, 0xff, 0xa6, 0x14, 0xff, 0xa6,
	0x14, 0xa4, 0xe8, 0x0e, 0x8c, 0x2c, 0x01, 0xf5, 0x48, 0x29, 0xff, 0x8c, 0x1b, 0x9c, 0xee, 0x0e,
	0x8e, 0x28, 0x01, 0xff, 0xa2, 0x14, 0xff, 0x22, 0x01, 0x8a, 0xe2, 0x0e, 0x8e, 0x22, 0x01, 0xff,
	0xa0, 0x14, 0xff, 0x22, 0x01, 0x8a, 0x9e, 0x0c, 0x8e, 0x22, 0x01, 0xf1, 0x9e, 0x14, 0x00, 0xdb,
	0xff, 0x46, 0x29, 0x9d, 0xa4, 0x0c, 0x00, 0x85, 0x8f, 0x70, 0x2a, 0xff, 0xa0, 0x14, 0xff, 0xa4,
	0x0c, 0x8b, 0x24, 0x01, 0xff, 0x46, 0x29, 0xff, 0xa2, 0x14, 0x9c, 0x9e, 0x0c, 0x90, 0x24, 0x01,
	0xf7, 0xa4, 0x14, 0x00, 0x94, 0xff, 0x46, 0x29, 0x9d, 0xaa, 0x0c, 0x8e, 0x30, 0x01, 0xfb, 0xa6,
	0x14, 0x00, 0x2a, 0xff, 0xa6, 0x14, 0x82, 0x01, 0x00, 0xff, 0xa6, 0x14, 0xff, 0x01, 0x00, 0xf9,
	0x01, 0x00, 0x93, 0xa6, 0x14, 0xff, 0xa6, 0x14, 0xb6, 0xee, 0x0e, 0x8e, 0x68, 0x03, 0xff, 0xa8,
	0x14, 0xff, 0xe8, 0x0e, 0x8d, 0xe0, 0x06, 0x8f, 0xe8, 0x0e, 0xff, 0xa8, 0x14, 0xff, 0x50, 0x0a,
	0x8a, 0xe8, 0x0e, 0x00, 0xc5, 0xff, 0xa6, 0x14, 0x81, 0xa6, 0x14, 0xff, 0xbc, 0x0d, 0x9c, 0xe4,
	0x0e, 0x8e, 0x28, 0x01, 0xff, 0xa4, 0x14, 0xff, 0x22, 0x01, 0x8a, 0xde, 0x0e, 0x8e, 0x22, 0x01,
	0xff, 0xa2, 0x14, 0xff, 0x22, 0x01, 0x8a, 0xde, 0x0e, 0x8e, 0x22, 0x01, 0xf1, 0xa0, 0x14, 0x01,
	0x6c, 0x04, 0xff, 0x7a, 0x4a, 0x9c, 0xe4, 0x0e, 0x8e, 0x28, 0x01, 0xff, 0x9e, 0x14, 0xff, 0xba,
	0x0d, 0x8a, 0xb6, 0x05, 0x81, 0x98, 0x6e, 0x00, 0x87, 0xff, 0xa2, 0x14, 0xff, 0xa2, 0x14, 0xa3,
	0x0e, 0x10, 0x82, 0x30, 0x01, 0x00, 0x8f, 0xff, 0xa6, 0x14, 0x81, 0xa6, 0x14, 0xff, 0x3a, 0x11,
	0x8b, 0x7e, 0x03, 0x01, 0xa5, 0x5a, 0x8d, 0x2c, 0x01, 0x03, 0xf0, 0x0f, 0xa0, 0x83, 0xff, 0xaa,
	0x14, 0xff, 0x26, 0x01, 0x84, 0x52, 0x02, 0x95, 0x26, 0x01, 0x02, 0x00, 0xa0, 0x81, 0xff, 0xae,
	0x14, 0xff, 0x26, 0x01, 0x99, 0x82, 0x0b, 0x82, 0xc0, 0x04, 0x00, 0x85, 0xff, 0xb2, 0x14, 0x03,
	0x00, 0x00, 0xe1, 0x07, 0xff, 0xf6, 0x06, 0x85, 0x2c, 0x01, 0x01, 0x57, 0x13, 0x90, 0x3a, 0x11,
	0x83, 0xa4, 0x04, 0x00, 0x93, 0xff, 0xb4, 0x14, 0xff, 0x26, 0x01, 0x89, 0xfa, 0x06, 0x01, 0x68,
	0x24, 0x90, 0x26, 0x01, 0xff, 0xa0, 0xc6, 0xff, 0x26, 0x01, 0x8a, 0x4c, 0x02, 0x92, 0xf0, 0x06,
	0x00, 0x97, 0xff, 0xb8, 0x14, 0x85, 0xb8, 0x14, 0x02, 0x9d, 0x09, 0x99, 0xff, 0xb8, 0x14, 0x8a,
	0x22, 0x08, 0x92, 0x58, 0x02, 0x00, 0x99, 0xff, 0xba, 0x14, 0x87, 0xba, 0x14, 0x00, 0x34, 0xff,
	0xba, 0x14, 0x82, 0x01, 0x00, 0xff, 0xba, 0x14, 0xff, 0x01, 0x00, 0xf9, 0x01, 0x00, 0x93, 0xba,
	0x14, 0x8f, 0xba, 0x14, 0x00, 0xcf, 0xff, 0xba, 0x14, 0xa4, 0xc2, 0x05, 0x01, 0x00, 0xd6, 0x81,
	0xb0, 0xa5, 0x01, 0x20, 0x18, 0x81, 0x0a, 0x00, 0x02, 0x83, 0xdb, 0x80, 0x8e, 0xc8, 0x0c, 0xff,
	0xc8, 0x14, 0xff, 0x32, 0x01, 0x99, 0x32, 0x01, 0x00, 0x88, 0x8e, 0x32, 0x01, 0xff, 0xd6, 0x14,
	0xff, 0x32, 0x01, 0x99, 0x32, 0x01, 0x00, 0x90, 0x8e, 0x32, 0x01, 0xf1, 0xe6, 0x14, 0x02, 0xcf,
	0x02, 0xcb, 0xff, 0x84, 0x0a, 0xaa, 0x38, 0x01, 0x00, 0x98, 0x8e, 0x38, 0x01, 0xff, 0xf6, 0x14,
	0xff, 0x32, 0x01, 0x9a, 0xce, 0x04, 0x8c, 0x66, 0x10, 0xff, 0x06, 0x15, 0xff, 0x32, 0x01, 0x9c,
	0xce, 0x04, 0x8e, 0x32, 0x01, 0xf1, 0x16, 0x15, 0x02, 0x9a, 0x04, 0xd0, 0xff, 0x9c, 0x03, 0xab,
	0xd4, 0x04, 0x8e, 0x38, 0x01, 0xff, 0x26, 0x15, 0xff, 0x32, 0x01, 0x9a, 0xce, 0x04, 0x8e, 0x32,
	0x01, 0xff, 0x32, 0x15, 0xff, 0x3c, 0x01, 0x99, 0x3c, 0x01, 0x01, 0x68, 0x24, 0x86, 0xd8, 0x04,
	0x00, 0x8d, 0xff, 0x3e, 0x15, 0x03, 0x00, 0x00, 0x6a, 0x06, 0xff, 0x42, 0x07, 0xab, 0x38, 0x01,
	0x00, 0x88, 0x8e, 0x38, 0x01, 0xff, 0x4a, 0x15, 0xff, 0x32, 0x01, 0x99, 0x32, 0x01, 0x00, 0x90,
	0x8e, 0x32, 0x01, 0xff, 0x56, 0x15, 0xff, 0x32, 0x01, 0x99, 0x32, 0x01, 0x00, 0x98, 0x8e, 0x32,
	0x01, 0xf1, 0x62, 0x15, 0x00, 0x35, 0xff, 0x68, 0xb0, 0xa2, 0x38, 0x01, 0x01, 0xf0, 0x0f, 0x86,
	0xd4, 0x04, 0x8e, 0xe6, 0x18, 0xff, 0x6e, 0x15, 0xff, 0x32, 0x01, 0x99, 0x32, 0x01, 0x00, 0x88,
	0x8e, 0x32, 0x01, 0xff, 0x7a, 0x15, 0xff, 0x32, 0x01, 0x99, 0x32, 0x01, 0x00, 0x90, 0x8e, 0x32,
	0x01, 0xf7, 0x86, 0x15, 0x02, 0x03, 0x0a, 0x9f, 0xff, 0x86, 0x15, 0xaa, 0x3e, 0x01, 0x00, 0x98,
	0x8c, 0x3e, 0x01, 0xfb, 0x92, 0x15, 0x00, 0xa0, 0xff, 0x92, 0x15, 0x82, 0x01, 0x00, 0xff, 0x92,
	0x15, 0xff, 0x01, 0x00, 0xf9, 0x01, 0x00, 0x93, 0x92, 0x15, 0xff, 0x92, 0x15, 0xbc, 0x76, 0x03,
	0x87, 0xc4, 0x10, 0x8c, 0xd8, 0x1e, 0xff, 0x92, 0x15, 0xff, 0x32, 0x01, 0x9b, 0x32, 0x01, 0x00,
	0x88, 0x8e, 0x32, 0x01, 0xff, 0x92, 0x15, 0xff, 0x32, 0x01, 0x99, 0x32, 0x01, 0x00, 0x90, 0x8e,
	0x32, 0x01, 0xff, 0x92, 0x15, 0xff, 0x38, 0x01, 0x9f, 0x38, 0x01, 0x00, 0x98, 0x8e, 0x38, 0x01,
	0xff, 0x92, 0x15, 0xff, 0x32, 0x01, 0x8f, 0x32, 0x01, 0x01, 0xff, 0xff, 0x86, 0xce, 0x04, 0x8c,
	0x80, 0x22, 0xff, 0x92, 0x15, 0xff, 0x32, 0x01, 0x9b, 0x32, 0x01, 0x00, 0x88, 0x8e, 0x32, 0x01,
	0xff, 0x92, 0x15, 0xff, 0x38, 0x01, 0x9f, 0x38, 0x01, 0x00, 0x90, 0x8e, 0x38, 0x01, 0xff, 0x92,
	0x15, 0xff, 0x32, 0x01, 0x99, 0x32, 0x01, 0x00, 0x98, 0x8e, 0x32, 0x01, 0xff, 0x92, 0x15, 0xff,
	0x3c, 0x01, 0xa4, 0x6a, 0x1a, 0x8e, 0x2c, 0x26, 0xff, 0x92, 0x15, 0xff, 0x38, 0x01, 0xa0, 0x70,
	0x1a, 0x8e, 0x38, 0x01, 0xff, 0x92, 0x15, 0xff, 0x32, 0x01, 0x9a, 0x6a, 0x1a, 0x8e, 0x32, 0x01,
	0xff, 0x92, 0x15, 0xff, 0x32, 0x01, 0x9a, 0x6a, 0x1a, 0x8e, 0x32, 0x01, 0xff, 0x92, 0x15, 0xff,
	0x38, 0x01, 0xa0, 0xd4, 0x04, 0xff, 0xa2, 0xf1, 0xff, 0x6a, 0x02, 0xab, 0xce, 0x04, 0xff, 0x0c,
	0x2b, 0xff, 0x32, 0x01, 0xab, 0xce, 0x04, 0xff, 0xb6, 0xf1, 0xff, 0x92, 0x15, 0xb7, 0xda, 0x04,
	0xff, 0xc0, 0xf1, 0xff, 0x92, 0x15, 0xff, 0x92, 0x15, 0xff, 0x01, 0x00, 0xff, 0x01, 0x00, 0x88,
	0x01, 0x00, 0x93, 0x92, 0x15, 0xff, 0x92, 0x15, 0xc6, 0x18, 0x07, 0x8c, 0xcc, 0x2f, 0xff, 0x92,
	0x15, 0xff, 0x32, 0x01, 0x9c, 0x18, 0x07, 0x8e, 0x32, 0x01, 0xff, 0x92, 0x15, 0xff, 0x32, 0x01,
	0x9a, 0x18, 0x07, 0x8e, 0x32, 0x01, 0xff, 0x92, 0x15, 0xff, 0x38, 0x01, 0xa0, 0x12, 0x07, 0x8e,
	0x38, 0x01, 0xff, 0x92, 0x15, 0xff, 0x32, 0x01, 0x9a, 0xce, 0x04, 0x8c, 0x68, 0x33, 0xff, 0x92,
	0x15, 0xff, 0x32, 0x01, 0x9c, 0xce, 0x04, 0x8e, 0x32, 0x01, 0xf3, 0x92, 0x15, 0xff, 0x50, 0x0e,
	0xac, 0xd4, 0x04, 0x8e, 0x38, 0x01, 0xff, 0x92, 0x15, 0xff, 0x32, 0x01, 0x9a, 0xce, 0x04, 0x8e,
	0x32, 0x01, 0xff, 0x92, 0x15, 0xff, 0x3c, 0x01, 0x9d, 0x3c, 0x01, 0x03, 0xd6, 0x04, 0x00, 0xa7,
	0xff, 0x8e, 0x15, 0x04, 0x00, 0x00, 0x68, 0x06, 0xc7, 0xff, 0xa2, 0x03, 0xa6, 0x34, 0x01, 0x03,
	0xfb, 0xd5, 0x00, 0xd6, 0xff, 0x8c, 0x15, 0xff, 0x30, 0x01, 0xa6, 0x64, 0x02, 0x00, 0xaf, 0xff,
	0x88, 0x15, 0xff, 0x2e, 0x01, 0xa5, 0x2e, 0x01, 0x00, 0xff, 0x90, 0x5e, 0x02, 0xf1, 0x86, 0x15,
	0x02, 0x2f, 0x08, 0xc9, 0xff, 0x94, 0x03, 0xa7, 0x64, 0x02, 0x00, 0xad, 0xff, 0x82, 0x15, 0xff,
	0x2e, 0x01, 0xa5, 0x2e, 0x01, 0x00, 0xfe, 0x90, 0x64, 0x02, 0xff, 0x80, 0x15, 0xff, 0x30, 0x01,
	0x96, 0x5e, 0x02, 0x00, 0xa3, 0xff, 0x7c, 0x15, 0x85, 0x7c, 0x15, 0x02, 0xf8, 0x09, 0x9e, 0xff,
	0x7c, 0x15, 0xa6, 0x3a, 0x01, 0x00, 0xf9, 0x8e, 0x6a, 0x02, 0xfb, 0x7a, 0x15, 0x00, 0x94, 0xff,
	0x7a, 0x15, 0x82, 0x01, 0x00, 0xff, 0x7a, 0x15, 0xff, 0x01, 0x00, 0xf9, 0x01, 0x00, 0x93, 0x7a,
	0x15, 0x8f, 0x7a, 0x15, 0x00, 0xca, 0xff, 0x7a, 0x15, 0xaf, 0xae, 0x04, 0x00, 0xa1, 0xff, 0x76,
	0x15, 0xff, 0x2e, 0x01, 0xa5, 0x2e, 0x01, 0x00, 0xf8, 0x8e, 0xa2, 0x04, 0xff, 0x74, 0x15, 0xff,
	0x30, 0x01, 0x98, 0x5e, 0x02, 0x8e, 0x9c, 0x56, 0xf1, 0x70, 0x15, 0x02, 0xca, 0x02, 0xa8, 0xff,
	0x9e, 0x0a, 0xa6, 0x34, 0x01, 0x00, 0xfa, 0x90, 0x64, 0x02, 0xff, 0x6e, 0x15, 0xf1, 0x30, 0x01,
	0x81, 0xd6, 0xde, 0x05, 0x5a, 0xa5, 0x00, 0x22, 0x00, 0x79, 0xff, 0x4c, 0x15, 0xff, 0x10, 0x01,
	0x85, 0x10, 0x01, 0x02, 0x01, 0x22, 0x01, 0x8e, 0x10, 0x01, 0xf1, 0x2a, 0x15, 0x02, 0x72, 0x04,
	0x9d, 0xff, 0x56, 0x03, 0x86, 0x16, 0x01, 0x02, 0x7f, 0x22, 0x7f, 0x8e, 0x16, 0x01, 0xff, 0x08,
	0x15, 0xf7, 0x10, 0x01, 0x02, 0x80, 0x22, 0x80, 0x8e, 0x10, 0x01, 0xff, 0xe6, 0x14, 0xff, 0x1a,
	0x01, 0x04, 0x5a, 0xa5, 0xff, 0x22, 0xff, 0x8c, 0x1a, 0x01, 0xf3, 0xc8, 0x14, 0x02, 0x0f, 0x06,
	0x9a, 0xff, 0x40, 0x03, 0x89, 0x66, 0x05, 0x00, 0x7a, 0xff, 0xa8, 0x14, 0xff, 0x10, 0x01, 0x88,
	0x10, 0x01, 0x00, 0x7e, 0xff, 0x8a, 0x14, 0xff, 0x10, 0x01, 0x82, 0xc4, 0xb3, 0x00, 0xd6, 0x81,
	0x12, 0x01, 0x02, 0x20, 0x18, 0xb8, 0xff, 0x6e, 0x14, 0x82, 0x6e, 0x14, 0x02, 0xa9, 0x07, 0x8f,
	0xff, 0x3a, 0x03, 0x81, 0x1a, 0x01, 0x00, 0x35, 0xff, 0x48, 0x14, 0xff, 0x08, 0x01, 0x02, 0x11,
	0x00, 0x01, 0x8e, 0x08, 0x01, 0xff, 0x20, 0x14, 0xf1, 0x08, 0x01, 0x00, 0x7f, 0x8e, 0x08, 0x01,
	0xf7, 0xfa, 0x13, 0x02, 0x38, 0x09, 0x8a, 0xff, 0xfa, 0x13, 0x03, 0x5e, 0x11, 0x00, 0x80, 0x8c,
	0x14, 0x01, 0xfb, 0xd2, 0x13, 0x00, 0xc0, 0x81, 0x54, 0x13, 0xff, 0xd2, 0x13, 0xff, 0xd2, 0x13,
	0xff, 0x01, 0x00, 0xfa, 0x01, 0x00, 0x93, 0xd2, 0x13, 0x8f, 0xd2, 0x13, 0x00, 0x90, 0xff, 0xd2,
	0x13, 0x88, 0x4c, 0x03, 0x00, 0xff, 0x8c, 0x4c, 0x03, 0xff, 0xac, 0x13, 0xf4, 0x78, 0x07, 0x00,
	0x31, 0xff, 0x84, 0x13, 0xff, 0x08, 0x01, 0x02, 0x11, 0x00, 0x01, 0x8e, 0x08, 0x01, 0xf1, 0x5e,
	0x13, 0x02, 0x90, 0x02, 0x8c, 0xff, 0x8e, 0x09, 0x81, 0x7e, 0x07, 0x8e, 0x0e, 0x01, 0xff, 0x36,
	0x13, 0xf2, 0x72, 0x07, 0x8e, 0x08, 0x01, 0xff, 0x2e, 0x13, 0xf2, 0x2e, 0x05, 0x8e, 0x08, 0x01,
	0xf1, 0x26, 0x13, 0x02, 0x1c, 0x04, 0xa6, 0xff, 0x1e, 0x03, 0x83, 0xc6, 0x0d, 0x00, 0xd7, 0x83,
	0xc6, 0x0d, 0x05, 0x06, 0x5e, 0x00, 0xd7, 0x80, 0xd9, 0xff, 0x2c, 0x13, 0xff, 0x16, 0x01, 0x81,
	0x16, 0x01, 0x00, 0x3f, 0x88, 0x16, 0x01, 0x00, 0xbf, 0x8e, 0x16, 0x01, 0xff, 0x32, 0x13, 0xfd,
	0x20, 0x01, 0x00, 0xff, 0x84, 0xfc, 0x0f, 0x81, 0x20, 0x01, 0x00, 0xff, 0x8c, 0x20, 0x01, 0xf3,
	0x38, 0x13, 0x02, 0xc2, 0x05, 0xa3, 0xff, 0x52, 0x03, 0x82, 0x1c, 0x01, 0x00, 0xc0, 0x88, 0x1c,
	0x01, 0x00, 0xc0, 0x8e, 0x1c, 0x01, 0xff, 0x3e, 0x13, 0xfb, 0x2e, 0x12, 0x83, 0x6c, 0x2b, 0x01,
	0x20, 0x1f, 0xff, 0x46, 0x13, 0xff, 0x18, 0x01, 0x8f, 0x18, 0x01, 0x00, 0x28, 0x8e, 0x18, 0x01,
	0xf1, 0x4a, 0x13, 0x01, 0x65, 0x07, 0xff, 0x1a, 0x1d, 0x91, 0x1e, 0x01, 0x00, 0x30, 0x8e, 0x1e,
	0x01, 0xff, 0x5a, 0x13, 0xff, 0x18, 0x01, 0x02, 0x83, 0xdb, 0x38, 0x8e, 0x18, 0x01, 0xff, 0x6a,
	0x13, 0xfb, 0x18, 0x01, 0x00, 0x01, 0x82, 0x18, 0x01, 0x03, 0x21, 0x1f, 0x01, 0x58, 0xff, 0x7c,
	0x13, 0x85, 0x7c, 0x13, 0x02, 0x0d, 0x09, 0x93, 0xff, 0x7c, 0x13, 0x90, 0x26, 0x01, 0x00, 0x29,
	0x8e, 0x26, 0x01, 0xfb, 0x8e, 0x13, 0x00, 0x9e, 0xff, 0x8e, 0x13, 0x82, 0x01, 0x00, 0xff, 0x8e,
	0x13, 0xff, 0x01, 0x00, 0xf9, 0x01, 0x00, 0x93, 0x8e, 0x13, 0x8f, 0x8e, 0x13, 0x00, 0xab, 0xff,
	0x8e, 0x13, 0x98, 0x5e, 0x03, 0x00, 0x31, 0x8e, 0x5e, 0x03, 0xff, 0xa0, 0x13, 0xff, 0x1a, 0x01,
	0x81, 0x1a, 0x01, 0x00, 0x39, 0x90, 0x1a, 0x01, 0xff, 0xb2, 0x13, 0xfb, 0x1a, 0x01, 0x00, 0x02,
	0x82, 0x1a, 0x01, 0x02, 0x22, 0x1f, 0x02, 0x8e, 0x1a, 0x01, 0xf1, 0xc4, 0x13, 0x02, 0xab, 0x02,
	0xa7, 0xff, 0x08, 0x0a, 0x90, 0x20, 0x01, 0x00, 0x2a, 0x90, 0x20, 0x01, 0xff, 0xd6, 0x13, 0xff,
	0x1a, 0x01, 0x02, 0x83, 0xdb, 0x32, 0x90, 0x1a, 0x01, 0xff, 0xe8, 0x13, 0xff, 0x1a, 0x01, 0x02,
	0x83, 0xdb, 0x3a, 0x90, 0x1a, 0x01, 0xf1, 0xfa, 0x13, 0x02, 0x52, 0x04, 0xac, 0xff, 0x54, 0x03,
	0x8a, 0x20, 0x01, 0x00, 0x03, 0x82, 0x20, 0x01, 0x02, 0x23, 0x1f, 0x03, 0x8e, 0x20, 0x01, 0xff,
	0xfe, 0x13, 0xff, 0x1a, 0x01, 0x02, 0x83, 0xdb, 0x2b, 0x90, 0x1a, 0x01, 0xff, 0x02, 0x14, 0xff,
	0x24, 0x01, 0x89, 0x24, 0x01, 0x00, 0x33, 0x8e, 0x24, 0x01, 0xf3, 0x06, 0x14, 0x01, 0xfe, 0x05,
	0xff, 0xb2, 0x06, 0x91, 0x20, 0x01, 0x00, 0x3b, 0x90, 0x20, 0x01, 0xff, 0x0a, 0x14, 0xfb, 0x1a,
	0x01, 0x00, 0x04, 0x82, 0x1a, 0x01, 0x02, 0x24, 0x1f, 0x04, 0x8e, 0x1a, 0x01, 0xff, 0x0c, 0x14,
	0xff, 0x1a, 0x01, 0x02, 0x83, 0xdb, 0x2c, 0x90, 0x1a, 0x01, 0xf1, 0x0e, 0x14, 0x02, 0xa5, 0x07,
	0xaa, 0xff, 0x54, 0x03, 0x90, 0x20, 0x01, 0x00, 0x34, 0x90, 0x20, 0x01, 0xff, 0x10, 0x14, 0xff,
	0x1a, 0x01, 0x02, 0x83, 0xdb, 0x3c, 0x90, 0x1a, 0x01, 0xff, 0x12, 0x14, 0xfb, 0x1a, 0x01, 0x00,
	0x05, 0x82, 0x1a, 0x01, 0x02, 0x25, 0x1f, 0x05, 0xff, 0x12, 0x14, 0x86, 0x12, 0x14, 0x00, 0x4f,
	0xff, 0x12, 0x14, 0x92, 0x26, 0x01, 0x00, 0x2d, 0x8e, 0x26, 0x01, 0xfb, 0x12, 0x14, 0x00, 0xe0,
	0xff, 0x12, 0x14, 0x82, 0x01, 0x00, 0xff, 0x12, 0x14, 0xff, 0x01, 0x00, 0xf9, 0x01, 0x00, 0x93,
	0x12, 0x14, 0x8f, 0x12, 0x14, 0x00, 0xd5, 0xff, 0x12, 0x14, 0x98, 0x5e, 0x03, 0x00, 0x35, 0x8e,
	0x5e, 0x03, 0xff, 0x12, 0x14, 0xff, 0x1a, 0x01, 0x81, 0x1a, 0x01, 0x00, 0x3d, 0x90, 0x1a, 0x01,
	0xff, 0x12, 0x14, 0xf2, 0x14, 0x3a, 0x00, 0x67, 0xcb, 0x3a, 0xe1, 0x81, 0x28, 0x00, 0x01, 0x00,
	0x80, 0x81, 0x28, 0x00, 0x01, 0xff, 0x7f, 0x82, 0x28, 0x00, 0x82, 0x64, 0x3a, 0x01, 0xa0, 0x67,
	0xff, 0x66, 0x14, 0x04, 0x00, 0x00, 0xd5, 0x02, 0x6f, 0xff, 0x60, 0x0a, 0xe8, 0x74, 0x01, 0x01,
	0xc0, 0x49, 0xff, 0xbc, 0x14, 0xff, 0x70, 0x01, 0xe3, 0x70, 0x01, 0x00, 0x01, 0x90, 0xe4, 0x02,
	0xef, 0x10, 0x15, 0x03, 0x00, 0x00, 0x44, 0x04, 0xff, 0xe4, 0x02, 0xe9, 0x74, 0x01, 0x8f, 0xe4,
	0x02, 0xff, 0x78, 0xe4, 0xff, 0x70, 0x01, 0xca, 0x70, 0x01, 0x00, 0xff, 0x99, 0xc8, 0x05, 0xf1,
	0xc2, 0xe4, 0x02, 0xb3, 0x05, 0x74, 0xff, 0xe4, 0x02, 0xe8, 0x74, 0x01, 0x8f, 0xe4, 0x02, 0xff,
	0x16, 0x16, 0xff, 0x7a, 0x01, 0xdd, 0x7a, 0x01, 0x8f, 0xd2, 0x05, 0xf3, 0x6a, 0x16, 0x01, 0x27,
	0x07, 0xff, 0xd2, 0x05, 0xe9, 0x74, 0x01, 0x8d, 0xee, 0x02, 0xff, 0xc0, 0x16, 0xff, 0x70, 0x01,
	0xcb, 0x70, 0x01, 0x01, 0x00, 0x80, 0x82, 0x28, 0x00, 0x00, 0xf0, 0x81, 0x04, 0x00, 0x8f, 0xe4,
	0x02, 0xef, 0x14, 0x17, 0x03, 0x00, 0x00, 0x96, 0x08, 0xff, 0xe4, 0x02, 0xe9, 0x74, 0x01, 0x8f,
	0xe4, 0x02, 0xff, 0x42, 0xe6, 0xff, 0x70, 0x01, 0xd3, 0x70, 0x01, 0x00, 0x01, 0x90, 0xe4, 0x02,
	0xf1, 0x8e, 0xe6, 0x02, 0x05, 0x0a, 0x72, 0xff, 0xe4, 0x02, 0xe8, 0x74, 0x01, 0x8f, 0xe4, 0x02,
	0xff, 0x1a, 0x18, 0xff, 0x70, 0x01, 0xd0, 0x38, 0x07, 0x94, 0xc8, 0x05, 0xf7, 0x6e, 0x18, 0x02,
	0x77, 0x0b, 0xbe, 0xff, 0x6e, 0x18, 0xe8, 0x7a, 0x01, 0x8d, 0xea, 0x02, 0xfb, 0xc4, 0x18, 0x00,
	0x33, 0xff, 0x66, 0xfd, 0x82, 0x01, 0x00, 0xff, 0xc4, 0x18, 0xff, 0x01, 0x00, 0xf9, 0x01, 0x00,
	0x93, 0xc4, 0x18, 0x8f, 0xc4, 0x18, 0x00, 0x73, 0xff, 0xc4, 0x18, 0xec, 0xb4, 0x03, 0x8f, 0x12,
	0x08, 0xff, 0x18, 0x19, 0xff, 0x6e, 0x01, 0xd9, 0x6e, 0x01, 0x8f, 0xc2, 0x10, 0xf1, 0x7a, 0xfd,
	0x00, 0x73, 0xff, 0x00, 0x18, 0xd3, 0x76, 0x01, 0x00, 0x77, 0x82, 0x76, 0x01, 0x00, 0x95, 0x82,
	0x1c, 0x15, 0x82, 0xa4, 0x00, 0x82, 0x38, 0x12, 0x00, 0x77, 0xff, 0x74, 0x19, 0xff, 0x6e, 0x01,
	0xe7, 0x6e, 0x01, 0x00, 0xf0, 0xff, 0x6e, 0x19, 0x04, 0x38, 0x00, 0x00, 0xe2, 0x03, 0xff, 0xe4,
	0x02, 0xe5, 0x76, 0x01, 0x00, 0x01, 0x90, 0xe4, 0x02, 0xff, 0x84, 0x2e, 0xff, 0x6e, 0x01, 0xd7,
	0x6e, 0x01, 0x8f, 0xe4, 0x02, 0xf1, 0xda, 0x2e, 0x00, 0x51, 0xff, 0x00, 0x18, 0xdd, 0x76, 0x01,
	0x00, 0xff, 0x99, 0xc8, 0x05, 0xff, 0x2e, 0x2f, 0xff, 0x6e, 0x01, 0xd7, 0x6e, 0x01, 0x8f, 0xe4,
	0x02, 0xf9, 0x6e, 0x19, 0x03, 0x00, 0x00, 0xc5, 0x06, 0xff, 0xd2, 0x05, 0xe5, 0x80, 0x01, 0x8f,
	0xd2, 0x05, 0xff, 0xcc, 0xfe, 0xff, 0x6e, 0x01, 0xd9, 0x6e, 0x01, 0x8d, 0xee, 0x02, 0xf3, 0x18,
	0xff, 0x00, 0x34, 0xff, 0x00, 0x18, 0xdc, 0x76, 0x01, 0x01, 0x00, 0x80, 0x82, 0x16, 0x00, 0x81,
	0x32, 0x12, 0x90, 0xe4, 0x02, 0xff, 0x88, 0x30, 0xff, 0x6e, 0x01, 0xd7, 0x6e, 0x01, 0x8f, 0xe4,
	0x02, 0xf1, 0xde, 0x30, 0x01, 0xa3, 0x09, 0xff, 0xe4, 0x02, 0xe5, 0x76, 0x01, 0x91, 0xc8, 0x05,
	0xff, 0x32, 0x31, 0xff, 0x6e, 0x01, 0xd7, 0x6e, 0x01, 0x8f, 0xe4, 0x02, 0xef, 0x6e, 0x19, 0x04,
	0x00, 0x00, 0x12, 0x0b, 0x78, 0xff, 0xe4, 0x02, 0xe1, 0x3e, 0x07, 0x94, 0xc8, 0x05, 0xf5, 0x74,
	0x19, 0xff, 0x74, 0x01, 0xe7, 0x74, 0x01, 0x8d, 0xea, 0x02, 0xfb, 0x6e, 0x19, 0x00, 0x88, 0xff,
	0x6e, 0x19, 0x82, 0x01, 0x00, 0xff, 0x6e, 0x19, 0xff, 0x01, 0x00, 0xf9, 0x01, 0x00, 0x93, 0x6e,
	0x19, 0xff, 0x6e, 0x19, 0xff, 0xb4, 0x03, 0x91, 0xa6, 0x13, 0xff, 0x6e, 0x19, 0xff, 0x6e, 0x01,
	0xd7, 0x6e, 0x01, 0x8f, 0xc2, 0x10, 0xf3, 0x6e, 0x19, 0x00, 0x69, 0xff, 0x0c, 0x08, 0xd0, 0x76,
	0x01, 0x81, 0xc6, 0xb4, 0x02, 0x01, 0x5e, 0x03, 0x83, 0x60, 0x00, 0x04, 0x00, 0x00, 0x00, 0x41,
	0x82, 0xff, 0x68, 0x19, 0xff, 0x68, 0x01, 0xdf, 0x68, 0x01, 0x91, 0x6a, 0x01, 0xf1, 0x62, 0x19,
	0x02, 0xdc, 0x03, 0x6c, 0xff, 0xd8, 0x02, 0xe2, 0x70, 0x01, 0x95, 0x76, 0x01, 0xff, 0x64, 0x19,
	0xff, 0x70, 0x01, 0xc1, 0x70, 0x01, 0x01, 0xff, 0x7f, 0x9b, 0x48, 0x04, 0xf1, 0x5c, 0x19, 0x01,
	0x48, 0x05, 0xff, 0xa6, 0x28, 0xe1, 0x6e, 0x01, 0x91, 0x70, 0x01, 0xff, 0x58, 0x19, 0xff, 0x6a,
	0x01, 0xd1, 0x6a, 0x01, 0x95, 0x70, 0x01, 0xfb, 0x58, 0x19, 0x01, 0xba, 0x06, 0xff, 0xa0, 0x08,
	0xd3, 0x80, 0x01, 0x01, 0x00, 0x80, 0x99, 0x58, 0x04, 0xff, 0x52, 0x19, 0xff, 0x68, 0x01, 0xd1,
	0x68, 0x01, 0x91, 0x6a, 0x01, 0xf1, 0x4c, 0x19, 0x01, 0x23, 0x08, 0xff, 0xa0, 0x08, 0xe3, 0x70,
	0x01, 0x95, 0x76, 0x01, 0xff, 0x4e, 0x19, 0xff, 0x70, 0x01, 0xc2, 0xc8, 0x05, 0x00, 0xff, 0x9b,
	0x48, 0x04, 0xf1, 0x46, 0x19, 0x02, 0x8f, 0x09, 0x6d, 0xff, 0xde, 0x02, 0xe0, 0x6e, 0x01, 0x91,
	0x70, 0x01, 0xff, 0x42, 0x19, 0xff, 0x6a, 0x01, 0xd1, 0x6a, 0x01, 0x95, 0x70, 0x01, 0xf1, 0x42,
	0x19, 0x00, 0xfc, 0xff, 0x26, 0x34, 0xe3, 0x36, 0x11, 0x00, 0x8a, 0xff, 0x3c, 0x19, 0xff, 0x3c,
	0x19, 0xe8, 0x3c, 0x11, 0x8c, 0x70, 0x01, 0xfb, 0x36, 0x19, 0x00, 0x6c, 0xff, 0x36, 0x19, 0x82,
	0x01, 0x00, 0xff, 0x36, 0x19, 0xff, 0x01, 0x00, 0xf9, 0x01, 0x00, 0x93, 0x36, 0x19, 0x8f, 0x36,
	0x19, 0x00, 0x70, 0xff, 0x36, 0x19, 0xea, 0xae, 0x03, 0x83, 0x01, 0x00, 0x8d, 0xb4, 0x03, 0xff,
	0x38, 0x19, 0xff, 0x70, 0x01, 0xd2, 0x7a, 0x13, 0x8e, 0x68, 0x01, 0xf1, 0x30, 0x19, 0x01, 0x70,
	0x02, 0xff, 0xda, 0x0a, 0xe4, 0x7a, 0x13, 0x8e, 0x70, 0x01, 0xff, 0x32, 0x19, 0xff, 0x6a, 0x01,
	0xd8, 0x7a, 0x13, 0x8e, 0x70, 0x01, 0xf1, 0x38, 0x19, 0x01, 0xdd, 0x03, 0xff, 0x70, 0x13, 0xe2,
	0x70, 0x13, 0x8e, 0x6e, 0x01, 0xff, 0x30, 0x19, 0xff, 0x68, 0x01, 0xd2, 0x70, 0x13, 0x8e, 0x6a,
	0x01, 0xf1, 0x32, 0x19, 0x02, 0x46, 0x05, 0x71, 0xff, 0xd8, 0x02, 0xe9, 0x70, 0x13, 0x8e, 0x76,
	0x01, 0xff, 0x38, 0x19, 0xff, 0x70, 0x01, 0xd0, 0x70, 0x13, 0x8e, 0x68, 0x01, 0xfb, 0x30, 0x19,
	0x01, 0xb7, 0x06, 0xff, 0xa0, 0x08, 0xe4, 0x7a, 0x13, 0x8e, 0x9c, 0x10, 0xff, 0x32, 0x19, 0xff,
	0x6a, 0x01, 0xd8, 0x7a, 0x13, 0x8e, 0x70, 0x01, 0xf1, 0x38, 0x19, 0x01, 0x24, 0x08, 0xff, 0xa0,
	0x08, 0xe1, 0x5e, 0x0e, 0x01, 0x0b, 0x5b, 0xff, 0x30, 0x19, 0xff, 0x68, 0x01, 0xe1, 0xc6, 0x0f,
	0x8f, 0x6a, 0x01, 0xf1, 0x32, 0x19, 0x01, 0x8d, 0x09, 0xff, 0x10, 0x1c, 0xe9, 0x36, 0x11, 0x8f,
	0x76, 0x01, 0xff, 0x38, 0x19, 0xff, 0x70, 0x01, 0xcf, 0x5e, 0x0e, 0x8f, 0x68, 0x01, 0xf1, 0x30,
	0x19, 0x02, 0xf9, 0x0a, 0x76, 0xff, 0xde, 0x02, 0xe2, 0xcc, 0x0f, 0x8f, 0x70, 0x01, 0xff, 0x32,
	0x19, 0xff, 0x70, 0x01, 0xdd, 0x3c, 0x11, 0x8d, 0x76, 0x01, 0xfb, 0x38, 0x19, 0x00, 0x6d, 0xff,
	0x38, 0x19, 0x82, 0x01, 0x00, 0xff, 0x38, 0x19, 0xff, 0x01, 0x00, 0xf9, 0x01, 0x00, 0x93, 0x38,
	0x19, 0x8f, 0x38, 0x19, 0x81, 0xb2, 0x0d, 0xff, 0x38, 0x19, 0xe5, 0xa2, 0x10, 0x8d, 0xac, 0x03,
	0xff, 0x30, 0x19, 0xff, 0x68, 0x01, 0xd3, 0x0a, 0x12, 0x8f, 0x6a, 0x01, 0xf1, 0x32, 0x19, 0x01,
	0x6d, 0x02, 0xff, 0xda, 0x0a, 0xe9, 0x7a, 0x13, 0x8f, 0x76, 0x01, 0xff, 0x38, 0x19, 0xff, 0x70,
	0x01, 0xcf, 0x98, 0x10, 0x8f, 0x68, 0x01, 0xf1, 0x30, 0x19, 0x01, 0xd9, 0x03, 0xff, 0x70, 0x13,
	0xe3, 0x06, 0x12, 0x8f, 0x70, 0x01, 0xff, 0x32, 0x19, 0xff, 0x6a, 0x01, 0xd7, 0x70, 0x13, 0x8f,
	0x70, 0x01, 0xf3, 0x38, 0x19, 0x00, 0x6e, 0xff, 0xe0, 0x02, 0xe0, 0x98, 0x10, 0x00, 0x2b, 0x8e,
	0x6e, 0x01, 0xff, 0x30, 0x19, 0xff, 0x68, 0x01, 0xd1, 0x00, 0x12, 0x8f, 0x6a, 0x01, 0xfb, 0x32,
	0x19, 0x01, 0xb4, 0x06, 0xff, 0xa0, 0x08, 0xe9, 0x7a, 0x13, 0x8d, 0x80, 0x01, 0xff, 0x38, 0x19,
	0xff, 0x70, 0x01, 0xd1, 0x9c, 0x10, 0x8f, 0x68, 0x01, 0xf1, 0x30, 0x19, 0x01, 0x20, 0x08, 0xff,
	0xa0, 0x08, 0xe3, 0x0a, 0x12, 0x8f, 0x70, 0x01, 0xff, 0x32, 0x19, 0xff, 0x6a, 0x01, 0xd7, 0x74,
	0x13, 0x8f, 0x70, 0x01, 0xf3, 0x38, 0x19, 0xff, 0x10, 0x1c, 0xe1, 0x5e, 0x0e, 0x8f, 0x6e, 0x01,
	0xff, 0x30, 0x19, 0xff, 0x68, 0x01, 0xd1, 0xc6, 0x0f, 0x8f, 0x6a, 0x01, 0xf1, 0x32, 0x19, 0x02,
	0xf6, 0x0a, 0x75, 0xff, 0xd8, 0x02, 0xe8, 0x36, 0x11, 0x8f, 0x76, 0x01, 0xff, 0x38, 0x19, 0xff,
	0x76, 0x01, 0xd5, 0x64, 0x0e, 0x8d, 0x6e, 0x01, 0xfb, 0x30, 0x19, 0x00, 0x69, 0xff, 0x30, 0x19,
	0x82, 0x01, 0x00, 0xff, 0x30, 0x19, 0xff, 0x01, 0x00, 0xf9, 0x01, 0x00, 0x93, 0x30, 0x19, 0x8f,
	0x30, 0x19, 0x81, 0xca, 0x29, 0xff, 0x30, 0x19, 0xe7, 0x10, 0x12, 0x8f, 0x32, 0x0f, 0xff, 0x32,
	0x19, 0xff, 0x6a, 0x01, 0xd7, 0x7a, 0x13, 0x8f, 0x70, 0x01, 0xf1, 0x38, 0x19, 0x00, 0x71, 0xff,
	0x9a, 0x4b, 0xe2, 0x98, 0x10, 0x00, 0xb0, 0xff, 0x76, 0x7e, 0xff, 0xde, 0x02, 0xe2, 0x00, 0x12,
	0x8f, 0x6a, 0x01, 0xf1, 0x32, 0x19, 0x00, 0xda, 0xff, 0x9a, 0x4b, 0xea, 0x70, 0x13, 0x8f, 0x76,
	0x01, 0xff, 0x38, 0x19, 0xff, 0x70, 0x01, 0xcf, 0x98, 0x10, 0x8f, 0x68, 0x01, 0xf3, 0x30, 0x19,
	0xff, 0x1a, 0x40, 0xe3, 0x06, 0x12, 0x8f, 0x70, 0x01, 0xff, 0x32, 0x19, 0xff, 0x6a, 0x01, 0xd7,
	0x70, 0x13, 0x8f, 0x70, 0x01, 0xfb, 0x38, 0x19, 0x00, 0xb8, 0xff, 0x9a, 0x4b, 0xe2, 0xa2, 0x10,
	0x8d, 0x78, 0x01, 0xff, 0x30, 0x19, 0xff, 0x68, 0x01, 0xd3, 0x0a, 0x12, 0x8f, 0x6a, 0x01, 0xf1,
	0x32, 0x19, 0x00, 0x21, 0xff, 0x9a, 0x4b, 0xea, 0x7a, 0x13, 0x8f, 0x76, 0x01, 0xff, 0x38, 0x19,
	0xff, 0x70, 0x01, 0xcf, 0x5e, 0x0e, 0x8f, 0x68, 0x01, 0xf3, 0x30, 0x19, 0xff, 0x10, 0x1c, 0xe3,
	0xcc, 0x0f, 0x8f, 0x70, 0x01, 0xff, 0x32, 0x19, 0xff, 0x6a, 0x01, 0xd7, 0x36, 0x11, 0x8f, 0x70,
	0x01, 0xf1, 0x38, 0x19, 0x00, 0xfa, 0xff, 0x9a, 0x4b, 0xe3, 0x36, 0x11, 0xff, 0xd6, 0x64, 0xff,
	0x30, 0x19, 0xe9, 0x3c, 0x11, 0x8c, 0x70, 0x01, 0xfb, 0x32, 0x19, 0x00, 0x6a, 0xff, 0x32, 0x19,
	0x82, 0x01, 0x00, 0xff, 0x32, 0x19, 0xff, 0x01, 0x00, 0xf9, 0x01, 0x00, 0x93, 0x32, 0x19, 0xff,
	0x9a, 0x4b, 0xff, 0x7a, 0x13, 0x81, 0x01, 0x00, 0x8d, 0xb4, 0x03, 0xff, 0x38, 0x19, 0xff, 0x70,
	0x01, 0xd2, 0x7a, 0x13, 0x8e, 0x68, 0x01, 0xff, 0x9a, 0x4b, 0xff, 0x6e, 0x01, 0xd8, 0x7a, 0x13,
	0xff, 0x34, 0x7e, 0xff, 0xd8, 0x02, 0xe9, 0x7a, 0x13, 0x8e, 0x70, 0x01, 0xff, 0x9a, 0x4b, 0xff,
	0x76, 0x01, 0xd6, 0x70, 0x13, 0xff, 0x2e, 0x7e, 0xff, 0xde, 0x02, 0xe3, 0x70, 0x13, 0x8e, 0x6a,
	0x01, 0xff, 0x9a, 0x4b, 0xff, 0x70, 0x01, 0xde, 0x70, 0x13, 0xff, 0x2a, 0x7e, 0xff, 0xe0, 0x02,
	0xe1, 0x70, 0x13, 0x8e, 0x68, 0x01, 0xff, 0x9a, 0x4b, 0xff, 0x78, 0x01, 0xe2, 0x7a, 0x13, 0xff,
	0x1e, 0x7e, 0xff, 0xe2, 0x02, 0xe9, 0x7a, 0x13, 0x8e, 0x70, 0x01, 0xff, 0x9a, 0x4b, 0xff, 0x76,
	0x01, 0xd5, 0x5e, 0x0e, 0x01, 0xa1, 0x90, 0xff, 0x30, 0x19, 0xff, 0x68, 0x01, 0xe1, 0xc6, 0x0f,
	0x8f, 0x6a, 0x01, 0xff, 0x9a, 0x4b, 0xff, 0x70, 0x01, 0xdd, 0x36, 0x11, 0x8f, 0x76, 0x01, 0xff,
	0x38, 0x19, 0xff, 0x70, 0x01, 0xcf, 0x5e, 0x0e, 0x8f, 0x68, 0x01, 0xff, 0x9a, 0x4b, 0xff, 0x6e,
	0x01, 0xd7, 0xcc, 0x0f, 0x8f, 0x70, 0x01, 0xff, 0x32, 0x19, 0xff, 0x70, 0x01, 0xdd, 0x3c, 0x11,
	0x8d, 0x76, 0x01, 0xff, 0x9a, 0x4b, 0xff, 0x38, 0x19, 0xff, 0x38, 0x19, 0xff, 0x01, 0x00, 0xfb,
	0x01, 0x00, 0x93, 0x38, 0x19, 0xff, 0x9a, 0x4b, 0xfb, 0xa2, 0x10, 0x8d, 0xac, 0x03, 0xff, 0x30,
	0x19, 0xff, 0x68, 0x01, 0xd3, 0x0a, 0x12, 0x8f, 0x6a, 0x01, 0xff, 0x9a, 0x4b, 0xff, 0x70, 0x01,
	0xdd, 0x7a, 0x13, 0x8f, 0x76, 0x01, 0xff, 0x38, 0x19, 0xff, 0x70, 0x01, 0xcf, 0x98, 0x10, 0x8f,
	0x68, 0x01, 0xff, 0x9a, 0x4b, 0xff, 0x6e, 0x01, 0xd7, 0x06, 0x12, 0x8f, 0x70, 0x01, 0xff, 0x32,
	0x19, 0xff, 0x6a, 0x01, 0xd7, 0x70, 0x13, 0x8f, 0x70, 0x01, 0xff, 0x9a, 0x4b, 0xff, 0x76, 0x01,
	0xd6, 0x70, 0x13, 0x00, 0x91, 0xff, 0x30, 0x19, 0xff, 0x68, 0x01, 0xe2, 0x70, 0x13, 0x8e, 0x6a,
	0x01, 0xff, 0x9a, 0x4b, 0xff, 0x7a, 0x01, 0xe8, 0x7a, 0x13, 0x8c, 0x80, 0x01, 0xff, 0x38, 0x19,
	0xff, 0x70, 0x01, 0xd2, 0x7a, 0x13, 0x8e, 0x68, 0x01, 0xff, 0x9a, 0x4b, 0xff, 0x6e, 0x01, 0xd8,
	0x7a, 0x13, 0x8e, 0x70, 0x01, 0xff, 0x32, 0x19, 0xff, 0x6a, 0x01, 0xd8, 0x74, 0x13, 0x8e, 0x70,
	0x01, 0xff, 0x9a, 0x4b, 0xff, 0x76, 0x01, 0xd6, 0x36, 0x11, 0x8e, 0x6e, 0x01, 0xff, 0x30, 0x19,
	0xff, 0x68, 0x01, 0xd2, 0x36, 0x11, 0x8e, 0x6a, 0x01, 0xff, 0x9a, 0x4b, 0xff, 0x70, 0x01, 0xde,
	0x36, 0x11, 0x8e, 0x76, 0x01, 0xff, 0x38, 0x19, 0xff, 0x76, 0x01, 0xd6, 0x3c, 0x11, 0x8c, 0x6e,
	0x01, 0xff, 0x9a, 0x4b, 0xff, 0x30, 0x19, 0xff, 0x30, 0x19, 0xff, 0x01, 0x00, 0xfb, 0x01, 0x00,
	0x93, 0x30, 0x19, 0xff, 0x9a, 0x4b, 0xfe, 0x7a, 0x13, 0x8e, 0x32, 0x0f, 0xff, 0x32, 0x19, 0xff,
	0x6a, 0x01, 0xd8, 0x7a, 0x13, 0x8e, 0x70, 0x01, 0xff, 0x9a, 0x4b, 0xff, 0x76, 0x01, 0xd6, 0x7a,
	0x13, 0x00, 0x9c, 0xff, 0x30, 0x19, 0xff, 0x68, 0x01, 0xe2, 0x7a, 0x13, 0x8e, 0x6a, 0x01, 0xff,
	0x9a, 0x4b, 0xff, 0x70, 0x01, 0xde, 0x70, 0x13, 0x8e, 0x76, 0x01, 0xff, 0x38, 0x19, 0xff, 0x70,
	0x01, 0xd0, 0x70, 0x13, 0x8e, 0x68, 0x01, 0xff, 0x9a, 0x4b, 0xff, 0x6e, 0x01, 0xd8, 0x70, 0x13,
	0x8e, 0x70, 0x01, 0xff, 0x32, 0x19, 0xff, 0x6a, 0x01, 0xd8, 0x70, 0x13, 0x8e, 0x70, 0x01, 0xff,
	0x9a, 0x4b, 0xff, 0x80, 0x01, 0xe0, 0x7a, 0x13, 0x8c, 0x78, 0x01, 0xff, 0x30, 0x19, 0xff, 0x68,
	0x01, 0xd4, 0x7a, 0x13, 0x8e, 0x6a, 0x01, 0xff, 0x9a, 0x4b, 0xff, 0x70, 0x01, 0xde, 0x7a, 0x13,
	0x8e, 0x76, 0x01, 0xff, 0x38, 0x19, 0xff, 0x70, 0x01, 0xd0, 0x74, 0x13, 0x8e, 0x68, 0x01, 0xff,
	0x9a, 0x4b, 0xff, 0x6e, 0x01, 0xd8, 0x36, 0x11, 0x8e, 0x70, 0x01, 0xff, 0x32, 0x19, 0xff, 0x6a,
	0x01, 0xd8, 0x36, 0x11, 0x8e, 0x70, 0x01, 0xff, 0x9a, 0x4b, 0xff, 0x76, 0x01, 0xd6, 0x36, 0x11,
	0x00, 0x9d, 0xff, 0x30, 0x19, 0xff, 0x30, 0x19, 0xe8, 0x3c, 0x11, 0x8c, 0x70, 0x01, 0xff, 0x9a,
	0x4b, 0xff, 0x32, 0x19, 0xff, 0x32, 0x19, 0xff, 0x01, 0x00, 0xfb, 0x01, 0x00, 0x93, 0x32, 0x19,
	0xff, 0x9a, 0x4b, 0xff, 0x7a, 0x13, 0x81, 0x01, 0x00, 0x8d, 0xb4, 0x03, 0xff, 0x38, 0x19, 0xff,
	0x70, 0x01, 0xd2, 0x7a, 0x13, 0x8e, 0x68, 0x01, 0xff, 0x9a, 0x4b, 0xff, 0x6e, 0x01, 0xd8, 0x7a,
	0x13, 0x8e, 0x70, 0x01, 0xff, 0x32, 0x19, 0xff, 0x6a, 0x01, 0xd8, 0x7a, 0x13, 0x8e, 0x70, 0x01,
	0xff, 0x9a, 0x4b, 0xff, 0x76, 0x01, 0xd6, 0x70, 0x13, 0x8e, 0x6e, 0x01, 0xff, 0x30, 0x19, 0xff,
	0x68, 0x01, 0xd2, 0x70, 0x13, 0x8e, 0x6a, 0x01, 0xff, 0x9a, 0x4b, 0xff, 0x70, 0x01, 0xde, 0x70,
	0x13, 0x8e, 0x76, 0x01, 0xff, 0x38, 0x19, 0xff, 0x70, 0x01, 0xd0, 0x70, 0x13, 0x8e, 0x68, 0x01,
	0xff, 0x9a, 0x4b, 0xff, 0x78, 0x01, 0xe2, 0x7a, 0x13, 0x8e, 0x9c, 0x10, 0xff, 0x32, 0x19, 0xff,
	0x6a, 0x01, 0xd8, 0x7a, 0x13, 0x8e, 0x70, 0x01, 0xf3, 0x9a, 0x4b, 0x00, 0xcb, 0xff, 0xe0, 0x02,
	0x01, 0x5e, 0x11, 0x82, 0x6e, 0xdc, 0x05, 0x00, 0x5e, 0x00, 0xd6, 0x40, 0x1b, 0x81, 0x1c, 0x01,
	0x03, 0x1b, 0x5e, 0x5a, 0xa5, 0x81, 0x0e, 0x00, 0x02, 0x83, 0xdb, 0x60, 0x82, 0x10, 0x00, 0x02,
	0xc0, 0x58, 0x48, 0x81, 0x2e, 0x00, 0x06, 0xd6, 0x00, 0x1f, 0x68, 0x5e, 0x06, 0x58, 0xff, 0xfa,
	0x18, 0xff, 0x32, 0x01, 0x97, 0x32, 0x01, 0x00, 0x68, 0xa0, 0x32, 0x01, 0xff, 0xac, 0xe2, 0xff,
	0x32, 0x01, 0x87, 0x32, 0x01, 0x00, 0x70, 0xa0, 0x32, 0x01, 0xf1, 0x70, 0xe2, 0x02, 0xef, 0x09,
	0xd4, 0xff, 0x9c, 0x03, 0x98, 0x38, 0x01, 0x00, 0x78, 0xa0, 0x38, 0x01, 0xff, 0x32, 0xe2, 0xf5,
	0x32, 0x01, 0x04, 0x01, 0x5e, 0x00, 0xd6, 0x41, 0x86, 0x32, 0x01, 0x81, 0x0e, 0x00, 0x02, 0x83,
	0xdb, 0x61, 0x82, 0x10, 0x00, 0x03, 0xc1, 0x58, 0x48, 0x5e, 0x81, 0x10, 0x00, 0x00, 0x01, 0x92,
	0x32, 0x01, 0xff, 0x12, 0x18, 0xff, 0x38, 0x01, 0x8d, 0x38, 0x01, 0x00, 0x69, 0x9e, 0x38, 0x01,
	0xfb, 0xda, 0x17, 0x02, 0xc1, 0x0b, 0x00, 0xff, 0xda, 0x17, 0x00, 0x00, 0xff, 0xda, 0x17, 0xff,
	0x01, 0x00, 0xfb, 0x01, 0x00, 0x93, 0xda, 0x17, 0x8f, 0xda, 0x17, 0x00, 0xcf, 0xff, 0xda, 0x17,
	0xa0, 0x76, 0x03, 0x00, 0x71, 0x9e, 0x76, 0x03, 0xff, 0x9c, 0x17, 0xff, 0x32, 0x01, 0x89, 0x32,
	0x01, 0x00, 0x79, 0xa0, 0x32, 0x01, 0xff, 0xa6, 0xfa, 0xf5, 0x32, 0x01, 0x04, 0x02, 0x5e, 0x00,
	0xd6, 0x42, 0x86, 0x32, 0x01, 0x81, 0x0e, 0x00, 0x02, 0x83, 0xdb, 0x62, 0x82, 0x10, 0x00, 0x03,
	0xc2, 0x58, 0x48, 0x5e, 0x81, 0x10, 0x00, 0x00, 0x02, 0x92, 0x32, 0x01, 0xf1, 0x6a, 0xfa, 0x01,
	0xcf, 0x02, 0xff, 0x18, 0x0d, 0x99, 0x38, 0x01, 0x00, 0x6a, 0xa0, 0x38, 0x01, 0xff, 0x2c, 0xfa,
	0xff, 0x32, 0x01, 0x87, 0x32, 0x01, 0x00, 0x72, 0xa0, 0x32, 0x01, 0xff, 0xb4, 0x16, 0xff, 0x32,
	0x01, 0x87, 0x32, 0x01, 0x00, 0x7a, 0xa0, 0x32, 0x01, 0xf1, 0x7c, 0x16, 0x02, 0x9a, 0x04, 0xd0,
	0xff, 0x9c, 0x03, 0x84, 0x38, 0x01, 0x04, 0x03, 0x5e, 0x00, 0xd6, 0x43, 0x86, 0x38, 0x01, 0x81,
	0x0e, 0x00, 0x02, 0x83, 0xdb, 0x63, 0x82, 0x10, 0x00, 0x03, 0xc3, 0x58, 0x48, 0x5e, 0x81, 0x10,
	0x00, 0x00, 0x03, 0x92, 0x38, 0x01, 0xff, 0x3e, 0x16, 0xff, 0x32, 0x01, 0x87, 0x32, 0x01, 0x00,
	0x6b, 0xa0, 0x32, 0x01, 0xff, 0x32, 0xf9, 0xff, 0x3c, 0x01, 0x91, 0x3c, 0x01, 0x00, 0x73, 0x9e,
	0x3c, 0x01, 0xf3, 0xf6, 0xf8, 0x01, 0x6a, 0x06, 0xff, 0x42, 0x07, 0x99, 0x38, 0x01, 0x00, 0x7b,
	0xa0, 0x38, 0x01, 0xff, 0xb8, 0xf8, 0xf5, 0x32, 0x01, 0x04, 0x04, 0x5e, 0x00, 0xd6, 0x44, 0x86,
	0x32, 0x01, 0x81, 0x0e, 0x00, 0x02, 0x83, 0xdb, 0x64, 0x82, 0x10, 0x00, 0x03, 0xc4, 0x58, 0x48,
	0x5e, 0x81, 0x10, 0x00, 0x00, 0x04, 0xff, 0x8c, 0x15, 0xff, 0x8c, 0x15, 0x9c, 0x32, 0x01, 0x00,
	0x6c, 0xa0, 0x32, 0x01, 0xf1, 0x50, 0x2e, 0x02, 0x35, 0x08, 0xce, 0xff, 0x9c, 0x03, 0x98, 0x38,
	0x01, 0x00, 0x74, 0xa0, 0x38, 0x01, 0xff, 0x18, 0x2e, 0xff, 0x32, 0x01, 0x87, 0x32, 0x01, 0x00,
	0x7c, 0xa0, 0x32, 0x01, 0xff, 0x8c, 0x15, 0xf5, 0x32, 0x01, 0x04, 0x05, 0x5e, 0x00, 0xd6, 0x45,
	0x86, 0x32, 0x01, 0x81, 0x0e, 0x00, 0x02, 0x83, 0xdb, 0x65, 0x82, 0x10, 0x00, 0x03, 0xc5, 0x58,
	0x48, 0x5e, 0x81, 0x10, 0x00, 0x00, 0x05, 0xff, 0x8c, 0x15, 0x88, 0x8c, 0x15, 0x04, 0x00, 0x00,
	0x03, 0x0a, 0x9f, 0xff, 0x82, 0xf7, 0x98, 0x3e, 0x01, 0x00, 0x6d, 0x9e, 0x3e, 0x01, 0xfb, 0x92,
	0x15, 0x02, 0xa0, 0x0a, 0x00, 0xff, 0x92, 0x15, 0x00, 0x00, 0xff, 0x92, 0x15, 0xff, 0x01, 0x00,
	0xfb, 0x01, 0x00, 0x93, 0x92, 0x15, 0x8f, 0x92, 0x15, 0x00, 0x36, 0xff, 0x92, 0x15, 0xa0, 0x76,
	0x03, 0x00, 0x75, 0x9e, 0x76, 0x03, 0xff, 0x92, 0x15, 0xff, 0x32, 0x01, 0x89, 0x32, 0x01, 0x00,
	0x7d, 0xa0, 0x32, 0x01, 0xf1, 0xf8, 0x2c, 0x02, 0x36, 0x02, 0x66, 0xff, 0x82, 0x09, 0xd0, 0xee,
	0x22, 0x01, 0x80, 0x4d, 0x86, 0xd8, 0x2f, 0x00, 0x85, 0xff, 0xee, 0xaa, 0xff, 0xf2, 0x2c, 0xdd,
	0x64, 0x01, 0x81, 0xde, 0x02, 0xff, 0xee, 0xaa, 0x81, 0xea, 0x2c, 0x00, 0x9c, 0xff, 0xea, 0x2c,
	0xe2, 0x6e, 0x01, 0x83, 0x01, 0x00, 0xff, 0xf2, 0xaa, 0xff, 0x3c, 0x16, 0xd5, 0x6e, 0x01, 0x84,
	0xd0, 0x2f, 0x90, 0x40, 0x04, 0xf1, 0x6e, 0x16, 0x01, 0x05, 0x05, 0x81, 0x88, 0x35, 0xff, 0x6a,
	0x01, 0xd9, 0x6a, 0x01, 0x93, 0xd2, 0x02, 0xff, 0xa4, 0x16, 0xff, 0x68, 0x01, 0xcf, 0x68, 0x01,
	0x95, 0x40, 0x04, 0xfb, 0xe8, 0x2c, 0x01, 0x75, 0x06, 0xff, 0x90, 0x08, 0xd5, 0x7e, 0x01, 0x84,
	0xd2, 0x2f, 0x8e, 0x50, 0x04, 0xff, 0xe2, 0x2c, 0xff, 0x64, 0x01, 0xcd, 0x64, 0x01, 0x91, 0xdc,
	0x02, 0xf3, 0xda, 0x2c, 0x01, 0xdb, 0x07, 0xff, 0x90, 0x08, 0xe1, 0x6e, 0x01, 0x93, 0x50, 0x04,
	0xff, 0x8a, 0x17, 0xff, 0x6e, 0x01, 0xc6, 0xbe, 0x05, 0x83, 0xc0, 0x2f, 0x90, 0x40, 0x04, 0xf1,
	0xbc, 0x17, 0x02, 0x44, 0x09, 0x6b, 0xff, 0xd8, 0x02, 0xdc, 0x6a, 0x01, 0x93, 0xd2, 0x02, 0xff,
	0xf2, 0x17, 0xff, 0x68, 0x01, 0xcf, 0x68, 0x01, 0x95, 0x40, 0x04, 0xf1, 0x08, 0x46, 0x01, 0xaf,
	0x0a, 0xff, 0x62, 0xf9, 0xd1, 0x74, 0x01, 0x00, 0x81, 0x98, 0x16, 0x11, 0xff, 0xf2, 0x2d, 0xff,
	0x6a, 0x01, 0xd3, 0x6a, 0x01, 0x91, 0xd8, 0x02, 0xfb, 0x96, 0x18, 0x00, 0x1c, 0xff, 0x02, 0x46,
	0x82, 0x01, 0x00, 0xff, 0x96, 0x18, 0xff, 0x01, 0x00, 0xf9, 0x01, 0x00, 0x93, 0x96, 0x18, 0xff,
	0x64, 0x78, 0xfb, 0xac, 0x03, 0x83, 0x01, 0x00, 0xff, 0x04, 0xc4, 0xff, 0xd2, 0x18, 0xd5, 0x6e,
	0x01, 0x97, 0x5a, 0x13, 0xf3, 0x64, 0x78, 0xff, 0xca, 0x0a, 0xdd, 0x6a, 0x01, 0x93, 0xd2, 0x02,
	0xff, 0x08, 0x19, 0xff, 0x68, 0x01, 0xcf, 0x68, 0x01, 0x95, 0x40, 0x04, 0xf1, 0x0e, 0x19, 0x01,
	0xd8, 0x03, 0xff, 0x50, 0x13, 0xd5, 0x74, 0x01, 0x95, 0x50, 0x13, 0xff, 0x04, 0x19, 0xff, 0x64,
	0x01, 0xcd, 0x64, 0x01, 0x93, 0xd2, 0x02, 0xf1, 0x08, 0x19, 0x00, 0x3e, 0xff, 0x54, 0x78, 0xe2,
	0x6e, 0x01, 0x95, 0x46, 0x04, 0xff, 0x0e, 0x19, 0xff, 0x6e, 0x01, 0xc4, 0xb4, 0x05, 0x94, 0x50,
	0x13, 0xfd, 0x04, 0x19, 0x01, 0xac, 0x06, 0xff, 0x90, 0x08, 0xdd, 0x74, 0x01, 0x91, 0xdc, 0x02,
	0xff, 0x08, 0x19, 0xff, 0x68, 0x01, 0xd1, 0x68, 0x01, 0x93, 0x4a, 0x04, 0xf3, 0x0e, 0x19, 0x01,
	0x17, 0x08, 0xff, 0x90, 0x08, 0xd1, 0x74, 0x01, 0x00, 0x82, 0x9a, 0x5a, 0x13, 0xff, 0x04, 0x19,
	0xff, 0x64, 0x01, 0xcb, 0x64, 0x01, 0x93, 0xd2, 0x02, 0xf1, 0x08, 0x19, 0x00, 0x7d, 0xff, 0x44,
	0x78, 0xe2, 0x6e, 0x01, 0x95, 0x46, 0x04, 0xff, 0x0e, 0x19, 0xff, 0x6e, 0x01, 0xc3, 0x6e, 0x01,
	0x95, 0x16, 0x11, 0xf3, 0x04, 0x19, 0x02, 0xe6, 0x0a, 0x74, 0xff, 0xd8, 0x02, 0xdc, 0x6a, 0x01,
	0x93, 0xd2, 0x02, 0xff, 0x08, 0x19, 0xff, 0x6e, 0x01, 0xd5, 0x6e, 0x01, 0x93, 0x46, 0x04, 0xfb,
	0x0e, 0x19, 0x00, 0x58, 0xff, 0x0e, 0x19, 0x82, 0x01, 0x00, 0xff, 0x0e, 0x19, 0xff, 0x01, 0x00,
	0xf9, 0x01, 0x00, 0x93, 0x0e, 0x19, 0x8f, 0x0e, 0x19, 0x00, 0x6a, 0xff, 0x0e, 0x19, 0xdc, 0xb2,
	0x03, 0x97, 0x5a, 0x13, 0xff, 0x04, 0x19, 0xff, 0x64, 0x01, 0xcb, 0x64, 0x01, 0x81, 0x70, 0x02,
	0xff, 0x08, 0x19, 0x81, 0x08, 0x19, 0x00, 0x6a, 0xff, 0x34, 0x78, 0xe2, 0x6e, 0x01, 0x83, 0x01,
	0x00, 0xff, 0x0e, 0x19, 0xff, 0x0e, 0x19, 0xd6, 0xf2, 0x07, 0x96, 0x5a, 0x13, 0xf1, 0x04, 0x19,
	0x01, 0xd3, 0x03, 0xff, 0x50, 0x13, 0xdd, 0x6a, 0x01, 0x93, 0xd2, 0x02, 0xff, 0x08, 0x19, 0xff,
	0x68, 0x01, 0xcf, 0x68, 0x01, 0x95, 0x40, 0x04, 0xf3, 0x0e, 0x19, 0xff, 0xdc, 0x02, 0xd1, 0x74,
	0x01, 0x00, 0x83, 0x9a, 0xc0, 0x37, 0xff, 0x04, 0x19, 0xff, 0x64, 0x01, 0xcb, 0x64, 0x01, 0x93,
	0xd2, 0x02, 0xfb, 0x08, 0x19, 0x00, 0xa9, 0xff, 0x24, 0x78, 0xe2, 0x78, 0x01, 0x93, 0x50, 0x04,
	0xff, 0x0e, 0x19, 0xff, 0x6e, 0x01, 0xc5, 0x6e, 0x01, 0x97, 0x5a, 0x13, 0xf1, 0x04, 0x19, 0x01,
	0x12, 0x08, 0xff, 0xb4, 0x05, 0xdd, 0x6a, 0x01, 0x93, 0xd2, 0x02, 0xff, 0x08, 0x19, 0xff, 0x68,
	0x01, 0xcf, 0x68, 0x01, 0x95, 0x40, 0x04, 0xf3, 0x0e, 0x19, 0xff, 0xe0, 0x1b, 0xd5, 0x74, 0x01,
	0x97, 0xc0, 0x37, 0xff, 0x04, 0x19, 0xff, 0x64, 0x01, 0xcb, 0x64, 0x01, 0x93, 0xd2, 0x02, 0xf1,
	0x08, 0x19, 0x00, 0xe3, 0xff, 0x14, 0x78, 0xe2, 0x6e, 0x01, 0x95, 0x46, 0x04, 0xff, 0x0e, 0x19,
	0xff, 0x74, 0x01, 0xca, 0xba, 0x05, 0x94, 0x1c, 0x11, 0xfb, 0x04, 0x19, 0x00, 0x53, 0xff, 0x04,
	0x19, 0x82, 0x01, 0x00, 0xff, 0x04, 0x19, 0xff, 0x01, 0x00, 0xf9, 0x01, 0x00, 0x93, 0x04, 0x19,
	0x8f, 0x04, 0x19, 0x81, 0x20, 0x37, 0xff, 0x04, 0x19, 0xe1, 0xa8, 0x03, 0x81, 0x0c, 0x01, 0xff,
	0x08, 0x19, 0xff, 0x08, 0x19, 0xe1, 0x68, 0x01, 0x83, 0x01, 0x00, 0xff, 0x0e, 0x19, 0x81, 0x0e,
	0x19, 0x00, 0x6f, 0xff, 0x1a, 0x4b, 0xd2, 0x74, 0x01, 0x89, 0x48, 0x48, 0x8f, 0x46, 0xde, 0xff,
	0x04, 0x19, 0xff, 0x64, 0x01, 0xcb, 0x64, 0x01, 0x81, 0xd2, 0x02, 0x8f, 0x68, 0x01, 0xf1, 0x08,
	0x19, 0x00, 0xd5, 0xff, 0x1a, 0x4b, 0xe2, 0x6e, 0x01, 0x83, 0x01, 0x00, 0x8f, 0x74, 0x01, 0xff,
	0x0e, 0x19, 0xff, 0x6e, 0x01, 0xc3, 0x6e, 0x01, 0x85, 0x7e, 0x10, 0x8f, 0x64, 0x01, 0xf3, 0x04,
	0x19, 0xff, 0x1a, 0x4b, 0xdd, 0x6a, 0x01, 0x93, 0xd2, 0x02, 0xff, 0x08, 0x19, 0xff, 0x68, 0x01,
	0xcf, 0x68, 0x01, 0x95, 0x40, 0x04, 0xfb, 0x0e, 0x19, 0x00, 0xae, 0xff, 0x1a, 0x4b, 0xd6, 0x7e,
	0x01, 0x85, 0x88, 0x10, 0xff, 0xf8, 0xf5, 0xff, 0x04, 0x19, 0xdd, 0x64, 0x01, 0x91, 0xdc, 0x02,
	0xf3, 0x08, 0x19, 0x00, 0x14, 0xff, 0x8e, 0xc3, 0xe2, 0x6e, 0x01, 0x93, 0x50, 0x04, 0xff, 0x0e,
	0x19, 0xff, 0x6e, 0x01, 0xc6, 0xbe, 0x05, 0x84, 0x44, 0x0e, 0xff, 0xf0, 0xf5, 0x83, 0x04, 0x19,
	0xff, 0xe0, 0x1b, 0xdd, 0x6a, 0x01, 0x93, 0xd2, 0x02, 0xff, 0x08, 0x19, 0xff, 0x68, 0x01, 0xcf,
	0x68, 0x01, 0x95, 0x40, 0x04, 0xf1, 0x0e, 0x19, 0x00, 0xe8, 0xff, 0x1a, 0x4b, 0xd2, 0x74, 0x01,
	0x89, 0x04, 0x46, 0xff, 0xe8, 0xf5, 0xff, 0x04, 0x19, 0xe7, 0x6e, 0x47, 0xff, 0xe8, 0xf5, 0x89,
	0x08, 0x19, 0x00, 0x55, 0xff, 0x08, 0x19, 0x82, 0x01, 0x00, 0xff, 0x08, 0x19, 0xff, 0x01, 0x00,
	0xf9, 0x01, 0x00, 0x93, 0x08, 0x19, 0xff, 0x1a, 0x4b, 0xff, 0x1a, 0x4b, 0xff, 0xec, 0xf5, 0xff,
	0x0e, 0x19, 0xd7, 0x6e, 0x01, 0x97, 0x5a, 0x13, 0xff, 0x1a, 0x4b, 0xff, 0x6a, 0x01, 0xd5, 0xb2,
	0x49, 0xff, 0x08, 0x19, 0xff, 0x08, 0x19, 0xe1, 0x68, 0x01, 0x95, 0x40, 0x04, 0xff, 0x1a, 0x4b,
	0xff, 0x74, 0x01, 0xd1, 0x48, 0x48, 0xff, 0x04, 0x19, 0xff, 0x04, 0x19, 0xdd, 0x64, 0x01, 0x93,
	0xd2, 0x02, 0xff, 0x1a, 0x4b, 0xff, 0x6e, 0x01, 0xdb, 0x1a, 0x4b, 0xff, 0x0e, 0x19, 0xff, 0x0e,
	0x19, 0xd6, 0xb4, 0x05, 0x94, 0x50, 0x13, 0xff, 0x1a, 0x4b, 0xff, 0x90, 0x08, 0xdd, 0x74, 0x01,
	0x91, 0xdc, 0x02, 0xff, 0x08, 0x19, 0xff, 0x68, 0x01, 0xd1, 0x68, 0x01, 0x93, 0x4a, 0x04, 0xff,
	0x1a, 0x4b, 0xff, 0x74, 0x01, 0xc7, 0x74, 0x01, 0x89, 0x48, 0x48, 0xff, 0x04, 0x19, 0xff, 0x04,
	0x19, 0xdd, 0x64, 0x01, 0x93, 0xd2, 0x02, 0xff, 0x1a, 0x4b, 0xff, 0x6e, 0x01, 0xdb, 0x1a, 0x4b,
	0xff, 0x0e, 0x19, 0xff, 0x0e, 0x19, 0xd5, 0x6e, 0x01, 0x95, 0x16, 0x11, 0xff, 0x1a, 0x4b, 0xff,
	0x6a, 0x01, 0xd3, 0x6a, 0x01, 0x93, 0xd2, 0x02, 0xff, 0x08, 0x19, 0xff, 0x6e, 0x01, 0xdb, 0x1a,
	0x4b, 0xff, 0x0e, 0x19, 0xff, 0x1a, 0x4b, 0xff, 0x0e, 0x19, 0xff, 0x01, 0x00, 0xff, 0x01, 0x00,
	0x89, 0x01, 0x00, 0x93, 0x0e, 0x19, 0xff, 0x1a, 0x4b, 0xf7, 0x48, 0x48, 0xff, 0x04, 0x19, 0xff,
	0x04, 0x19, 0xdd, 0x64, 0x01, 0x81, 0x70, 0x02, 0xff, 0x08, 0x19, 0xff, 0x1a, 0x4b, 0xed, 0x1a,
	0x4b, 0xff, 0x0e, 0x19, 0xff, 0x0e, 0x19, 0xd6, 0xf2, 0x07, 0x96, 0x5a, 0x13, 0xff, 0x1a, 0x4b,
	0xff, 0x6a, 0x01, 0xd5, 0xb2, 0x49, 0xff, 0x08, 0x19, 0xff, 0x08, 0x19, 0xe1, 0x68, 0x01, 0x95,
	0x40, 0x04, 0xff, 0x1a, 0x4b, 0xff, 0x74, 0x01, 0xd1, 0x3e, 0x48, 0xff, 0x04, 0x19, 0xff, 0x04,
	0x19, 0xdd, 0x64, 0x01, 0x93, 0xd2, 0x02, 0xff, 0x1a, 0x4b, 0xff, 0x78, 0x01, 0xe5, 0x1a, 0x4b,
	0xff, 0x0e, 0x19, 0xff, 0x0e, 0x19, 0xd5, 0x6e, 0x01, 0x97, 0x5a, 0x13, 0xff, 0x1a, 0x4b, 0xff,
	0x6a, 0x01, 0xd5, 0xb2, 0x49, 0xff, 0x08, 0x19, 0xff, 0x08, 0x19, 0xe1, 0x68, 0x01, 0x95, 0x40,
	0x04, 0xff, 0x1a, 0x4b, 0xff, 0x74, 0x01, 0xd1, 0x48, 0x48, 0xff, 0x04, 0x19, 0xff, 0x04, 0x19,
	0xdd, 0x64, 0x01, 0x93, 0xd2, 0x02, 0xff, 0x1a, 0x4b, 0xff, 0x6e, 0x01, 0xdb, 0x1a, 0x4b, 0xff,
	0x0e, 0x19, 0xff, 0x0e, 0x19, 0xe3, 0x0a, 0x46, 0xff, 0x04, 0x19, 0xff, 0x1a, 0x4b, 0xff, 0x04,
	0x19, 0xff, 0x01, 0x00, 0xff, 0x01, 0x00, 0x89, 0x01, 0x00, 0x93, 0x04, 0x19, 0xff, 0x1a, 0x4b,
	0xfb, 0xb2, 0x49, 0xff, 0x08, 0x19, 0xff, 0x08, 0x19, 0xe1, 0x68, 0x01, 0x83, 0x01, 0x00, 0xff,
	0x0e, 0x19, 0xff, 0x1a, 0x4b, 0xe2, 0x48, 0x48, 0x00, 0x8d, 0xff, 0x1e, 0x64, 0xff, 0x04, 0x19,
	0xdd, 0x64, 0x01, 0x81, 0xd2, 0x02, 0xff, 0x22, 0x64, 0xff, 0x1a, 0x4b, 0xe7, 0x6e, 0x01, 0x83,
	0x01, 0x00, 0xff, 0x28, 0x64, 0xff, 0x0e, 0x19, 0xd5, 0x6e, 0x01, 0x84, 0x7e, 0x10, 0x90, 0x40,
	0x04, 0xff, 0x1a, 0x4b, 0xff, 0x6a, 0x01, 0xd1, 0x6a, 0x01, 0x93, 0xd2, 0x02, 0xff, 0x08, 0x19,
	0xff, 0x68, 0x01, 0xcf, 0x68, 0x01, 0x95, 0x40, 0x04, 0xff, 0x1a, 0x4b, 0xff, 0x7e, 0x01, 0xda,
	0x48, 0x48, 0x8e, 0x50, 0x04, 0xff, 0x04, 0x19, 0xff, 0x64, 0x01, 0xcd, 0x64, 0x01, 0x91, 0xdc,
	0x02, 0xff, 0x1a, 0x4b, 0xff, 0x6e, 0x01, 0xd7, 0x6e, 0x01, 0x93, 0x50, 0x04, 0xff, 0x0e, 0x19,
	0xff, 0x6e, 0x01, 0xc6, 0xbe, 0x05, 0x83, 0x44, 0x0e, 0x90, 0x40, 0x04, 0xff, 0x1a, 0x4b, 0xff,
	0x6a, 0x01, 0xd1, 0x6a, 0x01, 0x93, 0xd2, 0x02, 0xff, 0x08, 0x19, 0xff, 0x68, 0x01, 0xcf, 0x68,
	0x01, 0x95, 0x40, 0x04, 0xff, 0x1a, 0x4b, 0xff, 0x74, 0x01, 0xd0, 0x04, 0x46, 0x90, 0x46, 0x04,
	0xff, 0x04, 0x19, 0xff, 0x6a, 0x01, 0xd1, 0x6a, 0x01, 0x91, 0xd8, 0x02, 0xff, 0x1a, 0x4b, 0xff,
	0x08, 0x19, 0xff, 0x08, 0x19, 0xff, 0x01, 0x00, 0xfb, 0x01, 0x00, 0x93, 0x08, 0x19, 0xff, 0x1a,
	0x4b, 0xfb, 0xac, 0x03, 0x83, 0x01, 0x00, 0xff, 0x28, 0x64, 0xff, 0x0e, 0x19, 0xd5, 0x6e, 0x01,
	0x97, 0x5a, 0x13, 0xff, 0x1a, 0x4b, 0xff, 0x6a, 0x01, 0xd1, 0x6a, 0x01, 0x93, 0xd2, 0x02, 0xff,
	0x08, 0x19, 0xff, 0x68, 0x01, 0xcf, 0x68, 0x01, 0x95, 0x40, 0x04, 0xff, 0x1a, 0x4b, 0xff, 0x74,
	0x01, 0xd0, 0x48, 0x48, 0x90, 0x46, 0x04, 0xff, 0x04, 0x19, 0xff, 0x64, 0x01, 0xcb, 0x64, 0x01,
	0x93, 0xd2, 0x02, 0xff, 0x1a, 0x4b, 0xff, 0x6e, 0x01, 0xd5, 0x6e, 0x01, 0x95, 0x46, 0x04, 0xff,
	0x0e, 0x19, 0xff, 0x6e, 0x01, 0xc4, 0xb4, 0x05, 0x94, 0x50, 0x13, 0xff, 0x1a, 0x4b, 0xff, 0x90,
	0x08, 0xdd, 0x74, 0x01, 0x91, 0xdc, 0x02, 0xff, 0x08, 0x19, 0xff, 0x68, 0x01, 0xd1, 0x68, 0x01,
	0x93, 0x4a, 0x04, 0xff, 0x1a, 0x4b, 0xff, 0x74, 0x01, 0xc7, 0x74, 0x01, 0x88, 0x48, 0x48, 0x90,
	0x5a, 0x13, 0xff, 0x04, 0x19, 0xff, 0x64, 0x01, 0xcb, 0x64, 0x01, 0x93, 0xd2, 0x02, 0xff, 0x1a,
	0x4b, 0xff, 0x6e, 0x01, 0xd5, 0x6e, 0x01, 0x95, 0x46, 0x04, 0xff, 0x0e, 0x19, 0xff, 0x6e, 0x01,
	0xc3, 0x6e, 0x01, 0x95, 0x16, 0x11, 0xff, 0x1a, 0x4b, 0xff, 0x6a, 0x01, 0xd3, 0x6a, 0x01, 0x93,
	0xd2, 0x02, 0xff, 0x08, 0x19, 0xff, 0x6e, 0x01, 0xd5, 0x6e, 0x01, 0x93, 0x46, 0x04, 0xff, 0x1a,
	0x4b, 0xff, 0x0e, 0x19, 0xff, 0x0e, 0x19, 0xff, 0x01, 0x00, 0xfb, 0x01, 0x00, 0x93, 0x0e, 0x19,
	0xff, 0x1a, 0x4b, 0xf6, 0x48, 0x48, 0x90, 0x1a, 0x0f, 0xff, 0x04, 0x19, 0xff, 0x64, 0x01, 0xcb,
	0x64, 0x01, 0x81, 0x70, 0x02, 0xff, 0x08, 0x19, 0xff, 0x1a, 0x4b, 0xe7, 0x6e, 0x01, 0x83, 0x01,
	0x00, 0xff, 0x0e, 0x19, 0xff, 0x0e, 0x19, 0xd6, 0xf2, 0x07, 0x96, 0x5a, 0x13, 0xff, 0x1a, 0x4b,
	0xff, 0x6a, 0x01, 0xd1, 0x6a, 0x01, 0x93, 0xd2, 0x02, 0xff, 0x08, 0x19, 0xff, 0x68, 0x01, 0xcf,
	0x68, 0x01, 0x95, 0x40, 0x04, 0xff, 0x1a, 0x4b, 0xff, 0x74, 0x01, 0xd0, 0x3e, 0x48, 0x90, 0x46,
	0x04, 0xff, 0x04, 0x19, 0xff, 0x64, 0x01, 0xcb, 0x64, 0x01, 0x93, 0xd2, 0x02, 0xff, 0x1a, 0x4b,
	0xff, 0x78, 0x01, 0xdf, 0x78, 0x01, 0x93, 0x50, 0x04, 0xff, 0x0e, 0x19, 0xff, 0x6e, 0x01, 0xc5,
	0x6e, 0x01, 0x97, 0x5a, 0x13, 0xff, 0x1a, 0x4b, 0xff, 0x6a, 0x01, 0xd1, 0x6a, 0x01, 0x93, 0xd2,
	0x02, 0xff, 0x08, 0x19, 0xff, 0x68, 0x01, 0xcf, 0x68, 0x01, 0x95, 0x40, 0x04, 0xff, 0x1a, 0x4b,
	0xff, 0x74, 0x01, 0xd0, 0x48, 0x48, 0x90, 0x46, 0x04, 0xff, 0x04, 0x19, 0xff, 0x64, 0x01, 0xcb,
	0x64, 0x01, 0x93, 0xd2, 0x02, 0xff, 0x1a, 0x4b, 0xff, 0x6e, 0x01, 0xd5, 0x6e, 0x01, 0x95, 0x46,
	0x04, 0xff, 0x0e, 0x19, 0xff, 0x74, 0x01, 0xd0, 0x0a, 0x46, 0x8e, 0x46, 0x04, 0xff, 0x1a, 0x4b,
	0xff, 0x04, 0x19, 0xff, 0x04, 0x19, 0xff, 0x01, 0x00, 0xfb, 0x01, 0x00, 0x93, 0x04, 0x19, 0xff,
	0x1a, 0x4b, 0xf7, 0xa8, 0x03, 0x81, 0x0c, 0x01, 0xff, 0x08, 0x19, 0xff, 0x08, 0x19, 0xe1, 0x68,
	0x01, 0x83, 0x01, 0x00, 0xff, 0x0e, 0x19, 0xff, 0x1a, 0x4b, 0xe3, 0x48, 0x48, 0xff, 0x1e, 0x64,
	0xff, 0x04, 0x19, 0xdd, 0x64, 0x01, 0x81, 0xd2, 0x02, 0xff, 0x22, 0x64, 0xff, 0x1a, 0x4b, 0xed,
	0x1a, 0x4b, 0xff, 0x28, 0x64, 0xff, 0x0e, 0x19, 0xd5, 0x6e, 0x01, 0x85, 0x7e, 0x10, 0xff, 0x1e,
	0x64, 0xff, 0x1a, 0x4b, 0xe7, 0xb2, 0x49, 0xff, 0x22, 0x64, 0xff, 0x08, 0x19, 0xe1, 0x68, 0x01,
	0x95, 0x40, 0x04, 0xff, 0x1a, 0x4b, 0xff, 0x7e, 0x01, 0xdb, 0x48, 0x48, 0xff, 0x1e, 0x64, 0xff,
	0x04, 0x19, 0xdd, 0x64, 0x01, 0x91, 0xdc, 0x02, 0xff, 0x1a, 0x4b, 0xff, 0x6e, 0x01, 0xd7, 0x6e,
	0x01, 0x93, 0x50, 0x04, 0xff, 0x0e, 0x19, 0xff, 0x6e, 0x01, 0xc6, 0xbe, 0x05, 0x84, 0x44, 0x0e,
	0xff, 0x1e, 0x64, 0xff, 0x1a, 0x4b, 0xe7, 0xb2, 0x49, 0xff, 0x22, 0x64, 0xff, 0x08, 0x19, 0xe1,
	0x68, 0x01, 0x95, 0x40, 0x04, 0xff, 0x1a, 0x4b, 0xff, 0x74, 0x01, 0xd1, 0x04, 0x46, 0xff, 0x1e,
	0x64, 0xff, 0x04, 0x19, 0xe7, 0x6e, 0x47, 0xff, 0x22, 0x64, 0xff, 0x1a, 0x4b, 0xff, 0x08, 0x19,
	0xff, 0x01, 0x00, 0xff, 0x01, 0x00, 0x89, 0x01, 0x00, 0x93, 0x08, 0x19, 0xff, 0x1a, 0x4b, 0xff,
	0x1a, 0x4b, 0xff, 0x28, 0x64, 0xff, 0x0e, 0x19, 0xd7, 0x6e, 0x01, 0x97, 0x5a, 0x13, 0xff, 0x1a,
	0x4b, 0xff, 0x6a, 0x01, 0xd5, 0xb2, 0x49, 0xff, 0x08, 0x19, 0xff, 0x08, 0x19, 0xe1, 0x68, 0x01,
	0x95, 0x40, 0x04, 0xff, 0x1a, 0x4b, 0xff, 0x74, 0x01, 0xd1, 0x48, 0x48, 0xff, 0x04, 0x19, 0xff,
	0x04, 0x19, 0xdd, 0x64, 0x01, 0x93, 0xd2, 0x02, 0xff, 0x1a, 0x4b, 0xff, 0x6e, 0x01, 0xdb, 0x1a,
	0x4b, 0xff, 0x0e, 0x19, 0xff, 0x0e, 0x19, 0xd6, 0xb4, 0x05, 0x94, 0x50, 0x13, 0xff, 0x1a, 0x4b,
	0xff, 0x90, 0x08, 0xdd, 0x74, 0x01, 0x91, 0xdc, 0x02, 0xff, 0x08, 0x19, 0xff, 0x68, 0x01, 0xd1,
	0x68, 0x01, 0x93, 0x4a, 0x04, 0xff, 0x1a, 0x4b, 0xff, 0x74, 0x01, 0xc7, 0x74, 0x01, 0x89, 0x48,
	0x48, 0xff, 0x04, 0x19, 0xff, 0x04, 0x19, 0xdd, 0x64, 0x01, 0x93, 0xd2, 0x02, 0xff, 0x1a, 0x4b,
	0xff, 0x6e, 0x01, 0xdb, 0x1a, 0x4b, 0xff, 0x0e, 0x19, 0xff, 0x0e, 0x19, 0xd5, 0x6e, 0x01, 0x95,
	0x16, 0x11, 0xff, 0x1a, 0x4b, 0xff, 0x6a, 0x01, 0xd3, 0x6a, 0x01, 0x93, 0xd2, 0x02, 0xff, 0x08,
	0x19, 0xff, 0x6e, 0x01, 0xdb, 0x1a, 0x4b, 0xff, 0x0e, 0x19, 0xff, 0x1a, 0x4b, 0xff, 0x0e, 0x19,
	0xff, 0x01, 0x00, 0xff, 0x01, 0x00, 0x89, 0x01, 0x00, 0x93, 0x0e, 0x19, 0xff, 0x1a, 0x4b, 0xf7,
	0x48, 0x48, 0xff, 0x04, 0x19, 0xff, 0x04, 0x19, 0xdd, 0x64, 0x01, 0x81, 0x70, 0x02, 0xff, 0x08,
	0x19, 0xff, 0x1a, 0x4b, 0xed, 0x1a, 0x4b, 0xff, 0x0e, 0x19, 0xff, 0x0e, 0x19, 0xd6, 0xf2, 0x07,
	0x96, 0x5a, 0x13, 0xff, 0x1a, 0x4b, 0xff, 0x6a, 0x01, 0xd5, 0xb2, 0x49, 0xff, 0x08, 0x19, 0xff,
	0x08, 0x19, 0xe1, 0x68, 0x01, 0x95, 0x40, 0x04, 0xff, 0x1a, 0x4b, 0xff, 0x74, 0x01, 0xd1, 0x3e,
	0x48, 0xff, 0x04, 0x19, 0xff, 0x04, 0x19, 0xdd, 0x64, 0x01, 0x93, 0xd2, 0x02, 0xff, 0x1a, 0x4b,
	0xff, 0x78, 0x01, 0xe5, 0x1a, 0x4b, 0xff, 0x0e, 0x19, 0xff, 0x0e, 0x19, 0xd5, 0x6e, 0x01, 0x97,
	0x5a, 0x13, 0xff, 0x1a, 0x4b, 0xff, 0x6a, 0x01, 0xd5, 0xb2, 0x49, 0xff, 0x08, 0x19, 0xff, 0x08,
	0x19, 0xe1, 0x68, 0x01, 0x95, 0x40, 0x04, 0xff, 0x1a, 0x4b, 0xff, 0x74, 0x01, 0xd1, 0x48, 0x48,
	0xff, 0x04, 0x19, 0xff, 0x04, 0x19, 0xdd, 0x64, 0x01, 0x93, 0xd2, 0x02, 0xff, 0x1a, 0x4b, 0xff,
	0x6e, 0x01, 0xdb, 0x1a, 0x4b, 0xff, 0x0e, 0x19, 0xff, 0x0e, 0x19, 0xe3, 0x0a, 0x46, 0xff, 0x04,
	0x19, 0xff, 0x1a, 0x4b, 0xff, 0x04, 0x19, 0xff, 0x01, 0x00, 0xff, 0x01, 0x00, 0x89, 0x01, 0x00,
	0x93, 0x04, 0x19, 0xff, 0x1a, 0x4b, 0xfb, 0xb2, 0x49, 0xff, 0x08, 0x19, 0xff, 0x08, 0x19, 0xe1,
	0x68, 0x01, 0x83, 0x01, 0x00, 0xff, 0x0e, 0x19, 0xff, 0x1a, 0x4b, 0xe2, 0x48, 0x48, 0x02, 0x85,
	0x41, 0x82, 0xff, 0x04, 0x19, 0xff, 0x64, 0x01, 0xdb, 0x64, 0x01, 0x81, 0xd2, 0x02, 0x8f, 0x68,
	0x01, 0xff, 0x1a, 0x4b, 0xff, 0x6e, 0x01, 0xd5, 0x6e, 0x01, 0x83, 0x01, 0x00, 0x8f, 0x74, 0x01,
	0xff, 0x0e, 0x19, 0xff, 0x6e, 0x01, 0xc3, 0x6e, 0x01, 0x85, 0xb2, 0xa6, 0x8f, 0x64, 0x01, 0xff,
	0x1a, 0x4b, 0xff, 0x6a, 0x01, 0xd1, 0x6a, 0x01, 0x93, 0xd2, 0x02, 0xff, 0x08, 0x19, 0xff, 0x68,
	0x01, 0xcf, 0x68, 0x01, 0x95, 0x40, 0x04, 0xff, 0x1a, 0x4b, 0xff, 0x7e, 0x01, 0xda, 0x48, 0x48,
	0x8e, 0x50, 0x04, 0xff, 0x04, 0x19, 0xff, 0x64, 0x01, 0xcd, 0x64, 0x01, 0x91, 0xdc, 0x02, 0xff,
	0x1a, 0x4b, 0xff, 0x6e, 0x01, 0xd7, 0x6e, 0x01, 0x93, 0x50, 0x04, 0xff, 0x0e, 0x19, 0xff, 0x6e,
	0x01, 0xc6, 0xbe, 0x05, 0x84, 0x78, 0xa4, 0x8f, 0x64, 0x01, 0xff, 0x1a, 0x4b, 0xff, 0x6a, 0x01,
	0xd1, 0x6a, 0x01, 0x93, 0xd2, 0x02, 0xff, 0x08, 0x19, 0xff, 0x68, 0x01, 0xcf, 0x68, 0x01, 0x95,
	0x40, 0x04, 0xff, 0x1a, 0x4b, 0xff, 0x74, 0x01, 0xd0, 0x04, 0x46, 0x90, 0x46, 0x04, 0xff, 0x04,
	0x19, 0xff, 0x6a, 0x01, 0xd1, 0x6a, 0x01, 0x91, 0xd8, 0x02, 0xff, 0x1a, 0x4b, 0xff, 0x08, 0x19,
	0xff, 0x08, 0x19, 0xff, 0x01, 0x00, 0xfb, 0x01, 0x00, 0x93, 0x08, 0x19, 0xff, 0x1a, 0x4b, 0xfb,
	0xac, 0x03, 0x83, 0x01, 0x00, 0x8f, 0x1a, 0x0f, 0xff, 0x0e, 0x19, 0xff, 0x6e, 0x01, 0xc3, 0x6e,
	0x01, 0x97, 0x5a, 0x13, 0xff, 0x1a, 0x4b, 0xff, 0x6a, 0x01, 0xd1, 0x6a, 0x01, 0x93, 0xd2, 0x02,
	0xff, 0x08, 0x19, 0xff, 0x68, 0x01, 0xcf, 0x68, 0x01, 0x95, 0x40, 0x04, 0xff, 0x1a, 0x4b, 0xff,
	0x74, 0x01, 0xd0, 0x48, 0x48, 0x90, 0x46, 0x04, 0xff, 0x04, 0x19, 0xff, 0x64, 0x01, 0xcb, 0x64,
	0x01, 0x93, 0xd2, 0x02, 0xff, 0x1a, 0x4b, 0xff, 0x6e, 0x01, 0xd5, 0x6e, 0x01, 0x95, 0x46, 0x04,
	0xff, 0x0e, 0x19, 0xff, 0x6e, 0x01, 0xc4, 0xb4, 0x05, 0x94, 0x50, 0x13, 0xff, 0x1a, 0x4b, 0xff,
	0x90, 0x08, 0xdd, 0x74, 0x01, 0x91, 0xdc, 0x02, 0xff, 0x08, 0x19, 0xff, 0x68, 0x01, 0xd1, 0x68,
	0x01, 0x93, 0x4a, 0x04, 0xff, 0x1a, 0x4b, 0xff, 0x74, 0x01, 0xc7, 0x74, 0x01, 0x89, 0x7c, 0xde,
	0xff, 0x04, 0x19, 0xff, 0x04, 0x19, 0xdd, 0x64, 0x01, 0x93, 0xd2, 0x02, 0xff, 0x1a, 0x4b, 0xff,
	0x6e, 0x01, 0xd5, 0x6e, 0x01, 0x95, 0x46, 0x04, 0xff, 0x0e, 0x19, 0xff, 0x6e, 0x01, 0xc3, 0x6e,
	0x01, 0x95, 0x16, 0x11, 0xff, 0x1a, 0x4b, 0xff, 0x6a, 0x01, 0xd3, 0x6a, 0x01, 0x93, 0xd2, 0x02,
	0xff, 0x08, 0x19, 0xff, 0x6e, 0x01, 0xd5, 0x6e, 0x01, 0x93, 0x46, 0x04, 0xff, 0x1a, 0x4b, 0xff,
	0x0e, 0x19, 0xff, 0x0e, 0x19, 0xff, 0x01, 0x00, 0xfb, 0x01, 0x00, 0x93, 0x0e, 0x19, 0xff, 0x1a,
	0x4b, 0xf6, 0x48, 0x48, 0x90, 0x1a, 0x0f, 0xff, 0x04, 0x19, 0xff, 0x64, 0x01, 0xcb, 0x64, 0x01,
	0x81, 0x70, 0x02, 0xff, 0x08, 0x19, 0xff, 0x1a, 0x4b, 0xe7, 0x6e, 0x01, 0x83, 0x01, 0x00, 0xff,
	0x0e, 0x19, 0xff, 0x0e, 0x19, 0xd6, 0xf2, 0x07, 0x96, 0x5a, 0x13, 0xff, 0x1a, 0x4b, 0xff, 0x6a,
	0x01, 0xd1, 0x6a, 0x01, 0x93, 0xd2, 0x02, 0xff, 0x08, 0x19, 0xff, 0x68, 0x01, 0xcf, 0x68, 0x01,
	0x95, 0x40, 0x04, 0xff, 0x1a, 0x4b, 0xff, 0x74, 0x01, 0xd0, 0x3e, 0x48, 0x90, 0x46, 0x04, 0xff,
	0x04, 0x19, 0xff, 0x64, 0x01, 0xcb, 0x64, 0x01, 0x93, 0xd2, 0x02, 0xff, 0x1a, 0x4b, 0xff, 0x78,
	0x01, 0xdf, 0x78, 0x01, 0x93, 0x50, 0x04, 0xff, 0x0e, 0x19, 0xff, 0x6e, 0x01, 0xc5, 0x6e, 0x01,
	0x97, 0x5a, 0x13, 0xff, 0x1a, 0x4b, 0xff, 0x6a, 0x01, 0xd1, 0x6a, 0x01, 0x93, 0xd2, 0x02, 0xff,
	0x08, 0x19, 0xff, 0x68, 0x01, 0xcf, 0x68, 0x01, 0x95, 0x40, 0x04, 0xff, 0x1a, 0x4b, 0xff, 0x74,
	0x01, 0xd0, 0x48, 0x48, 0x90, 0x46, 0x04, 0xff, 0x04, 0x19, 0xff, 0x64, 0x01, 0xcb, 0x64, 0x01,
	0x93, 0xd2, 0x02, 0xff, 0x1a, 0x4b, 0xff, 0x6e, 0x01, 0xd5, 0x6e, 0x01, 0x95, 0x46, 0x04, 0xff,
	0x0e, 0x19, 0xff, 0x74, 0x01, 0xd0, 0x0a, 0x46, 0x8e, 0x46, 0x04, 0xff, 0x1a, 0x4b, 0xff, 0x04,
	0x19, 0xff, 0x04, 0x19, 0xff, 0x01, 0x00, 0xfb, 0x01, 0x00, 0x93, 0x04, 0x19, 0xff, 0x1a, 0x4b,
	0xf7, 0xa8, 0x03, 0x81, 0x0c, 0x01, 0xff, 0x08, 0x19, 0xff, 0x08, 0x19, 0xe1, 0x68, 0x01, 0x83,
	0x01, 0x00, 0xff, 0x0e, 0x19, 0xff, 0x1a, 0x4b, 0xe4, 0x1a, 0x4b, 0x00, 0x8a, 0xff, 0x04, 0x19,
	0xff, 0x64, 0x01, 0xe0, 0x1a, 0x4b, 0x8e, 0x68, 0x01, 0xff, 0x1a, 0x4b, 0xff, 0x6e, 0x01, 0xdc,
	0x1a, 0x4b, 0x8e, 0x74, 0x01, 0xff, 0x0e, 0x19, 0xff, 0x6e, 0x01, 0xc3, 0x6e, 0x01, 0x86, 0x50,
	0x13, 0x8e, 0x64, 0x01, 0xff, 0x1a, 0x4b, 0xff, 0x6a, 0x01, 0xd6, 0x1a, 0x4b, 0x8e, 0x6e, 0x01,
	0xff, 0x08, 0x19, 0xff, 0x68, 0x01, 0xcf, 0x68, 0x01, 0x95, 0x40, 0x04, 0xff, 0x1a, 0x4b, 0xff,
	0x7e, 0x01, 0xdc, 0x1a, 0x4b, 0x8c, 0x74, 0x01, 0xff, 0x04, 0x19, 0xff, 0x64, 0x01, 0xcd, 0x64,
	0x01, 0x91, 0xdc, 0x02, 0xff, 0x1a, 0x4b, 0xff, 0x6e, 0x01, 0xd7, 0x6e, 0x01, 0x93, 0x50, 0x04,
	0xff, 0x0e, 0x19, 0xff, 0x6e, 0x01, 0xc6, 0xbe, 0x05, 0x85, 0x54, 0x13, 0x8e, 0x64, 0x01, 0xff,
	0x1a, 0x4b, 0xff, 0x6a, 0x01, 0xd6, 0x1a, 0x4b, 0x8e, 0x6e, 0x01, 0xff, 0x08, 0x19, 0xff, 0x68,
	0x01, 0xcf, 0x68, 0x01, 0x95, 0x40, 0x04, 0xff, 0x1a, 0x4b, 0xff, 0x74, 0x01, 0xd2, 0x1a, 0x4b,
	0x8e, 0x6a, 0x01, 0xff, 0x04, 0x19, 0xff, 0x6a, 0x01, 0xd6, 0x1a, 0x4b, 0x8c, 0x6e, 0x01, 0xff,
	0x1a, 0x4b, 0xff, 0x08, 0x19, 0xff, 0x08, 0x19, 0xff, 0x01, 0x00, 0xfb, 0x01, 0x00, 0x93, 0x08,
	0x19, 0xff, 0x1a, 0x4b, 0xff, 0x1a, 0x4b, 0x91, 0x1a, 0x0f, 0xff, 0x0e, 0x19, 0xff, 0x6e, 0x01,
	0xc3, 0x6e, 0x01, 0x97, 0x5a, 0x13, 0xff, 0x1a, 0x4b, 0xff, 0x6a, 0x01, 0xd6, 0x1a, 0x4b, 0xff,
	0x08, 0x19, 0xff, 0xd2, 0x02, 0xe0, 0x68, 0x01, 0x95, 0x40, 0x04, 0xff, 0x1a, 0x4b, 0xff, 0x74,
	0x01, 0xd2, 0x1a, 0x4b, 0xff, 0x04, 0x19, 0xff, 0xd8, 0x02, 0xdc, 0x64, 0x01, 0x93, 0xd2, 0x02,
	0xff, 0x1a, 0x4b, 0xff, 0x6e, 0x01, 0xdc, 0x1a, 0x4b, 0xff, 0x0e, 0x19, 0xff, 0xdc, 0x02, 0xd5,
	0xb4, 0x05, 0x94, 0x50, 0x13, 0xff, 0x1a, 0x4b, 0xff, 0x90, 0x08, 0xdd, 0x74, 0x01, 0x91, 0xdc,
	0x02, 0xff, 0x08, 0x19, 0xff, 0x68, 0x01, 0xd1, 0x68, 0x01, 0x93, 0x4a, 0x04, 0xff, 0x1a, 0x4b,
	0xff, 0x74, 0x01, 0xc7, 0x74, 0x01, 0x8a, 0x1a, 0x4b, 0xff, 0x04, 0x19, 0xff, 0xd8, 0x02, 0xdc,
	0x64, 0x01, 0x93, 0xd2, 0x02, 0xff, 0x1a, 0x4b, 0xff, 0x6e, 0x01, 0xdc, 0x1a, 0x4b, 0xff, 0x0e,
	0x19, 0xff, 0xdc, 0x02, 0xd4, 0x6e, 0x01, 0x95, 0x16, 0x11, 0xff, 0x1a, 0x4b, 0xff, 0x6a, 0x01,
	0xd3, 0x6a, 0x01, 0x93, 0xd2, 0x02, 0xff, 0x08, 0x19, 0xff, 0x6e, 0x01, 0xdc, 0x1a, 0x4b, 0xff,
	0x0e, 0x19, 0xff, 0x1a, 0x4b, 0xff, 0x0e, 0x19, 0xff, 0x01, 0x00, 0xff, 0x01, 0x00, 0x88, 0x01,
	0x00, 0x93, 0x0e, 0x19, 0xff, 0x1a, 0x4b, 0xf8, 0x1a, 0x4b, 0xff, 0x04, 0x19, 0xff, 0x16, 0x05,
	0xdc, 0x64, 0x01, 0x81, 0x70, 0x02, 0xff, 0x08, 0x19, 0xff, 0x1a, 0x4b, 0xee, 0x1a, 0x4b, 0xff,
	0x0e, 0x19, 0xff, 0xdc, 0x02, 0xd5, 0xf2, 0x07, 0x96, 0x5a, 0x13, 0xff, 0x1a, 0x4b, 0xff, 0x6a,
	0x01, 0xd6, 0x1a, 0x4b, 0xff, 0x08, 0x19, 0xff, 0xd2, 0x02, 0xe0, 0x68, 0x01, 0x95, 0x40, 0x04,
	0xff, 0x1a, 0x4b, 0xff, 0x74, 0x01, 0xd2, 0x1a, 0x4b, 0xff, 0x04, 0x19, 0xff, 0xd8, 0x02, 0xdc,
	0x64, 0x01, 0x93, 0xd2, 0x02, 0xff, 0x1a, 0x4b, 0xff, 0x78, 0x01, 0xe6, 0x1a, 0x4b, 0xff, 0x0e,
	0x19, 0xff, 0xe6, 0x02, 0xd4, 0x6e, 0x01, 0x97, 0x5a, 0x13, 0xff, 0x1a, 0x4b, 0xff, 0x6a, 0x01,
	0xd6, 0x1a, 0x4b, 0xff, 0x08, 0x19, 0xff, 0xd2, 0x02, 0xe0, 0x68, 0x01, 0x95, 0x40, 0x04, 0xff,
	0x1a, 0x4b, 0xff, 0x74, 0x01, 0xd2, 0x1a, 0x4b, 0xff, 0x04, 0x19, 0xff, 0xd8, 0x02, 0xdc, 0x64,
	0x01, 0x93, 0xd2, 0x02, 0xff, 0x1a, 0x4b, 0xff, 0x6e, 0x01, 0xdc, 0x1a, 0x4b, 0xff, 0x0e, 0x19,
	0xff, 0x0e, 0x19, 0xe3, 0x1a, 0x4b, 0xff, 0x04, 0x19, 0xff, 0x1a, 0x4b, 0xff, 0x04, 0x19, 0xff,
	0x01, 0x00, 0xff, 0x01, 0x00, 0x88, 0x01, 0x00, 0x93, 0x04, 0x19, 0xff, 0x1a, 0x4b, 0xfc, 0x1a,
	0x4b, 0xff, 0x08, 0x19, 0xff, 0x10, 0x05, 0xe0, 0x68, 0x01, 0x83, 0x01, 0x00, 0xff, 0x0e, 0x19,
	0xff, 0x1a, 0x4b, 0xe2, 0x48, 0x48, 0x00, 0x8d, 0xff, 0x1e, 0x64, 0xff, 0x04, 0x19, 0xdd, 0x64,
	0x01, 0x82, 0xd2, 0x02, 0xff, 0x22, 0x64, 0xff, 0x1a, 0x4b, 0xe6, 0x6e, 0x01, 0x84, 0x46, 0x04,
	0xff, 0x28, 0x64, 0xff, 0xdc, 0x02, 0xd4, 0x6e, 0x01, 0x85, 0xb2, 0xa6, 0xff, 0x1e, 0x64, 0xff,
	0x1a, 0x4b, 0xe3, 0x6a, 0x01, 0x93, 0xd2, 0x02, 0xff, 0x08, 0x19, 0xff, 0x68, 0x01, 0xcf, 0x68,
	0x01, 0x95, 0x40, 0x04, 0xff, 0x1a, 0x4b, 0xff, 0x7e, 0x01, 0xda, 0x48, 0x48, 0x8e, 0x50, 0x04,
	0xff, 0x04, 0x19, 0xff, 0x64, 0x01, 0xcd, 0x64, 0x01, 0x91, 0xdc, 0x02, 0xff, 0x1a, 0x4b, 0xff,
	0x6e, 0x01, 0xd7, 0x6e, 0x01, 0x93, 0x50, 0x04, 0xff, 0x0e, 0x19, 0xff, 0x6e, 0x01, 0xc6, 0xbe,
	0x05, 0x84, 0x78, 0xa4, 0xff, 0x1e, 0x64, 0xff, 0x1a, 0x4b, 0xe3, 0x6a, 0x01, 0x93, 0xd2, 0x02,
	0xff, 0x08, 0x19, 0xff, 0x68, 0x01, 0xcf, 0x68, 0x01, 0x95, 0x40, 0x04, 0xff, 0x1a, 0x4b, 0xff,
	0x74, 0x01, 0xd0, 0x04, 0x46, 0x90, 0x46, 0x04, 0xff, 0x04, 0x19, 0xff, 0x6a, 0x01, 0xd1, 0x6a,
	0x01, 0x91, 0xd8, 0x02, 0xff, 0x1a, 0x4b, 0xff, 0x08, 0x19, 0xff, 0x08, 0x19, 0xff, 0x01, 0x00,
	0xfb, 0x01, 0x00, 0x93, 0x08, 0x19, 0xff, 0x1a, 0x4b, 0xfb, 0xac, 0x03, 0x83, 0x01, 0x00, 0xff,
	0x28, 0x64, 0xff, 0x0e, 0x19, 0xd5, 0x6e, 0x01, 0x97, 0x5a, 0x13, 0xff, 0x1a, 0x4b, 0xff, 0x6a,
	0x01, 0xd1, 0x6a, 0x01, 0x93, 0xd2, 0x02, 0xff, 0x08, 0x19, 0xff, 0x68, 0x01, 0xcf, 0x68, 0x01,
	0x95, 0x40, 0x04, 0xff, 0x1a, 0x4b, 0xff, 0x74, 0x01, 0xd0, 0x48, 0x48, 0x90, 0x46, 0x04, 0xff,
	0x04, 0x19, 0xff, 0x64, 0x01, 0xcb, 0x64, 0x01, 0x93, 0xd2, 0x02, 0xff, 0x1a, 0x4b, 0xff, 0x6e,
	0x01, 0xd5, 0x6e, 0x01, 0x95, 0x46, 0x04, 0xff, 0x0e, 0x19, 0xff, 0x6e, 0x01, 0xc4, 0xb4, 0x05,
	0x94, 0x50, 0x13, 0xff, 0x1a, 0x4b, 0xff, 0x90, 0x08, 0xdd, 0x74, 0x01, 0x91, 0xdc, 0x02, 0xff,
	0x08, 0x19, 0xff, 0x68, 0x01, 0xd1, 0x68, 0x01, 0x93, 0x4a, 0x04, 0xff, 0x1a, 0x4b, 0xff, 0x74,
	0x01, 0xc7, 0x74, 0x01, 0x89, 0x7c, 0xde, 0xff, 0x04, 0x19, 0xff, 0x04, 0x19, 0xdd, 0x64, 0x01,
	0x93, 0xd2, 0x02, 0xff, 0x1a, 0x4b, 0xff, 0x6e, 0x01, 0xd5, 0x6e, 0x01, 0x95, 0x46, 0x04, 0xff,
	0x0e, 0x19, 0xff, 0x6e, 0x01, 0xc3, 0x6e, 0x01, 0x95, 0x16, 0x11, 0xff, 0x1a, 0x4b, 0xff, 0x6a,
	0x01, 0xd3, 0x6a, 0x01, 0x93, 0xd2, 0x02, 0xff, 0x08, 0x19, 0xff, 0x6e, 0x01, 0xd5, 0x6e, 0x01,
	0x93, 0x46, 0x04, 0xff, 0x1a, 0x4b, 0xff, 0x0e, 0x19, 0xff, 0x0e, 0x19, 0xff, 0x01, 0x00, 0xfb,
	0x01, 0x00, 0x93, 0x0e, 0x19, 0xff, 0x1a, 0x4b, 0xf6, 0x48, 0x48, 0x90, 0x1a, 0x0f, 0xff, 0x04,
	0x19, 0xff, 0x64, 0x01, 0xcb, 0x64, 0x01, 0x81, 0x70, 0x02, 0xff, 0x08, 0x19, 0xff, 0x1a, 0x4b,
	0xe7, 0x6e, 0x01, 0x83, 0x01, 0x00, 0xff, 0x0e, 0x19, 0xff, 0x0e, 0x19, 0xd6, 0xf2, 0x07, 0x96,
	0x5a, 0x13, 0xff, 0x1a, 0x4b, 0xff, 0x6a, 0x01, 0xd1, 0x6a, 0x01, 0x93, 0xd2, 0x02, 0xff, 0x08,
	0x19, 0xff, 0x68, 0x01, 0xcf, 0x68, 0x01, 0x95, 0x40, 0x04, 0xff, 0x1a, 0x4b, 0xff, 0x74, 0x01,
	0xd0, 0x3e, 0x48, 0x90, 0x46, 0x04, 0xff, 0x04, 0x19, 0xff, 0x64, 0x01, 0xcb, 0x64, 0x01, 0x93,
	0xd2, 0x02, 0xff, 0x1a, 0x4b, 0xff, 0x78, 0x01, 0xdf, 0x78, 0x01, 0x93, 0x50, 0x04, 0xff, 0x0e,
	0x19, 0xff, 0x6e, 0x01, 0xc5, 0x6e, 0x01, 0x97, 0x5a, 0x13, 0xff, 0x1a, 0x4b, 0xff, 0x6a, 0x01,
	0xd1, 0x6a, 0x01, 0x93, 0xd2, 0x02, 0xff, 0x08, 0x19, 0xff, 0x68, 0x01, 0xcf, 0x68, 0x01, 0x95,
	0x40, 0x04, 0xff, 0x1a, 0x4b, 0xff, 0x74, 0x01, 0xd0, 0x48, 0x48, 0x90, 0x46, 0x04, 0xff, 0x04,
	0x19, 0xff, 0x64, 0x01, 0xcb, 0x64, 0x01, 0x93, 0xd2, 0x02, 0xff, 0x1a, 0x4b, 0xff, 0x6e, 0x01,
	0xd5, 0x6e, 0x01, 0x95, 0x46, 0x04, 0xff, 0x0e, 0x19, 0xff, 0x74, 0x01, 0xd0, 0x0a, 0x46, 0x8e,
	0x46, 0x04, 0xff, 0x1a, 0x4b, 0xff, 0x04, 0x19, 0xff, 0x04, 0x19, 0xff, 0x01, 0x00, 0xfb, 0x01,
	0x00, 0x93, 0x04, 0x19, 0xff, 0x1a, 0x4b, 0xf7, 0xa8, 0x03, 0x81, 0x0c, 0x01, 0xff, 0x08, 0x19,
	0xff, 0x08, 0x19, 0xe1, 0x68, 0x01, 0x83, 0x01, 0x00, 0xff, 0x0e, 0x19, 0xff, 0x1a, 0x4b, 0xe4,
	0x1a, 0x4b, 0xff, 0x1e, 0x64, 0xff, 0xd8, 0x02, 0xdc, 0x64, 0x01, 0x82, 0xd2, 0x02, 0xff, 0x22,
	0x64, 0xff, 0x1a, 0x4b, 0xed, 0x1a, 0x4b, 0xff, 0x28, 0x64, 0xff, 0xdc, 0x02, 0xd4, 0x6e, 0x01,
	0x86, 0x50, 0x13, 0xff, 0x1e, 0x64, 0xff, 0x1a, 0x4b, 0xe7, 0x1a, 0x4b, 0xff, 0x22, 0x64, 0xff,
	0xd2, 0x02, 0xe0, 0x68, 0x01, 0x95, 0x40, 0x04, 0xff, 0x1a, 0x4b, 0xff, 0x7e, 0x01, 0xdc, 0x1a,
	0x4b, 0xff, 0x1e, 0x64, 0xff, 0xe2, 0x02, 0xdc, 0x64, 0x01, 0x91, 0xdc, 0x02, 0xff, 0x1a, 0x4b,
	0xff, 0x6e, 0x01, 0xd7, 0x6e, 0x01, 0x93, 0x50, 0x04, 0xff, 0x0e, 0x19, 0xff, 0x6e, 0x01, 0xc6,
	0xbe, 0x05, 0x85, 0x54, 0x13, 0xff, 0x1e, 0x64, 0xff, 0x1a, 0x4b, 0xe7, 0x1a, 0x4b, 0xff, 0x22,
	0x64, 0xff, 0xd2, 0x02, 0xe0, 0x68, 0x01, 0x95, 0x40, 0x04, 0xff, 0x1a, 0x4b, 0xff, 0x74, 0x01,
	0xd2, 0x1a, 0x4b, 0xff, 0x1e, 0x64, 0xff, 0x04, 0x19, 0xe7, 0x1a, 0x4b, 0xff, 0x22, 0x64, 0xff,
	0x1a, 0x4b, 0xff, 0x08, 0x19, 0xff, 0x01, 0x00, 0xff, 0x01, 0x00, 0x88, 0x01, 0x00, 0x93, 0x08,
	0x19, 0xff, 0x1a, 0x4b, 0xff, 0x1a, 0x4b, 0xff, 0x28, 0x64, 0xff, 0x0e, 0x19, 0xd7, 0x6e, 0x01,
	0x97, 0x5a, 0x13, 0xff, 0x1a, 0x4b, 0xff, 0x6a, 0x01, 0xd6, 0x1a, 0x4b, 0xff, 0x08, 0x19, 0xff,
	0xd2, 0x02, 0xe0, 0x68, 0x01, 0x95, 0x40, 0x04, 0xff, 0x1a, 0x4b, 0xff, 0x74, 0x01, 0xd2, 0x1a,
	0x4b, 0xff, 0x04, 0x19, 0xff, 0xd8, 0x02, 0xdc, 0x64, 0x01, 0x93, 0xd2, 0x02, 0xff, 0x1a, 0x4b,
	0xff, 0x6e, 0x01, 0xdc, 0x1a, 0x4b, 0xff, 0x0e, 0x19, 0xff, 0xdc, 0x02, 0xd5, 0xb4, 0x05, 0x94,
	0x50, 0x13, 0xff, 0x1a, 0x4b, 0xff, 0x90, 0x08, 0xdd, 0x74, 0x01, 0x91, 0xdc, 0x02, 0xff, 0x08,
	0x19, 0xff, 0x68, 0x01, 0xd1, 0x68, 0x01, 0x93, 0x4a, 0x04, 0xff, 0x1a, 0x4b, 0xff, 0x74, 0x01,
	0xc7, 0x74, 0x01, 0x8a, 0x1a, 0x4b, 0xff, 0x04, 0x19, 0xff, 0xd8, 0x02, 0xdc, 0x64, 0x01, 0x93,
	0xd2, 0x02, 0xff, 0x1a, 0x4b, 0xff, 0x6e, 0x01, 0xdc, 0x1a, 0x4b, 0xff, 0x0e, 0x19, 0xff, 0xdc,
	0x02, 0xd4, 0x6e, 0x01, 0x95, 0x16, 0x11, 0xff, 0x1a, 0x4b, 0xff, 0x6a, 0x01, 0xd3, 0x6a, 0x01,
	0x93, 0xd2, 0x02, 0xff, 0x08, 0x19, 0xff, 0x6e, 0x01, 0xdc, 0x1a, 0x4b, 0xff, 0x0e, 0x19, 0xff,
	0x1a, 0x4b, 0xff, 0x0e, 0x19, 0xff, 0x01, 0x00, 0xff, 0x01, 0x00, 0x88, 0x01, 0x00, 0x93, 0x0e,
	0x19, 0xff, 0x1a, 0x4b, 0xf8, 0x1a, 0x4b, 0xff, 0x04, 0x19, 0xff, 0x16, 0x05, 0xdc, 0x64, 0x01,
	0x81, 0x70, 0x02, 0xff, 0x08, 0x19, 0xff, 0x1a, 0x4b, 0xee, 0x1a, 0x4b, 0xff, 0x0e, 0x19, 0xff,
	0xdc, 0x02, 0xd5, 0xf2, 0x07, 0x96, 0x5a, 0x13, 0xff, 0x1a, 0x4b, 0xff, 0x6a, 0x01, 0xd6, 0x1a,
	0x4b, 0xff, 0x08, 0x19, 0xff, 0xd2, 0x02, 0xe0, 0x68, 0x01, 0x95, 0x40, 0x04, 0xff, 0x1a, 0x4b,
	0xff, 0x74, 0x01, 0xd2, 0x1a, 0x4b, 0xff, 0x04, 0x19, 0xff, 0xd8, 0x02, 0xdc, 0x64, 0x01, 0x93,
	0xd2, 0x02, 0xff, 0x1a, 0x4b, 0xff, 0x78, 0x01, 0xe6, 0x1a, 0x4b, 0xff, 0x0e, 0x19, 0xff, 0xe6,
	0x02, 0xd4, 0x6e, 0x01, 0x97, 0x5a, 0x13, 0xff, 0x1a, 0x4b, 0xff, 0x6a, 0x01, 0xd6, 0x1a, 0x4b,
	0xff, 0x08, 0x19, 0xff, 0xd2, 0x02, 0xe0, 0x68, 0x01, 0x95, 0x40, 0x04, 0xff, 0x1a, 0x4b, 0xff,
	0x74, 0x01, 0xd2, 0x1a, 0x4b, 0xff, 0x04, 0x19, 0xff, 0xd8, 0x02, 0xdc, 0x64, 0x01, 0x93, 0xd2,
	0x02, 0xff, 0x1a, 0x4b, 0xff, 0x6e, 0x01, 0xdc, 0x1a, 0x4b, 0xff, 0x0e, 0x19, 0xff, 0x0e, 0x19,
	0xe3, 0x1a, 0x4b, 0xff, 0x04, 0x19, 0xff, 0x1a, 0x4b, 0xff, 0x04, 0x19, 0xff, 0x01, 0x00, 0xff,
	0x01, 0x00, 0x88, 0x01, 0x00, 0x93, 0x04, 0x19, 0xff, 0x1a, 0x4b, 0xfc, 0x1a, 0x4b, 0xff, 0x08,
	0x19, 0xff, 0x10, 0x05, 0xe0, 0x68, 0x01, 0x83, 0x01, 0x00, 0xff, 0x0e, 0x19, 0xff, 0x1a, 0x4b,
	0xe2, 0x48, 0x48, 0x02, 0x85, 0xb0, 0x67, 0xff, 0x04, 0x19, 0xff, 0x64, 0x01, 0xdb, 0x64, 0x01,
	0x81, 0xd2, 0x02, 0x8f, 0x68, 0x01, 0xff, 0x1a, 0x4b, 0xff, 0x6e, 0x01, 0xd5, 0x6e, 0x01, 0x83,
	0x01, 0x00, 0x8f, 0x74, 0x01, 0xff, 0x0e, 0x19, 0xff, 0x6e, 0x01, 0xc3, 0x6e, 0x01, 0x85, 0xb2,
	0xa6, 0x8f, 0x64, 0x01, 0xff, 0x1a, 0x4b, 0xff, 0x6a, 0x01, 0xd1, 0x6a, 0x01, 0x93, 0xd2, 0x02,
	0xff, 0x08, 0x19, 0xff, 0x68, 0x01, 0xcf, 0x68, 0x01, 0x95, 0x40, 0x04, 0xff, 0x1a, 0x4b, 0xff,
	0x7e, 0x01, 0xda, 0x48, 0x48, 0x8e, 0x50, 0x04, 0xff, 0x04, 0x19, 0xff, 0x64, 0x01, 0xcd, 0x64,
	0x01, 0x91, 0xdc, 0x02, 0xff, 0x1a, 0x4b, 0xff, 0x6e, 0x01, 0xd7, 0x6e, 0x01, 0x93, 0x50, 0x04,
	0xff, 0x0e, 0x19, 0xff, 0x6e, 0x01, 0xc6, 0xbe, 0x05, 0x84, 0x78, 0xa4, 0x8f, 0x64, 0x01, 0xff,
	0x1a, 0x4b, 0xff, 0x6a, 0x01, 0xd1, 0x6a, 0x01, 0x93, 0xd2, 0x02, 0xff, 0x08, 0x19, 0xff, 0x68,
	0x01, 0xcf, 0x68, 0x01, 0x95, 0x40, 0x04, 0xff, 0x1a, 0x4b, 0xff, 0x74, 0x01, 0xd0, 0x04, 0x46,
	0x90, 0x46, 0x04, 0xff, 0x04, 0x19, 0xff, 0x6a, 0x01, 0xd1, 0x6a, 0x01, 0x91, 0xd8, 0x02, 0xff,
	0x1a, 0x4b, 0xff, 0x08, 0x19, 0xff, 0x08, 0x19, 0xff, 0x01, 0x00, 0xfb, 0x01, 0x00, 0x93, 0x08,
	0x19, 0xff, 0x1a, 0x4b, 0xfb, 0xac, 0x03, 0x83, 0x01, 0x00, 0x8f, 0x1a, 0x0f, 0xff, 0x0e, 0x19,
	0xff, 0x6e, 0x01, 0xc3, 0x6e, 0x01, 0x97, 0x5a, 0x13, 0xff, 0x1a, 0x4b, 0xff, 0x6a, 0x01, 0xd1,
	0x6a, 0x01, 0x93, 0xd2, 0x02, 0xff, 0x08, 0x19, 0xff, 0x68, 0x01, 0xcf, 0x68, 0x01, 0x95, 0x40,
	0x04, 0xff, 0x1a, 0x4b, 0xff, 0x74, 0x01, 0xd0, 0x48, 0x48, 0x90, 0x46, 0x04, 0xff, 0x04, 0x19,
	0xff, 0x64, 0x01, 0xcb, 0x64, 0x01, 0x93, 0xd2, 0x02, 0xff, 0x1a, 0x4b, 0xff, 0x6e, 0x01, 0xd5,
	0x6e, 0x01, 0x95, 0x46, 0x04, 0xff, 0x0e, 0x19, 0xff, 0x6e, 0x01, 0xc4, 0xb4, 0x05, 0x94, 0x50,
	0x13, 0xff, 0x1a, 0x4b, 0xff, 0x90, 0x08, 0xdd, 0x74, 0x01, 0x91, 0xdc, 0x02, 0xff, 0x08, 0x19,
	0xff, 0x68, 0x01, 0xd1, 0x68, 0x01, 0x93, 0x4a, 0x04, 0xff, 0x1a, 0x4b, 0xff, 0x74, 0x01, 0xc7,
	0x74, 0x01, 0x89, 0x7c, 0xde, 0xff, 0x04, 0x19, 0xff, 0x04, 0x19, 0xdd, 0x64, 0x01, 0x93, 0xd2,
	0x02, 0xff, 0x1a, 0x4b, 0xff, 0x6e, 0x01, 0xd5, 0x6e, 0x01, 0x95, 0x46, 0x04, 0xff, 0x0e, 0x19,
	0xff, 0x6e, 0x01, 0xc3, 0x6e, 0x01, 0x95, 0x16, 0x11, 0xff, 0x1a, 0x4b, 0xff, 0x6a, 0x01, 0xd3,
	0x6a, 0x01, 0x93, 0xd2, 0x02, 0xff, 0x08, 0x19, 0xff, 0x6e, 0x01, 0xd5, 0x6e, 0x01, 0x93, 0x46,
	0x04, 0xff, 0x1a, 0x4b, 0xff, 0x0e, 0x19, 0xff, 0x0e, 0x19, 0xff, 0x01, 0x00, 0xfb, 0x01, 0x00,
	0x93, 0x0e, 0x19, 0xff, 0x1a, 0x4b, 0xf6, 0x48, 0x48, 0x90, 0x1a, 0x0f, 0xff, 0x04, 0x19, 0xff,
	0x64, 0x01, 0xcb, 0x64, 0x01, 0x81, 0x70, 0x02, 0xff, 0x08, 0x19, 0xff, 0x1a, 0x4b, 0xe7, 0x6e,
	0x01, 0x83, 0x01, 0x00, 0xff, 0x0e, 0x19, 0xff, 0x0e, 0x19, 0xd6, 0xf2, 0x07, 0x96, 0x5a, 0x13,
	0xff, 0x1a, 0x4b, 0xff, 0x6a, 0x01, 0xd1, 0x6a, 0x01, 0x93, 0xd2, 0x02, 0xff, 0x08, 0x19, 0xff,
	0x68, 0x01, 0xcf, 0x68, 0x01, 0x95, 0x40, 0x04, 0xff, 0x1a, 0x4b, 0xff, 0x74, 0x01, 0xd0, 0x3e,
	0x48, 0x90, 0x46, 0x04, 0xff, 0x04, 0x19, 0xff, 0x64, 0x01, 0xcb, 0x64, 0x01, 0x93, 0xd2, 0x02,
	0xff, 0x1a, 0x4b, 0xff, 0x78, 0x01, 0xdf, 0x78, 0x01, 0x93, 0x50, 0x04, 0xff, 0x0e, 0x19, 0xff,
	0x6e, 0x01, 0xc5, 0x6e, 0x01, 0x97, 0x5a, 0x13, 0xff, 0x1a, 0x4b, 0xff, 0x6a, 0x01, 0xd1, 0x6a,
	0x01, 0x93, 0xd2, 0x02, 0xff, 0x08, 0x19, 0xff, 0x68, 0x01, 0xcf, 0x68, 0x01, 0x95, 0x40, 0x04,
	0xff, 0x1a, 0x4b, 0xff, 0x74, 0x01, 0xd0, 0x48, 0x48, 0x90, 0x46, 0x04, 0xff, 0x04, 0x19, 0xff,
	0x64, 0x01, 0xcb, 0x64, 0x01, 0x93, 0xd2, 0x02, 0xff, 0x1a, 0x4b, 0xff, 0x6e, 0x01, 0xd5, 0x6e,
	0x01, 0x95, 0x46, 0x04, 0xff, 0x0e, 0x19, 0xff, 0x74, 0x01, 0xd0, 0x0a, 0x46, 0x8e, 0x46, 0x04,
	0xff, 0x1a, 0x4b, 0xff, 0x04, 0x19, 0xff, 0x04, 0x19, 0xff, 0x01, 0x00, 0xfb, 0x01, 0x00, 0x93,
	0x04, 0x19, 0xff, 0x1a, 0x4b, 0xf7, 0xa8, 0x03, 0x81, 0x0c, 0x01, 0xff, 0x08, 0x19, 0xff, 0x08,
	0x19, 0xe1, 0x68, 0x01, 0x83, 0x01, 0x00, 0xff, 0x0e, 0x19, 0xff, 0x1a, 0x4b, 0xe4, 0x1a, 0x4b,
	0x00, 0x77, 0xff, 0x04, 0x19, 0xff, 0x64, 0x01, 0xe0, 0x1a, 0x4b, 0x8e, 0x68, 0x01, 0xff, 0x1a,
	0x4b, 0xff, 0x6e, 0x01, 0xdc, 0x1a, 0x4b, 0x8e, 0x74, 0x01, 0xff, 0x0e, 0x19, 0xff, 0x6e, 0x01,
	0xc3, 0x6e, 0x01, 0x86, 0x50, 0x13, 0x8e, 0x64, 0x01, 0xff, 0x1a, 0x4b, 0xff, 0x6a, 0x01, 0xd6,
	0x1a, 0x4b, 0x8e, 0x6e, 0x01, 0xff, 0x08, 0x19, 0xff, 0x68, 0x01, 0xcf, 0x68, 0x01, 0x95, 0x40,
	0x04, 0xff, 0x1a, 0x4b, 0xff, 0x7e, 0x01, 0xdc, 0x1a, 0x4b, 0x8c, 0x74, 0x01, 0xff, 0x04, 0x19,
	0xff, 0x64, 0x01, 0xcd, 0x64, 0x01, 0x91, 0xdc, 0x02, 0xff, 0x1a, 0x4b, 0xff, 0x6e, 0x01, 0xd7,
	0x6e, 0x01, 0x93, 0x50, 0x04, 0xff, 0x0e, 0x19, 0xff, 0x6e, 0x01, 0xc6, 0xbe, 0x05, 0x85, 0x54,
	0x13, 0x8e, 0x64, 0x01, 0xff, 0x1a, 0x4b, 0xff, 0x6a, 0x01, 0xd6, 0x1a, 0x4b, 0x8e, 0x6e, 0x01,
	0xff, 0x08, 0x19, 0xff, 0x68, 0x01, 0xcf, 0x68, 0x01, 0x95, 0x40, 0x04, 0xff, 0x1a, 0x4b, 0xff,
	0x74, 0x01, 0xd2, 0x1a, 0x4b, 0x8e, 0x6a, 0x01, 0xff, 0x04, 0x19, 0xff, 0x6a, 0x01, 0xd6, 0x1a,
	0x4b, 0x8c, 0x6e, 0x01, 0xff, 0x1a, 0x4b, 0xff, 0x08, 0x19, 0xff, 0x08, 0x19, 0xff, 0x01, 0x00,
	0xfb, 0x01, 0x00, 0x93, 0x08, 0x19, 0xff, 0x1a, 0x4b, 0xff, 0x1a, 0x4b, 0x91, 0x1a, 0x0f, 0xff,
	0x0e, 0x19, 0xff, 0x6e, 0x01, 0xc3, 0x6e, 0x01, 0x97, 0x5a, 0x13, 0xff, 0x1a, 0x4b, 0xff, 0x6a,
	0x01, 0xd6, 0x1a, 0x4b, 0xff, 0x08, 0x19, 0xff, 0xd2, 0x02, 0xe0, 0x68, 0x01, 0x95, 0x40, 0x04,
	0xff, 0x1a, 0x4b, 0xff, 0x74, 0x01, 0xd2, 0x1a, 0x4b, 0xff, 0x04, 0x19, 0xff, 0xd8, 0x02, 0xdc,
	0x64, 0x01, 0x93, 0xd2, 0x02, 0xff, 0x1a, 0x4b, 0xff, 0x6e, 0x01, 0xdc, 0x1a, 0x4b, 0xff, 0x0e,
	0x19, 0xff, 0xdc, 0x02, 0xd5, 0xb4, 0x05, 0x94, 0x50, 0x13, 0xff, 0x1a, 0x4b, 0xff, 0x90, 0x08,
	0xdd, 0x74, 0x01, 0x91, 0xdc, 0x02, 0xff, 0x08, 0x19, 0xff, 0x68, 0x01, 0xd1, 0x68, 0x01, 0x93,
	0x4a, 0x04, 0xff, 0x1a, 0x4b, 0xff, 0x74, 0x01, 0xc7, 0x74, 0x01, 0x8a, 0x1a, 0x4b, 0xff, 0x04,
	0x19, 0xff, 0xd8, 0x02, 0xdc, 0x64, 0x01, 0x93, 0xd2, 0x02, 0xff, 0x1a, 0x4b, 0xff, 0x6e, 0x01,
	0xdc, 0x1a, 0x4b, 0xff, 0x0e, 0x19, 0xff, 0xdc, 0x02, 0xd4, 0x6e, 0x01, 0x95, 0x16, 0x11, 0xff,
	0x1a, 0x4b, 0xff, 0x6a, 0x01, 0xd3, 0x6a, 0x01, 0x93, 0xd2, 0x02, 0xff, 0x08, 0x19, 0xff, 0x6e,
	0x01, 0xdc, 0x1a, 0x4b, 0xff, 0x0e, 0x19, 0xff, 0x1a, 0x4b, 0xff, 0x0e, 0x19, 0xff, 0x01, 0x00,
	0xff, 0x01, 0x00, 0x88, 0x01, 0x00, 0x93, 0x0e, 0x19, 0xff, 0x1a, 0x4b, 0xf8, 0x1a, 0x4b, 0xff,
	0x04, 0x19, 0xff, 0x16, 0x05, 0xdc, 0x64, 0x01, 0x81, 0x70, 0x02, 0xff, 0x08, 0x19, 0xff, 0x1a,
	0x4b, 0xee, 0x1a, 0x4b, 0xff, 0x0e, 0x19, 0xff, 0xdc, 0x02, 0xd5, 0xf2, 0x07, 0x96, 0x5a, 0x13,
	0xff, 0x1a, 0x4b, 0xff, 0x6a, 0x01, 0xd6, 0x1a, 0x4b, 0xff, 0x08, 0x19, 0xff, 0xd2, 0x02, 0xe0,
	0x68, 0x01, 0x95, 0x40, 0x04, 0xff, 0x1a, 0x4b, 0xff, 0x74, 0x01, 0xd2, 0x1a, 0x4b, 0xff, 0x04,
	0x19, 0xff, 0xd8, 0x02, 0xdc, 0x64, 0x01, 0x93, 0xd2, 0x02, 0xff, 0x1a, 0x4b, 0xff, 0x78, 0x01,
	0xe6, 0x1a, 0x4b, 0xff, 0x0e, 0x19, 0xff, 0xe6, 0x02, 0xd4, 0x6e, 0x01, 0x97, 0x5a, 0x13, 0xff,
	0x1a, 0x4b, 0xff, 0x6a, 0x01, 0xd6, 0x1a, 0x4b, 0xff, 0x08, 0x19, 0xff, 0xd2, 0x02, 0xe0, 0x68,
	0x01, 0x95, 0x40, 0x04, 0xff, 0x1a, 0x4b, 0xff, 0x74, 0x01, 0xd2, 0x1a, 0x4b, 0xff, 0x04, 0x19,
	0xff, 0xd8, 0x02, 0xdc, 0x64, 0x01, 0x93, 0xd2, 0x02, 0xff, 0x1a, 0x4b, 0xff, 0x6e, 0x01, 0xdc,
	0x1a, 0x4b, 0xff, 0x0e, 0x19, 0xff, 0x0e, 0x19, 0xe3, 0x1a, 0x4b, 0xff, 0x04, 0x19, 0xff, 0x1a,
	0x4b, 0xff, 0x04, 0x19, 0xff, 0x01, 0x00, 0xff, 0x01, 0x00, 0x88, 0x01, 0x00, 0x93, 0x04, 0x19,
	0xff, 0x1a, 0x4b, 0xfc, 0x1a, 0x4b, 0xff, 0x08, 0x19, 0xff, 0x10, 0x05, 0xe0, 0x68, 0x01, 0x83,
	0x01, 0x00, 0xff, 0x0e, 0x19, 0xff, 0x1a, 0x4b, 0xe2, 0x48, 0x48, 0x00, 0x8d, 0xff, 0x1e, 0x64,
	0xff, 0x04, 0x19, 0xdd, 0x64, 0x01, 0x82, 0xd2, 0x02, 0xff, 0x22, 0x64, 0xff, 0x1a, 0x4b, 0xe6,
	0x6e, 0x01, 0x84, 0x46, 0x04, 0xff, 0x28, 0x64, 0xff, 0xdc, 0x02, 0xd4, 0x6e, 0x01, 0x85, 0xb2,
	0xa6, 0xff, 0x1e, 0x64, 0xff, 0x1a, 0x4b, 0xe3, 0x6a, 0x01, 0x93, 0xd2, 0x02, 0xff, 0x08, 0x19,
	0xff, 0x68, 0x01, 0xcf, 0x68, 0x01, 0x95, 0x40, 0x04, 0xff, 0x1a, 0x4b, 0xff, 0x7e, 0x01, 0xda,
	0x48, 0x48, 0x8e, 0x50, 0x04, 0xff, 0x04, 0x19, 0xff, 0x64, 0x01, 0xcd, 0x64, 0x01, 0x91, 0xdc,
	0x02, 0xff, 0x1a, 0x4b, 0xff, 0x6e, 0x01, 0xd7, 0x6e, 0x01, 0x93, 0x50, 0x04, 0xff, 0x0e, 0x19,
	0xff, 0x6e, 0x01, 0xc6, 0xbe, 0x05, 0x84, 0x78, 0xa4, 0xff, 0x1e, 0x64, 0xff, 0x1a, 0x4b, 0xe3,
	0x6a, 0x01, 0x93, 0xd2, 0x02, 0xff, 0x08, 0x19, 0xff, 0x68, 0x01, 0xcf, 0x68, 0x01, 0x95, 0x40,
	0x04, 0xff, 0x1a, 0x4b, 0xff, 0x74, 0x01, 0xd0, 0x04, 0x46, 0x90, 0x46, 0x04, 0xff, 0x04, 0x19,
	0xff, 0x6a, 0x01, 0xd1, 0x6a, 0x01, 0x91, 0xd8, 0x02, 0xff, 0x1a, 0x4b, 0xff, 0x08, 0x19, 0xff,
	0x08, 0x19, 0xff, 0x01, 0x00, 0xfb, 0x01, 0x00, 0x93, 0x08, 0x19, 0xff, 0x1a, 0x4b, 0xfb, 0xac,
	0x03, 0x83, 0x01, 0x00, 0xff, 0x28, 0x64, 0xff, 0x0e, 0x19, 0xd5, 0x6e, 0x01, 0x97, 0x5a, 0x13,
	0xff, 0x1a, 0x4b, 0xff, 0x6a, 0x01, 0xd1, 0x6a, 0x01, 0x93, 0xd2, 0x02, 0xff, 0x08, 0x19, 0xff,
	0x68, 0x01, 0xcf, 0x68, 0x01, 0x95, 0x40, 0x04, 0xff, 0x1a, 0x4b, 0xff, 0x74, 0x01, 0xd0, 0x48,
	0x48, 0x90, 0x46, 0x04, 0xff, 0x04, 0x19, 0xff, 0x64, 0x01, 0xcb, 0x64, 0x01, 0x93, 0xd2, 0x02,
	0xff, 0x1a, 0x4b, 0xff, 0x6e, 0x01, 0xd5, 0x6e, 0x01, 0x95, 0x46, 0x04, 0xff, 0x0e, 0x19, 0xff,
	0x6e, 0x01, 0xc4, 0xb4, 0x05, 0x94, 0x50, 0x13, 0xff, 0x1a, 0x4b, 0xff, 0x90, 0x08, 0xdd, 0x74,
	0x01, 0x91, 0xdc, 0x02, 0xff, 0x08, 0x19, 0xff, 0x68, 0x01, 0xd1, 0x68, 0x01, 0x93, 0x4a, 0x04,
	0xff, 0x1a, 0x4b, 0xff, 0x74, 0x01, 0xc7, 0x74, 0x01, 0x89, 0x7c, 0xde, 0xff, 0x04, 0x19, 0xff,
	0x04, 0x19, 0xdd, 0x64, 0x01, 0x93, 0xd2, 0x02, 0xff, 0x1a, 0x4b, 0xff, 0x6e, 0x01, 0xd5, 0x6e,
	0x01, 0x95, 0x46, 0x04, 0xff, 0x0e, 0x19, 0xff, 0x6e, 0x01, 0xc3, 0x6e, 0x01, 0x95, 0x16, 0x11,
	0xff, 0x1a, 0x4b, 0xff, 0x6a, 0x01, 0xd3, 0x6a, 0x01, 0x93, 0xd2, 0x02, 0xff, 0x08, 0x19, 0xff,
	0x6e, 0x01, 0xd5, 0x6e, 0x01, 0x93, 0x46, 0x04, 0xff, 0x1a, 0x4b, 0xff, 0x0e, 0x19, 0xff, 0x0e,
	0x19, 0xff, 0x01, 0x00, 0xfb, 0x01, 0x00, 0x93, 0x0e, 0x19, 0xff, 0x1a, 0x4b, 0xf6, 0x48, 0x48,
	0x90, 0x1a, 0x0f, 0xff, 0x04, 0x19, 0xff, 0x64, 0x01, 0xcb, 0x64, 0x01, 0x81, 0x70, 0x02, 0xff,
	0x08, 0x19, 0xff, 0x1a, 0x4b, 0xe7, 0x6e, 0x01, 0x83, 0x01, 0x00, 0xff, 0x0e, 0x19, 0xff, 0x0e,
	0x19, 0xd6, 0xf2, 0x07, 0x96, 0x5a, 0x13, 0xff, 0x1a, 0x4b, 0xff, 0x6a, 0x01, 0xd1, 0x6a, 0x01,
	0x93, 0xd2, 0x02, 0xff, 0x08, 0x19, 0xff, 0x68, 0x01, 0xcf, 0x68, 0x01, 0x95, 0x40, 0x04, 0xff,
	0x1a, 0x4b, 0xff, 0x74, 0x01, 0xd0, 0x3e, 0x48, 0x90, 0x46, 0x04, 0xff, 0x04, 0x19, 0xff, 0x64,
	0x01, 0xcb, 0x64, 0x01, 0x93, 0xd2, 0x02, 0xff, 0x1a, 0x4b, 0xff, 0x78, 0x01, 0xdf, 0x78, 0x01,
	0x93, 0x50, 0x04, 0xff, 0x0e, 0x19, 0xff, 0x6e, 0x01, 0xc5, 0x6e, 0x01, 0x97, 0x5a, 0x13, 0xff,
	0x1a, 0x4b, 0xff, 0x6a, 0x01, 0xd1, 0x6a, 0x01, 0x93, 0xd2, 0x02, 0xff, 0x08, 0x19, 0xff, 0x68,
	0x01, 0xcf, 0x68, 0x01, 0x95, 0x40, 0x04, 0xff, 0x1a, 0x4b, 0xff, 0x74, 0x01, 0xd0, 0x48, 0x48,
	0x90, 0x46, 0x04, 0xff, 0x04, 0x19, 0xff, 0x64, 0x01, 0xcb, 0x64, 0x01, 0x93, 0xd2, 0x02, 0xff,
	0x1a, 0x4b, 0xff, 0x6e, 0x01, 0xd5, 0x6e, 0x01, 0x95, 0x46, 0x04, 0xff, 0x0e, 0x19, 0xff, 0x74,
	0x01, 0xd0, 0x0a, 0x46, 0x8e, 0x46, 0x04, 0xff, 0x1a, 0x4b, 0xff, 0x04, 0x19, 0xff, 0x04, 0x19,
	0xff, 0x01, 0x00, 0xfb, 0x01, 0x00, 0x93, 0x04, 0x19, 0xff, 0x1a, 0x4b, 0xf7, 0xa8, 0x03, 0x81,
	0x0c, 0x01, 0xff, 0x08, 0x19, 0xff, 0x08, 0x19, 0xe1, 0x68, 0x01, 0x83, 0x01, 0x00, 0xff, 0x0e,
	0x19, 0xff, 0x1a, 0x4b, 0xe4, 0x1a, 0x4b, 0xff, 0x1e, 0x64, 0xff, 0xd8, 0x02, 0xdc, 0x64, 0x01,
	0x82, 0xd2, 0x02, 0xff, 0x22, 0x64, 0xff, 0x1a, 0x4b, 0xed, 0x1a, 0x4b, 0xff, 0x28, 0x64, 0xff,
	0xdc, 0x02, 0xd4, 0x6e, 0x01, 0x86, 0x50, 0x13, 0xff, 0x1e, 0x64, 0xff, 0x1a, 0x4b, 0xe7, 0x1a,
	0x4b, 0xff, 0x22, 0x64, 0xff, 0xd2, 0x02, 0xe0, 0x68, 0x01, 0x95, 0x40, 0x04, 0xff, 0x1a, 0x4b,
	0xff, 0x7e, 0x01, 0xdc, 0x1a, 0x4b, 0xff, 0x1e, 0x64, 0xff, 0xe2, 0x02, 0xdc, 0x64, 0x01, 0x91,
	0xdc, 0x02, 0xff, 0x1a, 0x4b, 0xff, 0x6e, 0x01, 0xd7, 0x6e, 0x01, 0x93, 0x50, 0x04, 0xff, 0x0e,
	0x19, 0xff, 0x6e, 0x01, 0xc6, 0xbe, 0x05, 0x85, 0x54, 0x13, 0xff, 0x1e, 0x64, 0xff, 0x1a, 0x4b,
	0xe7, 0x1a, 0x4b, 0xff, 0x22, 0x64, 0xff, 0xd2, 0x02, 0xe0, 0x68, 0x01, 0x95, 0x40, 0x04, 0xff,
	0x1a, 0x4b, 0xff, 0x74, 0x01, 0xd2, 0x1a, 0x4b, 0xff, 0x1e, 0x64, 0xff, 0x04, 0x19, 0xe7, 0x1a,
	0x4b, 0xff, 0x22, 0x64, 0xff, 0x1a, 0x4b, 0xff, 0x08, 0x19, 0xff, 0x01, 0x00, 0xff, 0x01, 0x00,
	0x88, 0x01, 0x00, 0x93, 0x08, 0x19, 0xff, 0x1a, 0x4b, 0xff, 0x1a, 0x4b, 0xff, 0x28, 0x64, 0xff,
	0x0e, 0x19, 0xd7, 0x6e, 0x01, 0x97, 0x5a, 0x13, 0xff, 0x1a, 0x4b, 0xff, 0x6a, 0x01, 0xd6, 0x1a,
	0x4b, 0xff, 0x08, 0x19, 0xff, 0xd2, 0x02, 0xe0, 0x68, 0x01, 0x95, 0x40, 0x04, 0xff, 0x1a, 0x4b,
	0xff, 0x74, 0x01, 0xd2, 0x1a, 0x4b, 0xff, 0x04, 0x19, 0xff, 0xd8, 0x02, 0xdc, 0x64, 0x01, 0x93,
	0xd2, 0x02, 0xff, 0x1a, 0x4b, 0xff, 0x6e, 0x01, 0xdc, 0x1a, 0x4b, 0xff, 0x0e, 0x19, 0xff, 0xdc,
	0x02, 0xd5, 0xb4, 0x05, 0x94, 0x50, 0x13, 0xff, 0x1a, 0x4b, 0xff, 0x90, 0x08, 0xdd, 0x74, 0x01,
	0x91, 0xdc, 0x02, 0xff, 0x08, 0x19, 0xff, 0x68, 0x01, 0xd1, 0x68, 0x01, 0x93, 0x4a, 0x04, 0xff,
	0x1a, 0x4b, 0xff, 0x74, 0x01, 0xc7, 0x74, 0x01, 0x8a, 0x1a, 0x4b, 0xff, 0x04, 0x19, 0xff, 0xd8,
	0x02, 0xdc, 0x64, 0x01, 0x93, 0xd2, 0x02, 0xff, 0x1a, 0x4b, 0xff, 0x6e, 0x01, 0xdc, 0x1a, 0x4b,
	0xff, 0x0e, 0x19, 0xff, 0xdc, 0x02, 0xd4, 0x6e, 0x01, 0x95, 0x16, 0x11, 0xff, 0x1a, 0x4b, 0xff,
	0x6a, 0x01, 0xd3, 0x6a, 0x01, 0x93, 0xd2, 0x02, 0xff, 0x08, 0x19, 0xff, 0x6e, 0x01, 0xdc, 0x1a,
	0x4b, 0xff, 0x0e, 0x19, 0xff, 0x1a, 0x4b, 0xff, 0x0e, 0x19, 0xff, 0x01, 0x00, 0xff, 0x01, 0x00,
	0x88, 0x01, 0x00, 0x93, 0x0e, 0x19, 0xff, 0x1a, 0x4b, 0xf8, 0x1a, 0x4b, 0xff, 0x04, 0x19, 0xff,
	0x16, 0x05, 0xdc, 0x64, 0x01, 0x81, 0x70, 0x02, 0xff, 0x08, 0x19, 0xff, 0x1a, 0x4b, 0xee, 0x1a,
	0x4b, 0xff, 0x0e, 0x19, 0xff, 0xdc, 0x02, 0xd5, 0xf2, 0x07, 0x96, 0x5a, 0x13, 0xff, 0x1a, 0x4b,
	0xff, 0x6a, 0x01, 0xd6, 0x1a, 0x4b, 0xff, 0x08, 0x19, 0xff, 0xd2, 0x02, 0xe0, 0x68, 0x01, 0x95,
	0x40, 0x04, 0xff, 0x1a, 0x4b, 0xff, 0x74, 0x01, 0xd2, 0x1a, 0x4b, 0xff, 0x04, 0x19, 0xff, 0xd8,
	0x02, 0xdc, 0x64, 0x01, 0x93, 0xd2, 0x02, 0xff, 0x1a, 0x4b, 0xff, 0x78, 0x01, 0xe6, 0x1a, 0x4b,
	0xff, 0x0e, 0x19, 0xff, 0xe6, 0x02, 0xd4, 0x6e, 0x01, 0x97, 0x5a, 0x13, 0xff, 0x1a, 0x4b, 0xff,
	0x6a, 0x01, 0xd6, 0x1a, 0x4b, 0xff, 0x08, 0x19, 0xff, 0xd2, 0x02, 0xe0, 0x68, 0x01, 0x95, 0x40,
	0x04, 0xff, 0x1a, 0x4b, 0xff, 0x74, 0x01, 0xd2, 0x1a, 0x4b, 0xff, 0x04, 0x19, 0xff, 0xd8, 0x02,
	0xdc, 0x64, 0x01, 0x93, 0xd2, 0x02, 0xff, 0x1a, 0x4b, 0xff, 0x6e, 0x01, 0xdc, 0x1a, 0x4b, 0xff,
	0x0e, 0x19, 0xff, 0x0e, 0x19, 0xe3, 0x1a, 0x4b, 0xff, 0x04, 0x19, 0xff, 0x1a, 0x4b, 0xff, 0x04,
	0x19, 0xff, 0x01, 0x00, 0xff, 0x01, 0x00, 0x88, 0x01, 0x00, 0x93, 0x04, 0x19, 0xff, 0x1a, 0x4b,
	0xfc, 0x1a, 0x4b, 0xff, 0x08, 0x19, 0xff, 0x10, 0x05, 0xe0, 0x68, 0x01, 0x83, 0x01, 0x00, 0xff,
	0x0e, 0x19, 0xff, 0x1a, 0x4b, 0xe2, 0x48, 0x48, 0x02, 0x85, 0xa1, 0x90, 0xff, 0x04, 0x19, 0xff,
	0x64, 0x01, 0xdb, 0x64, 0x01, 0x81, 0xd2, 0x02, 0x8f, 0x68, 0x01, 0xff, 0x1a, 0x4b, 0xff, 0x6e,
	0x01, 0xd5, 0x6e, 0x01, 0x83, 0x01, 0x00, 0x8f, 0x74, 0x01, 0xff, 0x0e, 0x19, 0xff, 0x6e, 0x01,
	0xc3, 0x6e, 0x01, 0x85, 0xb2, 0xa6, 0x8f, 0x64, 0x01, 0xff, 0x1a, 0x4b, 0xff, 0x6a, 0x01, 0xd1,
	0x6a, 0x01, 0x93, 0xd2, 0x02, 0xff, 0x08, 0x19, 0xff, 0x68, 0x01, 0xcf, 0x68, 0x01, 0x95, 0x40,
	0x04, 0xff, 0x1a, 0x4b, 0xff, 0x7e, 0x01, 0xda, 0x48, 0x48, 0x8e, 0x50, 0x04, 0xff, 0x04, 0x19,
	0xff, 0x64, 0x01, 0xcd, 0x64, 0x01, 0x91, 0xdc, 0x02, 0xff, 0x1a, 0x4b, 0xff, 0x6e, 0x01, 0xd7,
	0x6e, 0x01, 0x93, 0x50, 0x04, 0xff, 0x0e, 0x19, 0xff, 0x6e, 0x01, 0xc6, 0xbe, 0x05, 0x84, 0x78,
	0xa4, 0x8f, 0x64, 0x01, 0xff, 0x1a, 0x4b, 0xff, 0x6a, 0x01, 0xd1, 0x6a, 0x01, 0x93, 0xd2, 0x02,
	0xff, 0x08, 0x19, 0xff, 0x68, 0x01, 0xcf, 0x68, 0x01, 0x95, 0x40, 0x04, 0xff, 0x1a, 0x4b, 0xff,
	0x74, 0x01, 0xd0, 0x04, 0x46, 0x90, 0x46, 0x04, 0xff, 0x04, 0x19, 0xff, 0x6a, 0x01, 0xd1, 0x6a,
	0x01, 0x91, 0xd8, 0x02, 0xff, 0x1a, 0x4b, 0xff, 0x08, 0x19, 0xff, 0x08, 0x19, 0xff, 0x01, 0x00,
	0xfb, 0x01, 0x00, 0x93, 0x08, 0x19, 0xff, 0x1a, 0x4b, 0xfb, 0xac, 0x03, 0x83, 0x01, 0x00, 0x8f,
	0x1a, 0x0f, 0xff, 0x0e, 0x19, 0xff, 0x6e, 0x01, 0xc3, 0x6e, 0x01, 0x97, 0x5a, 0x13, 0xff, 0x1a,
	0x4b, 0xff, 0x6a, 0x01, 0xd1, 0x6a, 0x01, 0x93, 0xd2, 0x02, 0xff, 0x08, 0x19, 0xff, 0x68, 0x01,
	0xcf, 0x68, 0x01, 0x95, 0x40, 0x04, 0xff, 0x1a, 0x4b, 0xff, 0x74, 0x01, 0xd0, 0x48, 0x48, 0x90,
	0x46, 0x04, 0xff, 0x04, 0x19, 0xff, 0x64, 0x01, 0xcb, 0x64, 0x01, 0x93, 0xd2, 0x02, 0xff, 0x1a,
	0x4b, 0xff, 0x6e, 0x01, 0xd5, 0x6e, 0x01, 0x95, 0x46, 0x04, 0xff, 0x0e, 0x19, 0xff, 0x6e, 0x01,
	0xc4, 0xb4, 0x05, 0x94, 0x50, 0x13, 0xff, 0x1a, 0x4b, 0xff, 0x90, 0x08, 0xdd, 0x74, 0x01, 0x91,
	0xdc, 0x02, 0xff, 0x08, 0x19, 0xff, 0x68, 0x01, 0xd1, 0x68, 0x01, 0x93, 0x4a, 0x04, 0xff, 0x1a,
	0x4b, 0xff, 0x74, 0x01, 0xc7, 0x74, 0x01, 0x89, 0x7c, 0xde, 0xff, 0x04, 0x19, 0xff, 0x04, 0x19,
	0xdd, 0x64, 0x01, 0x93, 0xd2, 0x02, 0xff, 0x1a, 0x4b, 0xff, 0x6e, 0x01, 0xd5, 0x6e, 0x01, 0x95,
	0x46, 0x04, 0xff, 0x0e, 0x19, 0xff, 0x6e, 0x01, 0xc3, 0x6e, 0x01, 0x95, 0x16, 0x11, 0xff, 0x1a,
	0x4b, 0xff, 0x6a, 0x01, 0xd3, 0x6a, 0x01, 0x93, 0xd2, 0x02, 0xff, 0x08, 0x19, 0xff, 0x6e, 0x01,
	0xd5, 0x6e, 0x01, 0x93, 0x46, 0x04, 0xff, 0x1a, 0x4b, 0xff, 0x0e, 0x19, 0xff, 0x0e, 0x19, 0xff,
	0x01, 0x00, 0xfb, 0x01, 0x00, 0x93, 0x0e, 0x19, 0xff, 0x1a, 0x4b, 0xf6, 0x48, 0x48, 0x90, 0x1a,
	0x0f, 0xff, 0x04, 0x19, 0xff, 0x64, 0x01, 0xcb, 0x64, 0x01, 0x81, 0x70, 0x02, 0xff, 0x08, 0x19,
	0xff, 0x1a, 0x4b, 0xe7, 0x6e, 0x01, 0x83, 0x01, 0x00, 0xff, 0x0e, 0x19, 0xff, 0x0e, 0x19, 0xd6,
	0xf2, 0x07, 0x96, 0x5a, 0x13, 0xff, 0x1a, 0x4b, 0xff, 0x6a, 0x01, 0xd1, 0x6a, 0x01, 0x93, 0xd2,
	0x02, 0xff, 0x08, 0x19, 0xff, 0x68, 0x01, 0xcf, 0x68, 0x01, 0x95, 0x40, 0x04, 0xff, 0x1a, 0x4b,
	0xff, 0x74, 0x01, 0xd0, 0x3e, 0x48, 0x90, 0x46, 0x04, 0xff, 0x04, 0x19, 0xff, 0x64, 0x01, 0xcb,
	0x64, 0x01, 0x93, 0xd2, 0x02, 0xff, 0x1a, 0x4b, 0xff, 0x78, 0x01, 0xdf, 0x78, 0x01, 0x93, 0x50,
	0x04, 0xff, 0x0e, 0x19, 0xff, 0x6e, 0x01, 0xc5, 0x6e, 0x01, 0x97, 0x5a, 0x13, 0xff, 0x1a, 0x4b,
	0xff, 0x6a, 0x01, 0xd1, 0x6a, 0x01, 0x93, 0xd2, 0x02, 0xff, 0x08, 0x19, 0xff, 0x68, 0x01, 0xcf,
	0x68, 0x01, 0x95, 0x40, 0x04, 0xff, 0x1a, 0x4b, 0xff, 0x74, 0x01, 0xd0, 0x48, 0x48, 0x90, 0x46,
	0x04, 0xff, 0x04, 0x19, 0xff, 0x64, 0x01, 0xcb, 0x64, 0x01, 0x93, 0xd2, 0x02, 0xff, 0x1a, 0x4b,
	0xff, 0x6e, 0x01, 0xd5, 0x6e, 0x01, 0x95, 0x46, 0x04, 0xff, 0x0e, 0x19, 0xff, 0x74, 0x01, 0xd0,
	0x0a, 0x46, 0x8e, 0x46, 0x04, 0xff, 0x1a, 0x4b, 0xff, 0x04, 0x19, 0xff, 0x04, 0x19, 0xff, 0x01,
	0x00, 0xfb, 0x01, 0x00, 0x93, 0x04, 0x19, 0xff, 0x1a, 0x4b, 0xf7, 0xa8, 0x03, 0x81, 0x0c, 0x01,
	0xff, 0x08, 0x19, 0xff, 0x08, 0x19, 0xe1, 0x68, 0x01, 0x83, 0x01, 0x00, 0xff, 0x0e, 0x19, 0xff,
	0x1a, 0x4b, 0xe4, 0x1a, 0x4b, 0x00, 0x91, 0xff, 0x04, 0x19, 0xff, 0x64, 0x01, 0xe0, 0x1a, 0x4b,
	0x8e, 0x68, 0x01, 0xff, 0x1a, 0x4b, 0xff, 0x6e, 0x01, 0xdc, 0x1a, 0x4b, 0x8e, 0x74, 0x01, 0xff,
	0x0e, 0x19, 0xff, 0x6e, 0x01, 0xc3, 0x6e, 0x01, 0x86, 0x50, 0x13, 0x8e, 0x64, 0x01, 0xff, 0x1a,
	0x4b, 0xff, 0x6a, 0x01, 0xd6, 0x1a, 0x4b, 0x8e, 0x6e, 0x01, 0xff, 0x08, 0x19, 0xff, 0x68, 0x01,
	0xcf, 0x68, 0x01, 0x95, 0x40, 0x04, 0xff, 0x1a, 0x4b, 0xff, 0x7e, 0x01, 0xdc, 0x1a, 0x4b, 0x8c,
	0x74, 0x01, 0xff, 0x04, 0x19, 0xff, 0x64, 0x01, 0xcd, 0x64, 0x01, 0x91, 0xdc, 0x02, 0xff, 0x1a,
	0x4b, 0xff, 0x6e, 0x01, 0xd7, 0x6e, 0x01, 0x93, 0x50, 0x04, 0xff, 0x0e, 0x19, 0xff, 0x6e, 0x01,
	0xc6, 0xbe, 0x05, 0x85, 0x54, 0x13, 0x8e, 0x64, 0x01, 0xff, 0x1a, 0x4b, 0xff, 0x6a, 0x01, 0xd6,
	0x1a, 0x4b, 0x8e, 0x6e, 0x01, 0xff, 0x08, 0x19, 0xff, 0x68, 0x01, 0xcf, 0x68, 0x01, 0x95, 0x40,
	0x04, 0xff, 0x1a, 0x4b, 0xff, 0x74, 0x01, 0xd2, 0x1a, 0x4b, 0x8e, 0x6a, 0x01, 0xff, 0x04, 0x19,
	0xff, 0x6a, 0x01, 0xd6, 0x1a, 0x4b, 0x8c, 0x6e, 0x01, 0xff, 0x1a, 0x4b, 0xff, 0x08, 0x19, 0xff,
	0x08, 0x19, 0xff, 0x01, 0x00, 0xfb, 0x01, 0x00, 0x93, 0x08, 0x19, 0xff, 0x1a, 0x4b, 0xff, 0x1a,
	0x4b, 0x91, 0x1a, 0x0f, 0xff, 0x0e, 0x19, 0xff, 0x6e, 0x01, 0xc3, 0x6e, 0x01, 0x97, 0x5a, 0x13,
	0xff, 0x1a, 0x4b, 0xff, 0x6a, 0x01, 0xd6, 0x1a, 0x4b, 0xff, 0x08, 0x19, 0xff, 0xd2, 0x02, 0xe0,
	0x68, 0x01, 0x95, 0x40, 0x04, 0xff, 0x1a, 0x4b, 0xff, 0x74, 0x01, 0xd2, 0x1a, 0x4b, 0xff, 0x04,
	0x19, 0xff, 0xd8, 0x02, 0xdc, 0x64, 0x01, 0x93, 0xd2, 0x02, 0xff, 0x1a, 0x4b, 0xff, 0x6e, 0x01,
	0xdc, 0x1a, 0x4b, 0xff, 0x0e, 0x19, 0xff, 0xdc, 0x02, 0xd5, 0xb4, 0x05, 0x94, 0x50, 0x13, 0xff,
	0x1a, 0x4b, 0xff, 0x90, 0x08, 0xdd, 0x74, 0x01, 0x91, 0xdc, 0x02, 0xff, 0x08, 0x19, 0xff, 0x68,
	0x01, 0xd1, 0x68, 0x01, 0x93, 0x4a, 0x04, 0xff, 0x1a, 0x4b, 0xff, 0x74, 0x01, 0xc7, 0x74, 0x01,
	0x8a, 0x1a, 0x4b, 0xff, 0x04, 0x19, 0xff, 0xd8, 0x02, 0xdc, 0x64, 0x01, 0x93, 0xd2, 0x02, 0xff,
	0x1a, 0x4b, 0xff, 0x6e, 0x01, 0xdc, 0x1a, 0x4b, 0xff, 0x0e, 0x19, 0xff, 0xdc, 0x02, 0xd4, 0x6e,
	0x01, 0x95, 0x16, 0x11, 0xff, 0x1a, 0x4b, 0xff, 0x6a, 0x01, 0xd3, 0x6a, 0x01, 0x93, 0xd2, 0x02,
	0xff, 0x08, 0x19, 0xff, 0x6e, 0x01, 0xdc, 0x1a, 0x4b, 0xff, 0x0e, 0x19, 0xff, 0x1a, 0x4b, 0xff,
	0x0e, 0x19, 0xff, 0x01, 0x00, 0xff, 0x01, 0x00, 0x88, 0x01, 0x00, 0x93, 0x0e, 0x19, 0xff, 0x1a,
	0x4b, 0xf8, 0x1a, 0x4b, 0xff, 0x04, 0x19, 0xff, 0x16, 0x05, 0xdc, 0x64, 0x01, 0x81, 0x70, 0x02,
	0xff, 0x08, 0x19, 0xff, 0x1a, 0x4b, 0xee, 0x1a, 0x4b, 0xff, 0x0e, 0x19, 0xff, 0xdc, 0x02, 0xd5,
	0xf2, 0x07, 0x96, 0x5a, 0x13, 0xff, 0x1a, 0x4b, 0xff, 0x6a, 0x01, 0xd6, 0x1a, 0x4b, 0xff, 0x08,
	0x19, 0xff, 0xd2, 0x02, 0xe0, 0x68, 0x01, 0x95, 0x40, 0x04, 0xff, 0x1a, 0x4b, 0xff, 0x74, 0x01,
	0xd2, 0x1a, 0x4b, 0xff, 0x04, 0x19, 0xff, 0xd8, 0x02, 0xdc, 0x64, 0x01, 0x93, 0xd2, 0x02, 0xff,
	0x1a, 0x4b, 0xff, 0x78, 0x01, 0xe6, 0x1a, 0x4b, 0xff, 0x0e, 0x19, 0xff, 0xe6, 0x02, 0xd4, 0x6e,
	0x01, 0x97, 0x5a, 0x13, 0xff, 0x1a, 0x4b, 0xff, 0x6a, 0x01, 0xd6, 0x1a, 0x4b, 0xff, 0x08, 0x19,
	0xff, 0xd2, 0x02, 0xe0, 0x68, 0x01, 0x95, 0x40, 0x04, 0xff, 0x1a, 0x4b, 0xff, 0x74, 0x01, 0xd2,
	0x1a, 0x4b, 0xff, 0x04, 0x19, 0xff, 0xd8, 0x02, 0xdc, 0x64, 0x01, 0x93, 0xd2, 0x02, 0xff, 0x1a,
	0x4b, 0xff, 0x6e, 0x01, 0xdc, 0x1a, 0x4b, 0xff, 0x0e, 0x19, 0xff, 0x0e, 0x19, 0xe3, 0x1a, 0x4b,
	0xff, 0x04, 0x19, 0xff, 0x1a, 0x4b, 0xff, 0x04, 0x19, 0xff, 0x01, 0x00, 0xff, 0x01, 0x00, 0x88,
	0x01, 0x00, 0x93, 0x04, 0x19, 0xff, 0x1a, 0x4b, 0xfc, 0x1a, 0x4b, 0xff, 0x08, 0x19, 0xff, 0x10,
	0x05, 0xe0, 0x68, 0x01, 0x83, 0x01, 0x00, 0xff, 0x0e, 0x19, 0xff, 0x1a, 0x4b, 0xe2, 0x48, 0x48,
	0x00, 0x8d, 0xff, 0x1e, 0x64, 0xff, 0x04, 0x19, 0xdd, 0x64, 0x01, 0x82, 0xd2, 0x02, 0xff, 0x22,
	0x64, 0xff, 0x1a, 0x4b, 0xe6, 0x6e, 0x01, 0x84, 0x46, 0x04, 0xff, 0x28, 0x64, 0xff, 0xdc, 0x02,
	0xd4, 0x6e, 0x01, 0x85, 0xb2, 0xa6, 0xff, 0x1e, 0x64, 0xff, 0x1a, 0x4b, 0xe3, 0x6a, 0x01, 0x93,
	0xd2, 0x02, 0xff, 0x08, 0x19, 0xff, 0x68, 0x01, 0xcf, 0x68, 0x01, 0x95, 0x40, 0x04, 0xff, 0x1a,
	0x4b, 0xff, 0x7e, 0x01, 0xda, 0x48, 0x48, 0x8e, 0x50, 0x04, 0xff, 0x04, 0x19, 0xff, 0x64, 0x01,
	0xcd, 0x64, 0x01, 0x91, 0xdc, 0x02, 0xff, 0x1a, 0x4b, 0xff, 0x6e, 0x01, 0xd7, 0x6e, 0x01, 0x93,
	0x50, 0x04, 0xff, 0x0e, 0x19, 0xff, 0x6e, 0x01, 0xc6, 0xbe, 0x05, 0x84, 0x78, 0xa4, 0xff, 0x1e,
	0x64, 0xff, 0x1a, 0x4b, 0xe3, 0x6a, 0x01, 0x93, 0xd2, 0x02, 0xff, 0x08, 0x19, 0xff, 0x68, 0x01,
	0xcf, 0x68, 0x01, 0x95, 0x40, 0x04, 0xff, 0x1a, 0x4b, 0xff, 0x74, 0x01, 0xd0, 0x04, 0x46, 0x90,
	0x46, 0x04, 0xff, 0x04, 0x19, 0xff, 0x6a, 0x01, 0xd1, 0x6a, 0x01, 0x91, 0xd8, 0x02, 0xff, 0x1a,
	0x4b, 0xff, 0x08, 0x19, 0xff, 0x08, 0x19, 0xff, 0x01, 0x00, 0xfb, 0x01, 0x00, 0x93, 0x08, 0x19,
	0xff, 0x1a, 0x4b, 0xfb, 0xac, 0x03, 0x83, 0x01, 0x00, 0xff, 0x28, 0x64, 0xff, 0x0e, 0x19, 0xd5,
	0x6e, 0x01, 0x97, 0x5a, 0x13, 0xff, 0x1a, 0x4b, 0xff, 0x6a, 0x01, 0xd1, 0x6a, 0x01, 0x93, 0xd2,
	0x02, 0xff, 0x08, 0x19, 0xff, 0x68, 0x01, 0xcf, 0x68, 0x01, 0x95, 0x40, 0x04, 0xff, 0x1a, 0x4b,
	0xff, 0x74, 0x01, 0xd0, 0x48, 0x48, 0x90, 0x46, 0x04, 0xff, 0x04, 0x19, 0xff, 0x64, 0x01, 0xcb,
	0x64, 0x01, 0x93, 0xd2, 0x02, 0xff, 0x1a, 0x4b, 0xff, 0x6e, 0x01, 0xd5, 0x6e, 0x01, 0x95, 0x46,
	0x04, 0xff, 0x0e, 0x19, 0xff, 0x6e, 0x01, 0xc4, 0xb4, 0x05, 0x94, 0x50, 0x13, 0xff, 0x1a, 0x4b,
	0xff, 0x90, 0x08, 0xdd, 0x74, 0x01, 0x91, 0xdc, 0x02, 0xff, 0x08, 0x19, 0xff, 0x68, 0x01, 0xd1,
	0x68, 0x01, 0x93, 0x4a, 0x04, 0xff, 0x1a, 0x4b, 0xff, 0x74, 0x01, 0xc7, 0x74, 0x01, 0x89, 0x7c,
	0xde, 0xff, 0x04, 0x19, 0xff, 0x04, 0x19, 0xdd, 0x64, 0x01, 0x93, 0xd2, 0x02, 0xff, 0x1a, 0x4b,
	0xff, 0x6e, 0x01, 0xd5, 0x6e, 0x01, 0x95, 0x46, 0x04, 0xff, 0x0e, 0x19, 0xff, 0x6e, 0x01, 0xc3,
	0x6e, 0x01, 0x95, 0x16, 0x11, 0xff, 0x1a, 0x4b, 0xff, 0x6a, 0x01, 0xd3, 0x6a, 0x01, 0x93, 0xd2,
	0x02, 0xff, 0x08, 0x19, 0xff, 0x6e, 0x01, 0xd5, 0x6e, 0x01, 0x93, 0x46, 0x04, 0xff, 0x1a, 0x4b,
	0xff, 0x0e, 0x19, 0xff, 0x0e, 0x19, 0xff, 0x01, 0x00, 0xfb, 0x01, 0x00, 0x93, 0x0e, 0x19, 0xff,
	0x1a, 0x4b, 0xf6, 0x48, 0x48, 0x90, 0x1a, 0x0f, 0xff, 0x04, 0x19, 0xff, 0x64, 0x01, 0xcb, 0x64,
	0x01, 0x81, 0x70, 0x02, 0xff, 0x08, 0x19, 0xff, 0x1a, 0x4b, 0xe7, 0x6e, 0x01, 0x83, 0x01, 0x00,
	0xff, 0x0e, 0x19, 0xff, 0x0e, 0x19, 0xd6, 0xf2, 0x07, 0x96, 0x5a, 0x13, 0xff, 0x1a, 0x4b, 0xff,
	0x6a, 0x01, 0xd1, 0x6a, 0x01, 0x93, 0xd2, 0x02, 0xff, 0x08, 0x19, 0xff, 0x68, 0x01, 0xcf, 0x68,
	0x01, 0x95, 0x40, 0x04, 0xff, 0x1a, 0x4b, 0xff, 0x74, 0x01, 0xd0, 0x3e, 0x48, 0x90, 0x46, 0x04,
	0xff, 0x04, 0x19, 0xff, 0x64, 0x01, 0xcb, 0x64, 0x01, 0x93, 0xd2, 0x02, 0xff, 0x1a, 0x4b, 0xff,
	0x78, 0x01, 0xdf, 0x78, 0x01, 0x93, 0x50, 0x04, 0xff, 0x0e, 0x19, 0xff, 0x6e, 0x01, 0xc5, 0x6e,
	0x01, 0x97, 0x5a, 0x13, 0xff, 0x1a, 0x4b, 0xff, 0x6a, 0x01, 0xd1, 0x6a, 0x01, 0x93, 0xd2, 0x02,
	0xff, 0x08, 0x19, 0xff, 0x68, 0x01, 0xcf, 0x68, 0x01, 0x95, 0x40, 0x04, 0xff, 0x1a, 0x4b, 0xff,
	0x74, 0x01, 0xd0, 0x48, 0x48, 0x90, 0x46, 0x04, 0xff, 0x04, 0x19, 0xff, 0x64, 0x01, 0xcb, 0x64,
	0x01, 0x93, 0xd2, 0x02, 0xff, 0x1a, 0x4b, 0xff, 0x6e, 0x01, 0xd5, 0x6e, 0x01, 0x95, 0x46, 0x04,
	0xff, 0x0e, 0x19, 0xff, 0x74, 0x01, 0xd0, 0x0a, 0x46, 0x8e, 0x46, 0x04, 0xff, 0x1a, 0x4b, 0xff,
	0x04, 0x19, 0xff, 0x04, 0x19, 0xff, 0x01, 0x00, 0xfb, 0x01, 0x00, 0x93, 0x04, 0x19, 0xff, 0x1a,
	0x4b, 0xf7, 0xa8, 0x03, 0x81, 0x0c, 0x01, 0xff, 0x08, 0x19, 0xff, 0x08, 0x19, 0xe1, 0x68, 0x01,
	0x83, 0x01, 0x00, 0xff, 0x0e, 0x19, 0xff, 0x1a, 0x4b, 0xe4, 0x1a, 0x4b, 0xff, 0x1e, 0x64, 0xff,
	0xd8, 0x02, 0xdc, 0x64, 0x01, 0x82, 0xd2, 0x02, 0xff, 0x22, 0x64, 0xff, 0x1a, 0x4b, 0xed, 0x1a,
	0x4b, 0xff, 0x28, 0x64, 0xff, 0xdc, 0x02, 0xd4, 0x6e, 0x01, 0x86, 0x50, 0x13, 0xff, 0x1e, 0x64,
	0xff, 0x1a, 0x4b, 0xe7, 0x1a, 0x4b, 0xff, 0x22, 0x64, 0xff, 0xd2, 0x02, 0xe0, 0x68, 0x01, 0x95,
	0x40, 0x04, 0xff, 0x1a, 0x4b, 0xff, 0x7e, 0x01, 0xdc, 0x1a, 0x4b, 0xff, 0x1e, 0x64, 0xff, 0xe2,
	0x02, 0xdc, 0x64, 0x01, 0x91, 0xdc, 0x02, 0xff, 0x1a, 0x4b, 0xff, 0x6e, 0x01, 0xd7, 0x6e, 0x01,
	0x93, 0x50, 0x04, 0xff, 0x0e, 0x19, 0xff, 0x6e, 0x01, 0xc6, 0xbe, 0x05, 0x85, 0x54, 0x13, 0xff,
	0x1e, 0x64, 0xff, 0x1a, 0x4b, 0xe7, 0x1a, 0x4b, 0xff, 0x22, 0x64, 0xff, 0xd2, 0x02, 0xe0, 0x68,
	0x01, 0x95, 0x40, 0x04, 0xff, 0x1a, 0x4b, 0xff, 0x74, 0x01, 0xd2, 0x1a, 0x4b, 0xff, 0x1e, 0x64,
	0xff, 0x04, 0x19, 0xe7, 0x1a, 0x4b, 0xff, 0x22, 0x64, 0xff, 0x1a, 0x4b, 0xff, 0x08, 0x19, 0xff,
	0x01, 0x00, 0xff, 0x01, 0x00, 0x88, 0x01, 0x00, 0x93, 0x08, 0x19, 0xff, 0x1a, 0x4b, 0xff, 0x1a,
	0x4b, 0xff, 0x28, 0x64, 0xff, 0x0e, 0x19, 0xd7, 0x6e, 0x01, 0x97, 0x5a, 0x13, 0xff, 0x1a, 0x4b,
	0xff, 0x6a, 0x01, 0xd6, 0x1a, 0x4b, 0xff, 0x08, 0x19, 0xff, 0xd2, 0x02, 0xe0, 0x68, 0x01, 0x95,
	0x40, 0x04, 0xff, 0x1a, 0x4b, 0xff, 0x74, 0x01, 0xd2, 0x1a, 0x4b, 0xff, 0x04, 0x19, 0xff, 0xd8,
	0x02, 0xdc, 0x64, 0x01, 0x93, 0xd2, 0x02, 0xff, 0x1a, 0x4b, 0xff, 0x6e, 0x01, 0xdc, 0x1a, 0x4b,
	0xff, 0x0e, 0x19, 0xff, 0xdc, 0x02, 0xd5, 0xb4, 0x05, 0x94, 0x50, 0x13, 0xff, 0x1a, 0x4b, 0xff,
	0x90, 0x08, 0xdd, 0x74, 0x01, 0x91, 0xdc, 0x02, 0xff, 0x08, 0x19, 0xff, 0x68, 0x01, 0xd1, 0x68,
	0x01, 0x93, 0x4a, 0x04, 0xff, 0x1a, 0x4b, 0xff, 0x74, 0x01, 0xc7, 0x74, 0x01, 0x8a, 0x1a, 0x4b,
	0xff, 0x04, 0x19, 0xff, 0xd8, 0x02, 0xdc, 0x64, 0x01, 0x93, 0xd2, 0x02, 0xff, 0x1a, 0x4b, 0xff,
	0x6e, 0x01, 0xdc, 0x1a, 0x4b, 0xff, 0x0e, 0x19, 0xff, 0xdc, 0x02, 0xd4, 0x6e, 0x01, 0x95, 0x16,
	0x11, 0xff, 0x1a, 0x4b, 0xff, 0x6a, 0x01, 0xd3, 0x6a, 0x01, 0x93, 0xd2, 0x02, 0xff, 0x08, 0x19,
	0xff, 0x6e, 0x01, 0xdc, 0x1a, 0x4b, 0xff, 0x0e, 0x19, 0xff, 0x1a, 0x4b, 0xff, 0x0e, 0x19, 0xff,
	0x01, 0x00, 0xff, 0x01, 0x00, 0x88, 0x01, 0x00, 0x93, 0x0e, 0x19, 0xff, 0x1a, 0x4b, 0xf8, 0x1a,
	0x4b, 0xff, 0x04, 0x19, 0xff, 0x16, 0x05, 0xdc, 0x64, 0x01, 0x81, 0x70, 0x02, 0xff, 0x08, 0x19,
	0xff, 0x1a, 0x4b, 0xee, 0x1a, 0x4b, 0xff, 0x0e, 0x19, 0xff, 0xdc, 0x02, 0xd5, 0xf2, 0x07, 0x96,
	0x5a, 0x13, 0xff, 0x1a, 0x4b, 0xff, 0x6a, 0x01, 0xd6, 0x1a, 0x4b, 0xff, 0x08, 0x19, 0xff, 0xd2,
	0x02, 0xe0, 0x68, 0x01, 0x95, 0x40, 0x04, 0xff, 0x1a, 0x4b, 0xff, 0x74, 0x01, 0xd2, 0x1a, 0x4b,
	0xff, 0x04, 0x19, 0xff, 0xd8, 0x02, 0xdc, 0x64, 0x01, 0x93, 0xd2, 0x02, 0xff, 0x1a, 0x4b, 0xff,
	0x78, 0x01, 0xe6, 0x1a, 0x4b, 0xff, 0x0e, 0x19, 0xff, 0xe6, 0x02, 0xd4, 0x6e, 0x01, 0x97, 0x5a,
	0x13, 0xff, 0x1a, 0x4b, 0xff, 0x6a, 0x01, 0xd6, 0x1a, 0x4b, 0xff, 0x08, 0x19, 0xff, 0xd2, 0x02,
	0xe0, 0x68, 0x01, 0x95, 0x40, 0x04, 0xff, 0x1a, 0x4b, 0xff, 0x74, 0x01, 0xd2, 0x1a, 0x4b, 0xff,
	0x04, 0x19, 0xff, 0xd8, 0x02, 0xdc, 0x64, 0x01, 0x93, 0xd2, 0x02, 0xff, 0x1a, 0x4b, 0xff, 0x6e,
	0x01, 0xdc, 0x1a, 0x4b, 0xff, 0x0e, 0x19, 0xff, 0x0e, 0x19, 0xe3, 0x1a, 0x4b, 0xff, 0x04, 0x19,
	0xff, 0x1a, 0x4b, 0xff, 0x04, 0x19, 0xff, 0x01, 0x00, 0xff, 0x01, 0x00, 0x88, 0x01, 0x00, 0x93,
	0x04, 0x19, 0xff, 0x1a, 0x4b, 0xfc, 0x1a, 0x4b, 0xff, 0x08, 0x19, 0xff, 0x10, 0x05, 0xe0, 0x68,
	0x01, 0x83, 0x01, 0x00, 0xff, 0x0e, 0x19, 0xff, 0x1a, 0x4b, 0xe2, 0x48, 0x48, 0x02, 0x85, 0xa1,
	0x9c, 0xff, 0x04, 0x19, 0xff, 0x64, 0x01, 0xdb, 0x64, 0x01, 0x82, 0xd2, 0x02, 0x8e, 0x68, 0x01,
	0xff, 0x1a, 0x4b, 0xff, 0x6e, 0x01, 0xd5, 0x6e, 0x01, 0x84, 0x46, 0x04, 0x8e, 0x74, 0x01, 0xff,
	0x0e, 0x19, 0xff, 0x6e, 0x01, 0xc3, 0x6e, 0x01, 0x86, 0x84, 0xa9, 0x8e, 0x64, 0x01, 0xff, 0x1a,
	0x4b, 0xff, 0x6a, 0x01, 0xd1, 0x6a, 0x01, 0x93, 0xd2, 0x02, 0xff, 0x08, 0x19, 0xff, 0x68, 0x01,
	0xcf, 0x68, 0x01, 0x95, 0x40, 0x04, 0xff, 0x1a, 0x4b, 0xff, 0x7e, 0x01, 0xda, 0x48, 0x48, 0x8e,
	0x50, 0x04, 0xff, 0x04, 0x19, 0xff, 0x64, 0x01, 0xcd, 0x64, 0x01, 0x91, 0xdc, 0x02, 0xff, 0x1a,
	0x4b, 0xff, 0x6e, 0x01, 0xd7, 0x6e, 0x01, 0x93, 0x50, 0x04, 0xff, 0x0e, 0x19, 0xff, 0x6e, 0x01,
	0xc6, 0xbe, 0x05, 0x85, 0x88, 0xa9, 0x8e, 0x64, 0x01, 0xff, 0x1a, 0x4b, 0xff, 0x6a, 0x01, 0xd1,
	0x6a, 0x01, 0x93, 0xd2, 0x02, 0xff, 0x08, 0x19, 0xff, 0x68, 0x01, 0xcf, 0x68, 0x01, 0x95, 0x40,
	0x04, 0xff, 0x1a, 0x4b, 0xff, 0x74, 0x01, 0xd0, 0x04, 0x46, 0x90, 0x46, 0x04, 0xff, 0x04, 0x19,
	0xff, 0x6a, 0x01, 0xd1, 0x6a, 0x01, 0x91, 0xd8, 0x02, 0xff, 0x1a, 0x4b, 0xff, 0x08, 0x19, 0xff,
	0x08, 0x19, 0xff, 0x01, 0x00, 0xfb, 0x01, 0x00, 0x93, 0x08, 0x19, 0xff, 0x1a, 0x4b, 0xfb, 0xac,
	0x03, 0x83, 0x01, 0x00, 0x8f, 0x1a, 0x0f, 0xff, 0x0e, 0x19, 0xff, 0x6e, 0x01, 0xc3, 0x6e, 0x01,
	0x97, 0x5a, 0x13, 0xff, 0x1a, 0x4b, 0xff, 0x6a, 0x01, 0xd1, 0x6a, 0x01, 0x93, 0xd2, 0x02, 0xff,
	0x08, 0x19, 0xff, 0x68, 0x01, 0xcf, 0x68, 0x01, 0x95, 0x40, 0x04, 0xff, 0x1a, 0x4b, 0xff, 0x74,
	0x01, 0xd0, 0x48, 0x48, 0x90, 0x46, 0x04, 0xff, 0x04, 0x19, 0xff, 0x64, 0x01, 0xcb, 0x64, 0x01,
	0x93, 0xd2, 0x02, 0xff, 0x1a, 0x4b, 0xff, 0x6e, 0x01, 0xd5, 0x6e, 0x01, 0x95, 0x46, 0x04, 0xff,
	0x0e, 0x19, 0xff, 0x6e, 0x01, 0xc4, 0xb4, 0x05, 0x94, 0x50, 0x13, 0xff, 0x1a, 0x4b, 0xff, 0x90,
	0x08, 0xdd, 0x74, 0x01, 0x91, 0xdc, 0x02, 0xff, 0x08, 0x19, 0xff, 0x68, 0x01, 0xd1, 0x68, 0x01,
	0x93, 0x4a, 0x04, 0xff, 0x1a, 0x4b, 0xff, 0x74, 0x01, 0xc7, 0x74, 0x01, 0x8a, 0x4e, 0xe1, 0xff,
	0x04, 0x19, 0xff, 0xd8, 0x02, 0xdc, 0x64, 0x01, 0x93, 0xd2, 0x02, 0xff, 0x1a, 0x4b, 0xff, 0x6e,
	0x01, 0xd5, 0x6e, 0x01, 0x95, 0x46, 0x04, 0xff, 0x0e, 0x19, 0xff, 0x6e, 0x01, 0xc3, 0x6e, 0x01,
	0x95, 0x16, 0x11, 0xff, 0x1a, 0x4b, 0xff, 0x6a, 0x01, 0xd3, 0x6a, 0x01, 0x93, 0xd2, 0x02, 0xff,
	0x08, 0x19, 0xff, 0x6e, 0x01, 0xd5, 0x6e, 0x01, 0x93, 0x46, 0x04, 0xff, 0x1a, 0x4b, 0xff, 0x0e,
	0x19, 0xff, 0x0e, 0x19, 0xff, 0x01, 0x00, 0xfb, 0x01, 0x00, 0x93, 0x0e, 0x19, 0xff, 0x1a, 0x4b,
	0xf6, 0x48, 0x48, 0x90, 0x1a, 0x0f, 0xff, 0x04, 0x19, 0xff, 0x64, 0x01, 0xcb, 0x64, 0x01, 0x81,
	0x70, 0x02, 0xff, 0x08, 0x19, 0xff, 0x1a, 0x4b, 0xe7, 0x6e, 0x01, 0x83, 0x01, 0x00, 0xff, 0x0e,
	0x19, 0xff, 0x0e, 0x19, 0xd6, 0xf2, 0x07, 0x96, 0x5a, 0x13, 0xff, 0x1a, 0x4b, 0xff, 0x6a, 0x01,
	0xd1, 0x6a, 0x01, 0x93, 0xd2, 0x02, 0xff, 0x08, 0x19, 0xff, 0x68, 0x01, 0xcf, 0x68, 0x01, 0x95,
	0x40, 0x04, 0xff, 0x1a, 0x4b, 0xff, 0x74, 0x01, 0xd0, 0x3e, 0x48, 0x90, 0x46, 0x04, 0xff, 0x04,
	0x19, 0xff, 0x64, 0x01, 0xcb, 0x64, 0x01, 0x93, 0xd2, 0x02, 0xff, 0x1a, 0x4b, 0xff, 0x78, 0x01,
	0xdf, 0x78, 0x01, 0x93, 0x50, 0x04, 0xff, 0x0e, 0x19, 0xff, 0x6e, 0x01, 0xc5, 0x6e, 0x01, 0x97,
	0x5a, 0x13, 0xff, 0x1a, 0x4b, 0xff, 0x6a, 0x01, 0xd1, 0x6a, 0x01, 0x93, 0xd2, 0x02, 0xff, 0x08,
	0x19, 0xff, 0x68, 0x01, 0xcf, 0x68, 0x01, 0x95, 0x40, 0x04, 0xff, 0x1a, 0x4b, 0xff, 0x74, 0x01,
	0xd0, 0x48, 0x48, 0x90, 0x46, 0x04, 0xff, 0x04, 0x19, 0xff, 0x64, 0x01, 0xcb, 0x64, 0x01, 0x93,
	0xd2, 0x02, 0xff, 0x1a, 0x4b, 0xff, 0x6e, 0x01, 0xd5, 0x6e, 0x01, 0x95, 0x46, 0x04, 0xff, 0x0e,
	0x19, 0xff, 0x74, 0x01, 0xd0, 0x0a, 0x46, 0x8e, 0x46, 0x04, 0xff, 0x1a, 0x4b, 0xff, 0x04, 0x19,
	0xff, 0x04, 0x19, 0xff, 0x01, 0x00, 0xfb, 0x01, 0x00, 0x93, 0x04, 0x19, 0xff, 0x1a, 0x4b, 0xf7,
	0xa8, 0x03, 0x81, 0x0c, 0x01, 0xff, 0x08, 0x19, 0xff, 0x08, 0x19, 0xe1, 0x68, 0x01, 0x83, 0x01,
	0x00, 0xff, 0x0e, 0x19, 0xff, 0x1a, 0x4b, 0xe4, 0x1a, 0x4b, 0x00, 0x9d, 0xff, 0x04, 0x19, 0xff,
	0x64, 0x01, 0xe0, 0x1a, 0x4b, 0x8e, 0x68, 0x01, 0xff, 0x1a, 0x4b, 0xff, 0x6e, 0x01, 0xdc, 0x1a,
	0x4b, 0x8e, 0x74, 0x01, 0xff, 0x0e, 0x19, 0xff, 0x6e, 0x01, 0xc3, 0x6e, 0x01, 0x86, 0x50, 0x13,
	0x8e, 0x64, 0x01, 0xff, 0x1a, 0x4b, 0xff, 0x6a, 0x01, 0xd6, 0x1a, 0x4b, 0x8e, 0x6e, 0x01, 0xff,
	0x08, 0x19, 0xff, 0x68, 0x01, 0xcf, 0x68, 0x01, 0x95, 0x40, 0x04, 0xff, 0x1a, 0x4b, 0xff, 0x7e,
	0x01, 0xdc, 0x1a, 0x4b, 0x8c, 0x74, 0x01, 0xff, 0x04, 0x19, 0xff, 0x64, 0x01, 0xcd, 0x64, 0x01,
	0x91, 0xdc, 0x02, 0xff, 0x1a, 0x4b, 0xff, 0x6e, 0x01, 0xd7, 0x6e, 0x01, 0x93, 0x50, 0x04, 0xff,
	0x0e, 0x19, 0xff, 0x6e, 0x01, 0xc6, 0xbe, 0x05, 0x85, 0x54, 0x13, 0x8e, 0x64, 0x01, 0xff, 0x1a,
	0x4b, 0xff, 0x6a, 0x01, 0xd6, 0x1a, 0x4b, 0x8e, 0x6e, 0x01, 0xff, 0x08, 0x19, 0xff, 0x68, 0x01,
	0xcf, 0x68, 0x01, 0x95, 0x40, 0x04, 0xff, 0x1a, 0x4b, 0xff, 0x74, 0x01, 0xd2, 0x1a, 0x4b, 0x8e,
	0x6a, 0x01, 0xff, 0x04, 0x19, 0xff, 0x6a, 0x01, 0xd6, 0x1a, 0x4b, 0x8c, 0x6e, 0x01, 0xff, 0x1a,
	0x4b, 0xff, 0x08, 0x19, 0xff, 0x08, 0x19, 0xff, 0x01, 0x00, 0xfb, 0x01, 0x00, 0x93, 0x08, 0x19,
	0xff, 0x1a, 0x4b, 0xff, 0x1a, 0x4b, 0x91, 0x1a, 0x0f, 0xff, 0x0e, 0x19, 0xff, 0x6e, 0x01, 0xc3,
	0x6e, 0x01, 0x97, 0x5a, 0x13, 0xff, 0x1a, 0x4b, 0xff, 0x6a, 0x01, 0xd6, 0x1a, 0x4b, 0xff, 0x08,
	0x19, 0xff, 0xd2, 0x02, 0xe0, 0x68, 0x01, 0x95, 0x40, 0x04, 0xff, 0x1a, 0x4b, 0xff, 0x74, 0x01,
	0xd2, 0x1a, 0x4b, 0xff, 0x04, 0x19, 0xff, 0xd8, 0x02, 0xdc, 0x64, 0x01, 0x93, 0xd2, 0x02, 0xff,
	0x1a, 0x4b, 0xff, 0x6e, 0x01, 0xdc, 0x1a, 0x4b, 0xff, 0x0e, 0x19, 0xff, 0xdc, 0x02, 0xd5, 0xb4,
	0x05, 0x94, 0x50, 0x13, 0xff, 0x1a, 0x4b, 0xff, 0x90, 0x08, 0xdd, 0x74, 0x01, 0x91, 0xdc, 0x02,
	0xff, 0x08, 0x19, 0xff, 0x68, 0x01, 0xd1, 0x68, 0x01, 0x93, 0x4a, 0x04, 0xff, 0x1a, 0x4b, 0xff,
	0x74, 0x01, 0xc7, 0x74, 0x01, 0x8a, 0x1a, 0x4b, 0xff, 0x04, 0x19, 0xff, 0xd8, 0x02, 0xdc, 0x64,
	0x01, 0x93, 0xd2, 0x02, 0xff, 0x1a, 0x4b, 0xff, 0x6e, 0x01, 0xdc, 0x1a, 0x4b, 0xff, 0x0e, 0x19,
	0xff, 0xdc, 0x02, 0xd4, 0x6e, 0x01, 0x95, 0x16, 0x11, 0xff, 0x1a, 0x4b, 0xff, 0x6a, 0x01, 0xd3,
	0x6a, 0x01, 0x93, 0xd2, 0x02, 0xff, 0x08, 0x19, 0xff, 0x6e, 0x01, 0xdc, 0x1a, 0x4b, 0xff, 0x0e,
	0x19, 0xff, 0x1a, 0x4b, 0xff, 0x0e, 0x19, 0xff, 0x01, 0x00, 0xff, 0x01, 0x00, 0x88, 0x01, 0x00,
	0x93, 0x0e, 0x19, 0xff, 0x1a, 0x4b, 0xf8, 0x1a, 0x4b, 0xff, 0x04, 0x19, 0xff, 0x16, 0x05, 0xdc,
	0x64, 0x01, 0x81, 0x70, 0x02, 0xff, 0x08, 0x19, 0xff, 0x1a, 0x4b, 0xee, 0x1a, 0x4b, 0xff, 0x0e,
	0x19, 0xff, 0xdc, 0x02, 0xd5, 0xf2, 0x07, 0x96, 0x5a, 0x13, 0xff, 0x1a, 0x4b, 0xff, 0x6a, 0x01,
	0xd6, 0x1a, 0x4b, 0xff, 0x08, 0x19, 0xff, 0xd2, 0x02, 0xe0, 0x68, 0x01, 0x95, 0x40, 0x04, 0xff,
	0x1a, 0x4b, 0xff, 0x74, 0x01, 0xd2, 0x1a, 0x4b, 0xff, 0x04, 0x19, 0xff, 0xd8, 0x02, 0xdc, 0x64,
	0x01, 0x93, 0xd2, 0x02, 0xff, 0x1a, 0x4b, 0xff, 0x78, 0x01, 0xe6, 0x1a, 0x4b, 0xff, 0x0e, 0x19,
	0xff, 0xe6, 0x02, 0xd4, 0x6e, 0x01, 0x97, 0x5a, 0x13, 0xff, 0x1a, 0x4b, 0xff, 0x6a, 0x01, 0xd6,
	0x1a, 0x4b, 0xff, 0x08, 0x19, 0xff, 0xd2, 0x02, 0xe0, 0x68, 0x01, 0x95, 0x40, 0x04, 0xff, 0x1a,
	0x4b, 0xff, 0x74, 0x01, 0xd2, 0x1a, 0x4b, 0xff, 0x04, 0x19, 0xff, 0xd8, 0x02, 0xdc, 0x64, 0x01,
	0x93, 0xd2, 0x02, 0xff, 0x1a, 0x4b, 0xff, 0x6e, 0x01, 0xdc, 0x1a, 0x4b, 0xff, 0x0e, 0x19, 0xff,
	0x0e, 0x19, 0xe3, 0x1a, 0x4b, 0xff, 0x04, 0x19, 0xff, 0x1a, 0x4b, 0xff, 0x04, 0x19, 0xff, 0x01,
	0x00, 0xff, 0x01, 0x00, 0x88, 0x01, 0x00, 0x93, 0x04, 0x19, 0xff, 0x1a, 0x4b, 0xfc, 0x1a, 0x4b,
	0xff, 0x08, 0x19, 0xff, 0x10, 0x05, 0xe0, 0x68, 0x01, 0x83, 0x01, 0x00, 0xff, 0x0e, 0x19, 0xff,
	0x1a, 0x4b, 0xe2, 0x48, 0x48, 0x00, 0x8d, 0xff, 0x1e, 0x64, 0xff, 0x04, 0x19, 0xdd, 0x64, 0x01,
	0x82, 0xd2, 0x02, 0xff, 0x22, 0x64, 0xff, 0x1a, 0x4b, 0xe6, 0x6e, 0x01, 0x84, 0x46, 0x04, 0xff,
	0x28, 0x64, 0xff, 0xdc, 0x02, 0xd4, 0x6e, 0x01, 0x86, 0x84, 0xa9, 0xff, 0x1e, 0x64, 0xff, 0x1a,
	0x4b, 0xe2, 0x6a, 0x01, 0x93, 0xd2, 0x02, 0xff, 0x08, 0x19, 0xff, 0x68, 0x01, 0xcf, 0x68, 0x01,
	0x95, 0x40, 0x04, 0xff, 0x1a, 0x4b, 0xff, 0x7e, 0x01, 0xda, 0x48, 0x48, 0x8e, 0x50, 0x04, 0xff,
	0x04, 0x19, 0xff, 0x64, 0x01, 0xcd, 0x64, 0x01, 0x91, 0xdc, 0x02, 0xff, 0x1a, 0x4b, 0xff, 0x6e,
	0x01, 0xd7, 0x6e, 0x01, 0x93, 0x50, 0x04, 0xff, 0x0e, 0x19, 0xff, 0x6e, 0x01, 0xc6, 0xbe, 0x05,
	0x85, 0x88, 0xa9, 0xff, 0x1e, 0x64, 0xff, 0x1a, 0x4b, 0xe2, 0x6a, 0x01, 0x93, 0xd2, 0x02, 0xff,
	0x08, 0x19, 0xff, 0x68, 0x01, 0xcf, 0x68, 0x01, 0x95, 0x40, 0x04, 0xff, 0x1a, 0x4b, 0xff, 0x74,
	0x01, 0xd0, 0x04, 0x46, 0x90, 0x46, 0x04, 0xff, 0x04, 0x19, 0xff, 0x6a, 0x01, 0xd1, 0x6a, 0x01,
	0x91, 0xd8, 0x02, 0xff, 0x1a, 0x4b, 0xff, 0x08, 0x19, 0xff, 0x08, 0x19, 0xff, 0x01, 0x00, 0xfb,
	0x01, 0x00, 0x93, 0x08, 0x19, 0xff, 0x1a, 0x4b, 0xfb, 0xac, 0x03, 0x83, 0x01, 0x00, 0xff, 0x28,
	0x64, 0xff, 0x0e, 0x19, 0xd5, 0x6e, 0x01, 0x97, 0x5a, 0x13, 0xff, 0x1a, 0x4b, 0xff, 0x6a, 0x01,
	0xd1, 0x6a, 0x01, 0x93, 0xd2, 0x02, 0xff, 0x08, 0x19, 0xff, 0x68, 0x01, 0xcf, 0x68, 0x01, 0x95,
	0x40, 0x04, 0xff, 0x1a, 0x4b, 0xff, 0x74, 0x01, 0xd0, 0x48, 0x48, 0x90, 0x46, 0x04, 0xff, 0x04,
	0x19, 0xff, 0x64, 0x01, 0xcb, 0x64, 0x01, 0x93, 0xd2, 0x02, 0xff, 0x1a, 0x4b, 0xff, 0x6e, 0x01,
	0xd5, 0x6e, 0x01, 0x95, 0x46, 0x04, 0xff, 0x0e, 0x19, 0xff, 0x6e, 0x01, 0xc4, 0xb4, 0x05, 0x94,
	0x50, 0x13, 0xff, 0x1a, 0x4b, 0xff, 0x90, 0x08, 0xdd, 0x74, 0x01, 0x91, 0xdc, 0x02, 0xff, 0x08,
	0x19, 0xff, 0x68, 0x01, 0xd1, 0x68, 0x01, 0x93, 0x4a, 0x04, 0xff, 0x1a, 0x4b, 0xff, 0x74, 0x01,
	0xc7, 0x74, 0x01, 0x8a, 0x4e, 0xe1, 0xff, 0x04, 0x19, 0xff, 0xd8, 0x02, 0xdc, 0x64, 0x01, 0x93,
	0xd2, 0x02, 0xff, 0x1a, 0x4b, 0xff, 0x6e, 0x01, 0xd5, 0x6e, 0x01, 0x95, 0x46, 0x04, 0xff, 0x0e,
	0x19, 0xff, 0x6e, 0x01, 0xc3, 0x6e, 0x01, 0x95, 0x16, 0x11, 0xff, 0x1a, 0x4b, 0xff, 0x6a, 0x01,
	0xd3, 0x6a, 0x01, 0x93, 0xd2, 0x02, 0xff, 0x08, 0x19, 0xff, 0x6e, 0x01, 0xd5, 0x6e, 0x01, 0x93,
	0x46, 0x04, 0xff, 0x1a, 0x4b, 0xff, 0x0e, 0x19, 0xff, 0x0e, 0x19, 0xff, 0x01, 0x00, 0xfb, 0x01,
	0x00, 0x93, 0x0e, 0x19, 0xff, 0x1a, 0x4b, 0xf6, 0x48, 0x48, 0x90, 0x1a, 0x0f, 0xff, 0x04, 0x19,
	0xff, 0x64, 0x01, 0xcb, 0x64, 0x01, 0x81, 0x70, 0x02, 0xff, 0x08, 0x19, 0xff, 0x1a, 0x4b, 0xe7,
	0x6e, 0x01, 0x83, 0x01, 0x00, 0xff, 0x0e, 0x19, 0xff, 0x0e, 0x19, 0xd6, 0xf2, 0x07, 0x96, 0x5a,
	0x13, 0xff, 0x1a, 0x4b, 0xff, 0x6a, 0x01, 0xd1, 0x6a, 0x01, 0x93, 0xd2, 0x02, 0xff, 0x08, 0x19,
	0xff, 0x68, 0x01, 0xcf, 0x68, 0x01, 0x95, 0x40, 0x04, 0xff, 0x1a, 0x4b, 0xff, 0x74, 0x01, 0xd0,
	0x3e, 0x48, 0x90, 0x46, 0x04, 0xff, 0x04, 0x19, 0xff, 0x64, 0x01, 0xcb, 0x64, 0x01, 0x93, 0xd2,
	0x02, 0xff, 0x1a, 0x4b, 0xff, 0x78, 0x01, 0xdf, 0x78, 0x01, 0x93, 0x50, 0x04, 0xff, 0x0e, 0x19,
	0xff, 0x6e, 0x01, 0xc5, 0x6e, 0x01, 0x97, 0x5a, 0x13, 0xff, 0x1a, 0x4b, 0xff, 0x6a, 0x01, 0xd1,
	0x6a, 0x01, 0x93, 0xd2, 0x02, 0xff, 0x08, 0x19, 0xff, 0x68, 0x01, 0xcf, 0x68, 0x01, 0x95, 0x40,
	0x04, 0xff, 0x1a, 0x4b, 0xff, 0x74, 0x01, 0xd0, 0x48, 0x48, 0x90, 0x46, 0x04, 0xff, 0x04, 0x19,
	0xff, 0x64, 0x01, 0xcb, 0x64, 0x01, 0x93, 0xd2, 0x02, 0xff, 0x1a, 0x4b, 0xff, 0x6e, 0x01, 0xd5,
	0x6e, 0x01, 0x95, 0x46, 0x04, 0xff, 0x0e, 0x19, 0xff, 0x74, 0x01, 0xd0, 0x0a, 0x46, 0x8e, 0x46,
	0x04, 0xff, 0x1a, 0x4b, 0xff, 0x04, 0x19, 0xff, 0x04, 0x19, 0xff, 0x01, 0x00, 0xfb, 0x01, 0x00,
	0x93, 0x04, 0x19, 0xff, 0x1a, 0x4b, 0xf7, 0xa8, 0x03, 0x81, 0x0c, 0x01, 0xff, 0x08, 0x19, 0xff,
	0x08, 0x19, 0xe1, 0x68, 0x01, 0x83, 0x01, 0x00, 0xff, 0x0e, 0x19, 0xff, 0x1a, 0x4b, 0xe4, 0x1a,
	0x4b, 0xff, 0x1e, 0x64, 0xff, 0xd8, 0x02, 0xdc, 0x64, 0x01, 0x82, 0xd2, 0x02, 0xff, 0x22, 0x64,
	0xff, 0x1a, 0x4b, 0xed, 0x1a, 0x4b, 0xff, 0x28, 0x64, 0xff, 0xdc, 0x02, 0xd4, 0x6e, 0x01, 0x86,
	0x50, 0x13, 0xff, 0x1e, 0x64, 0xff, 0x1a, 0x4b, 0xe7, 0x1a, 0x4b, 0xff, 0x22, 0x64, 0xff, 0xd2,
	0x02, 0xe0, 0x68, 0x01, 0x95, 0x40, 0x04, 0xff, 0x1a, 0x4b, 0xff, 0x7e, 0x01, 0xdc, 0x1a, 0x4b,
	0xff, 0x1e, 0x64, 0xff, 0xe2, 0x02, 0xdc, 0x64, 0x01, 0x91, 0xdc, 0x02, 0xff, 0x1a, 0x4b, 0xff,
	0x6e, 0x01, 0xd7, 0x6e, 0x01, 0x93, 0x50, 0x04, 0xff, 0x0e, 0x19, 0xff, 0x6e, 0x01, 0xc6, 0xbe,
	0x05, 0x85, 0x54, 0x13, 0xff, 0x1e, 0x64, 0xff, 0x1a, 0x4b, 0xe7, 0x1a, 0x4b, 0xff, 0x22, 0x64,
	0xff, 0xd2, 0x02, 0xe0, 0x68, 0x01, 0x95, 0x40, 0x04, 0xff, 0x1a, 0x4b, 0xff, 0x74, 0x01, 0xd2,
	0x1a, 0x4b, 0xff, 0x1e, 0x64, 0xff, 0x04, 0x19, 0xe7, 0x1a, 0x4b, 0xff, 0x22, 0x64, 0xff, 0x1a,
	0x4b, 0xff, 0x08, 0x19, 0xff, 0x01, 0x00, 0xff, 0x01, 0x00, 0x88, 0x01, 0x00, 0x93, 0x08, 0x19,
	0xff, 0x1a, 0x4b, 0xff, 0x1a, 0x4b, 0xff, 0x28, 0x64, 0xff, 0x0e, 0x19, 0xd7, 0x6e, 0x01, 0x97,
	0x5a, 0x13, 0xff, 0x1a, 0x4b, 0xff, 0x6a, 0x01, 0xd6, 0x1a, 0x4b, 0xff, 0x08, 0x19, 0xff, 0xd2,
	0x02, 0xe0, 0x68, 0x01, 0x95, 0x40, 0x04, 0xff, 0x1a, 0x4b, 0xff, 0x74, 0x01, 0xd2, 0x1a, 0x4b,
	0xff, 0x04, 0x19, 0xff, 0xd8, 0x02, 0xdc, 0x64, 0x01, 0x93, 0xd2, 0x02, 0xff, 0x1a, 0x4b, 0xff,
	0x6e, 0x01, 0xdc, 0x1a, 0x4b, 0xff, 0x0e, 0x19, 0xff, 0xdc, 0x02, 0xd5, 0xb4, 0x05, 0x94, 0x50,
	0x13, 0xff, 0x1a, 0x4b, 0xff, 0x90, 0x08, 0xdd, 0x74, 0x01, 0x91, 0xdc, 0x02, 0xff, 0x08, 0x19,
	0xff, 0x68, 0x01, 0xd1, 0x68, 0x01, 0x93, 0x4a, 0x04, 0xff, 0x1a, 0x4b, 0xff, 0x74, 0x01, 0xc7,
	0x74, 0x01, 0x8a, 0x1a, 0x4b, 0xff, 0x04, 0x19, 0xff, 0xd8, 0x02, 0xdc, 0x64, 0x01, 0x93, 0xd2,
	0x02, 0xff, 0x1a, 0x4b, 0xff, 0x6e, 0x01, 0xdc, 0x1a, 0x4b, 0xff, 0x0e, 0x19, 0xff, 0xdc, 0x02,
	0xd4, 0x6e, 0x01, 0x95, 0x16, 0x11, 0xff, 0x1a, 0x4b, 0xff, 0x6a, 0x01, 0xd3, 0x6a, 0x01, 0x93,
	0xd2, 0x02, 0xff, 0x08, 0x19, 0xff, 0x6e, 0x01, 0xdc, 0x1a, 0x4b, 0xff, 0x0e, 0x19, 0xff, 0x1a,
	0x4b, 0xff, 0x0e, 0x19, 0xff, 0x01, 0x00, 0xff, 0x01, 0x00, 0x88, 0x01, 0x00, 0x93, 0x0e, 0x19,
	0xff, 0x1a, 0x4b, 0xf8, 0x1a, 0x4b, 0xff, 0x04, 0x19, 0xff, 0x16, 0x05, 0xdc, 0x64, 0x01, 0x81,
	0x70, 0x02, 0xff, 0x08, 0x19, 0xff, 0x1a, 0x4b, 0xee, 0x1a, 0x4b, 0xff, 0x0e, 0x19, 0xff, 0xdc,
	0x02, 0xd5, 0xf2, 0x07, 0x96, 0x5a, 0x13, 0xff, 0x1a, 0x4b, 0xff, 0x6a, 0x01, 0xd6, 0x1a, 0x4b,
	0xff, 0x08, 0x19, 0xff, 0xd2, 0x02, 0xe0, 0x68, 0x01, 0x95, 0x40, 0x04, 0xff, 0x1a, 0x4b, 0xff,
	0x74, 0x01, 0xd2, 0x1a, 0x4b, 0xff, 0x04, 0x19, 0xff, 0xd8, 0x02, 0xdc, 0x64, 0x01, 0x93, 0xd2,
	0x02, 0xff, 0x1a, 0x4b, 0xff, 0x78, 0x01, 0xe6, 0x1a, 0x4b, 0xff, 0x0e, 0x19, 0xff, 0xe6, 0x02,
	0xd4, 0x6e, 0x01, 0x97, 0x5a, 0x13, 0xff, 0x1a, 0x4b, 0xff, 0x6a, 0x01, 0xd6, 0x1a, 0x4b, 0xff,
	0x08, 0x19, 0xff, 0xd2, 0x02, 0xe0, 0x68, 0x01, 0x95, 0x40, 0x04, 0xff, 0x1a, 0x4b, 0xff, 0x74,
	0x01, 0xd2, 0x1a, 0x4b, 0xff, 0x04, 0x19, 0xff, 0xd8, 0x02, 0xdc, 0x64, 0x01, 0x93, 0xd2, 0x02,
	0xff, 0x1a, 0x4b, 0xff, 0x6e, 0x01, 0xdc, 0x1a, 0x4b, 0xff, 0x0e, 0x19, 0xff, 0x0e, 0x19, 0xe3,
	0x1a, 0x4b, 0xff, 0x04, 0x19, 0xff, 0x1a, 0x4b, 0xff, 0x04, 0x19, 0xff, 0x01, 0x00, 0xff, 0x01,
	0x00, 0x88, 0x01, 0x00, 0x93, 0x04, 0x19, 0xff, 0x1a, 0x4b, 0xfc, 0x1a, 0x4b, 0xff, 0x08, 0x19,
	0xff, 0x10, 0x05, 0xe0, 0x68, 0x01, 0x83, 0x01, 0x00, 0xff, 0x0e, 0x19, 0x83, 0x1a, 0x4b, 0x00,
	0x7c, 0xff, 0xf8, 0x07, 0xd0, 0x74, 0x01, 0x87, 0x48, 0x48, 0x11, 0x02, 0x5e, 0x05, 0x00, 0x03,
	0x5e, 0x07, 0x00, 0x40, 0x80, 0x41, 0x82, 0x42, 0x8a, 0x43, 0x82, 0x2b, 0x5b, 0xff, 0x12, 0x19,
	0xff, 0x72, 0x01, 0xe3, 0x72, 0x01, 0x03, 0x00, 0x00, 0x41, 0x82, 0x81, 0xec, 0x02, 0x01, 0x42,
	0x8a, 0x83, 0xf4, 0x02, 0x00, 0x43, 0x82, 0x0e, 0x00, 0x81, 0x01, 0x00, 0x8f, 0x86, 0x01, 0xf1,
	0x34, 0x19, 0x02, 0xeb, 0x03, 0x83, 0xff, 0xfe, 0x02, 0xe6, 0x8c, 0x01, 0x85, 0x01, 0x00, 0x81,
	0x94, 0x01, 0x85, 0x92, 0x01, 0x89, 0x94, 0x01, 0x95, 0x9a, 0x01, 0xff, 0x60, 0x19, 0xff, 0x94,
	0x01, 0xc3, 0x94, 0x01, 0x81, 0xd0, 0x10, 0x08, 0x00, 0x80, 0x02, 0x5e, 0xff, 0xff, 0x03, 0x5e,
	0x01, 0x98, 0x92, 0x04, 0xf1, 0x64, 0x19, 0x02, 0x6e, 0x05, 0x92, 0xff, 0x0c, 0x03, 0xe4, 0x78,
	0x01, 0xa9, 0x98, 0x04, 0xff, 0x86, 0x19, 0xff, 0x86, 0x01, 0xd5, 0x86, 0x01, 0xb5, 0x92, 0x04,
	0xfb, 0xb2, 0x19, 0x01, 0x00, 0x07, 0xff, 0x34, 0x09, 0xd5, 0xa4, 0x01, 0x81, 0x2c, 0x11, 0x09,
	0xff, 0xff, 0x02, 0x5e, 0xff, 0x7f, 0x03, 0x5e, 0x01, 0x80, 0x95, 0xa2, 0x04, 0xff, 0xb6, 0x19,
	0xff, 0x72, 0x01, 0xd5, 0x72, 0x01, 0xa7, 0x9c, 0x04, 0xf3, 0xd8, 0x19, 0x01, 0x7c, 0x08, 0xff,
	0x34, 0x09, 0xe7, 0x8c, 0x01, 0xb3, 0xa2, 0x04, 0xff, 0x04, 0x1a, 0xff, 0x94, 0x01, 0xc6, 0x36,
	0x06, 0x0c, 0xff, 0x01, 0x5e, 0xaa, 0xaa, 0x02, 0x5e, 0x55, 0x55, 0x03, 0x5e, 0xff, 0xff, 0x97,
	0x92, 0x04, 0xf1, 0x08, 0x1a, 0x02, 0xff, 0x09, 0x8d, 0xff, 0x0c, 0x03, 0xe4, 0x78, 0x01, 0xa9,
	0x98, 0x04, 0xff, 0x2a, 0x1a, 0xff, 0x86, 0x01, 0xd5, 0x86, 0x01, 0xb5, 0x92, 0x04, 0xf1, 0x56,
	0x1a, 0x02, 0x8c, 0x0b, 0x85, 0xff, 0x20, 0x03, 0xd0, 0x9a, 0x01, 0x87, 0x4c, 0x47, 0x9d, 0x5e,
	0x12, 0xff, 0x5a, 0x1a, 0xff, 0x78, 0x01, 0xdb, 0x78, 0x01, 0xa7, 0x98, 0x04, 0xfb, 0x7c, 0x1a,
	0x02, 0x0f, 0x0d, 0x00, 0xff, 0x7c, 0x1a, 0x00, 0x00, 0xff, 0x7c, 0x1a, 0xff, 0x01, 0x00, 0xfb,
	0x01, 0x00, 0x93, 0x7c, 0x1a, 0x8f, 0x7c, 0x1a, 0x00, 0x87, 0xff, 0x7c, 0x1a, 0xee, 0xca, 0x03,
	0x85, 0x01, 0x00, 0xad, 0x10, 0x10, 0xff, 0xa8, 0x1a, 0xff, 0x94, 0x01, 0xc3, 0x94, 0x01, 0xa5,
	0xa2, 0x14, 0xf1, 0xac, 0x1a, 0x01, 0x87, 0x02, 0xff, 0x6e, 0x0b, 0xe5, 0x78, 0x01, 0xa9, 0xa2,
	0x14, 0xff, 0xc0, 0x1a, 0xff, 0x86, 0x01, 0xd5, 0x86, 0x01, 0xb5, 0x92, 0x04, 0xf1, 0xce, 0x1a,
	0x01, 0x14, 0x04, 0xff, 0x98, 0x14, 0xd5, 0x9a, 0x01, 0xa3, 0x98, 0x14, 0xff, 0xac, 0x1a, 0xff,
	0x72, 0x01, 0xd5, 0x72, 0x01, 0xa9, 0x92, 0x04, 0xf1, 0xc0, 0x1a, 0x02, 0x90, 0x05, 0x88, 0xff,
	0xfe, 0x02, 0xe6, 0x8c, 0x01, 0xb5, 0x98, 0x04, 0xff, 0xce, 0x1a, 0xff, 0x94, 0x01, 0xc4, 0x2c,
	0x06, 0xa2, 0x98, 0x14, 0xfd, 0xac, 0x1a, 0x01, 0x18, 0x07, 0xff, 0x34, 0x09, 0xe5, 0x82, 0x01,
	0xa9, 0xa2, 0x14, 0xff, 0xc0, 0x1a, 0xff, 0x86, 0x01, 0xd5, 0x86, 0x01, 0xb3, 0x9c, 0x04, 0xf3,
	0xce, 0x1a, 0x01, 0xa5, 0x08, 0xff, 0x34, 0x09, 0xd1, 0x9a, 0x01, 0x87, 0xd8, 0x4a, 0x9f, 0xa2,
	0x14, 0xff, 0xac, 0x1a, 0xff, 0x72, 0x01, 0xd3, 0x72, 0x01, 0xa9, 0x92, 0x04, 0xf1, 0xc0, 0x1a,
	0x01, 0x21, 0x0a, 0xff, 0xcc, 0x1d, 0xe7, 0x8c, 0x01, 0xb5, 0x98, 0x04, 0xff, 0xce, 0x1a, 0xff,
	0x94, 0x01, 0xc3, 0x94, 0x01, 0xa3, 0x5e, 0x12, 0xf3, 0xac, 0x1a, 0x02, 0xa4, 0x0b, 0x96, 0xff,
	0x0c, 0x03, 0xe4, 0x78, 0x01, 0xa9, 0x98, 0x04, 0xff, 0xc0, 0x1a, 0xff, 0x8c, 0x01, 0xdb, 0x8c,
	0x01, 0xb3, 0x98, 0x04, 0xfb, 0xce, 0x1a, 0x00, 0x38, 0xff, 0xce, 0x1a, 0x82, 0x01, 0x00, 0xff,
	0xce, 0x1a, 0xff, 0x01, 0x00, 0xf9, 0x01, 0x00, 0x93, 0xce, 0x1a, 0x8f, 0xce, 0x1a, 0x00, 0x80,
	0xff, 0xce, 0x1a, 0xdc, 0xd8, 0x03, 0xa5, 0xa2, 0x14, 0xff, 0xac, 0x1a, 0xff, 0x72, 0x01, 0xd3,
	0x72, 0x01, 0xa9, 0xa2, 0x14, 0xf1, 0xc0, 0x1a, 0x01, 0x80, 0x02, 0xff, 0x6e, 0x0b, 0xe7, 0x8c,
	0x01, 0x85, 0x01, 0x00, 0xad, 0xa2, 0x14, 0xff, 0xce, 0x1a, 0xff, 0x94, 0x01, 0xc4, 0x6a, 0x08,
	0xa4, 0xa2, 0x14, 0xf1, 0xac, 0x1a, 0x01, 0x03, 0x04, 0xff, 0x98, 0x14, 0xe5, 0x78, 0x01, 0xa9,
	0x98, 0x04, 0xff, 0xc0, 0x1a, 0xff, 0x86, 0x01, 0xd5, 0x86, 0x01, 0xb5, 0x92, 0x04, 0xf3, 0xce,
	0x1a, 0x00, 0x81, 0xff, 0x20, 0x03, 0xd0, 0x9a, 0x01, 0x87, 0x16, 0x4c, 0x9f, 0x98, 0x3b, 0xff,
	0xac, 0x1a, 0xff, 0x72, 0x01, 0xd3, 0x72, 0x01, 0xa9, 0x92, 0x04, 0xfb, 0xc0, 0x1a, 0x01, 0x11,
	0x07, 0xff, 0x34, 0x09, 0xe7, 0x96, 0x01, 0xb3, 0xa2, 0x04, 0xff, 0xce, 0x1a, 0xff, 0x94, 0x01,
	0xc5, 0x94, 0x01, 0xa5, 0xa2, 0x14, 0xf1, 0xac, 0x1a, 0x01, 0x94, 0x08, 0xff, 0x34, 0x09, 0xe5,
	0x78, 0x01, 0xa9, 0xa2, 0x14, 0xff, 0xc0, 0x1a, 0xff, 0x86, 0x01, 0xd5, 0x86, 0x01, 0xb5, 0x92,
	0x04, 0xf3, 0xce, 0x1a, 0xff, 0xcc, 0x1d, 0xd5, 0x9a, 0x01, 0xa5, 0x98, 0x3b, 0xff, 0xac, 0x1a,
	0xff, 0x72, 0x01, 0xd3, 0x72, 0x01, 0xa9, 0x92, 0x04, 0xf1, 0xc0, 0x1a, 0x02, 0x9d, 0x0b, 0x8c,
	0xff, 0xfe, 0x02, 0xe6, 0x8c, 0x01, 0xb5, 0x98, 0x04, 0xff, 0xce, 0x1a, 0xff, 0x9a, 0x01, 0xcd,
	0xd8, 0x4a, 0x9f, 0x64, 0x12, 0xfb, 0xac, 0x1a, 0x00, 0x27, 0xff, 0xac, 0x1a, 0x82, 0x01, 0x00,
	0xff, 0xac, 0x1a, 0xff, 0x01, 0x00, 0xf9, 0x01, 0x00, 0x93, 0xac, 0x1a, 0x8f, 0xac, 0x1a, 0x00,
	0x91, 0xff, 0xac, 0x1a, 0xec, 0xb6, 0x03, 0xa9, 0x10, 0x10, 0xff, 0xc0, 0x1a, 0xff, 0x86, 0x01,
	0xd5, 0x86, 0x01, 0x85, 0x01, 0x00, 0xad, 0xa2, 0x14, 0xf1, 0xce, 0x1a, 0x00, 0x91, 0xff, 0x3a,
	0x50, 0xd2, 0x9a, 0x01, 0x92, 0x3a, 0x50, 0x05, 0x8a, 0x42, 0x82, 0x43, 0x8a, 0x0b, 0xff, 0xac,
	0x1a, 0xff, 0x0c, 0x03, 0xe4, 0x72, 0x01, 0x02, 0x00, 0x00, 0x41, 0x82, 0x00, 0x03, 0x00, 0x42,
	0x84, 0xfc, 0x02, 0x00, 0x43, 0x86, 0x0e, 0x03, 0x8f, 0x86, 0x01, 0xf1, 0xc0, 0x1a, 0x01, 0x0d,
	0x04, 0xff, 0x98, 0x14, 0xe7, 0x8c, 0x01, 0x86, 0x98, 0x04, 0x00, 0x8a, 0x87, 0x92, 0x01, 0x89,
	0x94, 0x01, 0x95, 0x9a, 0x01, 0xff, 0xce, 0x1a, 0xff, 0x94, 0x01, 0xc3, 0x94, 0x01, 0x8e, 0x98,
	0x14, 0x94, 0x92, 0x04, 0xf3, 0xac, 0x1a, 0xff, 0x3a, 0x50, 0xe5, 0x78, 0x01, 0xa9, 0x98, 0x04,
	0xff, 0xc0, 0x1a, 0xff, 0x86, 0x01, 0xd5, 0x86, 0x01, 0xb5, 0x92, 0x04, 0xfb, 0xce, 0x1a, 0x00,
	0x22, 0xff, 0x3a, 0x50, 0xd6, 0xa4, 0x01, 0x8e, 0xa2, 0x14, 0x92, 0xa2, 0x04, 0xff, 0xac, 0x1a,
	0xff, 0x72, 0x01, 0xd5, 0x72, 0x01, 0xa7, 0x9c, 0x04, 0xf3, 0xc0, 0x1a, 0x00, 0x9e, 0xff, 0x3a,
	0x50, 0xe8, 0x8c, 0x01, 0xb3, 0xa2, 0x04, 0xff, 0xce, 0x1a, 0xff, 0x94, 0x01, 0xc6, 0x36, 0x06,
	0x8d, 0x9c, 0x14, 0x94, 0x92, 0x04, 0xf3, 0xac, 0x1a, 0xff, 0xcc, 0x1d, 0xe5, 0x78, 0x01, 0xa9,
	0x98, 0x04, 0xff, 0xc0, 0x1a, 0xff, 0x86, 0x01, 0xd5, 0x86, 0x01, 0xb5, 0x92, 0x04, 0xf1, 0xce,
	0x1a, 0x00, 0xae, 0xff, 0x3a, 0x50, 0xd2, 0x9a, 0x01, 0x92, 0x3a, 0x50, 0x94, 0x98, 0x04, 0xff,
	0xac, 0x1a, 0xff, 0x78, 0x01, 0xdc, 0x3a, 0x50, 0xa4, 0x98, 0x04, 0xfb, 0xc0, 0x1a, 0x00, 0x31,
	0xff, 0xc0, 0x1a, 0x82, 0x01, 0x00, 0xff, 0xc0, 0x1a, 0xff, 0x01, 0x00, 0xf9, 0x01, 0x00, 0x93,
	0xc0, 0x1a, 0xff, 0x3a, 0x50, 0xff, 0xca, 0x03, 0x87, 0x24, 0x01, 0xad, 0x10, 0x10, 0xff, 0xce,
	0x1a, 0xff, 0x94, 0x01, 0xc3, 0x94, 0x01, 0xa5, 0xa2, 0x14, 0xff, 0x3a, 0x50, 0xff, 0x78, 0x01,
	0xdc, 0x3a, 0x50, 0xa6, 0xa2, 0x14, 0xff, 0xc0, 0x1a, 0xff, 0x86, 0x01, 0xd5, 0x86, 0x01, 0xb5,
	0x92, 0x04, 0xff, 0x3a, 0x50, 0xff, 0x9a, 0x01, 0xda, 0x3a, 0x50, 0x94, 0x98, 0x04, 0xff, 0xac,
	0x1a, 0xff, 0x72, 0x01, 0xd3, 0x72, 0x01, 0xa9, 0x92, 0x04, 0xff, 0x3a, 0x50, 0xff, 0x8c, 0x01,
	0xe4, 0x3a, 0x50, 0xac, 0x98, 0x04, 0xff, 0xce, 0x1a, 0xff, 0x94, 0x01, 0xc4, 0x2c, 0x06, 0xa2,
	0x98, 0x14, 0xff, 0x3a, 0x50, 0xff, 0x34, 0x09, 0xe5, 0x82, 0x01, 0xa9, 0xa2, 0x14, 0xff, 0xc0,
	0x1a, 0xff, 0x86, 0x01, 0xd5, 0x86, 0x01, 0xb3, 0x9c, 0x04, 0xff, 0x3a, 0x50, 0xff, 0x9a, 0x01,
	0xc7, 0x9a, 0x01, 0x92, 0x3a, 0x50, 0x94, 0xa2, 0x14, 0xff, 0xac, 0x1a, 0xff, 0x72, 0x01, 0xd3,
	0x72, 0x01, 0xa9, 0x92, 0x04, 0xff, 0x3a, 0x50, 0xff, 0x8c, 0x01, 0xe4, 0x3a, 0x50, 0xac, 0x98,
	0x04, 0xff, 0xce, 0x1a, 0xff, 0x94, 0x01, 0xc3, 0x94, 0x01, 0xa3, 0x5e, 0x12, 0xff, 0x3a, 0x50,
	0xff, 0x78, 0x01, 0xdb, 0x78, 0x01, 0xa9, 0x98, 0x04, 0xff, 0xc0, 0x1a, 0xff, 0x8c, 0x01, 0xe4,
	0x3a, 0x50, 0xaa, 0x98, 0x04, 0xff, 0x3a, 0x50, 0xff, 0xce, 0x1a, 0xff, 0xce, 0x1a, 0xff, 0x01,
	0x00, 0xfb, 0x01, 0x00, 0x93, 0xce, 0x1a, 0xff, 0x3a, 0x50, 0xff, 0x3c, 0x4d, 0x95, 0x10, 0x10,
	0xff, 0xac, 0x1a, 0xff, 0x72, 0x01, 0xd3, 0x72, 0x01, 0xa9, 0xa2, 0x14, 0xff, 0x3a, 0x50, 0xff,
	0x8c, 0x01, 0xe4, 0x3a, 0x50, 0xac, 0xa2, 0x14, 0xff, 0xce, 0x1a, 0xff, 0x94, 0x01, 0xc4, 0x6a,
	0x08, 0xa4, 0xa2, 0x14, 0xff, 0x3a, 0x50, 0xff, 0x78, 0x01, 0xdc, 0x3a, 0x50, 0xa6, 0x98, 0x04,
	0xff, 0xc0, 0x1a, 0xff, 0x86, 0x01, 0xd5, 0x86, 0x01, 0xb5, 0x92, 0x04, 0xff, 0x3a, 0x50, 0xff,
	0x9a, 0x01, 0xda, 0x3a, 0x50, 0x94, 0x98, 0x04, 0xff, 0xac, 0x1a, 0xff, 0x72, 0x01, 0xd3, 0x72,
	0x01, 0xa9, 0x92, 0x04, 0xff, 0x3a, 0x50, 0xff, 0x96, 0x01, 0xee, 0x3a, 0x50, 0xac, 0xa2, 0x14,
	0xff, 0xce, 0x1a, 0xff, 0x94, 0x01, 0xc3, 0x94, 0x01, 0xa5, 0xa2, 0x14, 0xff, 0x3a, 0x50, 0xff,
	0x78, 0x01, 0xdc, 0x3a, 0x50, 0xa6, 0xa2, 0x14, 0xff, 0xc0, 0x1a, 0xff, 0x86, 0x01, 0xd5, 0x86,
	0x01, 0xb5, 0x92, 0x04, 0xff, 0x3a, 0x50, 0xff, 0x9a, 0x01, 0xda, 0x3a, 0x50, 0x94, 0x98, 0x04,
	0xff, 0xac, 0x1a, 0xff, 0x72, 0x01, 0xd3, 0x72, 0x01, 0xa9, 0x92, 0x04, 0xff, 0x3a, 0x50, 0xff,
	0x8c, 0x01, 0xe4, 0x3a, 0x50, 0xac, 0x98, 0x04, 0xff, 0xce, 0x1a, 0xff, 0x9a, 0x01, 0xda, 0x3a,
	0x50, 0x92, 0x98, 0x04, 0xff, 0x3a, 0x50, 0xff, 0xac, 0x1a, 0xff, 0xac, 0x1a, 0xff, 0x01, 0x00,
	0xfb, 0x01, 0x00, 0x93, 0xac, 0x1a, 0xff, 0x3a, 0x50, 0xff, 0xb6, 0x03, 0xa9, 0x10, 0x10, 0xff,
	0xc0, 0x1a, 0xff, 0x86, 0x01, 0xd5, 0x86, 0x01, 0x85, 0x01, 0x00, 0xad, 0xa2, 0x14, 0xff, 0x3a,
	0x50, 0xff, 0x9a, 0x01, 0xda, 0x3a, 0x50, 0x00, 0x85, 0xff, 0x74, 0xa0, 0xff, 0xac, 0x1a, 0xe9,
	0x72, 0x01, 0x03, 0x00, 0x00, 0x41, 0x85, 0x82, 0x92, 0x04, 0x84, 0xfc, 0x02, 0xff, 0x74, 0xa0,
	0xff, 0x3a, 0x50, 0xff, 0x3a, 0x50, 0x81, 0x94, 0x01, 0xff, 0x74, 0xa0, 0xff, 0xce, 0x1a, 0xff,
	0x3c, 0x4d, 0x95, 0x92, 0x04, 0xff, 0x3a, 0x50, 0xff, 0x78, 0x01, 0xdc, 0x3a, 0x50, 0xa6, 0x98,
	0x04, 0xff, 0xc0, 0x1a, 0xff, 0x86, 0x01, 0xd5, 0x86, 0x01, 0xb5, 0x92, 0x04, 0xff, 0x3a, 0x50,
	0xff, 0xa4, 0x01, 0xe4, 0x3a, 0x50, 0x92, 0xa2, 0x04, 0xff, 0xac, 0x1a, 0xff, 0x72, 0x01, 0xd5,
	0x72, 0x01, 0xa7, 0x9c, 0x04, 0xff, 0x3a, 0x50, 0xff, 0x8c, 0x01, 0xdd, 0x8c, 0x01, 0xb3, 0xa2,
	0x04, 0xff, 0xce, 0x1a, 0xff, 0x94, 0x01, 0xc6, 0x36, 0x06, 0x8d, 0x9c, 0x14, 0x94, 0x92, 0x04,
	0xff, 0x3a, 0x50, 0xff, 0x78, 0x01, 0xdc, 0x3a, 0x50, 0xa6, 0x98, 0x04, 0xff, 0xc0, 0x1a, 0xff,
	0x86, 0x01, 0xd5, 0x86, 0x01, 0xb5, 0x92, 0x04, 0xff, 0x3a, 0x50, 0xff, 0x9a, 0x01, 0xda, 0x3a,
	0x50, 0x94, 0x98, 0x04, 0xff, 0xac, 0x1a, 0xff, 0x78, 0x01, 0xdc, 0x3a, 0x50, 0xa4, 0x98, 0x04,
	0xff, 0x3a, 0x50, 0xff, 0xc0, 0x1a, 0xff, 0xc0, 0x1a, 0xff, 0x01, 0x00, 0xfb, 0x01, 0x00, 0x93,
	0xc0, 0x1a, 0xff, 0x3a, 0x50, 0xff, 0xca, 0x03, 0x87, 0x24, 0x01, 0xad, 0x10, 0x10, 0xff, 0xce,
	0x1a, 0xff, 0x94, 0x01, 0xc3, 0x94, 0x01, 0xa5, 0xa2, 0x14, 0xff, 0x3a, 0x50, 0xff, 0x78, 0x01,
	0xdc, 0x3a, 0x50, 0xa6, 0xa2, 0x14, 0xff, 0xc0, 0x1a, 0xff, 0x86, 0x01, 0xd5, 0x86, 0x01, 0xb5,
	0x92, 0x04, 0xff, 0x3a, 0x50, 0xff, 0x9a, 0x01, 0xda, 0x3a, 0x50, 0x94, 0x98, 0x04, 0xff, 0xac,
	0x1a, 0xff, 0x72, 0x01, 0xd3, 0x72, 0x01, 0xa9, 0x92, 0x04, 0xff, 0x3a, 0x50, 0xff, 0x8c, 0x01,
	0xe4, 0x3a, 0x50, 0xac, 0x98, 0x04, 0xff, 0xce, 0x1a, 0xff, 0x94, 0x01, 0xc4, 0x2c, 0x06, 0xa2,
	0x98, 0x14, 0xff, 0x3a, 0x50, 0xff, 0x34, 0x09, 0xe5, 0x82, 0x01, 0xa9, 0xa2, 0x14, 0xff, 0xc0,
	0x1a, 0xff, 0x86, 0x01, 0xd5, 0x86, 0x01, 0xb3, 0x9c, 0x04, 0xff, 0x3a, 0x50, 0xff, 0x9a, 0x01,
	0xc7, 0x9a, 0x01, 0x92, 0x3a, 0x50, 0x94, 0xa2, 0x14, 0xff, 0xac, 0x1a, 0xff, 0x72, 0x01, 0xd3,
	0x72, 0x01, 0xa9, 0x92, 0x04, 0xff, 0x3a, 0x50, 0xff, 0x8c, 0x01, 0xe4, 0x3a, 0x50, 0xac, 0x98,
	0x04, 0xff, 0xce, 0x1a, 0xff, 0x94, 0x01, 0xc3, 0x94, 0x01, 0xa3, 0x5e, 0x12, 0xff, 0x3a, 0x50,
	0xff, 0x78, 0x01, 0xdb, 0x78, 0x01, 0xa9, 0x98, 0x04, 0xff, 0xc0, 0x1a, 0xff, 0x8c, 0x01, 0xe4,
	0x3a, 0x50, 0xaa, 0x98, 0x04, 0xff, 0x3a, 0x50, 0xff, 0xce, 0x1a, 0xff, 0xce, 0x1a, 0xff, 0x01,
	0x00, 0xfb, 0x01, 0x00, 0x93, 0xce, 0x1a, 0xff, 0x3a, 0x50, 0xff, 0x3c, 0x4d, 0x95, 0x10, 0x10,
	0xff, 0xac, 0x1a, 0xff, 0x72, 0x01, 0xd3, 0x72, 0x01, 0xa9, 0xa2, 0x14, 0xff, 0x3a, 0x50, 0xff,
	0x8c, 0x01, 0xe4, 0x3a, 0x50, 0xac, 0xa2, 0x14, 0xff, 0xce, 0x1a, 0xff, 0x94, 0x01, 0xc4, 0x6a,
	0x08, 0xa4, 0xa2, 0x14, 0xff, 0x3a, 0x50, 0xff, 0x78, 0x01, 0xdc, 0x3a, 0x50, 0xa6, 0x98, 0x04,
	0xff, 0xc0, 0x1a, 0xff, 0x86, 0x01, 0xd5, 0x86, 0x01, 0xb5, 0x92, 0x04, 0xff, 0x3a, 0x50, 0xff,
	0x9a, 0x01, 0xda, 0x3a, 0x50, 0x94, 0x98, 0x04, 0xff, 0xac, 0x1a, 0xff, 0x72, 0x01, 0xd3, 0x72,
	0x01, 0xa9, 0x92, 0x04, 0xff, 0x3a, 0x50, 0xff, 0x96, 0x01, 0xee, 0x3a, 0x50, 0xac, 0xa2, 0x14,
	0xff, 0xce, 0x1a, 0xff, 0x94, 0x01, 0xc3, 0x94, 0x01, 0xa5, 0xa2, 0x14, 0xff, 0x3a, 0x50, 0xff,
	0x78, 0x01, 0xdc, 0x3a, 0x50, 0xa6, 0xa2, 0x14, 0xff, 0xc0, 0x1a, 0xff, 0x86, 0x01, 0xd5, 0x86,
	0x01, 0xb5, 0x92, 0x04, 0xff, 0x3a, 0x50, 0xff, 0x9a, 0x01, 0xda, 0x3a, 0x50, 0x94, 0x98, 0x04,
	0xff, 0xac, 0x1a, 0xff, 0x72, 0x01, 0xd3, 0x72, 0x01, 0xa9, 0x92, 0x04, 0xff, 0x3a, 0x50, 0xff,
	0x8c, 0x01, 0xe4, 0x3a, 0x50, 0xac, 0x98, 0x04, 0xff, 0xce, 0x1a, 0xff, 0x9a, 0x01, 0xda, 0x3a,
	0x50, 0x92, 0x98, 0x04, 0xff, 0x3a, 0x50, 0xff, 0xac, 0x1a, 0xff, 0xac, 0x1a, 0xff, 0x01, 0x00,
	0xfb, 0x01, 0x00, 0x93, 0xac, 0x1a, 0xff, 0x3a, 0x50, 0xff, 0xb6, 0x03, 0xa9, 0x10, 0x10, 0xff,
	0xc0, 0x1a, 0xff, 0x86, 0x01, 0xd5, 0x86, 0x01, 0x85, 0x01, 0x00, 0xad, 0xa2, 0x14, 0xff, 0x3a,
	0x50, 0xff, 0x9a, 0x01, 0xda, 0x3a, 0x50, 0x00, 0x8d, 0xff, 0x74, 0xa0, 0xff, 0xac, 0x1a, 0xe9,
	0x72, 0x01, 0x02, 0x00, 0x00, 0x41, 0x82, 0xa0, 0xf3, 0xff, 0x74, 0xa0, 0xff, 0x3a, 0x50, 0xff,
	0x8c, 0x01, 0x86, 0x98, 0x04, 0x00, 0x8d, 0xab, 0xd2, 0x54, 0xff, 0xce, 0x1a, 0xff, 0x94, 0x01,
	0xc3, 0x94, 0x01, 0x8e, 0x98, 0x14, 0x94, 0x92, 0x04, 0xff, 0x3a, 0x50, 0xff, 0x78, 0x01, 0xdc,
	0x3a, 0x50, 0xa6, 0x98, 0x04, 0xff, 0xc0, 0x1a, 0xff, 0x86, 0x01, 0xd5, 0x86, 0x01, 0xb5, 0x92,
	0x04, 0xff, 0x3a, 0x50, 0xff, 0xa4, 0x01, 0xe4, 0x3a, 0x50, 0x92, 0xa2, 0x04, 0xff, 0xac, 0x1a,
	0xff, 0x72, 0x01, 0xd5, 0x72, 0x01, 0xa7, 0x9c, 0x04, 0xff, 0x3a, 0x50, 0xff, 0x8c, 0x01, 0xdd,
	0x8c, 0x01, 0xb3, 0xa2, 0x04, 0xff, 0xce, 0x1a, 0xff, 0x94, 0x01, 0xc6, 0x36, 0x06, 0x8d, 0x9c,
	0x14, 0x94, 0x92, 0x04, 0xff, 0x3a, 0x50, 0xff, 0x78, 0x01, 0xdc, 0x3a, 0x50, 0xa6, 0x98, 0x04,
	0xff, 0xc0, 0x1a, 0xff, 0x86, 0x01, 0xd5, 0x86, 0x01, 0xb5, 0x92, 0x04, 0xff, 0x3a, 0x50, 0xff,
	0x9a, 0x01, 0xda, 0x3a, 0x50, 0x94, 0x98, 0x04, 0xff, 0xac, 0x1a, 0xff, 0x78, 0x01, 0xdc, 0x3a,
	0x50, 0xa4, 0x98, 0x04, 0xff, 0x3a, 0x50, 0xff, 0xc0, 0x1a, 0xff, 0xc0, 0x1a, 0xff, 0x01, 0x00,
	0xfb, 0x01, 0x00, 0x93, 0xc0, 0x1a, 0xff, 0x3a, 0x50, 0xff, 0xca, 0x03, 0x87, 0x24, 0x01, 0xad,
	0x10, 0x10, 0xff, 0xce, 0x1a, 0xff, 0x94, 0x01, 0xc3, 0x94, 0x01, 0xa5, 0xa2, 0x14, 0xff, 0x3a,
	0x50, 0xff, 0x78, 0x01, 0xdc, 0x3a, 0x50, 0xa6, 0xa2, 0x14, 0xff, 0xc0, 0x1a, 0xff, 0x86, 0x01,
	0xd5, 0x86, 0x01, 0xb5, 0x92, 0x04, 0xff, 0x3a, 0x50, 0xff, 0x9a, 0x01, 0xda, 0x3a, 0x50, 0x94,
	0x98, 0x04, 0xff, 0xac, 0x1a, 0xff, 0x72, 0x01, 0xd3, 0x72, 0x01, 0xa9, 0x92, 0x04, 0xff, 0x3a,
	0x50, 0xff, 0x8c, 0x01, 0xe4, 0x3a, 0x50, 0xac, 0x98, 0x04, 0xff, 0xce, 0x1a, 0xff, 0x94, 0x01,
	0xc4, 0x2c, 0x06, 0xa2, 0x98, 0x14, 0xff, 0x3a, 0x50, 0xff, 0x34, 0x09, 0xe5, 0x82, 0x01, 0xa9,
	0xa2, 0x14, 0xff, 0xc0, 0x1a, 0xff, 0x86, 0x01, 0xd5, 0x86, 0x01, 0xb3, 0x9c, 0x04, 0xff, 0x3a,
	0x50, 0xff, 0x9a, 0x01, 0xc7, 0x9a, 0x01, 0x92, 0x3a, 0x50, 0x94, 0xa2, 0x14, 0xff, 0xac, 0x1a,
	0xff, 0x72, 0x01, 0xd3, 0x72, 0x01, 0xa9, 0x92, 0x04, 0xff, 0x3a, 0x50, 0xff, 0x8c, 0x01, 0xe4,
	0x3a, 0x50, 0xac, 0x98, 0x04, 0xff, 0xce, 0x1a, 0xff, 0x94, 0x01, 0xc3, 0x94, 0x01, 0xa3, 0x5e,
	0x12, 0xff, 0x3a, 0x50, 0xff, 0x78, 0x01, 0xdb, 0x78, 0x01, 0xa9, 0x98, 0x04, 0xff, 0xc0, 0x1a,
	0xff, 0x8c, 0x01, 0xe4, 0x3a, 0x50, 0xaa, 0x98, 0x04, 0xff, 0x3a, 0x50, 0xff, 0xce, 0x1a, 0xff,
	0xce, 0x1a, 0xff, 0x01, 0x00, 0xfb, 0x01, 0x00, 0x93, 0xce, 0x1a, 0xff, 0x3a, 0x50, 0xff, 0x3c,
	0x4d, 0x95, 0x10, 0x10, 0xff, 0xac, 0x1a, 0xff, 0x72, 0x01, 0xd3, 0x72, 0x01, 0xa9, 0xa2, 0x14,
	0xff, 0x3a, 0x50, 0xff, 0x8c, 0x01, 0xe4, 0x3a, 0x50, 0xac, 0xa2, 0x14, 0xff, 0xce, 0x1a, 0xff,
	0x94, 0x01, 0xc4, 0x6a, 0x08, 0xa4, 0xa2, 0x14, 0xff, 0x3a, 0x50, 0xff, 0x78, 0x01, 0xdc, 0x3a,
	0x50, 0xa6, 0x98, 0x04, 0xff, 0xc0, 0x1a, 0xff, 0x86, 0x01, 0xd5, 0x86, 0x01, 0xb5, 0x92, 0x04,
	0xff, 0x3a, 0x50, 0xff, 0x9a, 0x01, 0xda, 0x3a, 0x50, 0x94, 0x98, 0x04, 0xff, 0xac, 0x1a, 0xff,
	0x72, 0x01, 0xd3, 0x72, 0x01, 0xa9, 0x92, 0x04, 0xff, 0x3a, 0x50, 0xff, 0x96, 0x01, 0xee, 0x3a,
	0x50, 0xac, 0xa2, 0x14, 0xff, 0xce, 0x1a, 0xff, 0x94, 0x01, 0xc3, 0x94, 0x01, 0xa5, 0xa2, 0x14,
	0xff, 0x3a, 0x50, 0xff, 0x78, 0x01, 0xdc, 0x3a, 0x50, 0xa6, 0xa2, 0x14, 0xff, 0xc0, 0x1a, 0xff,
	0x86, 0x01, 0xd5, 0x86, 0x01, 0xb5, 0x92, 0x04, 0xff, 0x3a, 0x50, 0xff, 0x9a, 0x01, 0xda, 0x3a,
	0x50, 0x94, 0x98, 0x04, 0xff, 0xac, 0x1a, 0xff, 0x72, 0x01, 0xd3, 0x72, 0x01, 0xa9, 0x92, 0x04,
	0xff, 0x3a, 0x50, 0xff, 0x8c, 0x01, 0xe4, 0x3a, 0x50, 0xac, 0x98, 0x04, 0xff, 0xce, 0x1a, 0xff,
	0x9a, 0x01, 0xda, 0x3a, 0x50, 0x92, 0x98, 0x04, 0xff, 0x3a, 0x50, 0xff, 0xac, 0x1a, 0xff, 0xac,
	0x1a, 0xff, 0x01, 0x00, 0xfb, 0x01, 0x00, 0x93, 0xac, 0x1a, 0xff, 0x3a, 0x50, 0xff, 0xb6, 0x03,
	0xa9, 0x10, 0x10, 0xff, 0xc0, 0x1a, 0xff, 0x86, 0x01, 0xd5, 0x86, 0x01, 0x85, 0x01, 0x00, 0xad,
	0xa2, 0x14, 0xf3, 0x3a, 0x50, 0x00, 0x5c, 0xff, 0x70, 0x08, 0xd0, 0x9a, 0x01, 0x81, 0x98, 0x11,
	0x01, 0x40, 0x80, 0xff, 0x96, 0x1a, 0xff, 0x5c, 0x01, 0xd1, 0x5c, 0x01, 0x01, 0x00, 0x80, 0x8f,
	0x5c, 0x01, 0xf1, 0x80, 0x1a, 0x01, 0xed, 0x03, 0xff, 0xbe, 0x02, 0xd1, 0x62, 0x01, 0x04, 0x01,
	0x5e, 0x01, 0x00, 0x41, 0x8e, 0x62, 0x01, 0xff, 0x56, 0x1a, 0xff, 0x5c, 0x01, 0xc1, 0x5c, 0x01,
	0x01, 0x00, 0x80, 0x8f, 0x5c, 0x01, 0xf1, 0x1e, 0x1a, 0x02, 0x49, 0x05, 0x61, 0xff, 0xbe, 0x02,
	0xd0, 0x62, 0x01, 0x04, 0x02, 0x5e, 0x01, 0x00, 0x42, 0x8e, 0x62, 0x01, 0xff, 0x08, 0x1a, 0xff,
	0x5c, 0x01, 0xc1, 0x5c, 0x01, 0x01, 0x00, 0x80, 0x8f, 0x5c, 0x01, 0xfb, 0xde, 0x19, 0x01, 0xaa,
	0x06, 0xff, 0x86, 0x05, 0xd1, 0x6c, 0x01, 0x81, 0x3e, 0x15, 0x00, 0x43, 0x8c, 0x6c, 0x01, 0xff,
	0xa6, 0x19, 0xff, 0x5c, 0x01, 0xc3, 0x5c, 0x01, 0x01, 0x00, 0x80, 0x8f, 0x5c, 0x01, 0xf1, 0x90,
	0x19, 0x01, 0x06, 0x08, 0xff, 0xbe, 0x02, 0xd1, 0x62, 0x01, 0x04, 0x04, 0x5e, 0x01, 0x00, 0x44,
	0x8e, 0x62, 0x01, 0xff, 0x66, 0x19, 0xff, 0x5c, 0x01, 0xc1, 0x5c, 0x01, 0x01, 0x00, 0x80, 0x8f,
	0x5c, 0x01, 0xf1, 0x2e, 0x19, 0x01, 0x62, 0x09, 0xff, 0xbe, 0x02, 0xd1, 0x62, 0x01, 0x04, 0x05,
	0x5e, 0x01, 0x00, 0x45, 0x8e, 0x62, 0x01, 0xff, 0x18, 0x19, 0xff, 0x5c, 0x01, 0xc1, 0x5c, 0x01,
	0x01, 0x00, 0x80, 0x8f, 0x5c, 0x01, 0xf1, 0xee, 0x18, 0x02, 0xbe, 0x0a, 0x65, 0xff, 0xbe, 0x02,
	0xd0, 0x62, 0x01, 0x04, 0x06, 0x5e, 0x01, 0x00, 0x46, 0x8e, 0x62, 0x01, 0xff, 0xb6, 0x18, 0xff,
	0x62, 0x01, 0xc7, 0x62, 0x01, 0x01, 0x00, 0x80, 0x8d, 0x62, 0x01, 0xfb, 0xa0, 0x18, 0x02, 0x21,
	0x0c, 0x00, 0xff, 0xa0, 0x18, 0x00, 0x00, 0xff, 0xa0, 0x18, 0xff, 0x01, 0x00, 0xfb, 0x01, 0x00,
	0x93, 0xa0, 0x18, 0x8f, 0xa0, 0x18, 0x00, 0x60, 0xff, 0xa0, 0x18, 0xd8, 0xa0, 0x03, 0x04, 0x07,
	0x5e, 0x01, 0x00, 0x47, 0x8e, 0xa8, 0x0e, 0xff, 0x76, 0x18, 0xff, 0x5c, 0x01, 0xc1, 0x5c, 0x01,
	0x01, 0x00, 0x80, 0x8f, 0x5c, 0x01, 0xf1, 0x3e, 0x18, 0x00, 0x60, 0xff, 0x3e, 0x18, 0xd2, 0x62,
	0x01, 0x04, 0x08, 0x5e, 0x01, 0x00, 0x48, 0xff, 0x3e, 0x18, 0xff, 0xbe, 0x02, 0xd2, 0x5c, 0x01,
	0x01, 0x00, 0x80, 0x8f, 0x5c, 0x01, 0xf1, 0x3e, 0x18, 0x00, 0xbc, 0xff, 0x3e, 0x18, 0xd2, 0x62,
	0x01, 0x04, 0x09, 0x5e, 0x01, 0x00, 0x49, 0xff, 0x3e, 0x18, 0xff, 0xbe, 0x02, 0xd2, 0x5c, 0x01,
	0x01, 0x00, 0x80, 0x8f, 0x5c, 0x01, 0xf1, 0x3e, 0x18, 0x00, 0x18, 0xff, 0x3e, 0x18, 0xd2, 0x62,
	0x01, 0x81, 0x16, 0x09, 0x00, 0x5a, 0xff, 0x3e, 0x18, 0xff, 0xbe, 0x02, 0xd2, 0x5c, 0x01, 0x01,
	0x00, 0x80, 0x8f, 0x5c, 0x01, 0xfb, 0x3e, 0x18, 0x00, 0x79, 0xff, 0x3e, 0x18, 0xd2, 0x6c, 0x01,
	0x04, 0x1b, 0x5e, 0x01, 0x00, 0x5b, 0xff, 0x3e, 0x18, 0xff, 0xc8, 0x02, 0xd2, 0x5c, 0x01, 0x01,
	0x00, 0x80, 0x8f, 0x5c, 0x01, 0xf1, 0x3e, 0x18, 0x01, 0xd5, 0x07, 0xff, 0xbe, 0x02, 0xd1, 0x62,
	0x01, 0x04, 0x1c, 0x5e, 0x01, 0x00, 0x5c, 0xff, 0x3e, 0x18, 0xff, 0xbe, 0x02, 0xd2, 0x5c, 0x01,
	0x01, 0x00, 0x80, 0x8f, 0x5c, 0x01, 0xf1, 0x3e, 0x18, 0x00, 0x31, 0xff, 0x3e, 0x18, 0xd2, 0x62,
	0x01, 0x04, 0x1d, 0x5e, 0x01, 0x00, 0x5d, 0xff, 0x3e, 0x18, 0xff, 0xbe, 0x02, 0xd2, 0x5c, 0x01,
	0x01, 0x00, 0x80, 0x8f, 0x5c, 0x01, 0xf1, 0x3e, 0x18, 0x00, 0x8d, 0xff, 0x3e, 0x18, 0xd2, 0x62,
	0x01, 0x04, 0x1e, 0x5e, 0x01, 0x00, 0x5e, 0xff, 0x3e, 0x18, 0xff, 0x3e, 0x18, 0xd8, 0x62, 0x01,
	0x01, 0x00, 0x80, 0x8d, 0x62, 0x01, 0xfb, 0x3e, 0x18, 0x02, 0xf0, 0x0b, 0x00, 0xff, 0x3e, 0x18,
	0x00, 0x00, 0xff, 0x3e, 0x18, 0xff, 0x01, 0x00, 0xfb, 0x01, 0x00, 0x93, 0x3e, 0x18, 0xff, 0x3e,
	0x18, 0xeb, 0xa0, 0x03, 0x04, 0x1f, 0x5e, 0x01, 0x00, 0x5f, 0xff, 0x3e, 0x18, 0xff, 0xfc, 0x04,
	0xd2, 0x5c, 0x01, 0x01, 0x00, 0x80, 0x8f, 0x5c, 0x01, 0xff, 0x3e, 0x18, 0xff, 0x62, 0x01, 0xca,
	0x7c, 0x30, 0x00, 0x88, 0xff, 0x3e, 0x18, 0xff, 0x5c, 0x01, 0xd4, 0x7c, 0x30, 0x8e, 0x5c, 0x01,
	0xff, 0x3e, 0x18, 0xff, 0x62, 0x01, 0xca, 0x7c, 0x30, 0x8e, 0x62, 0x01, 0xff, 0x3e, 0x18, 0xff,
	0x5c, 0x01, 0xc1, 0x5c, 0x01, 0x01, 0x00, 0x80, 0x8f, 0x5c, 0x01, 0xff, 0x3e, 0x18, 0xff, 0x62,
	0x01, 0xca, 0x7c, 0x30, 0x8e, 0x62, 0x01, 0xff, 0x3e, 0x18, 0xff, 0x5c, 0x01, 0xc1, 0x5c, 0x01,
	0x01, 0x00, 0x80, 0x8f, 0x5c, 0x01, 0xff, 0x3e, 0x18, 0xff, 0x6c, 0x01, 0xd4, 0x7c, 0x30, 0x8c,
	0x6c, 0x01, 0xff, 0x3e, 0x18, 0xff, 0x5c, 0x01, 0xc3, 0x5c, 0x01, 0x01, 0x00, 0x80, 0x8f, 0x5c,
	0x01, 0xff, 0x3e, 0x18, 0xff, 0x62, 0x01, 0xca, 0x7c, 0x30, 0x8e, 0x62, 0x01, 0xff, 0x3e, 0x18,
	0xff, 0x5c, 0x01, 0xc1, 0x5c, 0x01, 0x01, 0x00, 0x80, 0x8f, 0x5c, 0x01, 0xff, 0x3e, 0x18, 0xff,
	0x62, 0x01, 0xca, 0x7c, 0x30, 0x8e, 0x62, 0x01, 0xff, 0x3e, 0x18, 0xff, 0x5c, 0x01, 0xc1, 0x5c,
	0x01, 0x01, 0x00, 0x80, 0x8f, 0x5c, 0x01, 0xff, 0x3e, 0x18, 0xff, 0x62, 0x01, 0xca, 0x7c, 0x30,
	0x8e, 0x62, 0x01, 0xff, 0x3e, 0x18, 0xff, 0x62, 0x01, 0xca, 0x7c, 0x30, 0x8c, 0x62, 0x01, 0xff,
	0x3e, 0x18, 0xff, 0x3e, 0x18, 0xff, 0x3e, 0x18, 0xff, 0x01, 0x00, 0xfb, 0x01, 0x00, 0x93, 0x3e,
	0x18, 0xff, 0x3e, 0x18, 0xf0, 0x7c, 0x30, 0x8e, 0xa8, 0x0e, 0xff, 0x3e, 0x18, 0xff, 0x5c, 0x01,
	0xc1, 0x5c, 0x01, 0x01, 0x00, 0x80, 0x8f, 0x5c, 0x01, 0xff, 0x3e, 0x18, 0xff, 0x62, 0x01, 0xca,
	0x7c, 0x30, 0xff, 0x3e, 0x18, 0xff, 0xbe, 0x02, 0xd2, 0x5c, 0x01, 0x01, 0x00, 0x80, 0x8f, 0x5c,
	0x01, 0xff, 0x3e, 0x18, 0xff, 0x62, 0x01, 0xca, 0x7c, 0x30, 0xff, 0x3e, 0x18, 0xff, 0xbe, 0x02,
	0xd2, 0x5c, 0x01, 0x01, 0x00, 0x80, 0x8f, 0x5c, 0x01, 0xff, 0x3e, 0x18, 0xff, 0x62, 0x01, 0xca,
	0x7c, 0x30, 0xff, 0x3e, 0x18, 0xff, 0xbe, 0x02, 0xd2, 0x5c, 0x01, 0x01, 0x00, 0x80, 0x8f, 0x5c,
	0x01, 0xff, 0x3e, 0x18, 0xff, 0x6c, 0x01, 0xd4, 0x7c, 0x30, 0xff, 0x3e, 0x18, 0xff, 0xc8, 0x02,
	0xd2, 0x5c, 0x01, 0x01, 0x00, 0x80, 0x8f, 0x5c, 0x01, 0xff, 0x3e, 0x18, 0xff, 0x62, 0x01, 0xca,
	0x7c, 0x30, 0xff, 0x3e, 0x18, 0xff, 0xbe, 0x02, 0xd2, 0x5c, 0x01, 0x01, 0x00, 0x80, 0x8f, 0x5c,
	0x01, 0xff, 0x3e, 0x18, 0xff, 0x62, 0x01, 0xca, 0x7c, 0x30, 0xff, 0x3e, 0x18, 0xff, 0xbe, 0x02,
	0xd2, 0x5c, 0x01, 0x01, 0x00, 0x80, 0x8f, 0x5c, 0x01, 0xff, 0x3e, 0x18, 0xff, 0x62, 0x01, 0xca,
	0x7c, 0x30, 0xff, 0x3e, 0x18, 0xff, 0x3e, 0x18, 0xdb, 0x7c, 0x30, 0xff, 0x3e, 0x18, 0xff, 0x3e,
	0x18, 0xff, 0x3e, 0x18, 0xff, 0x01, 0x00, 0xff, 0x01, 0x00, 0x88, 0x01, 0x00, 0x93, 0x3e, 0x18,
	0xff, 0x3e, 0x18, 0xf0, 0x7c, 0x30, 0xff, 0x3e, 0x18, 0xff, 0xfc, 0x04, 0xd2, 0x5c, 0x01, 0x01,
	0x00, 0x80, 0x8f, 0x5c, 0x01, 0xff, 0x3e, 0x18, 0xff, 0x62, 0x01, 0xca, 0x7c, 0x30, 0x00, 0x81,
	0xff, 0x3e, 0x18, 0xff, 0x5c, 0x01, 0xd4, 0x7c, 0x30, 0x8e, 0x5c, 0x01, 0xff, 0x3e, 0x18, 0xff,
	0x62, 0x01, 0xca, 0x7c, 0x30, 0x8e, 0x62, 0x01, 0xff, 0x3e, 0x18, 0xff, 0x5c, 0x01, 0xc1, 0x5c,
	0x01, 0x01, 0x00, 0x80, 0x8f, 0x5c, 0x01, 0xff, 0x3e, 0x18, 0xff, 0x62, 0x01, 0xca, 0x7c, 0x30,
	0x8e, 0x62, 0x01, 0xff, 0x3e, 0x18, 0xff, 0x5c, 0x01, 0xc1, 0x5c, 0x01, 0x01, 0x00, 0x80, 0x8f,
	0x5c, 0x01, 0xff, 0x3e, 0x18, 0xff, 0x6c, 0x01, 0xd4, 0x7c, 0x30, 0x8c, 0x6c, 0x01, 0xff, 0x3e,
	0x18, 0xff, 0x5c, 0x01, 0xc3, 0x5c, 0x01, 0x01, 0x00, 0x80, 0x8f, 0x5c, 0x01, 0xff, 0x3e, 0x18,
	0xff, 0x62, 0x01, 0xca, 0x7c, 0x30, 0x8e, 0x62, 0x01, 0xff, 0x3e, 0x18, 0xff, 0x5c, 0x01, 0xc1,
	0x5c, 0x01, 0x01, 0x00, 0x80, 0x8f, 0x5c, 0x01, 0xff, 0x3e, 0x18, 0xff, 0x62, 0x01, 0xca, 0x7c,
	0x30, 0x8e, 0x62, 0x01, 0xff, 0x3e, 0x18, 0xff, 0x5c, 0x01, 0xc1, 0x5c, 0x01, 0x01, 0x00, 0x80,
	0x8f, 0x5c, 0x01, 0xff, 0x3e, 0x18, 0xff, 0x62, 0x01, 0xca, 0x7c, 0x30, 0x8e, 0x62, 0x01, 0xff,
	0x3e, 0x18, 0xff, 0x62, 0x01, 0xca, 0x7c, 0x30, 0x8c, 0x62, 0x01, 0xff, 0x3e, 0x18, 0xff, 0x3e,
	0x18, 0xff, 0x3e, 0x18, 0xff, 0x01, 0x00, 0xfb, 0x01, 0x00, 0x93, 0x3e, 0x18, 0xff, 0x3e, 0x18,
	0xf0, 0x7c, 0x30, 0x8e, 0xa8, 0x0e, 0xff, 0x3e, 0x18, 0xff, 0x5c, 0x01, 0xc1, 0x5c, 0x01, 0x01,
	0x00, 0x80, 0x8f, 0x5c, 0x01, 0xff, 0x3e, 0x18, 0xff, 0x62, 0x01, 0xca, 0x7c, 0x30, 0xff, 0x3e,
	0x18, 0xff, 0xbe, 0x02, 0xd2, 0x5c, 0x01, 0x01, 0x00, 0x80, 0x8f, 0x5c, 0x01, 0xff, 0x3e, 0x18,
	0xff, 0x62, 0x01, 0xca, 0x7c, 0x30, 0xff, 0x3e, 0x18, 0xff, 0xbe, 0x02, 0xd2, 0x5c, 0x01, 0x01,
	0x00, 0x80, 0x8f, 0x5c, 0x01, 0xff, 0x3e, 0x18, 0xff, 0x62, 0x01, 0xca, 0x7c, 0x30, 0xff, 0x3e,
	0x18, 0xff, 0xbe, 0x02, 0xd2, 0x5c, 0x01, 0x01, 0x00, 0x80, 0x8f, 0x5c, 0x01, 0xff, 0x3e, 0x18,
	0xff, 0x6c, 0x01, 0xd4, 0x7c, 0x30, 0xff, 0x3e, 0x18, 0xff, 0xc8, 0x02, 0xd2, 0x5c, 0x01, 0x01,
	0x00, 0x80, 0x8f, 0x5c, 0x01, 0xff, 0x3e, 0x18, 0xff, 0x62, 0x01, 0xca, 0x7c, 0x30, 0xff, 0x3e,
	0x18, 0xff, 0xbe, 0x02, 0xd2, 0x5c, 0x01, 0x01, 0x00, 0x80, 0x8f, 0x5c, 0x01, 0xff, 0x3e, 0x18,
	0xff, 0x62, 0x01, 0xca, 0x7c, 0x30, 0xff, 0x3e, 0x18, 0xff, 0xbe, 0x02, 0xd2, 0x5c, 0x01, 0x01,
	0x00, 0x80, 0x8f, 0x5c, 0x01, 0xff, 0x3e, 0x18, 0xff, 0x62, 0x01, 0xca, 0x7c, 0x30, 0xff, 0x3e,
	0x18, 0xff, 0x3e, 0x18, 0xdb, 0x7c, 0x30, 0xff, 0x3e, 0x18, 0xff, 0x3e, 0x18, 0xff, 0x3e, 0x18,
	0xff, 0x01, 0x00, 0xff, 0x01, 0x00, 0x88, 0x01, 0x00, 0x93, 0x3e, 0x18, 0xff, 0x3e, 0x18, 0xf0,
	0x7c, 0x30, 0xff, 0x3e, 0x18, 0xff, 0xfc, 0x04, 0xd2, 0x5c, 0x01, 0x01, 0x00, 0x80, 0x8f, 0x5c,
	0x01, 0xff, 0x3e, 0x18, 0xff, 0x62, 0x01, 0xca, 0x7c, 0x30, 0x00, 0x89, 0xff, 0x3e, 0x18, 0xff,
	0x5c, 0x01, 0xd4, 0x7c, 0x30, 0x8e, 0x5c, 0x01, 0xff, 0x3e, 0x18, 0xff, 0x62, 0x01, 0xca, 0x7c,
	0x30, 0x8e, 0x62, 0x01, 0xff, 0x3e, 0x18, 0xff, 0x5c, 0x01, 0xc1, 0x5c, 0x01, 0x01, 0x00, 0x80,
	0x8f, 0x5c, 0x01, 0xff, 0x3e, 0x18, 0xff, 0x62, 0x01, 0xca, 0x7c, 0x30, 0x8e, 0x62, 0x01, 0xff,
	0x3e, 0x18, 0xff, 0x5c, 0x01, 0xc1, 0x5c, 0x01, 0x01, 0x00, 0x80, 0x8f, 0x5c, 0x01, 0xff, 0x3e,
	0x18, 0xff, 0x6c, 0x01, 0xd4, 0x7c, 0x30, 0x8c, 0x6c, 0x01, 0xff, 0x3e, 0x18, 0xff, 0x5c, 0x01,
	0xc3, 0x5c, 0x01, 0x01, 0x00, 0x80, 0x8f, 0x5c, 0x01, 0xff, 0x3e, 0x18, 0xff, 0x62, 0x01, 0xca,
	0x7c, 0x30, 0x8e, 0x62, 0x01, 0xff, 0x3e, 0x18, 0xff, 0x5c, 0x01, 0xc1, 0x5c, 0x01, 0x01, 0x00,
	0x80, 0x8f, 0x5c, 0x01, 0xff, 0x3e, 0x18, 0xff, 0x62, 0x01, 0xca, 0x7c, 0x30, 0x8e, 0x62, 0x01,
	0xff, 0x3e, 0x18, 0xff, 0x5c, 0x01, 0xc1, 0x5c, 0x01, 0x01, 0x00, 0x80, 0x8f, 0x5c, 0x01, 0xff,
	0x3e, 0x18, 0xff, 0x62, 0x01, 0xca, 0x7c, 0x30, 0x8e, 0x62, 0x01, 0xff, 0x3e, 0x18, 0xff, 0x62,
	0x01, 0xca, 0x7c, 0x30, 0x8c, 0x62, 0x01, 0xff, 0x3e, 0x18, 0xff, 0x3e, 0x18, 0xff, 0x3e, 0x18,
	0xff, 0x01, 0x00, 0xfb, 0x01, 0x00, 0x93, 0x3e, 0x18, 0xff, 0x3e, 0x18, 0xf0, 0x7c, 0x30, 0x8e,
	0xa8, 0x0e, 0xff, 0x3e, 0x18, 0xff, 0x5c, 0x01, 0xc1, 0x5c, 0x01, 0x01, 0x00, 0x80, 0x8f, 0x5c,
	0x01, 0xff, 0x3e, 0x18, 0xff, 0x62, 0x01, 0xca, 0x7c, 0x30, 0xff, 0x3e, 0x18, 0xff, 0xbe, 0x02,
	0xd2, 0x5c, 0x01, 0x01, 0x00, 0x80, 0x8f, 0x5c, 0x01, 0xff, 0x3e, 0x18, 0xff, 0x62, 0x01, 0xca,
	0x7c, 0x30, 0xff, 0x3e, 0x18, 0xff, 0xbe, 0x02, 0xd2, 0x5c, 0x01, 0x01, 0x00, 0x80, 0x8f, 0x5c,
	0x01, 0xff, 0x3e, 0x18, 0xff, 0x62, 0x01, 0xca, 0x7c, 0x30, 0xff, 0x3e, 0x18, 0xff, 0xbe, 0x02,
	0xd2, 0x5c, 0x01, 0x01, 0x00, 0x80, 0x8f, 0x5c, 0x01, 0xff, 0x3e, 0x18, 0xff, 0x6c, 0x01, 0xd4,
	0x7c, 0x30, 0xff, 0x3e, 0x18, 0xff, 0xc8, 0x02, 0xd2, 0x5c, 0x01, 0x01, 0x00, 0x80, 0x8f, 0x5c,
	0x01, 0xff, 0x3e, 0x18, 0xff, 0x62, 0x01, 0xca, 0x7c, 0x30, 0xff, 0x3e, 0x18, 0xff, 0xbe, 0x02,
	0xd2, 0x5c, 0x01, 0x01, 0x00, 0x80, 0x8f, 0x5c, 0x01, 0xff, 0x3e, 0x18, 0xff, 0x62, 0x01, 0xca,
	0x7c, 0x30, 0xff, 0x3e, 0x18, 0xff, 0xbe, 0x02, 0xd2, 0x5c, 0x01, 0x01, 0x00, 0x80, 0x8f, 0x5c,
	0x01, 0xff, 0x3e, 0x18, 0xff, 0x62, 0x01, 0xca, 0x7c, 0x30, 0xff, 0x3e, 0x18, 0xff, 0x3e, 0x18,
	0xdb, 0x7c, 0x30, 0xff, 0x3e, 0x18, 0xff, 0x3e, 0x18, 0xff, 0x3e, 0x18, 0xff, 0x01, 0x00, 0xff,
	0x01, 0x00, 0x88, 0x01, 0x00, 0x93, 0x3e, 0x18, 0xff, 0x3e, 0x18, 0xf0, 0x7c, 0x30, 0xff, 0x3e,
	0x18, 0xff, 0xfc, 0x04, 0xd2, 0x5c, 0x01, 0x01, 0x00, 0x80, 0x8f, 0x5c, 0x01, 0xff, 0x3e, 0x18,
	0xff, 0x62, 0x01, 0xca, 0x7c, 0x30, 0x00, 0x82, 0xff, 0x3e, 0x18, 0xff, 0x5c, 0x01, 0xd4, 0x7c,
	0x30, 0x8e, 0x5c, 0x01, 0xff, 0x3e, 0x18, 0xff, 0x62, 0x01, 0xca, 0x7c, 0x30, 0x8e, 0x62, 0x01,
	0xff, 0x3e, 0x18, 0xff, 0x5c, 0x01, 0xc1, 0x5c, 0x01, 0x01, 0x00, 0x80, 0x8f, 0x5c, 0x01, 0xff,
	0x3e, 0x18, 0xff, 0x62, 0x01, 0xca, 0x7c, 0x30, 0x8e, 0x62, 0x01, 0xff, 0x3e, 0x18, 0xff, 0x5c,
	0x01, 0xc1, 0x5c, 0x01, 0x01, 0x00, 0x80, 0x8f, 0x5c, 0x01, 0xff, 0x3e, 0x18, 0xff, 0x6c, 0x01,
	0xd4, 0x7c, 0x30, 0x8c, 0x6c, 0x01, 0xff, 0x3e, 0x18, 0xff, 0x5c, 0x01, 0xc3, 0x5c, 0x01, 0x01,
	0x00, 0x80, 0x8f, 0x5c, 0x01, 0xff, 0x3e, 0x18, 0xff, 0x62, 0x01, 0xca, 0x7c, 0x30, 0x8e, 0x62,
	0x01, 0xff, 0x3e, 0x18, 0xff, 0x5c, 0x01, 0xc1, 0x5c, 0x01, 0x01, 0x00, 0x80, 0x8f, 0x5c, 0x01,
	0xff, 0x3e, 0x18, 0xff, 0x62, 0x01, 0xca, 0x7c, 0x30, 0x8e, 0x62, 0x01, 0xff, 0x3e, 0x18, 0xff,
	0x5c, 0x01, 0xc1, 0x5c, 0x01, 0x01, 0x00, 0x80, 0x8f, 0x5c, 0x01, 0xff, 0x3e, 0x18, 0xff, 0x62,
	0x01, 0xca, 0x7c, 0x30, 0x8e, 0x62, 0x01, 0xff, 0x3e, 0x18, 0xff, 0x62, 0x01, 0xca, 0x7c, 0x30,
	0x8c, 0x62, 0x01, 0xff, 0x3e, 0x18, 0xff, 0x3e, 0x18, 0xff, 0x3e, 0x18, 0xff, 0x01, 0x00, 0xfb,
	0x01, 0x00, 0x93, 0x3e, 0x18, 0xff, 0x3e, 0x18, 0xf0, 0x7c, 0x30, 0x8e, 0xa8, 0x0e, 0xff, 0x3e,
	0x18, 0xff, 0x5c, 0x01, 0xc1, 0x5c, 0x01, 0x01, 0x00, 0x80, 0x8f, 0x5c, 0x01, 0xff, 0x3e, 0x18,
	0xff, 0x62, 0x01, 0xca, 0x7c, 0x30, 0xff, 0x3e, 0x18, 0xff, 0xbe, 0x02, 0xd2, 0x5c, 0x01, 0x01,
	0x00, 0x80, 0x8f, 0x5c, 0x01, 0xff, 0x3e, 0x18, 0xff, 0x62, 0x01, 0xca, 0x7c, 0x30, 0xff, 0x3e,
	0x18, 0xff, 0xbe, 0x02, 0xd2, 0x5c, 0x01, 0x01, 0x00, 0x80, 0x8f, 0x5c, 0x01, 0xff, 0x3e, 0x18,
	0xff, 0x62, 0x01, 0xca, 0x7c, 0x30, 0xff, 0x3e, 0x18, 0xff, 0xbe, 0x02, 0xd2, 0x5c, 0x01, 0x01,
	0x00, 0x80, 0x8f, 0x5c, 0x01, 0xff, 0x3e, 0x18, 0xff, 0x6c, 0x01, 0xd4, 0x7c, 0x30, 0xff, 0x3e,
	0x18, 0xff, 0xc8, 0x02, 0xd2, 0x5c, 0x01, 0x01, 0x00, 0x80, 0x8f, 0x5c, 0x01, 0xff, 0x3e, 0x18,
	0xff, 0x62, 0x01, 0xca, 0x7c, 0x30, 0xff, 0x3e, 0x18, 0xff, 0xbe, 0x02, 0xd2, 0x5c, 0x01, 0x01,
	0x00, 0x80, 0x8f, 0x5c, 0x01, 0xff, 0x3e, 0x18, 0xff, 0x62, 0x01, 0xca, 0x7c, 0x30, 0xff, 0x3e,
	0x18, 0xff, 0xbe, 0x02, 0xd2, 0x5c, 0x01, 0x01, 0x00, 0x80, 0x8f, 0x5c, 0x01, 0xff, 0x3e, 0x18,
	0xff, 0x62, 0x01, 0xca, 0x7c, 0x30, 0xff, 0x3e, 0x18, 0xff, 0x3e, 0x18, 0xdb, 0x7c, 0x30, 0xff,
	0x3e, 0x18, 0xff, 0x3e, 0x18, 0xff, 0x3e, 0x18, 0xff, 0x01, 0x00, 0xff, 0x01, 0x00, 0x88, 0x01,
	0x00, 0x93, 0x3e, 0x18, 0xff, 0x3e, 0x18, 0xf0, 0x7c, 0x30, 0xff, 0x3e, 0x18, 0xff, 0xfc, 0x04,
	0xd2, 0x5c, 0x01, 0x01, 0x00, 0x80, 0x8f, 0x5c, 0x01, 0xff, 0x3e, 0x18, 0xff, 0x62, 0x01, 0xca,
	0x7c, 0x30, 0x00, 0x8a, 0xff, 0x3e, 0x18, 0xff, 0x5c, 0x01, 0xd4, 0x7c, 0x30, 0x8e, 0x5c, 0x01,
	0xff, 0x3e, 0x18, 0xff, 0x62, 0x01, 0xca, 0x7c, 0x30, 0x8e, 0x62, 0x01, 0xff, 0x3e, 0x18, 0xff,
	0x5c, 0x01, 0xc1, 0x5c, 0x01, 0x01, 0x00, 0x80, 0x8f, 0x5c, 0x01, 0xff, 0x3e, 0x18, 0xff, 0x62,
	0x01, 0xca, 0x7c, 0x30, 0x8e, 0x62, 0x01, 0xff, 0x3e, 0x18, 0xff, 0x5c, 0x01, 0xc1, 0x5c, 0x01,
	0x01, 0x00, 0x80, 0x8f, 0x5c, 0x01, 0xff, 0x3e, 0x18, 0xff, 0x6c, 0x01, 0xd4, 0x7c, 0x30, 0x8c,
	0x6c, 0x01, 0xff, 0x3e, 0x18, 0xff, 0x5c, 0x01, 0xc3, 0x5c, 0x01, 0x01, 0x00, 0x80, 0x8f, 0x5c,
	0x01, 0xff, 0x3e, 0x18, 0xff, 0x62, 0x01, 0xca, 0x7c, 0x30, 0x8e, 0x62, 0x01, 0xff, 0x3e, 0x18,
	0xff, 0x5c, 0x01, 0xc1, 0x5c, 0x01, 0x01, 0x00, 0x80, 0x8f, 0x5c, 0x01, 0xff, 0x3e, 0x18, 0xff,
	0x62, 0x01, 0xca, 0x7c, 0x30, 0x8e, 0x62, 0x01, 0xff, 0x3e, 0x18, 0xff, 0x5c, 0x01, 0xc1, 0x5c,
	0x01, 0x01, 0x00, 0x80, 0x8f, 0x5c, 0x01, 0xff, 0x3e, 0x18, 0xff, 0x62, 0x01, 0xca, 0x7c, 0x30,
	0x8e, 0x62, 0x01, 0xff, 0x3e, 0x18, 0xff, 0x62, 0x01, 0xca, 0x7c, 0x30, 0x8c, 0x62, 0x01, 0xff,
	0x3e, 0x18, 0xff, 0x3e, 0x18, 0xff, 0x3e, 0x18, 0xff, 0x01, 0x00, 0xfb, 0x01, 0x00, 0x93, 0x3e,
	0x18, 0xff, 0x3e, 0x18, 0xf0, 0x7c, 0x30, 0x8e, 0xa8, 0x0e, 0xff, 0x3e, 0x18, 0xff, 0x5c, 0x01,
	0xc1, 0x5c, 0x01, 0x01, 0x00, 0x80, 0x8f, 0x5c, 0x01, 0xff, 0x3e, 0x18, 0xff, 0x62, 0x01, 0xca,
	0x7c, 0x30, 0xff, 0x3e, 0x18, 0xff, 0xbe, 0x02, 0xd2, 0x5c, 0x01, 0x01, 0x00, 0x80, 0x8f, 0x5c,
	0x01, 0xff, 0x3e, 0x18, 0xff, 0x62, 0x01, 0xca, 0x7c, 0x30, 0xff, 0x3e, 0x18, 0xff, 0xbe, 0x02,
	0xd2, 0x5c, 0x01, 0x01, 0x00, 0x80, 0x8f, 0x5c, 0x01, 0xff, 0x3e, 0x18, 0xff, 0x62, 0x01, 0xca,
	0x7c, 0x30, 0xff, 0x3e, 0x18, 0xff, 0xbe, 0x02, 0xd2, 0x5c, 0x01, 0x01, 0x00, 0x80, 0x8f, 0x5c,
	0x01, 0xff, 0x3e, 0x18, 0xff, 0x6c, 0x01, 0xd4, 0x7c, 0x30, 0xff, 0x3e, 0x18, 0xff, 0xc8, 0x02,
	0xd2, 0x5c, 0x01, 0x01, 0x00, 0x80, 0x8f, 0x5c, 0x01, 0xff, 0x3e, 0x18, 0xff, 0x62, 0x01, 0xca,
	0x7c, 0x30, 0xff, 0x3e, 0x18, 0xff, 0xbe, 0x02, 0xd2, 0x5c, 0x01, 0x01, 0x00, 0x80, 0x8f, 0x5c,
	0x01, 0xff, 0x3e, 0x18, 0xff, 0x62, 0x01, 0xca, 0x7c, 0x30, 0xff, 0x3e, 0x18, 0xff, 0xbe, 0x02,
	0xd2, 0x5c, 0x01, 0x01, 0x00, 0x80, 0x8f, 0x5c, 0x01, 0xff, 0x3e, 0x18, 0xff, 0x62, 0x01, 0xca,
	0x7c, 0x30, 0xff, 0x3e, 0x18, 0xff, 0x3e, 0x18, 0xdb, 0x7c, 0x30, 0xff, 0x3e, 0x18, 0xff, 0x3e,
	0x18, 0xff, 0x3e, 0x18, 0xff, 0x01, 0x00, 0xff, 0x01, 0x00, 0x88, 0x01, 0x00, 0x93, 0x3e, 0x18,
	0xff, 0x3e, 0x18, 0xf0, 0x7c, 0x30, 0xff, 0x3e, 0x18, 0xff, 0xfc, 0x04, 0xd2, 0x5c, 0x01, 0x01,
	0x00, 0x80, 0x8f, 0x5c, 0x01, 0xff, 0x3e, 0x18, 0xff, 0x62, 0x01, 0xca, 0x7c, 0x30, 0x00, 0x83,
	0xff, 0x3e, 0x18, 0xff, 0x5c, 0x01, 0xd4, 0x7c, 0x30, 0x8e, 0x5c, 0x01, 0xff, 0x3e, 0x18, 0xff,
	0x62, 0x01, 0xca, 0x7c, 0x30, 0x8e, 0x62, 0x01, 0xff, 0x3e, 0x18, 0xff, 0x5c, 0x01, 0xc1, 0x5c,
	0x01, 0x01, 0x00, 0x80, 0x8f, 0x5c, 0x01, 0xff, 0x3e, 0x18, 0xff, 0x62, 0x01, 0xca, 0x7c, 0x30,
	0x8e, 0x62, 0x01, 0xff, 0x3e, 0x18, 0xff, 0x5c, 0x01, 0xc1, 0x5c, 0x01, 0x01, 0x00, 0x80, 0x8f,
	0x5c, 0x01, 0xff, 0x3e, 0x18, 0xff, 0x6c, 0x01, 0xd4, 0x7c, 0x30, 0x8c, 0x6c, 0x01, 0xff, 0x3e,
	0x18, 0xff, 0x5c, 0x01, 0xc3, 0x5c, 0x01, 0x01, 0x00, 0x80, 0x8f, 0x5c, 0x01, 0xff, 0x3e, 0x18,
	0xff, 0x62, 0x01, 0xca, 0x7c, 0x30, 0x8e, 0x62, 0x01, 0xff, 0x3e, 0x18, 0xff, 0x5c, 0x01, 0xc1,
	0x5c, 0x01, 0x01, 0x00, 0x80, 0x8f, 0x5c, 0x01, 0xff, 0x3e, 0x18, 0xff, 0x62, 0x01, 0xca, 0x7c,
	0x30, 0x8e, 0x62, 0x01, 0xff, 0x3e, 0x18, 0xff, 0x5c, 0x01, 0xc1, 0x5c, 0x01, 0x01, 0x00, 0x80,
	0x8f, 0x5c, 0x01, 0xff, 0x3e, 0x18, 0xff, 0x62, 0x01, 0xca, 0x7c, 0x30, 0x8e, 0x62, 0x01, 0xff,
	0x3e, 0x18, 0xff, 0x62, 0x01, 0xca, 0x7c, 0x30, 0x8c, 0x62, 0x01, 0xff, 0x3e, 0x18, 0xff, 0x3e,
	0x18, 0xff, 0x3e, 0x18, 0xff, 0x01, 0x00, 0xfb, 0x01, 0x00, 0x93, 0x3e, 0x18, 0xff, 0x3e, 0x18,
	0xf0, 0x7c, 0x30, 0x8e, 0xa8, 0x0e, 0xff, 0x3e, 0x18, 0xff, 0x5c, 0x01, 0xc1, 0x5c, 0x01, 0x01,
	0x00, 0x80, 0x8f, 0x5c, 0x01, 0xff, 0x3e, 0x18, 0xff, 0x62, 0x01, 0xca, 0x7c, 0x30, 0xff, 0x3e,
	0x18, 0xff, 0xbe, 0x02, 0xd2, 0x5c, 0x01, 0x01, 0x00, 0x80, 0x8f, 0x5c, 0x01, 0xff, 0x3e, 0x18,
	0xff, 0x62, 0x01, 0xca, 0x7c, 0x30, 0xff, 0x3e, 0x18, 0xff, 0xbe, 0x02, 0xd2, 0x5c, 0x01, 0x01,
	0x00, 0x80, 0x8f, 0x5c, 0x01, 0xff, 0x3e, 0x18, 0xff, 0x62, 0x01, 0xca, 0x7c, 0x30, 0xff, 0x3e,
	0x18, 0xff, 0xbe, 0x02, 0xd2, 0x5c, 0x01, 0x01, 0x00, 0x80, 0x8f, 0x5c, 0x01, 0xff, 0x3e, 0x18,
	0xff, 0x6c, 0x01, 0xd4, 0x7c, 0x30, 0xff, 0x3e, 0x18, 0xff, 0xc8, 0x02, 0xd2, 0x5c, 0x01, 0x01,
	0x00, 0x80, 0x8f, 0x5c, 0x01, 0xff, 0x3e, 0x18, 0xff, 0x62, 0x01, 0xca, 0x7c, 0x30, 0xff, 0x3e,
	0x18, 0xff, 0xbe, 0x02, 0xd2, 0x5c, 0x01, 0x01, 0x00, 0x80, 0x8f, 0x5c, 0x01, 0xff, 0x3e, 0x18,
	0xff, 0x62, 0x01, 0xca, 0x7c, 0x30, 0xff, 0x3e, 0x18, 0xff, 0xbe, 0x02, 0xd2, 0x5c, 0x01, 0x01,
	0x00, 0x80, 0x8f, 0x5c, 0x01, 0xff, 0x3e, 0x18, 0xff, 0x62, 0x01, 0xca, 0x7c, 0x30, 0xff, 0x3e,
	0x18, 0xff, 0x3e, 0x18, 0xdb, 0x7c, 0x30, 0xff, 0x3e, 0x18, 0xff, 0x3e, 0x18, 0xff, 0x3e, 0x18,
	0xff, 0x01, 0x00, 0xff, 0x01, 0x00, 0x88, 0x01, 0x00, 0x93, 0x3e, 0x18, 0xff, 0x3e, 0x18, 0xf0,
	0x7c, 0x30, 0xff, 0x3e, 0x18, 0xff, 0xfc, 0x04, 0xd2, 0x5c, 0x01, 0x01, 0x00, 0x80, 0x8f, 0x5c,
	0x01, 0xff, 0x3e, 0x18, 0xff, 0x62, 0x01, 0xca, 0x7c, 0x30, 0x00, 0x8b, 0xff, 0x3e, 0x18, 0xff,
	0x5c, 0x01, 0xd4, 0x7c, 0x30, 0x8e, 0x5c, 0x01, 0xff, 0x3e, 0x18, 0xff, 0x62, 0x01, 0xca, 0x7c,
	0x30, 0x8e, 0x62, 0x01, 0xff, 0x3e, 0x18, 0xff, 0x5c, 0x01, 0xc1, 0x5c, 0x01, 0x01, 0x00, 0x80,
	0x8f, 0x5c, 0x01, 0xff, 0x3e, 0x18, 0xff, 0x62, 0x01, 0xca, 0x7c, 0x30, 0x8e, 0x62, 0x01, 0xff,
	0x3e, 0x18, 0xff, 0x5c, 0x01, 0xc1, 0x5c, 0x01, 0x01, 0x00, 0x80, 0x8f, 0x5c, 0x01, 0xff, 0x3e,
	0x18, 0xff, 0x6c, 0x01, 0xd4, 0x7c, 0x30, 0x8c, 0x6c, 0x01, 0xff, 0x3e, 0x18, 0xff, 0x5c, 0x01,
	0xc3, 0x5c, 0x01, 0x01, 0x00, 0x80, 0x8f, 0x5c, 0x01, 0xff, 0x3e, 0x18, 0xff, 0x62, 0x01, 0xca,
	0x7c, 0x30, 0x8e, 0x62, 0x01, 0xff, 0x3e, 0x18, 0xff, 0x5c, 0x01, 0xc1, 0x5c, 0x01, 0x01, 0x00,
	0x80, 0x8f, 0x5c, 0x01, 0xff, 0x3e, 0x18, 0xff, 0x62, 0x01, 0xca, 0x7c, 0x30, 0x8e, 0x62, 0x01,
	0xff, 0x3e, 0x18, 0xff, 0x5c, 0x01, 0xc1, 0x5c, 0x01, 0x01, 0x00, 0x80, 0x8f, 0x5c, 0x01, 0xff,
	0x3e, 0x18, 0xff, 0x62, 0x01, 0xca, 0x7c, 0x30, 0x8e, 0x62, 0x01, 0xff, 0x3e, 0x18, 0xff, 0x62,
	0x01, 0xca, 0x7c, 0x30, 0x8c, 0x62, 0x01, 0xff, 0x3e, 0x18, 0xff, 0x3e, 0x18, 0xff, 0x3e, 0x18,
	0xff, 0x01, 0x00, 0xfb, 0x01, 0x00, 0x93, 0x3e, 0x18, 0xff, 0x3e, 0x18, 0xf0, 0x7c, 0x30, 0x8e,
	0xa8, 0x0e, 0xff, 0x3e, 0x18, 0xff, 0x5c, 0x01, 0xc1, 0x5c, 0x01, 0x01, 0x00, 0x80, 0x8f, 0x5c,
	0x01, 0xff, 0x3e, 0x18, 0xff, 0x62, 0x01, 0xca, 0x7c, 0x30, 0xff, 0x3e, 0x18, 0xff, 0xbe, 0x02,
	0xd2, 0x5c, 0x01, 0x01, 0x00, 0x80, 0x8f, 0x5c, 0x01, 0xff, 0x3e, 0x18, 0xff, 0x62, 0x01, 0xca,
	0x7c, 0x30, 0xff, 0x3e, 0x18, 0xff, 0xbe, 0x02, 0xd2, 0x5c, 0x01, 0x01, 0x00, 0x80, 0x8f, 0x5c,
	0x01, 0xff, 0x3e, 0x18, 0xff, 0x62, 0x01, 0xca, 0x7c, 0x30, 0xff, 0x3e, 0x18, 0xff, 0xbe, 0x02,
	0xd2, 0x5c, 0x01, 0x01, 0x00, 0x80, 0x8f, 0x5c, 0x01, 0xff, 0x3e, 0x18, 0xff, 0x6c, 0x01, 0xd4,
	0x7c, 0x30, 0xff, 0x3e, 0x18, 0xff, 0xc8, 0x02, 0xd2, 0x5c, 0x01, 0x01, 0x00, 0x80, 0x8f, 0x5c,
	0x01, 0xff, 0x3e, 0x18, 0xff, 0x62, 0x01, 0xca, 0x7c, 0x30, 0xff, 0x3e, 0x18, 0xff, 0xbe, 0x02,
	0xd2, 0x5c, 0x01, 0x01, 0x00, 0x80, 0x8f, 0x5c, 0x01, 0xff, 0x3e, 0x18, 0xff, 0x62, 0x01, 0xca,
	0x7c, 0x30, 0xff, 0x3e, 0x18, 0xff, 0xbe, 0x02, 0xd2, 0x5c, 0x01, 0x01, 0x00, 0x80, 0x8f, 0x5c,
	0x01, 0xff, 0x3e, 0x18, 0xff, 0x62, 0x01, 0xca, 0x7c, 0x30, 0xff, 0x3e, 0x18, 0xff, 0x3e, 0x18,
	0xdb, 0x7c, 0x30, 0xff, 0x3e, 0x18, 0xff, 0x3e, 0x18, 0xff, 0x3e, 0x18, 0xff, 0x01, 0x00, 0xff,
	0x01, 0x00, 0x88, 0x01, 0x00, 0x93, 0x3e, 0x18, 0xff, 0x3e, 0x18, 0xf0, 0x7c, 0x30, 0xff, 0x3e,
	0x18, 0xff, 0xfc, 0x04, 0xd2, 0x5c, 0x01, 0x01, 0x00, 0x80, 0x8f, 0x5c, 0x01, 0xff, 0x3e, 0x18,
	0xff, 0x62, 0x01, 0xca, 0x7c, 0x30, 0x00, 0x84, 0xff, 0x3e, 0x18, 0xff, 0x5c, 0x01, 0xd4, 0x7c,
	0x30, 0x8e, 0x5c, 0x01, 0xff, 0x3e, 0x18, 0xff, 0x62, 0x01, 0xca, 0x7c, 0x30, 0x8e, 0x62, 0x01,
	0xff, 0x3e, 0x18, 0xff, 0x5c, 0x01, 0xc1, 0x5c, 0x01, 0x01, 0x00, 0x80, 0x8f, 0x5c, 0x01, 0xff,
	0x3e, 0x18, 0xff, 0x62, 0x01, 0xca, 0x7c, 0x30, 0x8e, 0x62, 0x01, 0xff, 0x3e, 0x18, 0xff, 0x5c,
	0x01, 0xc1, 0x5c, 0x01, 0x01, 0x00, 0x80, 0x8f, 0x5c, 0x01, 0xff, 0x3e, 0x18, 0xff, 0x6c, 0x01,
	0xd4, 0x7c, 0x30, 0x8c, 0x6c, 0x01, 0xff, 0x3e, 0x18, 0xff, 0x5c, 0x01, 0xc3, 0x5c, 0x01, 0x01,
	0x00, 0x80, 0x8f, 0x5c, 0x01, 0xff, 0x3e, 0x18, 0xff, 0x62, 0x01, 0xca, 0x7c, 0x30, 0x8e, 0x62,
	0x01, 0xff, 0x3e, 0x18, 0xff, 0x5c, 0x01, 0xc1, 0x5c, 0x01, 0x01, 0x00, 0x80, 0x8f, 0x5c, 0x01,
	0xff, 0x3e, 0x18, 0xff, 0x62, 0x01, 0xca, 0x7c, 0x30, 0x8e, 0x62, 0x01, 0xff, 0x3e, 0x18, 0xff,
	0x5c, 0x01, 0xc1, 0x5c, 0x01, 0x01, 0x00, 0x80, 0x8f, 0x5c, 0x01, 0xff, 0x3e, 0x18, 0xff, 0x62,
	0x01, 0xca, 0x7c, 0x30, 0x8e, 0x62, 0x01, 0xff, 0x3e, 0x18, 0xff, 0x62, 0x01, 0xca, 0x7c, 0x30,
	0x8c, 0x62, 0x01, 0xff, 0x3e, 0x18, 0xff, 0x3e, 0x18, 0xff, 0x3e, 0x18, 0xff, 0x01, 0x00, 0xfb,
	0x01, 0x00, 0x93, 0x3e, 0x18, 0xff, 0x3e, 0x18, 0xf0, 0x7c, 0x30, 0x8e, 0xa8, 0x0e, 0xff, 0x3e,
	0x18, 0xff, 0x5c, 0x01, 0xc1, 0x5c, 0x01, 0x01, 0x00, 0x80, 0x8f, 0x5c, 0x01, 0xff, 0x3e, 0x18,
	0xff, 0x62, 0x01, 0xca, 0x7c, 0x30, 0xff, 0x3e, 0x18, 0xff, 0xbe, 0x02, 0xd2, 0x5c, 0x01, 0x01,
	0x00, 0x80, 0x8f, 0x5c, 0x01, 0xff, 0x3e, 0x18, 0xff, 0x62, 0x01, 0xca, 0x7c, 0x30, 0xff, 0x3e,
	0x18, 0xff, 0xbe, 0x02, 0xd2, 0x5c, 0x01, 0x01, 0x00, 0x80, 0x8f, 0x5c, 0x01, 0xff, 0x3e, 0x18,
	0xff, 0x62, 0x01, 0xca, 0x7c, 0x30, 0xff, 0x3e, 0x18, 0xff, 0xbe, 0x02, 0xd2, 0x5c, 0x01, 0x01,
	0x00, 0x80, 0x8f, 0x5c, 0x01, 0xff, 0x3e, 0x18, 0xff, 0x6c, 0x01, 0xd4, 0x7c, 0x30, 0xff, 0x3e,
	0x18, 0xff, 0xc8, 0x02, 0xd2, 0x5c, 0x01, 0x01, 0x00, 0x80, 0x8f, 0x5c, 0x01, 0xff, 0x3e, 0x18,
	0xff, 0x62, 0x01, 0xca, 0x7c, 0x30, 0xff, 0x3e, 0x18, 0xff, 0xbe, 0x02, 0xd2, 0x5c, 0x01, 0x01,
	0x00, 0x80, 0x8f, 0x5c, 0x01, 0xff, 0x3e, 0x18, 0xff, 0x62, 0x01, 0xca, 0x7c, 0x30, 0xff, 0x3e,
	0x18, 0xff, 0xbe, 0x02, 0xd2, 0x5c, 0x01, 0x01, 0x00, 0x80, 0x8f, 0x5c, 0x01, 0xff, 0x3e, 0x18,
	0xff, 0x62, 0x01, 0xca, 0x7c, 0x30, 0xff, 0x3e, 0x18, 0xff, 0x3e, 0x18, 0xdb, 0x7c, 0x30, 0xff,
	0x3e, 0x18, 0xff, 0x3e, 0x18, 0xff, 0x3e, 0x18, 0xff, 0x01, 0x00, 0xff, 0x01, 0x00, 0x88, 0x01,
	0x00, 0x93, 0x3e, 0x18, 0xff, 0x3e, 0x18, 0xf0, 0x7c, 0x30, 0xff, 0x3e, 0x18, 0xff, 0xfc, 0x04,
	0xd2, 0x5c, 0x01, 0x01, 0x00, 0x80, 0x8f, 0x5c, 0x01, 0xff, 0x3e, 0x18, 0xff, 0x62, 0x01, 0xca,
	0x7c, 0x30, 0x00, 0x8c, 0xff, 0x3e, 0x18, 0xff, 0x5c, 0x01, 0xd4, 0x7c, 0x30, 0x8e, 0x5c, 0x01,
	0xff, 0x3e, 0x18, 0xff, 0x62, 0x01, 0xca, 0x7c, 0x30, 0x8e, 0x62, 0x01, 0xff, 0x3e, 0x18, 0xff,
	0x5c, 0x01, 0xc1, 0x5c, 0x01, 0x01, 0x00, 0x80, 0x8f, 0x5c, 0x01, 0xff, 0x3e, 0x18, 0xff, 0x62,
	0x01, 0xca, 0x7c, 0x30, 0x8e, 0x62, 0x01, 0xff, 0x3e, 0x18, 0xff, 0x5c, 0x01, 0xc1, 0x5c, 0x01,
	0x01, 0x00, 0x80, 0x8f, 0x5c, 0x01, 0xff, 0x3e, 0x18, 0xff, 0x6c, 0x01, 0xd4, 0x7c, 0x30, 0x8c,
	0x6c, 0x01, 0xff, 0x3e, 0x18, 0xff, 0x5c, 0x01, 0xc3, 0x5c, 0x01, 0x01, 0x00, 0x80, 0x8f, 0x5c,
	0x01, 0xff, 0x3e, 0x18, 0xff, 0x62, 0x01, 0xca, 0x7c, 0x30, 0x8e, 0x62, 0x01, 0xff, 0x3e, 0x18,
	0xff, 0x5c, 0x01, 0xc1, 0x5c, 0x01, 0x01, 0x00, 0x80, 0x8f, 0x5c, 0x01, 0xff, 0x3e, 0x18, 0xff,
	0x62, 0x01, 0xca, 0x7c, 0x30, 0x8e, 0x62, 0x01, 0xff, 0x3e, 0x18, 0xff, 0x5c, 0x01, 0xc1, 0x5c,
	0x01, 0x01, 0x00, 0x80, 0x8f, 0x5c, 0x01, 0xff, 0x3e, 0x18, 0xff, 0x62, 0x01, 0xca, 0x7c, 0x30,
	0x8e, 0x62, 0x01, 0xff, 0x3e, 0x18, 0xff, 0x62, 0x01, 0xca, 0x7c, 0x30, 0x8c, 0x62, 0x01, 0xff,
	0x3e, 0x18, 0xff, 0x3e, 0x18, 0xff, 0x3e, 0x18, 0xff, 0x01, 0x00, 0xfb, 0x01, 0x00, 0x93, 0x3e,
	0x18, 0xff, 0x3e, 0x18, 0xf0, 0x7c, 0x30, 0x8e, 0xa8, 0x0e, 0xff, 0x3e, 0x18, 0xff, 0x5c, 0x01,
	0xc1, 0x5c, 0x01, 0x01, 0x00, 0x80, 0x8f, 0x5c, 0x01, 0xff, 0x3e, 0x18, 0xff, 0x62, 0x01, 0xca,
	0x7c, 0x30, 0xff, 0x3e, 0x18, 0xff, 0xbe, 0x02, 0xd2, 0x5c, 0x01, 0x01, 0x00, 0x80, 0x8f, 0x5c,
	0x01, 0xff, 0x3e, 0x18, 0xff, 0x62, 0x01, 0xca, 0x7c, 0x30, 0xff, 0x3e, 0x18, 0xff, 0xbe, 0x02,
	0xd2, 0x5c, 0x01, 0x01, 0x00, 0x80, 0x8f, 0x5c, 0x01, 0xff, 0x3e, 0x18, 0xff, 0x62, 0x01, 0xca,
	0x7c, 0x30, 0xff, 0x3e, 0x18, 0xff, 0xbe, 0x02, 0xd2, 0x5c, 0x01, 0x01, 0x00, 0x80, 0x8f, 0x5c,
	0x01, 0xff, 0x3e, 0x18, 0xff, 0x6c, 0x01, 0xd4, 0x7c, 0x30, 0xff, 0x3e, 0x18, 0xff, 0xc8, 0x02,
	0xd2, 0x5c, 0x01, 0x01, 0x00, 0x80, 0x8f, 0x5c, 0x01, 0xff, 0x3e, 0x18, 0xff, 0x62, 0x01, 0xca,
	0x7c, 0x30, 0xff, 0x3e, 0x18, 0xff, 0xbe, 0x02, 0xd2, 0x5c, 0x01, 0x01, 0x00, 0x80, 0x8f, 0x5c,
	0x01, 0xff, 0x3e, 0x18, 0xff, 0x62, 0x01, 0xca, 0x7c, 0x30, 0xff, 0x3e, 0x18, 0xff, 0xbe, 0x02,
	0xd2, 0x5c, 0x01, 0x01, 0x00, 0x80, 0x8f, 0x5c, 0x01, 0xff, 0x3e, 0x18, 0xff, 0x62, 0x01, 0xca,
	0x7c, 0x30, 0xff, 0x3e, 0x18, 0xff, 0x3e, 0x18, 0xdb, 0x7c, 0x30, 0xff, 0x3e, 0x18, 0xff, 0x3e,
	0x18, 0xff, 0x3e, 0x18, 0xff, 0x01, 0x00, 0xff, 0x01, 0x00, 0x88, 0x01, 0x00, 0x93, 0x3e, 0x18,
	0xff, 0x3e, 0x18, 0xf0, 0x7c, 0x30, 0xff, 0x3e, 0x18, 0xff, 0xfc, 0x04, 0xd2, 0x5c, 0x01, 0x01,
	0x00, 0x80, 0x8f, 0x5c, 0x01, 0xff, 0x3e, 0x18, 0xff, 0x62, 0x01, 0xca, 0x7c, 0x30, 0x00, 0x85,
	0xff, 0x3e, 0x18, 0xff, 0x5c, 0x01, 0xd4, 0x7c, 0x30, 0x8e, 0x5c, 0x01, 0xff, 0x3e, 0x18, 0xff,
	0x62, 0x01, 0xca, 0x7c, 0x30, 0x8e, 0x62, 0x01, 0xff, 0x3e, 0x18, 0xff, 0x5c, 0x01, 0xc1, 0x5c,
	0x01, 0x01, 0x00, 0x80, 0x8f, 0x5c, 0x01, 0xff, 0x3e, 0x18, 0xff, 0x62, 0x01, 0xca, 0x7c, 0x30,
	0x8e, 0x62, 0x01, 0xff, 0x3e, 0x18, 0xff, 0x5c, 0x01, 0xc1, 0x5c, 0x01, 0x01, 0x00, 0x80, 0x8f,
	0x5c, 0x01, 0xff, 0x3e, 0x18, 0xff, 0x6c, 0x01, 0xd4, 0x7c, 0x30, 0x8c, 0x6c, 0x01, 0xff, 0x3e,
	0x18, 0xff, 0x5c, 0x01, 0xc3, 0x5c, 0x01, 0x01, 0x00, 0x80, 0x8f, 0x5c, 0x01, 0xff, 0x3e, 0x18,
	0xff, 0x62, 0x01, 0xca, 0x7c, 0x30, 0x8e, 0x62, 0x01, 0xff, 0x3e, 0x18, 0xff, 0x5c, 0x01, 0xc1,
	0x5c, 0x01, 0x01, 0x00, 0x80, 0x8f, 0x5c, 0x01, 0xff, 0x3e, 0x18, 0xff, 0x62, 0x01, 0xca, 0x7c,
	0x30, 0x8e, 0x62, 0x01, 0xff, 0x3e, 0x18, 0xff, 0x5c, 0x01, 0xc1, 0x5c, 0x01, 0x01, 0x00, 0x80,
	0x8f, 0x5c, 0x01, 0xff, 0x3e, 0x18, 0xff, 0x62, 0x01, 0xca, 0x7c, 0x30, 0x8e, 0x62, 0x01, 0xff,
	0x3e, 0x18, 0xff, 0x62, 0x01, 0xca, 0x7c, 0x30, 0x8c, 0x62, 0x01, 0xff, 0x3e, 0x18, 0xff, 0x3e,
	0x18, 0xff, 0x3e, 0x18, 0xff, 0x01, 0x00, 0xfb, 0x01, 0x00, 0x93, 0x3e, 0x18, 0xff, 0x3e, 0x18,
	0xf0, 0x7c, 0x30, 0x8e, 0xa8, 0x0e, 0xff, 0x3e, 0x18, 0xff, 0x5c, 0x01, 0xc1, 0x5c, 0x01, 0x01,
	0x00, 0x80, 0x8f, 0x5c, 0x01, 0xff, 0x3e, 0x18, 0xff, 0x62, 0x01, 0xca, 0x7c, 0x30, 0xff, 0x3e,
	0x18, 0xff, 0xbe, 0x02, 0xd2, 0x5c, 0x01, 0x01, 0x00, 0x80, 0x8f, 0x5c, 0x01, 0xff, 0x3e, 0x18,
	0xff, 0x62, 0x01, 0xca, 0x7c, 0x30, 0xff, 0x3e, 0x18, 0xff, 0xbe, 0x02, 0xd2, 0x5c, 0x01, 0x01,
	0x00, 0x80, 0x8f, 0x5c, 0x01, 0xff, 0x3e, 0x18, 0xff, 0x62, 0x01, 0xca, 0x7c, 0x30, 0xff, 0x3e,
	0x18, 0xff, 0xbe, 0x02, 0xd2, 0x5c, 0x01, 0x01, 0x00, 0x80, 0x8f, 0x5c, 0x01, 0xff, 0x3e, 0x18,
	0xff, 0x6c, 0x01, 0xd4, 0x7c, 0x30, 0xff, 0x3e, 0x18, 0xff, 0xc8, 0x02, 0xd2, 0x5c, 0x01, 0x01,
	0x00, 0x80, 0x8f, 0x5c, 0x01, 0xff, 0x3e, 0x18, 0xff, 0x62, 0x01, 0xca, 0x7c, 0x30, 0xff, 0x3e,
	0x18, 0xff, 0xbe, 0x02, 0xd2, 0x5c, 0x01, 0x01, 0x00, 0x80, 0x8f, 0x5c, 0x01, 0xff, 0x3e, 0x18,
	0xff, 0x62, 0x01, 0xca, 0x7c, 0x30, 0xff, 0x3e, 0x18, 0xff, 0xbe, 0x02, 0xd2, 0x5c, 0x01, 0x01,
	0x00, 0x80, 0x8f, 0x5c, 0x01, 0xff, 0x3e, 0x18, 0xff, 0x62, 0x01, 0xca, 0x7c, 0x30, 0xff, 0x3e,
	0x18, 0xff, 0x3e, 0x18, 0xdb, 0x7c, 0x30, 0xff, 0x3e, 0x18, 0xff, 0x3e, 0x18, 0xff, 0x3e, 0x18,
	0xff, 0x01, 0x00, 0xff, 0x01, 0x00, 0x88, 0x01, 0x00, 0x93, 0x3e, 0x18, 0xff, 0x3e, 0x18, 0xf0,
	0x7c, 0x30, 0xff, 0x3e, 0x18, 0xff, 0xfc, 0x04, 0xd2, 0x5c, 0x01, 0x01, 0x00, 0x80, 0x8f, 0x5c,
	0x01, 0xff, 0x3e, 0x18, 0xff, 0x62, 0x01, 0xca, 0x7c, 0x30, 0x00, 0x8d, 0xff, 0x3e, 0x18, 0xff,
	0x5c, 0x01, 0xd4, 0x7c, 0x30, 0x8e, 0x5c, 0x01, 0xff, 0x3e, 0x18, 0xff, 0x62, 0x01, 0xca, 0x7c,
	0x30, 0x8e, 0x62, 0x01, 0xff, 0x3e, 0x18, 0xff, 0x5c, 0x01, 0xc1, 0x5c, 0x01, 0x01, 0x00, 0x80,
	0x8f, 0x5c, 0x01, 0xff, 0x3e, 0x18, 0xff, 0x62, 0x01, 0xca, 0x7c, 0x30, 0x8e, 0x62, 0x01, 0xff,
	0x3e, 0x18, 0xff, 0x5c, 0x01, 0xc1, 0x5c, 0x01, 0x01, 0x00, 0x80, 0x8f, 0x5c, 0x01, 0xff, 0x3e,
	0x18, 0xff, 0x6c, 0x01, 0xd4, 0x7c, 0x30, 0x8c, 0x6c, 0x01, 0xff, 0x3e, 0x18, 0xff, 0x5c, 0x01,
	0xc3, 0x5c, 0x01, 0x01, 0x00, 0x80, 0x8f, 0x5c, 0x01, 0xff, 0x3e, 0x18, 0xff, 0x62, 0x01, 0xca,
	0x7c, 0x30, 0x8e, 0x62, 0x01, 0xff, 0x3e, 0x18, 0xff, 0x5c, 0x01, 0xc1, 0x5c, 0x01, 0x01, 0x00,
	0x80, 0x8f, 0x5c, 0x01, 0xff, 0x3e, 0x18, 0xff, 0x62, 0x01, 0xca, 0x7c, 0x30, 0x8e, 0x62, 0x01,
	0xff, 0x3e, 0x18, 0xff, 0x5c, 0x01, 0xc1, 0x5c, 0x01, 0x01, 0x00, 0x80, 0x8f, 0x5c, 0x01, 0xff,
	0x3e, 0x18, 0xff, 0x62, 0x01, 0xca, 0x7c, 0x30, 0x8e, 0x62, 0x01, 0xff, 0x3e, 0x18, 0xff, 0x62,
	0x01, 0xca, 0x7c, 0x30, 0x8c, 0x62, 0x01, 0xff, 0x3e, 0x18, 0xff, 0x3e, 0x18, 0xff, 0x3e, 0x18,
	0xff, 0x01, 0x00, 0xfb, 0x01, 0x00, 0x93, 0x3e, 0x18, 0xff, 0x3e, 0x18, 0xf0, 0x7c, 0x30, 0x8e,
	0xa8, 0x0e, 0xff, 0x3e, 0x18, 0xff, 0x5c, 0x01, 0xc1, 0x5c, 0x01, 0x01, 0x00, 0x80, 0x8f, 0x5c,
	0x01, 0xff, 0x3e, 0x18, 0xff, 0x62, 0x01, 0xca, 0x7c, 0x30, 0xff, 0x3e, 0x18, 0xff, 0xbe, 0x02,
	0xd2, 0x5c, 0x01, 0x01, 0x00, 0x80, 0x8f, 0x5c, 0x01, 0xff, 0x3e, 0x18, 0xff, 0x62, 0x01, 0xca,
	0x7c, 0x30, 0xff, 0x3e, 0x18, 0xff, 0xbe, 0x02, 0xd2, 0x5c, 0x01, 0x01, 0x00, 0x80, 0x8f, 0x5c,
	0x01, 0xff, 0x3e, 0x18, 0xff, 0x62, 0x01, 0xca, 0x7c, 0x30, 0xff, 0x3e, 0x18, 0xff, 0xbe, 0x02,
	0xd2, 0x5c, 0x01, 0x01, 0x00, 0x80, 0x8f, 0x5c, 0x01, 0xff, 0x3e, 0x18, 0xff, 0x6c, 0x01, 0xd4,
	0x7c, 0x30, 0xff, 0x3e, 0x18, 0xff, 0xc8, 0x02, 0xd2, 0x5c, 0x01, 0x01, 0x00, 0x80, 0x8f, 0x5c,
	0x01, 0xff, 0x3e, 0x18, 0xff, 0x62, 0x01, 0xca, 0x7c, 0x30, 0xff, 0x3e, 0x18, 0xff, 0xbe, 0x02,
	0xd2, 0x5c, 0x01, 0x01, 0x00, 0x80, 0x8f, 0x5c, 0x01, 0xff, 0x3e, 0x18, 0xff, 0x62, 0x01, 0xca,
	0x7c, 0x30, 0xff, 0x3e, 0x18, 0xff, 0xbe, 0x02, 0xd2, 0x5c, 0x01, 0x01, 0x00, 0x80, 0x8f, 0x5c,
	0x01, 0xff, 0x3e, 0x18, 0xff, 0x62, 0x01, 0xca, 0x7c, 0x30, 0xff, 0x3e, 0x18, 0xff, 0x3e, 0x18,
	0xdb, 0x7c, 0x30, 0xff, 0x3e, 0x18, 0xff, 0x3e, 0x18, 0xff, 0x3e, 0x18, 0xff, 0x01, 0x00, 0xff,
	0x01, 0x00, 0x88, 0x01, 0x00, 0x93, 0x3e, 0x18, 0xff, 0x3e, 0x18, 0xf0, 0x7c, 0x30, 0xff, 0x3e,
	0x18, 0xff, 0xfc, 0x04, 0xd2, 0x5c, 0x01, 0x01, 0x00, 0x80, 0x8f, 0x5c, 0x01, 0xff, 0x3e, 0x18,
	0xff, 0x62, 0x01, 0xca, 0x7c, 0x30, 0x00, 0x86, 0xff, 0x3e, 0x18, 0xff, 0x5c, 0x01, 0xd4, 0x7c,
	0x30, 0x8e, 0x5c, 0x01, 0xff, 0x3e, 0x18, 0xff, 0x62, 0x01, 0xca, 0x7c, 0x30, 0x8e, 0x62, 0x01,
	0xff, 0x3e, 0x18, 0xff, 0x5c, 0x01, 0xc1, 0x5c, 0x01, 0x01, 0x00, 0x80, 0x8f, 0x5c, 0x01, 0xff,
	0x3e, 0x18, 0xff, 0x62, 0x01, 0xca, 0x7c, 0x30, 0x8e, 0x62, 0x01, 0xff, 0x3e, 0x18, 0xff, 0x5c,
	0x01, 0xc1, 0x5c, 0x01, 0x01, 0x00, 0x80, 0x8f, 0x5c, 0x01, 0xff, 0x3e, 0x18, 0xff, 0x6c, 0x01,
	0xd4, 0x7c, 0x30, 0x8c, 0x6c, 0x01, 0xff, 0x3e, 0x18, 0xff, 0x5c, 0x01, 0xc3, 0x5c, 0x01, 0x01,
	0x00, 0x80, 0x8f, 0x5c, 0x01, 0xff, 0x3e, 0x18, 0xff, 0x62, 0x01, 0xca, 0x7c, 0x30, 0x8e, 0x62,
	0x01, 0xff, 0x3e, 0x18, 0xff, 0x5c, 0x01, 0xc1, 0x5c, 0x01, 0x01, 0x00, 0x80, 0x8f, 0x5c, 0x01,
	0xff, 0x3e, 0x18, 0xff, 0x62, 0x01, 0xca, 0x7c, 0x30, 0x8e, 0x62, 0x01, 0xff, 0x3e, 0x18, 0xff,
	0x5c, 0x01, 0xc1, 0x5c, 0x01, 0x01, 0x00, 0x80, 0x8f, 0x5c, 0x01, 0xff, 0x3e, 0x18, 0xff, 0x62,
	0x01, 0xca, 0x7c, 0x30, 0x8e, 0x62, 0x01, 0xff, 0x3e, 0x18, 0xff, 0x62, 0x01, 0xca, 0x7c, 0x30,
	0x8c, 0x62, 0x01, 0xff, 0x3e, 0x18, 0xff, 0x3e, 0x18, 0xff, 0x3e, 0x18, 0xff, 0x01, 0x00, 0xfb,
	0x01, 0x00, 0x93, 0x3e, 0x18, 0xff, 0x3e, 0x18, 0xf0, 0x7c, 0x30, 0x8e, 0xa8, 0x0e, 0xff, 0x3e,
	0x18, 0xff, 0x5c, 0x01, 0xc1, 0x5c, 0x01, 0x01, 0x00, 0x80, 0x8f, 0x5c, 0x01, 0xff, 0x3e, 0x18,
	0xff, 0x62, 0x01, 0xca, 0x7c, 0x30, 0xff, 0x3e, 0x18, 0xff, 0xbe, 0x02, 0xd2, 0x5c, 0x01, 0x01,
	0x00, 0x80, 0x8f, 0x5c, 0x01, 0xff, 0x3e, 0x18, 0xff, 0x62, 0x01, 0xca, 0x7c, 0x30, 0xff, 0x3e,
	0x18, 0xff, 0xbe, 0x02, 0xd2, 0x5c, 0x01, 0x01, 0x00, 0x80, 0x8f, 0x5c, 0x01, 0xff, 0x3e, 0x18,
	0xff, 0x62, 0x01, 0xca, 0x7c, 0x30, 0xff, 0x3e, 0x18, 0xff, 0xbe, 0x02, 0xd2, 0x5c, 0x01, 0x01,
	0x00, 0x80, 0x8f, 0x5c, 0x01, 0xff, 0x3e, 0x18, 0xff, 0x6c, 0x01, 0xd4, 0x7c, 0x30, 0xff, 0x3e,
	0x18, 0xff, 0xc8, 0x02, 0xd2, 0x5c, 0x01, 0x01, 0x00, 0x80, 0x8f, 0x5c, 0x01, 0xff, 0x3e, 0x18,
	0xff, 0x62, 0x01, 0xca, 0x7c, 0x30, 0xff, 0x3e, 0x18, 0xff, 0xbe, 0x02, 0xd2, 0x5c, 0x01, 0x01,
	0x00, 0x80, 0x8f, 0x5c, 0x01, 0xff, 0x3e, 0x18, 0xff, 0x62, 0x01, 0xca, 0x7c, 0x30, 0xff, 0x3e,
	0x18, 0xff, 0xbe, 0x02, 0xd2, 0x5c, 0x01, 0x01, 0x00, 0x80, 0x8f, 0x5c, 0x01, 0xff, 0x3e, 0x18,
	0xff, 0x62, 0x01, 0xca, 0x7c, 0x30, 0xff, 0x3e, 0x18, 0xff, 0x3e, 0x18, 0xdb, 0x7c, 0x30, 0xff,
	0x3e, 0x18, 0xff, 0x3e, 0x18, 0xff, 0x3e, 0x18, 0xff, 0x01, 0x00, 0xff, 0x01, 0x00, 0x88, 0x01,
	0x00, 0x93, 0x3e, 0x18, 0xff, 0x3e, 0x18, 0xf0, 0x7c, 0x30, 0xff, 0x3e, 0x18, 0xff, 0xfc, 0x04,
	0xd2, 0x5c, 0x01, 0x01, 0x00, 0x80, 0x8f, 0x5c, 0x01, 0xff, 0x3e, 0x18, 0xff, 0x62, 0x01, 0xca,
	0x7c, 0x30, 0x00, 0x8e, 0xff, 0x3e, 0x18, 0xff, 0x5c, 0x01, 0xd4, 0x7c, 0x30, 0x8e, 0x5c, 0x01,
	0xff, 0x3e, 0x18, 0xff, 0x62, 0x01, 0xca, 0x7c, 0x30, 0x8e, 0x62, 0x01, 0xff, 0x3e, 0x18, 0xff,
	0x5c, 0x01, 0xc1, 0x5c, 0x01, 0x01, 0x00, 0x80, 0x8f, 0x5c, 0x01, 0xff, 0x3e, 0x18, 0xff, 0x62,
	0x01, 0xca, 0x7c, 0x30, 0x8e, 0x62, 0x01, 0xff, 0x3e, 0x18, 0xff, 0x5c, 0x01, 0xc1, 0x5c, 0x01,
	0x01, 0x00, 0x80, 0x8f, 0x5c, 0x01, 0xff, 0x3e, 0x18, 0xff, 0x6c, 0x01, 0xd4, 0x7c, 0x30, 0x8c,
	0x6c, 0x01, 0xff, 0x3e, 0x18, 0xff, 0x5c, 0x01, 0xc3, 0x5c, 0x01, 0x01, 0x00, 0x80, 0x8f, 0x5c,
	0x01, 0xff, 0x3e, 0x18, 0xff, 0x62, 0x01, 0xca, 0x7c, 0x30, 0x8e, 0x62, 0x01, 0xff, 0x3e, 0x18,
	0xff, 0x5c, 0x01, 0xc1, 0x5c, 0x01, 0x01, 0x00, 0x80, 0x8f, 0x5c, 0x01, 0xff, 0x3e, 0x18, 0xff,
	0x62, 0x01, 0xca, 0x7c, 0x30, 0x8e, 0x62, 0x01, 0xff, 0x3e, 0x18, 0xff, 0x5c, 0x01, 0xc1, 0x5c,
	0x01, 0x01, 0x00, 0x80, 0x8f, 0x5c, 0x01, 0xff, 0x3e, 0x18, 0xff, 0x62, 0x01, 0xca, 0x7c, 0x30,
	0x8e, 0x62, 0x01, 0xff, 0x3e, 0x18, 0xff, 0x62, 0x01, 0xca, 0x7c, 0x30, 0x8c, 0x62, 0x01, 0xff,
	0x3e, 0x18, 0xff, 0x3e, 0x18, 0xff, 0x3e, 0x18, 0xff, 0x01, 0x00, 0xfb, 0x01, 0x00, 0x93, 0x3e,
	0x18, 0xff, 0x3e, 0x18, 0xf0, 0x7c, 0x30, 0x8e, 0xa8, 0x0e, 0xff, 0x3e, 0x18, 0xff, 0x5c, 0x01,
	0xc1, 0x5c, 0x01, 0x01, 0x00, 0x80, 0x8f, 0x5c, 0x01, 0xff, 0x3e, 0x18, 0xff, 0x62, 0x01, 0xca,
	0x7c, 0x30, 0xff, 0x3e, 0x18, 0xff, 0xbe, 0x02, 0xd2, 0x5c, 0x01, 0x01, 0x00, 0x80, 0x8f, 0x5c,
	0x01, 0xff, 0x3e, 0x18, 0xff, 0x62, 0x01, 0xca, 0x7c, 0x30, 0xff, 0x3e, 0x18, 0xff, 0xbe, 0x02,
	0xd2, 0x5c, 0x01, 0x01, 0x00, 0x80, 0x8f, 0x5c, 0x01, 0xff, 0x3e, 0x18, 0xff, 0x62, 0x01, 0xca,
	0x7c, 0x30, 0xff, 0x3e, 0x18, 0xff, 0xbe, 0x02, 0xd2, 0x5c, 0x01, 0x01, 0x00, 0x80, 0x8f, 0x5c,
	0x01, 0xff, 0x3e, 0x18, 0xff, 0x6c, 0x01, 0xd4, 0x7c, 0x30, 0xff, 0x3e, 0x18, 0xff, 0xc8, 0x02,
	0xd2, 0x5c, 0x01, 0x01, 0x00, 0x80, 0x8f, 0x5c, 0x01, 0xff, 0x3e, 0x18, 0xff, 0x62, 0x01, 0xca,
	0x7c, 0x30, 0xff, 0x3e, 0x18, 0xff, 0xbe, 0x02, 0xd2, 0x5c, 0x01, 0x01, 0x00, 0x80, 0x8f, 0x5c,
	0x01, 0xff, 0x3e, 0x18, 0xff, 0x62, 0x01, 0xca, 0x7c, 0x30, 0xff, 0x3e, 0x18, 0xff, 0xbe, 0x02,
	0xd2, 0x5c, 0x01, 0x01, 0x00, 0x80, 0x8f, 0x5c, 0x01, 0xff, 0x3e, 0x18, 0xff, 0x62, 0x01, 0xca,
	0x7c, 0x30, 0xff, 0x3e, 0x18, 0xff, 0x3e, 0x18, 0xdb, 0x7c, 0x30, 0xff, 0x3e, 0x18, 0xff, 0x3e,
	0x18, 0xff, 0x3e, 0x18, 0xff, 0x01, 0x00, 0xff, 0x01, 0x00, 0x88, 0x01, 0x00, 0x93, 0x3e, 0x18,
	0xff, 0x3e, 0x18, 0xf0, 0x7c, 0x30, 0xff, 0x3e, 0x18, 0xff, 0xfc, 0x04, 0xd2, 0x5c, 0x01, 0x01,
	0x00, 0x80, 0x8f, 0x5c, 0x01, 0xff, 0x3e, 0x18, 0xff, 0x62, 0x01, 0xca, 0x7c, 0x30, 0x00, 0x87,
	0xff, 0x3e, 0x18, 0xff, 0x5c, 0x01, 0xd4, 0x7c, 0x30, 0x8e, 0x5c, 0x01, 0xff, 0x3e, 0x18, 0xff,
	0x62, 0x01, 0xca, 0x7c, 0x30, 0x8e, 0x62, 0x01, 0xff, 0x3e, 0x18, 0xff, 0x5c, 0x01, 0xc1, 0x5c,
	0x01, 0x01, 0x00, 0x80, 0x8f, 0x5c, 0x01, 0xff, 0x3e, 0x18, 0xff, 0x62, 0x01, 0xca, 0x7c, 0x30,
	0x8e, 0x62, 0x01, 0xff, 0x3e, 0x18, 0xff, 0x5c, 0x01, 0xc1, 0x5c, 0x01, 0x01, 0x00, 0x80, 0x8f,
	0x5c, 0x01, 0xff, 0x3e, 0x18, 0xff, 0x6c, 0x01, 0xd4, 0x7c, 0x30, 0x8c, 0x6c, 0x01, 0xff, 0x3e,
	0x18, 0xff, 0x5c, 0x01, 0xc3, 0x5c, 0x01, 0x01, 0x00, 0x80, 0x8f, 0x5c, 0x01, 0xff, 0x3e, 0x18,
	0xff, 0x62, 0x01, 0xca, 0x7c, 0x30, 0x8e, 0x62, 0x01, 0xff, 0x3e, 0x18, 0xff, 0x5c, 0x01, 0xc1,
	0x5c, 0x01, 0x01, 0x00, 0x80, 0x8f, 0x5c, 0x01, 0xff, 0x3e, 0x18, 0xff, 0x62, 0x01, 0xca, 0x7c,
	0x30, 0x8e, 0x62, 0x01, 0xff, 0x3e, 0x18, 0xff, 0x5c, 0x01, 0xc1, 0x5c, 0x01, 0x01, 0x00, 0x80,
	0x8f, 0x5c, 0x01, 0xff, 0x3e, 0x18, 0xff, 0x62, 0x01, 0xca, 0x7c, 0x30, 0x8e, 0x62, 0x01, 0xff,
	0x3e, 0x18, 0xff, 0x62, 0x01, 0xca, 0x7c, 0x30, 0x8c, 0x62, 0x01, 0xff, 0x3e, 0x18, 0xff, 0x3e,
	0x18, 0xff, 0x3e, 0x18, 0xff, 0x01, 0x00, 0xfb, 0x01, 0x00, 0x93, 0x3e, 0x18, 0xff, 0x3e, 0x18,
	0xf0, 0x7c, 0x30, 0x8e, 0xa8, 0x0e, 0xff, 0x3e, 0x18, 0xff, 0x5c, 0x01, 0xc1, 0x5c, 0x01, 0x01,
	0x00, 0x80, 0x8f, 0x5c, 0x01, 0xff, 0x3e, 0x18, 0xff, 0x62, 0x01, 0xca, 0x7c, 0x30, 0xff, 0x3e,
	0x18, 0xff, 0xbe, 0x02, 0xd2, 0x5c, 0x01, 0x01, 0x00, 0x80, 0x8f, 0x5c, 0x01, 0xff, 0x3e, 0x18,
	0xff, 0x62, 0x01, 0xca, 0x7c, 0x30, 0xff, 0x3e, 0x18, 0xff, 0xbe, 0x02, 0xd2, 0x5c, 0x01, 0x01,
	0x00, 0x80, 0x8f, 0x5c, 0x01, 0xff, 0x3e, 0x18, 0xff, 0x62, 0x01, 0xca, 0x7c, 0x30, 0xff, 0x3e,
	0x18, 0xff, 0xbe, 0x02, 0xd2, 0x5c, 0x01, 0x01, 0x00, 0x80, 0x8f, 0x5c, 0x01, 0xff, 0x3e, 0x18,
	0xff, 0x6c, 0x01, 0xd4, 0x7c, 0x30, 0xff, 0x3e, 0x18, 0xff, 0xc8, 0x02, 0xd2, 0x5c, 0x01, 0x01,
	0x00, 0x80, 0x8f, 0x5c, 0x01, 0xff, 0x3e, 0x18, 0xff, 0x62, 0x01, 0xca, 0x7c, 0x30, 0xff, 0x3e,
	0x18, 0xff, 0xbe, 0x02, 0xd2, 0x5c, 0x01, 0x01, 0x00, 0x80, 0x8f, 0x5c, 0x01, 0xff, 0x3e, 0x18,
	0xff, 0x62, 0x01, 0xca, 0x7c, 0x30, 0xff, 0x3e, 0x18, 0xff, 0xbe, 0x02, 0xd2, 0x5c, 0x01, 0x01,
	0x00, 0x80, 0x8f, 0x5c, 0x01, 0xff, 0x3e, 0x18, 0xff, 0x62, 0x01, 0xca, 0x7c, 0x30, 0xff, 0x3e,
	0x18, 0xff, 0x3e, 0x18, 0xdb, 0x7c, 0x30, 0xff, 0x3e, 0x18, 0xff, 0x3e, 0x18, 0xff, 0x3e, 0x18,
	0xff, 0x01, 0x00, 0xff, 0x01, 0x00, 0x88, 0x01, 0x00, 0x93, 0x3e, 0x18, 0xff, 0x3e, 0x18, 0xf0,
	0x7c, 0x30, 0xff, 0x3e, 0x18, 0xff, 0xfc, 0x04, 0xd2, 0x5c, 0x01, 0x01, 0x00, 0x80, 0x8f, 0x5c,
	0x01, 0xff, 0x3e, 0x18, 0xff, 0x62, 0x01, 0xca, 0x7c, 0x30, 0x00, 0x8f, 0xff, 0x3e, 0x18, 0xff,
	0x5c, 0x01, 0xd4, 0x7c, 0x30, 0x8e, 0x5c, 0x01, 0xff, 0x3e, 0x18, 0xff, 0x62, 0x01, 0xca, 0x7c,
	0x30, 0x8e, 0x62, 0x01, 0xff, 0x3e, 0x18, 0xff, 0x5c, 0x01, 0xc1, 0x5c, 0x01, 0x01, 0x00, 0x80,
	0x8f, 0x5c, 0x01, 0xff, 0x3e, 0x18, 0xff, 0x62, 0x01, 0xca, 0x7c, 0x30, 0x8e, 0x62, 0x01, 0xff,
	0x3e, 0x18, 0xff, 0x5c, 0x01, 0xc1, 0x5c, 0x01, 0x01, 0x00, 0x80, 0x8f, 0x5c, 0x01, 0xff, 0x3e,
	0x18, 0xff, 0x6c, 0x01, 0xd4, 0x7c, 0x30, 0x8c, 0x6c, 0x01, 0xff, 0x3e, 0x18, 0xff, 0x5c, 0x01,
	0xc3, 0x5c, 0x01, 0x01, 0x00, 0x80, 0x8f, 0x5c, 0x01, 0xff, 0x3e, 0x18, 0xff, 0x62, 0x01, 0xca,
	0x7c, 0x30, 0x8e, 0x62, 0x01, 0xff, 0x3e, 0x18, 0xff, 0x5c, 0x01, 0xc1, 0x5c, 0x01, 0x01, 0x00,
	0x80, 0x8f, 0x5c, 0x01, 0xff, 0x3e, 0x18, 0xff, 0x62, 0x01, 0xca, 0x7c, 0x30, 0x8e, 0x62, 0x01,
	0xff, 0x3e, 0x18, 0xff, 0x5c, 0x01, 0xc1, 0x5c, 0x01, 0x01, 0x00, 0x80, 0x8f, 0x5c, 0x01, 0xff,
	0x3e, 0x18, 0xff, 0x62, 0x01, 0xca, 0x7c, 0x30, 0x8e, 0x62, 0x01, 0xff, 0x3e, 0x18, 0xff, 0x62,
	0x01, 0xca, 0x7c, 0x30, 0x8c, 0x62, 0x01, 0xff, 0x3e, 0x18, 0xff, 0x3e, 0x18, 0xff, 0x3e, 0x18,
	0xff, 0x01, 0x00, 0xfb, 0x01, 0x00, 0x93, 0x3e, 0x18, 0xff, 0x3e, 0x18, 0xf0, 0x7c, 0x30, 0x8e,
	0xa8, 0x0e, 0xff, 0x3e, 0x18, 0xff, 0x5c, 0x01, 0xc1, 0x5c, 0x01, 0x01, 0x00, 0x80, 0x8f, 0x5c,
	0x01, 0xff, 0x3e, 0x18, 0xff, 0x62, 0x01, 0xca, 0x7c, 0x30, 0xff, 0x3e, 0x18, 0xff, 0xbe, 0x02,
	0xd2, 0x5c, 0x01, 0x01, 0x00, 0x80, 0x8f, 0x5c, 0x01, 0xff, 0x3e, 0x18, 0xff, 0x62, 0x01, 0xca,
	0x7c, 0x30, 0xff, 0x3e, 0x18, 0xff, 0xbe, 0x02, 0xd2, 0x5c, 0x01, 0x01, 0x00, 0x80, 0x8f, 0x5c,
	0x01, 0xff, 0x3e, 0x18, 0xff, 0x62, 0x01, 0xca, 0x7c, 0x30, 0xff, 0x3e, 0x18, 0xff, 0xbe, 0x02,
	0xd2, 0x5c, 0x01, 0x01, 0x00, 0x80, 0x8f, 0x5c, 0x01, 0xff, 0x3e, 0x18, 0xff, 0x6c, 0x01, 0xd4,
	0x7c, 0x30, 0xff, 0x3e, 0x18, 0xff, 0xc8, 0x02, 0xd2, 0x5c, 0x01, 0x01, 0x00, 0x80, 0x8f, 0x5c,
	0x01, 0xff, 0x3e, 0x18, 0xff, 0x62, 0x01, 0xca, 0x7c, 0x30, 0xff, 0x3e, 0x18, 0xff, 0xbe, 0x02,
	0xd2, 0x5c, 0x01, 0x01, 0x00, 0x80, 0x8f, 0x5c, 0x01, 0xff, 0x3e, 0x18, 0xff, 0x62, 0x01, 0xca,
	0x7c, 0x30, 0xff, 0x3e, 0x18, 0xff, 0xbe, 0x02, 0xd2, 0x5c, 0x01, 0x01, 0x00, 0x80, 0x8f, 0x5c,
	0x01, 0xff, 0x3e, 0x18, 0xff, 0x62, 0x01, 0xca, 0x7c, 0x30, 0xff, 0x3e, 0x18, 0xff, 0x3e, 0x18,
	0xdb, 0x7c, 0x30, 0xff, 0x3e, 0x18, 0xff, 0x3e, 0x18, 0xff, 0x3e, 0x18, 0xff, 0x01, 0x00, 0xff,
	0x01, 0x00, 0x88, 0x01, 0x00, 0x93, 0x3e, 0x18, 0xff, 0x3e, 0x18, 0xf0, 0x7c, 0x30, 0xff, 0x3e,
	0x18, 0xff, 0xfc, 0x04, 0xd2, 0x5c, 0x01, 0x01, 0x00, 0x80, 0x8f, 0x5c, 0x01, 0xf3, 0x3e, 0x18,
	0x00, 0x6c, 0xff, 0xc0, 0x07, 0xd0, 0x62, 0x01, 0x01, 0xd6, 0x04, 0x81, 0x7e, 0x30, 0x01, 0x00,
	0x20, 0x82, 0xc7, 0x03, 0x08, 0x5e, 0x00, 0xd6, 0x83, 0xdb, 0x80, 0x4d, 0x20, 0x80, 0xff, 0x4e,
	0x18, 0xff, 0x6c, 0x01, 0xd4, 0x6c, 0x01, 0x00, 0x80, 0x89, 0x6c, 0x01, 0x00, 0x83, 0x90, 0x6c,
	0x01, 0xf1, 0x5e, 0x18, 0x01, 0xcc, 0x03, 0xff, 0xde, 0x02, 0xe5, 0xde, 0x02, 0x00, 0x28, 0x8e,
	0x72, 0x01, 0xff, 0x6e, 0x18, 0xff, 0x6c, 0x01, 0xd3, 0xde, 0x02, 0x8f, 0x6c, 0x01, 0xf1, 0x7e,
	0x18, 0x02, 0x38, 0x05, 0x71, 0xff, 0xde, 0x02, 0xe4, 0xde, 0x02, 0x00, 0x30, 0x8e, 0x72, 0x01,
	0xff, 0x8e, 0x18, 0xff, 0x6c, 0x01, 0xd3, 0xde, 0x02, 0x8f, 0x6c, 0x01, 0xfb, 0x9e, 0x18, 0x01,
	0xa9, 0x06, 0xff, 0xc6, 0x05, 0xe5, 0xe8, 0x02, 0x00, 0x38, 0x8c, 0x7c, 0x01, 0xff, 0xae, 0x18,
	0xff, 0x6c, 0x01, 0xd5, 0xe8, 0x02, 0x8f, 0x6c, 0x01, 0xf1, 0xbe, 0x18, 0x01, 0x15, 0x08, 0xff,
	0xde, 0x02, 0xdd, 0xde, 0x02, 0x00, 0x01, 0x84, 0xde, 0x02, 0x00, 0x21, 0x8e, 0x72, 0x01, 0xff,
	0xce, 0x18, 0xff, 0x6c, 0x01, 0xcb, 0xde, 0x02, 0x83, 0x6c, 0x01, 0x00, 0x83, 0x90, 0x6c, 0x01,
	0xf1, 0xde, 0x18, 0x01, 0x81, 0x09, 0xff, 0xde, 0x02, 0xe5, 0xde, 0x02, 0x00, 0x29, 0x8e, 0x72,
	0x01, 0xff, 0xee, 0x18, 0xff, 0x6c, 0x01, 0xd3, 0xde, 0x02, 0x8f, 0x6c, 0x01, 0xf1, 0xfe, 0x18,
	0x02, 0xed, 0x0a, 0x75, 0xff, 0xde, 0x02, 0xe4, 0xde, 0x02, 0x00, 0x31, 0x8e, 0x72, 0x01, 0xff,
	0x0e, 0x19, 0xff, 0x72, 0x01, 0xd9, 0xe4, 0x02, 0x8d, 0x72, 0x01, 0xfb, 0x1e, 0x19, 0x02, 0x60,
	0x0c, 0x00, 0xff, 0x1e, 0x19, 0x00, 0x00, 0xff, 0x1e, 0x19, 0xff, 0x01, 0x00, 0xfb, 0x01, 0x00,
	0x93, 0x1e, 0x19, 0x8f, 0x1e, 0x19, 0x00, 0x70, 0xff, 0x1e, 0x19, 0xec, 0x22, 0x05, 0x00, 0x39,
	0x8e, 0x38, 0x0f, 0xff, 0x2e, 0x19, 0xff, 0x6c, 0x01, 0xd3, 0x1c, 0x05, 0x8f, 0x6c, 0x01, 0xf1,
	0x3e, 0x19, 0x00, 0x70, 0xff, 0x3e, 0x19, 0xde, 0xde, 0x02, 0x00, 0x02, 0x84, 0xde, 0x02, 0x00,
	0x22, 0xff, 0x3e, 0x19, 0xff, 0xde, 0x02, 0xdc, 0xde, 0x02, 0x83, 0x6c, 0x01, 0x00, 0x83, 0x90,
	0x6c, 0x01, 0xf1, 0x3e, 0x19, 0x00, 0xdc, 0xff, 0x3e, 0x19, 0xe6, 0xde, 0x02, 0x00, 0x2a, 0xff,
	0x3e, 0x19, 0xff, 0xde, 0x02, 0xe4, 0xde, 0x02, 0x8f, 0x6c, 0x01, 0xf1, 0x3e, 0x19, 0x00, 0x48,
	0xff, 0x3e, 0x19, 0xe6, 0xde, 0x02, 0x00, 0x32, 0xff, 0x3e, 0x19, 0xff, 0xde, 0x02, 0xe4, 0xde,
	0x02, 0x8f, 0x6c, 0x01, 0xfb, 0x3e, 0x19, 0x00, 0xb9, 0xff, 0x3e, 0x19, 0xe6, 0xe8, 0x02, 0x00,
	0x3a, 0xff, 0x3e, 0x19, 0xff, 0xe8, 0x02, 0xe4, 0xe8, 0x02, 0x8f, 0x6c, 0x01, 0xf1, 0x3e, 0x19,
	0x00, 0x25, 0xff, 0x3e, 0x19, 0xde, 0xde, 0x02, 0x00, 0x03, 0x84, 0xde, 0x02, 0x00, 0x23, 0xff,
	0x3e, 0x19, 0xff, 0xde, 0x02, 0xdc, 0xde, 0x02, 0x83, 0x6c, 0x01, 0x00, 0x83, 0x90, 0x6c, 0x01,
	0xf1, 0x3e, 0x19, 0x00, 0x91, 0xff, 0x3e, 0x19, 0xe6, 0xde, 0x02, 0x00, 0x2b, 0xff, 0x3e, 0x19,
	0xff, 0xde, 0x02, 0xe4, 0xde, 0x02, 0x8f, 0x6c, 0x01, 0xf1, 0x3e, 0x19, 0x00, 0xfd, 0xff, 0x3e,
	0x19, 0xe6, 0xde, 0x02, 0x00, 0x33, 0xff, 0x3e, 0x19, 0xff, 0x3e, 0x19, 0xea, 0xe4, 0x02, 0x8d,
	0x72, 0x01, 0xfb, 0x3e, 0x19, 0x00, 0x70, 0xff, 0x3e, 0x19, 0x82, 0x01, 0x00, 0xff, 0x3e, 0x19,
	0xff, 0x01, 0x00, 0xf9, 0x01, 0x00, 0x93, 0x3e, 0x19, 0xff, 0x3e, 0x19, 0xff, 0x22, 0x05, 0x00,
	0x3b, 0xff, 0x3e, 0x19, 0xff, 0x1c, 0x05, 0xe4, 0x1c, 0x05, 0x8f, 0x6c, 0x01, 0xff, 0x3e, 0x19,
	0xff, 0x72, 0x01, 0xd1, 0xde, 0x02, 0x00, 0x04, 0x84, 0xde, 0x02, 0x00, 0x24, 0xff, 0x3e, 0x19,
	0xff, 0xde, 0x02, 0xdc, 0xde, 0x02, 0x83, 0x6c, 0x01, 0x00, 0x83, 0x90, 0x6c, 0x01, 0xff, 0x3e,
	0x19, 0xff, 0x72, 0x01, 0xd9, 0xde, 0x02, 0x00, 0x2c, 0xff, 0x3e, 0x19, 0xff, 0xde, 0x02, 0xe4,
	0xde, 0x02, 0x8f, 0x6c, 0x01, 0xff, 0x3e, 0x19, 0xff, 0x72, 0x01, 0xd9, 0xde, 0x02, 0x00, 0x34,
	0xff, 0x3e, 0x19, 0xff, 0xde, 0x02, 0xe4, 0xde, 0x02, 0x8f, 0x6c, 0x01, 0xff, 0x3e, 0x19, 0xff,
	0x7c, 0x01, 0xe3, 0xe8, 0x02, 0x00, 0x3c, 0xff, 0x3e, 0x19, 0xff, 0xe8, 0x02, 0xe4, 0xe8, 0x02,
	0x8f, 0x6c, 0x01, 0xff, 0x3e, 0x19, 0xff, 0x72, 0x01, 0xd1, 0xde, 0x02, 0x00, 0x05, 0x84, 0xde,
	0x02, 0x00, 0x25, 0xff, 0x3e, 0x19, 0xff, 0xde, 0x02, 0xdc, 0xde, 0x02, 0x83, 0x6c, 0x01, 0x00,
	0x83, 0x90, 0x6c, 0x01, 0xff, 0x3e, 0x19, 0xff, 0x72, 0x01, 0xd9, 0xde, 0x02, 0x00, 0x2d, 0xff,
	0x3e, 0x19, 0xff, 0xde, 0x02, 0xe4, 0xde, 0x02, 0x8f, 0x6c, 0x01, 0xff, 0x3e, 0x19, 0xff, 0x72,
	0x01, 0xd9, 0xde, 0x02, 0x00, 0x35, 0xff, 0x3e, 0x19, 0xff, 0x3e, 0x19, 0xea, 0xe4, 0x02, 0x8d,
	0x72, 0x01, 0xff, 0x3e, 0x19, 0xff, 0x3e, 0x19, 0xff, 0x3e, 0x19, 0xff, 0x01, 0x00, 0xfb, 0x01,
	0x00, 0x93, 0x3e, 0x19, 0xff, 0x3e, 0x19, 0xff, 0x22, 0x05, 0x00, 0x3d, 0xff, 0x3e, 0x19, 0xff,
	0x1c, 0x05, 0xe4, 0x1c, 0x05, 0x8f, 0x6c, 0x01, 0xff, 0x3e, 0x19, 0xff, 0x72, 0x01, 0xda, 0xba,
	0x4b, 0x00, 0x88, 0xff, 0x3e, 0x19, 0xff, 0x6c, 0x01, 0xe4, 0xba, 0x4b, 0x8e, 0x6c, 0x01, 0xff,
	0x3e, 0x19, 0xff, 0x72, 0x01, 0xda, 0xba, 0x4b, 0x8e, 0x72, 0x01, 0xff, 0x3e, 0x19, 0xff, 0x6c,
	0x01, 0xd3, 0xde, 0x02, 0x8f, 0x6c, 0x01, 0xff, 0x3e, 0x19, 0xff, 0x72, 0x01, 0xda, 0xba, 0x4b,
	0x8e, 0x72, 0x01, 0xff, 0x3e, 0x19, 0xff, 0x6c, 0x01, 0xd3, 0xde, 0x02, 0x8f, 0x6c, 0x01, 0xff,
	0x3e, 0x19, 0xff, 0x7c, 0x01, 0xe4, 0xba, 0x4b, 0x8c, 0x7c, 0x01, 0xff, 0x3e, 0x19, 0xff, 0x6c,
	0x01, 0xd5, 0xe8, 0x02, 0x8f, 0x6c, 0x01, 0xff, 0x3e, 0x19, 0xff, 0x72, 0x01, 0xda, 0xba, 0x4b,
	0x8e, 0x72, 0x01, 0xff, 0x3e, 0x19, 0xff, 0x6c, 0x01, 0xcb, 0xde, 0x02, 0x86, 0xba, 0x4b, 0x8e,
	0x6c, 0x01, 0xff, 0x3e, 0x19, 0xff, 0x72, 0x01, 0xda, 0xba, 0x4b, 0x8e, 0x72, 0x01, 0xff, 0x3e,
	0x19, 0xff, 0x6c, 0x01, 0xd3, 0xde, 0x02, 0x8f, 0x6c, 0x01, 0xff, 0x3e, 0x19, 0xff, 0x72, 0x01,
	0xda, 0xba, 0x4b, 0x8e, 0x72, 0x01, 0xff, 0x3e, 0x19, 0xff, 0x72, 0x01, 0xda, 0xba, 0x4b, 0x8c,
	0x72, 0x01, 0xff, 0x3e, 0x19, 0xff, 0x3e, 0x19, 0xff, 0x3e, 0x19, 0xff, 0x01, 0x00, 0xfb, 0x01,
	0x00, 0x93, 0x3e, 0x19, 0xff, 0x3e, 0x19, 0xff, 0x22, 0x05, 0x00, 0x39, 0x8e, 0x38, 0x0f, 0xff,
	0x3e, 0x19, 0xff, 0x6c, 0x01, 0xd3, 0x1c, 0x05, 0x8f, 0x6c, 0x01, 0xff, 0x3e, 0x19, 0xff, 0x72,
	0x01, 0xda, 0xba, 0x4b, 0xff, 0x3e, 0x19, 0xff, 0xde, 0x02, 0xdc, 0xde, 0x02, 0x86, 0xba, 0x4b,
	0xff, 0x3e, 0x19, 0xff, 0x3e, 0x19, 0xeb, 0xba, 0x4b, 0xff, 0x3e, 0x19, 0xff, 0xde, 0x02, 0xe4,
	0xde, 0x02, 0x8f, 0x6c, 0x01, 0xff, 0x3e, 0x19, 0xff, 0x72, 0x01, 0xda, 0xba, 0x4b, 0xff, 0x3e,
	0x19, 0xff, 0xde, 0x02, 0xe4, 0xde, 0x02, 0x8f, 0x6c, 0x01, 0xff, 0x3e, 0x19, 0xff, 0x7c, 0x01,
	0xe4, 0xba, 0x4b, 0xff, 0x3e, 0x19, 0xff, 0xe8, 0x02, 0xe4, 0xe8, 0x02, 0x8f, 0x6c, 0x01, 0xff,
	0x3e, 0x19, 0xff, 0x72, 0x01, 0xda, 0xba, 0x4b, 0xff, 0x3e, 0x19, 0xff, 0xde, 0x02, 0xdc, 0xde,
	0x02, 0x86, 0xba, 0x4b, 0xff, 0x3e, 0x19, 0xff, 0x3e, 0x19, 0xeb, 0xba, 0x4b, 0xff, 0x3e, 0x19,
	0xff, 0xde, 0x02, 0xe4, 0xde, 0x02, 0x8f, 0x6c, 0x01, 0xff, 0x3e, 0x19, 0xff, 0x72, 0x01, 0xda,
	0xba, 0x4b, 0xff, 0x3e, 0x19, 0xff, 0x3e, 0x19, 0xeb, 0xba, 0x4b, 0xff, 0x3e, 0x19, 0xff, 0x3e,
	0x19, 0xff, 0x3e, 0x19, 0xff, 0x01, 0x00, 0xff, 0x01, 0x00, 0x88, 0x01, 0x00, 0x93, 0x3e, 0x19,
	0xff, 0x3e, 0x19, 0xff, 0x22, 0x05, 0x00, 0x3b, 0xff, 0x3e, 0x19, 0xff, 0x1c, 0x05, 0xe4, 0x1c,
	0x05, 0x8f, 0x6c, 0x01, 0xff, 0x3e, 0x19, 0xff, 0x72, 0x01, 0xda, 0xba, 0x4b, 0xff, 0x3e, 0x19,
	0xff, 0xde, 0x02, 0xdc, 0xde, 0x02, 0x86, 0xba, 0x4b, 0xff, 0x3e, 0x19, 0xff, 0x3e, 0x19, 0xeb,
	0xba, 0x4b, 0xff, 0x3e, 0x19, 0xff, 0xde, 0x02, 0xe4, 0xde, 0x02, 0x8f, 0x6c, 0x01, 0xff, 0x3e,
	0x19, 0xff, 0x72, 0x01, 0xda, 0xba, 0x4b, 0xff, 0x3e, 0x19, 0xff, 0xde, 0x02, 0xe4, 0xde, 0x02,
	0x8f, 0x6c, 0x01, 0xff, 0x3e, 0x19, 0xff, 0x7c, 0x01, 0xe4, 0xba, 0x4b, 0xff, 0x3e, 0x19, 0xff,
	0xe8, 0x02, 0xe4, 0xe8, 0x02, 0x8f, 0x6c, 0x01, 0xff, 0x3e, 0x19, 0xff, 0x72, 0x01, 0xda, 0xba,
	0x4b, 0xff, 0x3e, 0x19, 0xff, 0xde, 0x02, 0xdc, 0xde, 0x02, 0x86, 0xba, 0x4b, 0xff, 0x3e, 0x19,
	0xff, 0x3e, 0x19, 0xeb, 0xba, 0x4b, 0xff, 0x3e, 0x19, 0xff, 0xde, 0x02, 0xe4, 0xde, 0x02, 0x8f,
	0x6c, 0x01, 0xff, 0x3e, 0x19, 0xff, 0x72, 0x01, 0xda, 0xba, 0x4b, 0xff, 0x3e, 0x19, 0xff, 0x3e,
	0x19, 0xeb, 0xba, 0x4b, 0xff, 0x3e, 0x19, 0xff, 0x3e, 0x19, 0xff, 0x3e, 0x19, 0xff, 0x01, 0x00,
	0xff, 0x01, 0x00, 0x88, 0x01, 0x00, 0x93, 0x3e, 0x19, 0xff, 0x3e, 0x19, 0xff, 0x22, 0x05, 0x00,
	0x3d, 0xff, 0x3e, 0x19, 0xff, 0x1c, 0x05, 0xe4, 0x1c, 0x05, 0x8f, 0x6c, 0x01, 0xff, 0x3e, 0x19,
	0xff, 0x72, 0x01, 0xda, 0xba, 0x4b, 0x00, 0x81, 0xff, 0x3e, 0x19, 0xff, 0x6c, 0x01, 0xe4, 0xba,
	0x4b, 0x8e, 0x6c, 0x01, 0xff, 0x3e, 0x19, 0xff, 0x72, 0x01, 0xda, 0xba, 0x4b, 0x8e, 0x72, 0x01,
	0xff, 0x3e, 0x19, 0xff, 0x6c, 0x01, 0xd3, 0xde, 0x02, 0x8f, 0x6c, 0x01, 0xff, 0x3e, 0x19, 0xff,
	0x72, 0x01, 0xda, 0xba, 0x4b, 0x8e, 0x72, 0x01, 0xff, 0x3e, 0x19, 0xff, 0x6c, 0x01, 0xd3, 0xde,
	0x02, 0x8f, 0x6c, 0x01, 0xff, 0x3e, 0x19, 0xff, 0x7c, 0x01, 0xe4, 0xba, 0x4b, 0x8c, 0x7c, 0x01,
	0xff, 0x3e, 0x19, 0xff, 0x6c, 0x01, 0xd5, 0xe8, 0x02, 0x8f, 0x6c, 0x01, 0xff, 0x3e, 0x19, 0xff,
	0x72, 0x01, 0xda, 0xba, 0x4b, 0x8e, 0x72, 0x01, 0xff, 0x3e, 0x19, 0xff, 0x6c, 0x01, 0xcb, 0xde,
	0x02, 0x86, 0xba, 0x4b, 0x8e, 0x6c, 0x01, 0xff, 0x3e, 0x19, 0xff, 0x72, 0x01, 0xda, 0xba, 0x4b,
	0x8e, 0x72, 0x01, 0xff, 0x3e, 0x19, 0xff, 0x6c, 0x01, 0xd3, 0xde, 0x02, 0x8f, 0x6c, 0x01, 0xff,
	0x3e, 0x19, 0xff, 0x72, 0x01, 0xda, 0xba, 0x4b, 0x8e, 0x72, 0x01, 0xff, 0x3e, 0x19, 0xff, 0x72,
	0x01, 0xda, 0xba, 0x4b, 0x8c, 0x72, 0x01, 0xff, 0x3e, 0x19, 0xff, 0x3e, 0x19, 0xff, 0x3e, 0x19,
	0xff, 0x01, 0x00, 0xfb, 0x01, 0x00, 0x93, 0x3e, 0x19, 0xff, 0x3e, 0x19, 0xff, 0x22, 0x05, 0x00,
	0x39, 0x8e, 0x38, 0x0f, 0xff, 0x3e, 0x19, 0xff, 0x6c, 0x01, 0xd3, 0x1c, 0x05, 0x8f, 0x6c, 0x01,
	0xff, 0x3e, 0x19, 0xff, 0x72, 0x01, 0xda, 0xba, 0x4b, 0xff, 0x3e, 0x19, 0xff, 0xde, 0x02, 0xdc,
	0xde, 0x02, 0x86, 0xba, 0x4b, 0xff, 0x3e, 0x19, 0xff, 0x3e, 0x19, 0xeb, 0xba, 0x4b, 0xff, 0x3e,
	0x19, 0xff, 0xde, 0x02, 0xe4, 0xde, 0x02, 0x8f, 0x6c, 0x01, 0xff, 0x3e, 0x19, 0xff, 0x72, 0x01,
	0xda, 0xba, 0x4b, 0xff, 0x3e, 0x19, 0xff, 0xde, 0x02, 0xe4, 0xde, 0x02, 0x8f, 0x6c, 0x01, 0xff,
	0x3e, 0x19, 0xff, 0x7c, 0x01, 0xe4, 0xba, 0x4b, 0xff, 0x3e, 0x19, 0xff, 0xe8, 0x02, 0xe4, 0xe8,
	0x02, 0x8f, 0x6c, 0x01, 0xff, 0x3e, 0x19, 0xff, 0x72, 0x01, 0xda, 0xba, 0x4b, 0xff, 0x3e, 0x19,
	0xff, 0xde, 0x02, 0xdc, 0xde, 0x02, 0x86, 0xba, 0x4b, 0xff, 0x3e, 0x19, 0xff, 0x3e, 0x19, 0xeb,
	0xba, 0x4b, 0xff, 0x3e, 0x19, 0xff, 0xde, 0x02, 0xe4, 0xde, 0x02, 0x8f, 0x6c, 0x01, 0xff, 0x3e,
	0x19, 0xff, 0x72, 0x01, 0xda, 0xba, 0x4b, 0xff, 0x3e, 0x19, 0xff, 0x3e, 0x19, 0xeb, 0xba, 0x4b,
	0xff, 0x3e, 0x19, 0xff, 0x3e, 0x19, 0xff, 0x3e, 0x19, 0xff, 0x01, 0x00, 0xff, 0x01, 0x00, 0x88,
	0x01, 0x00, 0x93, 0x3e, 0x19, 0xff, 0x3e, 0x19, 0xff, 0x22, 0x05, 0x00, 0x3b, 0xff, 0x3e, 0x19,
	0xff, 0x1c, 0x05, 0xe4, 0x1c, 0x05, 0x8f, 0x6c, 0x01, 0xff, 0x3e, 0x19, 0xff, 0x72, 0x01, 0xda,
	0xba, 0x4b, 0xff, 0x3e, 0x19, 0xff, 0xde, 0x02, 0xdc, 0xde, 0x02, 0x86, 0xba, 0x4b, 0xff, 0x3e,
	0x19, 0xff, 0x3e, 0x19, 0xeb, 0xba, 0x4b, 0xff, 0x3e, 0x19, 0xff, 0xde, 0x02, 0xe4, 0xde, 0x02,
	0x8f, 0x6c, 0x01, 0xff, 0x3e, 0x19, 0xff, 0x72, 0x01, 0xda, 0xba, 0x4b, 0xff, 0x3e, 0x19, 0xff,
	0xde, 0x02, 0xe4, 0xde, 0x02, 0x8f, 0x6c, 0x01, 0xff, 0x3e, 0x19, 0xff, 0x7c, 0x01, 0xe4, 0xba,
	0x4b, 0xff, 0x3e, 0x19, 0xff, 0xe8, 0x02, 0xe4, 0xe8, 0x02, 0x8f, 0x6c, 0x01, 0xff, 0x3e, 0x19,
	0xff, 0x72, 0x01, 0xda, 0xba, 0x4b, 0xff, 0x3e, 0x19, 0xff, 0xde, 0x02, 0xdc, 0xde, 0x02, 0x86,
	0xba, 0x4b, 0xff, 0x3e, 0x19, 0xff, 0x3e, 0x19, 0xeb, 0xba, 0x4b, 0xff, 0x3e, 0x19, 0xff, 0xde,
	0x02, 0xe4, 0xde, 0x02, 0x8f, 0x6c, 0x01, 0xff, 0x3e, 0x19, 0xff, 0x72, 0x01, 0xda, 0xba, 0x4b,
	0xff, 0x3e, 0x19, 0xff, 0x3e, 0x19, 0xeb, 0xba, 0x4b, 0xff, 0x3e, 0x19, 0xff, 0x3e, 0x19, 0xff,
	0x3e, 0x19, 0xff, 0x01, 0x00, 0xff, 0x01, 0x00, 0x88, 0x01, 0x00, 0x93, 0x3e, 0x19, 0xff, 0x3e,
	0x19, 0xff, 0x22, 0x05, 0x00, 0x3d, 0xff, 0x3e, 0x19, 0xff, 0x1c, 0x05, 0xe4, 0x1c, 0x05, 0x8f,
	0x6c, 0x01, 0xff, 0x3e, 0x19, 0xff, 0x72, 0x01, 0xda, 0xba, 0x4b, 0x00, 0x89, 0xff, 0x3e, 0x19,
	0xff, 0x6c, 0x01, 0xe4, 0xba, 0x4b, 0x8e, 0x6c, 0x01, 0xff, 0x3e, 0x19, 0xff, 0x72, 0x01, 0xda,
	0xba, 0x4b, 0x8e, 0x72, 0x01, 0xff, 0x3e, 0x19, 0xff, 0x6c, 0x01, 0xd3, 0xde, 0x02, 0x8f, 0x6c,
	0x01, 0xff, 0x3e, 0x19, 0xff, 0x72, 0x01, 0xda, 0xba, 0x4b, 0x8e, 0x72, 0x01, 0xff, 0x3e, 0x19,
	0xff, 0x6c, 0x01, 0xd3, 0xde, 0x02, 0x8f, 0x6c, 0x01, 0xff, 0x3e, 0x19, 0xff, 0x7c, 0x01, 0xe4,
	0xba, 0x4b, 0x8c, 0x7c, 0x01, 0xff, 0x3e, 0x19, 0xff, 0x6c, 0x01, 0xd5, 0xe8, 0x02, 0x8f, 0x6c,
	0x01, 0xff, 0x3e, 0x19, 0xff, 0x72, 0x01, 0xda, 0xba, 0x4b, 0x8e, 0x72, 0x01, 0xff, 0x3e, 0x19,
	0xff, 0x6c, 0x01, 0xcb, 0xde, 0x02, 0x86, 0xba, 0x4b, 0x8e, 0x6c, 0x01, 0xff, 0x3e, 0x19, 0xff,
	0x72, 0x01, 0xda, 0xba, 0x4b, 0x8e, 0x72, 0x01, 0xff, 0x3e, 0x19, 0xff, 0x6c, 0x01, 0xd3, 0xde,
	0x02, 0x8f, 0x6c, 0x01, 0xff, 0x3e, 0x19, 0xff, 0x72, 0x01, 0xda, 0xba, 0x4b, 0x8e, 0x72, 0x01,
	0xff, 0x3e, 0x19, 0xff, 0x72, 0x01, 0xda, 0xba, 0x4b, 0x8c, 0x72, 0x01, 0xff, 0x3e, 0x19, 0xff,
	0x3e, 0x19, 0xff, 0x3e, 0x19, 0xff, 0x01, 0x00, 0xfb, 0x01, 0x00, 0x93, 0x3e, 0x19, 0xff, 0x3e,
	0x19, 0xff, 0x22, 0x05, 0x00, 0x39, 0x8e, 0x38, 0x0f, 0xff, 0x3e, 0x19, 0xff, 0x6c, 0x01, 0xd3,
	0x1c, 0x05, 0x8f, 0x6c, 0x01, 0xff, 0x3e, 0x19, 0xff, 0x72, 0x01, 0xda, 0xba, 0x4b, 0xff, 0x3e,
	0x19, 0xff, 0xde, 0x02, 0xdc, 0xde, 0x02, 0x86, 0xba, 0x4b, 0xff, 0x3e, 0x19, 0xff, 0x3e, 0x19,
	0xeb, 0xba, 0x4b, 0xff, 0x3e, 0x19, 0xff, 0xde, 0x02, 0xe4, 0xde, 0x02, 0x8f, 0x6c, 0x01, 0xff,
	0x3e, 0x19, 0xff, 0x72, 0x01, 0xda, 0xba, 0x4b, 0xff, 0x3e, 0x19, 0xff, 0xde, 0x02, 0xe4, 0xde,
	0x02, 0x8f, 0x6c, 0x01, 0xff, 0x3e, 0x19, 0xff, 0x7c, 0x01, 0xe4, 0xba, 0x4b, 0xff, 0x3e, 0x19,
	0xff, 0xe8, 0x02, 0xe4, 0xe8, 0x02, 0x8f, 0x6c, 0x01, 0xff, 0x3e, 0x19, 0xff, 0x72, 0x01, 0xda,
	0xba, 0x4b, 0xff, 0x3e, 0x19, 0xff, 0xde, 0x02, 0xdc, 0xde, 0x02, 0x86, 0xba, 0x4b, 0xff, 0x3e,
	0x19, 0xff, 0x3e, 0x19, 0xeb, 0xba, 0x4b, 0xff, 0x3e, 0x19, 0xff, 0xde, 0x02, 0xe4, 0xde, 0x02,
	0x8f, 0x6c, 0x01, 0xff, 0x3e, 0x19, 0xff, 0x72, 0x01, 0xda, 0xba, 0x4b, 0xff, 0x3e, 0x19, 0xff,
	0x3e, 0x19, 0xeb, 0xba, 0x4b, 0xff, 0x3e, 0x19, 0xff, 0x3e, 0x19, 0xff, 0x3e, 0x19, 0xff, 0x01,
	0x00, 0xff, 0x01, 0x00, 0x88, 0x01, 0x00, 0x93, 0x3e, 0x19, 0xff, 0x3e, 0x19, 0xff, 0x22, 0x05,
	0x00, 0x3b, 0xff, 0x3e, 0x19, 0xff, 0x1c, 0x05, 0xe4, 0x1c, 0x05, 0x8f, 0x6c, 0x01, 0xff, 0x3e,
	0x19, 0xff, 0x72, 0x01, 0xda, 0xba, 0x4b, 0xff, 0x3e, 0x19, 0xff, 0xde, 0x02, 0xdc, 0xde, 0x02,
	0x86, 0xba, 0x4b, 0xff, 0x3e, 0x19, 0xff, 0x3e, 0x19, 0xeb, 0xba, 0x4b, 0xff, 0x3e, 0x19, 0xff,
	0xde, 0x02, 0xe4, 0xde, 0x02, 0x8f, 0x6c, 0x01, 0xff, 0x3e, 0x19, 0xff, 0x72, 0x01, 0xda, 0xba,
	0x4b, 0xff, 0x3e, 0x19, 0xff, 0xde, 0x02, 0xe4, 0xde, 0x02, 0x8f, 0x6c, 0x01, 0xff, 0x3e, 0x19,
	0xff, 0x7c, 0x01, 0xe4, 0xba, 0x4b, 0xff, 0x3e, 0x19, 0xff, 0xe8, 0x02, 0xe4, 0xe8, 0x02, 0x8f,
	0x6c, 0x01, 0xff, 0x3e, 0x19, 0xff, 0x72, 0x01, 0xda, 0xba, 0x4b, 0xff, 0x3e, 0x19, 0xff, 0xde,
	0x02, 0xdc, 0xde, 0x02, 0x86, 0xba, 0x4b, 0xff, 0x3e, 0x19, 0xff, 0x3e, 0x19, 0xeb, 0xba, 0x4b,
	0xff, 0x3e, 0x19, 0xff, 0xde, 0x02, 0xe4, 0xde, 0x02, 0x8f, 0x6c, 0x01, 0xff, 0x3e, 0x19, 0xff,
	0x72, 0x01, 0xda, 0xba, 0x4b, 0xff, 0x3e, 0x19, 0xff, 0x3e, 0x19, 0xeb, 0xba, 0x4b, 0xff, 0x3e,
	0x19, 0xff, 0x3e, 0x19, 0xff, 0x3e, 0x19, 0xff, 0x01, 0x00, 0xff, 0x01, 0x00, 0x88, 0x01, 0x00,
	0x93, 0x3e, 0x19, 0xff, 0x3e, 0x19, 0xff, 0x22, 0x05, 0x00, 0x3d, 0xff, 0x3e, 0x19, 0xff, 0x1c,
	0x05, 0xe4, 0x1c, 0x05, 0x8f, 0x6c, 0x01, 0xff, 0x3e, 0x19, 0xff, 0x72, 0x01, 0xda, 0xba, 0x4b,
	0x00, 0x82, 0xff, 0x3e, 0x19, 0xff, 0x6c, 0x01, 0xe4, 0xba, 0x4b, 0x8e, 0x6c, 0x01, 0xff, 0x3e,
	0x19, 0xff, 0x72, 0x01, 0xda, 0xba, 0x4b, 0x8e, 0x72, 0x01, 0xff, 0x3e, 0x19, 0xff, 0x6c, 0x01,
	0xd3, 0xde, 0x02, 0x8f, 0x6c, 0x01, 0xff, 0x3e, 0x19, 0xff, 0x72, 0x01, 0xda, 0xba, 0x4b, 0x8e,
	0x72, 0x01, 0xff, 0x3e, 0x19, 0xff, 0x6c, 0x01, 0xd3, 0xde, 0x02, 0x8f, 0x6c, 0x01, 0xff, 0x3e,
	0x19, 0xff, 0x7c, 0x01, 0xe4, 0xba, 0x4b, 0x8c, 0x7c, 0x01, 0xff, 0x3e, 0x19, 0xff, 0x6c, 0x01,
	0xd5, 0xe8, 0x02, 0x8f, 0x6c, 0x01, 0xff, 0x3e, 0x19, 0xff, 0x72, 0x01, 0xda, 0xba, 0x4b, 0x8e,
	0x72, 0x01, 0xff, 0x3e, 0x19, 0xff, 0x6c, 0x01, 0xcb, 0xde, 0x02, 0x86, 0xba, 0x4b, 0x8e, 0x6c,
	0x01, 0xff, 0x3e, 0x19, 0xff, 0x72, 0x01, 0xda, 0xba, 0x4b, 0x8e, 0x72, 0x01, 0xff, 0x3e, 0x19,
	0xff, 0x6c, 0x01, 0xd3, 0xde, 0x02, 0x8f, 0x6c, 0x01, 0xff, 0x3e, 0x19, 0xff, 0x72, 0x01, 0xda,
	0xba, 0x4b, 0x8e, 0x72, 0x01, 0xff, 0x3e, 0x19, 0xff, 0x72, 0x01, 0xda, 0xba, 0x4b, 0x8c, 0x72,
	0x01, 0xff, 0x3e, 0x19, 0xff, 0x3e, 0x19, 0xff, 0x3e, 0x19, 0xff, 0x01, 0x00, 0xfb, 0x01, 0x00,
	0x93, 0x3e, 0x19, 0xff, 0x3e, 0x19, 0xff, 0x22, 0x05, 0x00, 0x39, 0x8e, 0x38, 0x0f, 0xff, 0x3e,
	0x19, 0xff, 0x6c, 0x01, 0xd3, 0x1c, 0x05, 0x8f, 0x6c, 0x01, 0xff, 0x3e, 0x19, 0xff, 0x72, 0x01,
	0xda, 0xba, 0x4b, 0xff, 0x3e, 0x19, 0xff, 0xde, 0x02, 0xdc, 0xde, 0x02, 0x86, 0xba, 0x4b, 0xff,
	0x3e, 0x19, 0xff, 0x3e, 0x19, 0xeb, 0xba, 0x4b, 0xff, 0x3e, 0x19, 0xff, 0xde, 0x02, 0xe4, 0xde,
	0x02, 0x8f, 0x6c, 0x01, 0xff, 0x3e, 0x19, 0xff, 0x72, 0x01, 0xda, 0xba, 0x4b, 0xff, 0x3e, 0x19,
	0xff, 0xde, 0x02, 0xe4, 0xde, 0x02, 0x8f, 0x6c, 0x01, 0xff, 0x3e, 0x19, 0xff, 0x7c, 0x01, 0xe4,
	0xba, 0x4b, 0xff, 0x3e, 0x19, 0xff, 0xe8, 0x02, 0xe4, 0xe8, 0x02, 0x8f, 0x6c, 0x01, 0xff, 0x3e,
	0x19, 0xff, 0x72, 0x01, 0xda, 0xba, 0x4b, 0xff, 0x3e, 0x19, 0xff, 0xde, 0x02, 0xdc, 0xde, 0x02,
	0x86, 0xba, 0x4b, 0xff, 0x3e, 0x19, 0xff, 0x3e, 0x19, 0xeb, 0xba, 0x4b, 0xff, 0x3e, 0x19, 0xff,
	0xde, 0x02, 0xe4, 0xde, 0x02, 0x8f, 0x6c, 0x01, 0xff, 0x3e, 0x19, 0xff, 0x72, 0x01, 0xda, 0xba,
	0x4b, 0xff, 0x3e, 0x19, 0xff, 0x3e, 0x19, 0xeb, 0xba, 0x4b, 0xff, 0x3e, 0x19, 0xff, 0x3e, 0x19,
	0xff, 0x3e, 0x19, 0xff, 0x01, 0x00, 0xff, 0x01, 0x00, 0x88, 0x01, 0x00, 0x93, 0x3e, 0x19, 0xff,
	0x3e, 0x19, 0xff, 0x22, 0x05, 0x00, 0x3b, 0xff, 0x3e, 0x19, 0xff, 0x1c, 0x05, 0xe4, 0x1c, 0x05,
	0x8f, 0x6c, 0x01, 0xff, 0x3e, 0x19, 0xff, 0x72, 0x01, 0xda, 0xba, 0x4b, 0xff, 0x3e, 0x19, 0xff,
	0xde, 0x02, 0xdc, 0xde, 0x02, 0x86, 0xba, 0x4b, 0xff, 0x3e, 0x19, 0xff, 0x3e, 0x19, 0xeb, 0xba,
	0x4b, 0xff, 0x3e, 0x19, 0xff, 0xde, 0x02, 0xe4, 0xde, 0x02, 0x8f, 0x6c, 0x01, 0xff, 0x3e, 0x19,
	0xff, 0x72, 0x01, 0xda, 0xba, 0x4b, 0xff, 0x3e, 0x19, 0xff, 0xde, 0x02, 0xe4, 0xde, 0x02, 0x8f,
	0x6c, 0x01, 0xff, 0x3e, 0x19, 0xff, 0x7c, 0x01, 0xe4, 0xba, 0x4b, 0xff, 0x3e, 0x19, 0xff, 0xe8,
	0x02, 0xe4, 0xe8, 0x02, 0x8f, 0x6c, 0x01, 0xff, 0x3e, 0x19, 0xff, 0x72, 0x01, 0xda, 0xba, 0x4b,
	0xff, 0x3e, 0x19, 0xff, 0xde, 0x02, 0xdc, 0xde, 0x02, 0x86, 0xba, 0x4b, 0xff, 0x3e, 0x19, 0xff,
	0x3e, 0x19, 0xeb, 0xba, 0x4b, 0xff, 0x3e, 0x19, 0xff, 0xde, 0x02, 0xe4, 0xde, 0x02, 0x8f, 0x6c,
	0x01, 0xff, 0x3e, 0x19, 0xff, 0x72, 0x01, 0xda, 0xba, 0x4b, 0xff, 0x3e, 0x19, 0xff, 0x3e, 0x19,
	0xeb, 0xba, 0x4b, 0xff, 0x3e, 0x19, 0xff, 0x3e, 0x19, 0xff, 0x3e, 0x19, 0xff, 0x01, 0x00, 0xff,
	0x01, 0x00, 0x88, 0x01, 0x00, 0x93, 0x3e, 0x19, 0xff, 0x3e, 0x19, 0xff, 0x22, 0x05, 0x00, 0x3d,
	0xff, 0x3e, 0x19, 0xff, 0x1c, 0x05, 0xe4, 0x1c, 0x05, 0x8f, 0x6c, 0x01, 0xff, 0x3e, 0x19, 0xff,
	0x72, 0x01, 0xda, 0xba, 0x4b, 0x00, 0x8a, 0xff, 0x3e, 0x19, 0xff, 0x6c, 0x01, 0xe4, 0xba, 0x4b,
	0x8e, 0x6c, 0x01, 0xff, 0x3e, 0x19, 0xff, 0x72, 0x01, 0xda, 0xba, 0x4b, 0x8e, 0x72, 0x01, 0xff,
	0x3e, 0x19, 0xff, 0x6c, 0x01, 0xd3, 0xde, 0x02, 0x8f, 0x6c, 0x01, 0xff, 0x3e, 0x19, 0xff, 0x72,
	0x01, 0xda, 0xba, 0x4b, 0x8e, 0x72, 0x01, 0xff, 0x3e, 0x19, 0xff, 0x6c, 0x01, 0xd3, 0xde, 0x02,
	0x8f, 0x6c, 0x01, 0xff, 0x3e, 0x19, 0xff, 0x7c, 0x01, 0xe4, 0xba, 0x4b, 0x8c, 0x7c, 0x01, 0xff,
	0x3e, 0x19, 0xff, 0x6c, 0x01, 0xd5, 0xe8, 0x02, 0x8f, 0x6c, 0x01, 0xff, 0x3e, 0x19, 0xff, 0x72,
	0x01, 0xda, 0xba, 0x4b, 0x8e, 0x72, 0x01, 0xff, 0x3e, 0x19, 0xff, 0x6c, 0x01, 0xcb, 0xde, 0x02,
	0x86, 0xba, 0x4b, 0x8e, 0x6c, 0x01, 0xff, 0x3e, 0x19, 0xff, 0x72, 0x01, 0xda, 0xba, 0x4b, 0x8e,
	0x72, 0x01, 0xff, 0x3e, 0x19, 0xff, 0x6c, 0x01, 0xd3, 0xde, 0x02, 0x8f, 0x6c, 0x01, 0xff, 0x3e,
	0x19, 0xff, 0x72, 0x01, 0xda, 0xba, 0x4b, 0x8e, 0x72, 0x01, 0xff, 0x3e, 0x19, 0xff, 0x72, 0x01,
	0xda, 0xba, 0x4b, 0x8c, 0x72, 0x01, 0xff, 0x3e, 0x19, 0xff, 0x3e, 0x19, 0xff, 0x3e, 0x19, 0xff,
	0x01, 0x00, 0xfb, 0x01, 0x00, 0x93, 0x3e, 0x19, 0xff, 0x3e, 0x19, 0xff, 0x22, 0x05, 0x00, 0x39,
	0x8e, 0x38, 0x0f, 0xff, 0x3e, 0x19, 0xff, 0x6c, 0x01, 0xd3, 0x1c, 0x05, 0x8f, 0x6c, 0x01, 0xff,
	0x3e, 0x19, 0xff, 0x72, 0x01, 0xda, 0xba, 0x4b, 0xff, 0x3e, 0x19, 0xff, 0xde, 0x02, 0xdc, 0xde,
	0x02, 0x86, 0xba, 0x4b, 0xff, 0x3e, 0x19, 0xff, 0x3e, 0x19, 0xeb, 0xba, 0x4b, 0xff, 0x3e, 0x19,
	0xff, 0xde, 0x02, 0xe4, 0xde, 0x02, 0x8f, 0x6c, 0x01, 0xff, 0x3e, 0x19, 0xff, 0x72, 0x01, 0xda,
	0xba, 0x4b, 0xff, 0x3e, 0x19, 0xff, 0xde, 0x02, 0xe4, 0xde, 0x02, 0x8f, 0x6c, 0x01, 0xff, 0x3e,
	0x19, 0xff, 0x7c, 0x01, 0xe4, 0xba, 0x4b, 0xff, 0x3e, 0x19, 0xff, 0xe8, 0x02, 0xe4, 0xe8, 0x02,
	0x8f, 0x6c, 0x01, 0xff, 0x3e, 0x19, 0xff, 0x72, 0x01, 0xda, 0xba, 0x4b, 0xff, 0x3e, 0x19, 0xff,
	0xde, 0x02, 0xdc, 0xde, 0x02, 0x86, 0xba, 0x4b, 0xff, 0x3e, 0x19, 0xff, 0x3e, 0x19, 0xeb, 0xba,
	0x4b, 0xff, 0x3e, 0x19, 0xff, 0xde, 0x02, 0xe4, 0xde, 0x02, 0x8f, 0x6c, 0x01, 0xff, 0x3e, 0x19,
	0xff, 0x72, 0x01, 0xda, 0xba, 0x4b, 0xff, 0x3e, 0x19, 0xff, 0x3e, 0x19, 0xeb, 0xba, 0x4b, 0xff,
	0x3e, 0x19, 0xff, 0x3e, 0x19, 0xff, 0x3e, 0x19, 0xff, 0x01, 0x00, 0xff, 0x01, 0x00, 0x88, 0x01,
	0x00, 0x93, 0x3e, 0x19, 0xff, 0x3e, 0x19, 0xff, 0x22, 0x05, 0x00, 0x3b, 0xff, 0x3e, 0x19, 0xff,
	0x1c, 0x05, 0xe4, 0x1c, 0x05, 0x8f, 0x6c, 0x01, 0xff, 0x3e, 0x19, 0xff, 0x72, 0x01, 0xda, 0xba,
	0x4b, 0xff, 0x3e, 0x19, 0xff, 0xde, 0x02, 0xdc, 0xde, 0x02, 0x86, 0xba, 0x4b, 0xff, 0x3e, 0x19,
	0xff, 0x3e, 0x19, 0xeb, 0xba, 0x4b, 0xff, 0x3e, 0x19, 0xff, 0xde, 0x02, 0xe4, 0xde, 0x02, 0x8f,
	0x6c, 0x01, 0xff, 0x3e, 0x19, 0xff, 0x72, 0x01, 0xda, 0xba, 0x4b, 0xff, 0x3e, 0x19, 0xff, 0xde,
	0x02, 0xe4, 0xde, 0x02, 0x8f, 0x6c, 0x01, 0xff, 0x3e, 0x19, 0xff, 0x7c, 0x01, 0xe4, 0xba, 0x4b,
	0xff, 0x3e, 0x19, 0xff, 0xe8, 0x02, 0xe4, 0xe8, 0x02, 0x8f, 0x6c, 0x01, 0xff, 0x3e, 0x19, 0xff,
	0x72, 0x01, 0xda, 0xba, 0x4b, 0xff, 0x3e, 0x19, 0xff, 0xde, 0x02, 0xdc, 0xde, 0x02, 0x86, 0xba,
	0x4b, 0xff, 0x3e, 0x19, 0xff, 0x3e, 0x19, 0xeb, 0xba, 0x4b, 0xff, 0x3e, 0x19, 0xff, 0xde, 0x02,
	0xe4, 0xde, 0x02, 0x8f, 0x6c, 0x01, 0xff, 0x3e, 0x19, 0xff, 0x72, 0x01, 0xda, 0xba, 0x4b, 0xff,
	0x3e, 0x19, 0xff, 0x3e, 0x19, 0xeb, 0xba, 0x4b, 0xff, 0x3e, 0x19, 0xff, 0x3e, 0x19, 0xff, 0x3e,
	0x19, 0xff, 0x01, 0x00, 0xff, 0x01, 0x00, 0x88, 0x01, 0x00, 0x93, 0x3e, 0x19, 0xff, 0x3e, 0x19,
	0xff, 0x22, 0x05, 0x00, 0x3d, 0xff, 0x3e, 0x19, 0xff, 0x1c, 0x05, 0xe4, 0x1c, 0x05, 0x8f, 0x6c,
	0x01, 0xff, 0x3e, 0x19, 0xff, 0x72, 0x01, 0xda, 0xba, 0x4b, 0x00, 0x83, 0xff, 0x3e, 0x19, 0xff,
	0x6c, 0x01, 0xe4, 0xba, 0x4b, 0x8e, 0x6c, 0x01, 0xff, 0x3e, 0x19, 0xff, 0x72, 0x01, 0xda, 0xba,
	0x4b, 0x8e, 0x72, 0x01, 0xff, 0x3e, 0x19, 0xff, 0x6c, 0x01, 0xd3, 0xde, 0x02, 0x8f, 0x6c, 0x01,
	0xff, 0x3e, 0x19, 0xff, 0x72, 0x01, 0xda, 0xba, 0x4b, 0x8e, 0x72, 0x01, 0xff, 0x3e, 0x19, 0xff,
	0x6c, 0x01, 0xd3, 0xde, 0x02, 0x8f, 0x6c, 0x01, 0xff, 0x3e, 0x19, 0xff, 0x7c, 0x01, 0xe4, 0xba,
	0x4b, 0x8c, 0x7c, 0x01, 0xff, 0x3e, 0x19, 0xff, 0x6c, 0x01, 0xd5, 0xe8, 0x02, 0x8f, 0x6c, 0x01,
	0xff, 0x3e, 0x19, 0xff, 0x72, 0x01, 0xda, 0xba, 0x4b, 0x8e, 0x72, 0x01, 0xff, 0x3e, 0x19, 0xff,
	0x6c, 0x01, 0xcb, 0xde, 0x02, 0x86, 0xba, 0x4b, 0x8e, 0x6c, 0x01, 0xff, 0x3e, 0x19, 0xff, 0x72,
	0x01, 0xda, 0xba, 0x4b, 0x8e, 0x72, 0x01, 0xff, 0x3e, 0x19, 0xff, 0x6c, 0x01, 0xd3, 0xde, 0x02,
	0x8f, 0x6c, 0x01, 0xff, 0x3e, 0x19, 0xff, 0x72, 0x01, 0xda, 0xba, 0x4b, 0x8e, 0x72, 0x01, 0xff,
	0x3e, 0x19, 0xff, 0x72, 0x01, 0xda, 0xba, 0x4b, 0x8c, 0x72, 0x01, 0xff, 0x3e, 0x19, 0xff, 0x3e,
	0x19, 0xff, 0x3e, 0x19, 0xff, 0x01, 0x00, 0xfb, 0x01, 0x00, 0x93, 0x3e, 0x19, 0xff, 0x3e, 0x19,
	0xff, 0x22, 0x05, 0x00, 0x39, 0x8e, 0x38, 0x0f, 0xff, 0x3e, 0x19, 0xff, 0x6c, 0x01, 0xd3, 0x1c,
	0x05, 0x8f, 0x6c, 0x01, 0xff, 0x3e, 0x19, 0xff, 0x72, 0x01, 0xda, 0xba, 0x4b, 0xff, 0x3e, 0x19,
	0xff, 0xde, 0x02, 0xdc, 0xde, 0x02, 0x86, 0xba, 0x4b, 0xff, 0x3e, 0x19, 0xff, 0x3e, 0x19, 0xeb,
	0xba, 0x4b, 0xff, 0x3e, 0x19, 0xff, 0xde, 0x02, 0xe4, 0xde, 0x02, 0x8f, 0x6c, 0x01, 0xff, 0x3e,
	0x19, 0xff, 0x72, 0x01, 0xda, 0xba, 0x4b, 0xff, 0x3e, 0x19, 0xff, 0xde, 0x02, 0xe4, 0xde, 0x02,
	0x8f, 0x6c, 0x01, 0xff, 0x3e, 0x19, 0xff, 0x7c, 0x01, 0xe4, 0xba, 0x4b, 0xff, 0x3e, 0x19, 0xff,
	0xe8, 0x02, 0xe4, 0xe8, 0x02, 0x8f, 0x6c, 0x01, 0xff, 0x3e, 0x19, 0xff, 0x72, 0x01, 0xda, 0xba,
	0x4b, 0xff, 0x3e, 0x19, 0xff, 0xde, 0x02, 0xdc, 0xde, 0x02, 0x86, 0xba, 0x4b, 0xff, 0x3e, 0x19,
	0xff, 0x3e, 0x19, 0xeb, 0xba, 0x4b, 0xff, 0x3e, 0x19, 0xff, 0xde, 0x02, 0xe4, 0xde, 0x02, 0x8f,
	0x6c, 0x01, 0xff, 0x3e, 0x19, 0xff, 0x72, 0x01, 0xda, 0xba, 0x4b, 0xff, 0x3e, 0x19, 0xff, 0x3e,
	0x19, 0xeb, 0xba, 0x4b, 0xff, 0x3e, 0x19, 0xff, 0x3e, 0x19, 0xff, 0x3e, 0x19, 0xff, 0x01, 0x00,
	0xff, 0x01, 0x00, 0x88, 0x01, 0x00, 0x93, 0x3e, 0x19, 0xff, 0x3e, 0x19, 0xff, 0x22, 0x05, 0x00,
	0x3b, 0xff, 0x3e, 0x19, 0xff, 0x1c, 0x05, 0xe4, 0x1c, 0x05, 0x8f, 0x6c, 0x01, 0xff, 0x3e, 0x19,
	0xff, 0x72, 0x01, 0xda, 0xba, 0x4b, 0xff, 0x3e, 0x19, 0xff, 0xde, 0x02, 0xdc, 0xde, 0x02, 0x86,
	0xba, 0x4b, 0xff, 0x3e, 0x19, 0xff, 0x3e, 0x19, 0xeb, 0xba, 0x4b, 0xff, 0x3e, 0x19, 0xff, 0xde,
	0x02, 0xe4, 0xde, 0x02, 0x8f, 0x6c, 0x01, 0xff, 0x3e, 0x19, 0xff, 0x72, 0x01, 0xda, 0xba, 0x4b,
	0xff, 0x3e, 0x19, 0xff, 0xde, 0x02, 0xe4, 0xde, 0x02, 0x8f, 0x6c, 0x01, 0xff, 0x3e, 0x19, 0xff,
	0x7c, 0x01, 0xe4, 0xba, 0x4b, 0xff, 0x3e, 0x19, 0xff, 0xe8, 0x02, 0xe4, 0xe8, 0x02, 0x8f, 0x6c,
	0x01, 0xff, 0x3e, 0x19, 0xff, 0x72, 0x01, 0xda, 0xba, 0x4b, 0xff, 0x3e, 0x19, 0xff, 0xde, 0x02,
	0xdc, 0xde, 0x02, 0x86, 0xba, 0x4b, 0xff, 0x3e, 0x19, 0xff, 0x3e, 0x19, 0xeb, 0xba, 0x4b, 0xff,
	0x3e, 0x19, 0xff, 0xde, 0x02, 0xe4, 0xde, 0x02, 0x8f, 0x6c, 0x01, 0xff, 0x3e, 0x19, 0xff, 0x72,
	0x01, 0xda, 0xba, 0x4b, 0xff, 0x3e, 0x19, 0xff, 0x3e, 0x19, 0xeb, 0xba, 0x4b, 0xff, 0x3e, 0x19,
	0xff, 0x3e, 0x19, 0xff, 0x3e, 0x19, 0xff, 0x01, 0x00, 0xff, 0x01, 0x00, 0x88, 0x01, 0x00, 0x93,
	0x3e, 0x19, 0xff, 0x3e, 0x19, 0xff, 0x22, 0x05, 0x00, 0x3d, 0xff, 0x3e, 0x19, 0xff, 0x1c, 0x05,
	0xe4, 0x1c, 0x05, 0x8f, 0x6c, 0x01, 0xff, 0x3e, 0x19, 0xff, 0x72, 0x01, 0xda, 0xba, 0x4b, 0x00,
	0x8b, 0xff, 0x3e, 0x19, 0xff, 0x6c, 0x01, 0xe4, 0xba, 0x4b, 0x8e, 0x6c, 0x01, 0xff, 0x3e, 0x19,
	0xff, 0x72, 0x01, 0xda, 0xba, 0x4b, 0x8e, 0x72, 0x01, 0xff, 0x3e, 0x19, 0xff, 0x6c, 0x01, 0xd3,
	0xde, 0x02, 0x8f, 0x6c, 0x01, 0xff, 0x3e, 0x19, 0xff, 0x72, 0x01, 0xda, 0xba, 0x4b, 0x8e, 0x72,
	0x01, 0xff, 0x3e, 0x19, 0xff, 0x6c, 0x01, 0xd3, 0xde, 0x02, 0x8f, 0x6c, 0x01, 0xff, 0x3e, 0x19,
	0xff, 0x7c, 0x01, 0xe4, 0xba, 0x4b, 0x8c, 0x7c, 0x01, 0xff, 0x3e, 0x19, 0xff, 0x6c, 0x01, 0xd5,
	0xe8, 0x02, 0x8f, 0x6c, 0x01, 0xff, 0x3e, 0x19, 0xff, 0x72, 0x01, 0xda, 0xba, 0x4b, 0x8e, 0x72,
	0x01, 0xff, 0x3e, 0x19, 0xff, 0x6c, 0x01, 0xcb, 0xde, 0x02, 0x86, 0xba, 0x4b, 0x8e, 0x6c, 0x01,
	0xff, 0x3e, 0x19, 0xff, 0x72, 0x01, 0xda, 0xba, 0x4b, 0x8e, 0x72, 0x01, 0xff, 0x3e, 0x19, 0xff,
	0x6c, 0x01, 0xd3, 0xde, 0x02, 0x8f, 0x6c, 0x01, 0xff, 0x3e, 0x19, 0xff, 0x72, 0x01, 0xda, 0xba,
	0x4b, 0x8e, 0x72, 0x01, 0xff, 0x3e, 0x19, 0xff, 0x72, 0x01, 0xda, 0xba, 0x4b, 0x8c, 0x72, 0x01,
	0xff, 0x3e, 0x19, 0xff, 0x3e, 0x19, 0xff, 0x3e, 0x19, 0xff, 0x01, 0x00, 0xfb, 0x01, 0x00, 0x93,
	0x3e, 0x19, 0xff, 0x3e, 0x19, 0xff, 0x22, 0x05, 0x00, 0x39, 0x8e, 0x38, 0x0f, 0xff, 0x3e, 0x19,
	0xff, 0x6c, 0x01, 0xd3, 0x1c, 0x05, 0x8f, 0x6c, 0x01, 0xff, 0x3e, 0x19, 0xff, 0x72, 0x01, 0xda,
	0xba, 0x4b, 0xff, 0x3e, 0x19, 0xff, 0xde, 0x02, 0xdc, 0xde, 0x02, 0x86, 0xba, 0x4b, 0xff, 0x3e,
	0x19, 0xff, 0x3e, 0x19, 0xeb, 0xba, 0x4b, 0xff, 0x3e, 0x19, 0xff, 0xde, 0x02, 0xe4, 0xde, 0x02,
	0x8f, 0x6c, 0x01, 0xff, 0x3e, 0x19, 0xff, 0x72, 0x01, 0xda, 0xba, 0x4b, 0xff, 0x3e, 0x19, 0xff,
	0xde, 0x02, 0xe4, 0xde, 0x02, 0x8f, 0x6c, 0x01, 0xff, 0x3e, 0x19, 0xff, 0x7c, 0x01, 0xe4, 0xba,
	0x4b, 0xff, 0x3e, 0x19, 0xff, 0xe8, 0x02, 0xe4, 0xe8, 0x02, 0x8f, 0x6c, 0x01, 0xff, 0x3e, 0x19,
	0xff, 0x72, 0x01, 0xda, 0xba, 0x4b, 0xff, 0x3e, 0x19, 0xff, 0xde, 0x02, 0xdc, 0xde, 0x02, 0x86,
	0xba, 0x4b, 0xff, 0x3e, 0x19, 0xff, 0x3e, 0x19, 0xeb, 0xba, 0x4b, 0xff, 0x3e, 0x19, 0xff, 0xde,
	0x02, 0xe4, 0xde, 0x02, 0x8f, 0x6c, 0x01, 0xff, 0x3e, 0x19, 0xff, 0x72, 0x01, 0xda, 0xba, 0x4b,
	0xff, 0x3e, 0x19, 0xff, 0x3e, 0x19, 0xeb, 0xba, 0x4b, 0xff, 0x3e, 0x19, 0xff, 0x3e, 0x19, 0xff,
	0x3e, 0x19, 0xff, 0x01, 0x00, 0xff, 0x01, 0x00, 0x88, 0x01, 0x00, 0x93, 0x3e, 0x19, 0xff, 0x3e,
	0x19, 0xff, 0x22, 0x05, 0x00, 0x3b, 0xff, 0x3e, 0x19, 0xff, 0x1c, 0x05, 0xe4, 0x1c, 0x05, 0x8f,
	0x6c, 0x01, 0xff, 0x3e, 0x19, 0xff, 0x72, 0x01, 0xda, 0xba, 0x4b, 0xff, 0x3e, 0x19, 0xff, 0xde,
	0x02, 0xdc, 0xde, 0x02, 0x86, 0xba, 0x4b, 0xff, 0x3e, 0x19, 0xff, 0x3e, 0x19, 0xeb, 0xba, 0x4b,
	0xff, 0x3e, 0x19, 0xff, 0xde, 0x02, 0xe4, 0xde, 0x02, 0x8f, 0x6c, 0x01, 0xff, 0x3e, 0x19, 0xff,
	0x72, 0x01, 0xda, 0xba, 0x4b, 0xff, 0x3e, 0x19, 0xff, 0xde, 0x02, 0xe4, 0xde, 0x02, 0x8f, 0x6c,
	0x01, 0xff, 0x3e, 0x19, 0xff, 0x7c, 0x01, 0xe4, 0xba, 0x4b, 0xff, 0x3e, 0x19, 0xff, 0xe8, 0x02,
	0xe4, 0xe8, 0x02, 0x8f, 0x6c, 0x01, 0xff, 0x3e, 0x19, 0xff, 0x72, 0x01, 0xda, 0xba, 0x4b, 0xff,
	0x3e, 0x19, 0xff, 0xde, 0x02, 0xdc, 0xde, 0x02, 0x86, 0xba, 0x4b, 0xff, 0x3e, 0x19, 0xff, 0x3e,
	0x19, 0xeb, 0xba, 0x4b, 0xff, 0x3e, 0x19, 0xff, 0xde, 0x02, 0xe4, 0xde, 0x02, 0x8f, 0x6c, 0x01,
	0xff, 0x3e, 0x19, 0xff, 0x72, 0x01, 0xda, 0xba, 0x4b, 0xff, 0x3e, 0x19, 0xff, 0x3e, 0x19, 0xeb,
	0xba, 0x4b, 0xff, 0x3e, 0x19, 0xff, 0x3e, 0x19, 0xff, 0x3e, 0x19, 0xff, 0x01, 0x00, 0xff, 0x01,
	0x00, 0x88, 0x01, 0x00, 0x93, 0x3e, 0x19, 0xff, 0x3e, 0x19, 0xff, 0x22, 0x05, 0x00, 0x3d, 0xff,
	0x3e, 0x19, 0xff, 0x1c, 0x05, 0xe4, 0x1c, 0x05, 0x8f, 0x6c, 0x01, 0xff, 0x3e, 0x19, 0xff, 0x72,
	0x01, 0xda, 0xba, 0x4b, 0x00, 0x84, 0xff, 0x3e, 0x19, 0xff, 0x6c, 0x01, 0xe4, 0xba, 0x4b, 0x8e,
	0x6c, 0x01, 0xff, 0x3e, 0x19, 0xff, 0x72, 0x01, 0xda, 0xba, 0x4b, 0x8e, 0x72, 0x01, 0xff, 0x3e,
	0x19, 0xff, 0x6c, 0x01, 0xd3, 0xde, 0x02, 0x8f, 0x6c, 0x01, 0xff, 0x3e, 0x19, 0xff, 0x72, 0x01,
	0xda, 0xba, 0x4b, 0x8e, 0x72, 0x01, 0xff, 0x3e, 0x19, 0xff, 0x6c, 0x01, 0xd3, 0xde, 0x02, 0x8f,
	0x6c, 0x01, 0xff, 0x3e, 0x19, 0xff, 0x7c, 0x01, 0xe4, 0xba, 0x4b, 0x8c, 0x7c, 0x01, 0xff, 0x3e,
	0x19, 0xff, 0x6c, 0x01, 0xd5, 0xe8, 0x02, 0x8f, 0x6c, 0x01, 0xff, 0x3e, 0x19, 0xff, 0x72, 0x01,
	0xda, 0xba, 0x4b, 0x8e, 0x72, 0x01, 0xff, 0x3e, 0x19, 0xff, 0x6c, 0x01, 0xcb, 0xde, 0x02, 0x86,
	0xba, 0x4b, 0x8e, 0x6c, 0x01, 0xff, 0x3e, 0x19, 0xff, 0x72, 0x01, 0xda, 0xba, 0x4b, 0x8e, 0x72,
	0x01, 0xff, 0x3e, 0x19, 0xff, 0x6c, 0x01, 0xd3, 0xde, 0x02, 0x8f, 0x6c, 0x01, 0xff, 0x3e, 0x19,
	0xff, 0x72, 0x01, 0xda, 0xba, 0x4b, 0x8e, 0x72, 0x01, 0xff, 0x3e, 0x19, 0xff, 0x72, 0x01, 0xda,
	0xba, 0x4b, 0x8c, 0x72, 0x01, 0xff, 0x3e, 0x19, 0xff, 0x3e, 0x19, 0xff, 0x3e, 0x19, 0xff, 0x01,
	0x00, 0xfb, 0x01, 0x00, 0x93, 0x3e, 0x19, 0xff, 0x3e, 0x19, 0xff, 0x22, 0x05, 0x00, 0x39, 0x8e,
	0x38, 0x0f, 0xff, 0x3e, 0x19, 0xff, 0x6c, 0x01, 0xd3, 0x1c, 0x05, 0x8f, 0x6c, 0x01, 0xff, 0x3e,
	0x19, 0xff, 0x72, 0x01, 0xda, 0xba, 0x4b, 0xff, 0x3e, 0x19, 0xff, 0xde, 0x02, 0xdc, 0xde, 0x02,
	0x86, 0xba, 0x4b, 0xff, 0x3e, 0x19, 0xff, 0x3e, 0x19, 0xeb, 0xba, 0x4b, 0xff, 0x3e, 0x19, 0xff,
	0xde, 0x02, 0xe4, 0xde, 0x02, 0x8f, 0x6c, 0x01, 0xff, 0x3e, 0x19, 0xff, 0x72, 0x01, 0xda, 0xba,
	0x4b, 0xff, 0x3e, 0x19, 0xff, 0xde, 0x02, 0xe4, 0xde, 0x02, 0x8f, 0x6c, 0x01, 0xff, 0x3e, 0x19,
	0xff, 0x7c, 0x01, 0xe4, 0xba, 0x4b, 0xff, 0x3e, 0x19, 0xff, 0xe8, 0x02, 0xe4, 0xe8, 0x02, 0x8f,
	0x6c, 0x01, 0xff, 0x3e, 0x19, 0xff, 0x72, 0x01, 0xda, 0xba, 0x4b, 0xff, 0x3e, 0x19, 0xff, 0xde,
	0x02, 0xdc, 0xde, 0x02, 0x86, 0xba, 0x4b, 0xff, 0x3e, 0x19, 0xff, 0x3e, 0x19, 0xeb, 0xba, 0x4b,
	0xff, 0x3e, 0x19, 0xff, 0xde, 0x02, 0xe4, 0xde, 0x02, 0x8f, 0x6c, 0x01, 0xff, 0x3e, 0x19, 0xff,
	0x72, 0x01, 0xda, 0xba, 0x4b, 0xff, 0x3e, 0x19, 0xff, 0x3e, 0x19, 0xeb, 0xba, 0x4b, 0xff, 0x3e,
	0x19, 0xff, 0x3e, 0x19, 0xff, 0x3e, 0x19, 0xff, 0x01, 0x00, 0xff, 0x01, 0x00, 0x88, 0x01, 0x00,
	0x93, 0x3e, 0x19, 0xff, 0x3e, 0x19, 0xff, 0x22, 0x05, 0x00, 0x3b, 0xff, 0x3e, 0x19, 0xff, 0x1c,
	0x05, 0xe4, 0x1c, 0x05, 0x8f, 0x6c, 0x01, 0xff, 0x3e, 0x19, 0xff, 0x72, 0x01, 0xda, 0xba, 0x4b,
	0xff, 0x3e, 0x19, 0xff, 0xde, 0x02, 0xdc, 0xde, 0x02, 0x86, 0xba, 0x4b, 0xff, 0x3e, 0x19, 0xff,
	0x3e, 0x19, 0xeb, 0xba, 0x4b, 0xff, 0x3e, 0x19, 0xff, 0xde, 0x02, 0xe4, 0xde, 0x02, 0x8f, 0x6c,
	0x01, 0xff, 0x3e, 0x19, 0xff, 0x72, 0x01, 0xda, 0xba, 0x4b, 0xff, 0x3e, 0x19, 0xff, 0xde, 0x02,
	0xe4, 0xde, 0x02, 0x8f, 0x6c, 0x01, 0xff, 0x3e, 0x19, 0xff, 0x7c, 0x01, 0xe4, 0xba, 0x4b, 0xff,
	0x3e, 0x19, 0xff, 0xe8, 0x02, 0xe4, 0xe8, 0x02, 0x8f, 0x6c, 0x01, 0xff, 0x3e, 0x19, 0xff, 0x72,
	0x01, 0xda, 0xba, 0x4b, 0xff, 0x3e, 0x19, 0xff, 0xde, 0x02, 0xdc, 0xde, 0x02, 0x86, 0xba, 0x4b,
	0xff, 0x3e, 0x19, 0xff, 0x3e, 0x19, 0xeb, 0xba, 0x4b, 0xff, 0x3e, 0x19, 0xff, 0xde, 0x02, 0xe4,
	0xde, 0x02, 0x8f, 0x6c, 0x01, 0xff, 0x3e, 0x19, 0xff, 0x72, 0x01, 0xda, 0xba, 0x4b, 0xff, 0x3e,
	0x19, 0xff, 0x3e, 0x19, 0xeb, 0xba, 0x4b, 0xff, 0x3e, 0x19, 0xff, 0x3e, 0x19, 0xff, 0x3e, 0x19,
	0xff, 0x01, 0x00, 0xff, 0x01, 0x00, 0x88, 0x01, 0x00, 0x93, 0x3e, 0x19, 0xff, 0x3e, 0x19, 0xff,
	0x22, 0x05, 0x00, 0x3d, 0xff, 0x3e, 0x19, 0xff, 0x1c, 0x05, 0xe4, 0x1c, 0x05, 0x8f, 0x6c, 0x01,
	0xff, 0x3e, 0x19, 0xff, 0x72, 0x01, 0xda, 0xba, 0x4b, 0x00, 0x8c, 0xff, 0x3e, 0x19, 0xff, 0x6c,
	0x01, 0xe4, 0xba, 0x4b, 0x8e, 0x6c, 0x01, 0xff, 0x3e, 0x19, 0xff, 0x72, 0x01, 0xda, 0xba, 0x4b,
	0x8e, 0x72, 0x01, 0xff, 0x3e, 0x19, 0xff, 0x6c, 0x01, 0xd3, 0xde, 0x02, 0x8f, 0x6c, 0x01, 0xff,
	0x3e, 0x19, 0xff, 0x72, 0x01, 0xda, 0xba, 0x4b, 0x8e, 0x72, 0x01, 0xff, 0x3e, 0x19, 0xff, 0x6c,
	0x01, 0xd3, 0xde, 0x02, 0x8f, 0x6c, 0x01, 0xff, 0x3e, 0x19, 0xff, 0x7c, 0x01, 0xe4, 0xba, 0x4b,
	0x8c, 0x7c, 0x01, 0xff, 0x3e, 0x19, 0xff, 0x6c, 0x01, 0xd5, 0xe8, 0x02, 0x8f, 0x6c, 0x01, 0xff,
	0x3e, 0x19, 0xff, 0x72, 0x01, 0xda, 0xba, 0x4b, 0x8e, 0x72, 0x01, 0xff, 0x3e, 0x19, 0xff, 0x6c,
	0x01, 0xcb, 0xde, 0x02, 0x86, 0xba, 0x4b, 0x8e, 0x6c, 0x01, 0xff, 0x3e, 0x19, 0xff, 0x72, 0x01,
	0xda, 0xba, 0x4b, 0x8e, 0x72, 0x01, 0xff, 0x3e, 0x19, 0xff, 0x6c, 0x01, 0xd3, 0xde, 0x02, 0x8f,
	0x6c, 0x01, 0xff, 0x3e, 0x19, 0xff, 0x72, 0x01, 0xda, 0xba, 0x4b, 0x8e, 0x72, 0x01, 0xff, 0x3e,
	0x19, 0xff, 0x72, 0x01, 0xda, 0xba, 0x4b, 0x8c, 0x72, 0x01, 0xff, 0x3e, 0x19, 0xff, 0x3e, 0x19,
	0xff, 0x3e, 0x19, 0xff, 0x01, 0x00, 0xfb, 0x01, 0x00, 0x93, 0x3e, 0x19, 0xff, 0x3e, 0x19, 0xff,
	0x22, 0x05, 0x00, 0x39, 0x8e, 0x38, 0x0f, 0xff, 0x3e, 0x19, 0xff, 0x6c, 0x01, 0xd3, 0x1c, 0x05,
	0x8f, 0x6c, 0x01, 0xff, 0x3e, 0x19, 0xff, 0x72, 0x01, 0xda, 0xba, 0x4b, 0xff, 0x3e, 0x19, 0xff,
	0xde, 0x02, 0xdc, 0xde, 0x02, 0x86, 0xba, 0x4b, 0xff, 0x3e, 0x19, 0xff, 0x3e, 0x19, 0xeb, 0xba,
	0x4b, 0xff, 0x3e, 0x19, 0xff, 0xde, 0x02, 0xe4, 0xde, 0x02, 0x8f, 0x6c, 0x01, 0xff, 0x3e, 0x19,
	0xff, 0x72, 0x01, 0xda, 0xba, 0x4b, 0xff, 0x3e, 0x19, 0xff, 0xde, 0x02, 0xe4, 0xde, 0x02, 0x8f,
	0x6c, 0x01, 0xff, 0x3e, 0x19, 0xff, 0x7c, 0x01, 0xe4, 0xba, 0x4b, 0xff, 0x3e, 0x19, 0xff, 0xe8,
	0x02, 0xe4, 0xe8, 0x02, 0x8f, 0x6c, 0x01, 0xff, 0x3e, 0x19, 0xff, 0x72, 0x01, 0xda, 0xba, 0x4b,
	0xff, 0x3e, 0x19, 0xff, 0xde, 0x02, 0xdc, 0xde, 0x02, 0x86, 0xba, 0x4b, 0xff, 0x3e, 0x19, 0xff,
	0x3e, 0x19, 0xeb, 0xba, 0x4b, 0xff, 0x3e, 0x19, 0xff, 0xde, 0x02, 0xe4, 0xde, 0x02, 0x8f, 0x6c,
	0x01, 0xff, 0x3e, 0x19, 0xff, 0x72, 0x01, 0xda, 0xba, 0x4b, 0xff, 0x3e, 0x19, 0xff, 0x3e, 0x19,
	0xeb, 0xba, 0x4b, 0xff, 0x3e, 0x19, 0xff, 0x3e, 0x19, 0xff, 0x3e, 0x19, 0xff, 0x01, 0x00, 0xff,
	0x01, 0x00, 0x88, 0x01, 0x00, 0x93, 0x3e, 0x19, 0xff, 0x3e, 0x19, 0xff, 0x22, 0x05, 0x00, 0x3b,
	0xff, 0x3e, 0x19, 0xff, 0x1c, 0x05, 0xe4, 0x1c, 0x05, 0x8f, 0x6c, 0x01, 0xff, 0x3e, 0x19, 0xff,
	0x72, 0x01, 0xda, 0xba, 0x4b, 0xff, 0x3e, 0x19, 0xff, 0xde, 0x02, 0xdc, 0xde, 0x02, 0x86, 0xba,
	0x4b, 0xff, 0x3e, 0x19, 0xff, 0x3e, 0x19, 0xeb, 0xba, 0x4b, 0xff, 0x3e, 0x19, 0xff, 0xde, 0x02,
	0xe4, 0xde, 0x02, 0x8f, 0x6c, 0x01, 0xff, 0x3e, 0x19, 0xff, 0x72, 0x01, 0xda, 0xba, 0x4b, 0xff,
	0x3e, 0x19, 0xff, 0xde, 0x02, 0xe4, 0xde, 0x02, 0x8f, 0x6c, 0x01, 0xff, 0x3e, 0x19, 0xff, 0x7c,
	0x01, 0xe4, 0xba, 0x4b, 0xff, 0x3e, 0x19, 0xff, 0xe8, 0x02, 0xe4, 0xe8, 0x02, 0x8f, 0x6c, 0x01,
	0xff, 0x3e, 0x19, 0xff, 0x72, 0x01, 0xda, 0xba, 0x4b, 0xff, 0x3e, 0x19, 0xff, 0xde, 0x02, 0xdc,
	0xde, 0x02, 0x86, 0xba, 0x4b, 0xff, 0x3e, 0x19, 0xff, 0x3e, 0x19, 0xeb, 0xba, 0x4b, 0xff, 0x3e,
	0x19, 0xff, 0xde, 0x02, 0xe4, 0xde, 0x02, 0x8f, 0x6c, 0x01, 0xff, 0x3e, 0x19, 0xff, 0x72, 0x01,
	0xda, 0xba, 0x4b, 0xff, 0x3e, 0x19, 0xff, 0x3e, 0x19, 0xeb, 0xba, 0x4b, 0xff, 0x3e, 0x19, 0xff,
	0x3e, 0x19, 0xff, 0x3e, 0x19, 0xff, 0x01, 0x00, 0xff, 0x01, 0x00, 0x88, 0x01, 0x00, 0x93, 0x3e,
	0x19, 0xff, 0x3e, 0x19, 0xff, 0x22, 0x05, 0x00, 0x3d, 0xff, 0x3e, 0x19, 0xff, 0x1c, 0x05, 0xe4,
	0x1c, 0x05, 0x8f, 0x6c, 0x01, 0xff, 0x3e, 0x19, 0xff, 0x72, 0x01, 0xda, 0xba, 0x4b, 0x00, 0x85,
	0xff, 0x3e, 0x19, 0xff, 0x6c, 0x01, 0xe4, 0xba, 0x4b, 0x8e, 0x6c, 0x01, 0xff, 0x3e, 0x19, 0xff,
	0x72, 0x01, 0xda, 0xba, 0x4b, 0x8e, 0x72, 0x01, 0xff, 0x3e, 0x19, 0xff, 0x6c, 0x01, 0xd3, 0xde,
	0x02, 0x8f, 0x6c, 0x01, 0xff, 0x3e, 0x19, 0xff, 0x72, 0x01, 0xda, 0xba, 0x4b, 0x8e, 0x72, 0x01,
	0xff, 0x3e, 0x19, 0xff, 0x6c, 0x01, 0xd3, 0xde, 0x02, 0x8f, 0x6c, 0x01, 0xff, 0x3e, 0x19, 0xff,
	0x7c, 0x01, 0xe4, 0xba, 0x4b, 0x8c, 0x7c, 0x01, 0xff, 0x3e, 0x19, 0xff, 0x6c, 0x01, 0xd5, 0xe8,
	0x02, 0x8f, 0x6c, 0x01, 0xff, 0x3e, 0x19, 0xff, 0x72, 0x01, 0xda, 0xba, 0x4b, 0x8e, 0x72, 0x01,
	0xff, 0x3e, 0x19, 0xff, 0x6c, 0x01, 0xcb, 0xde, 0x02, 0x86, 0xba, 0x4b, 0x8e, 0x6c, 0x01, 0xff,
	0x3e, 0x19, 0xff, 0x72, 0x01, 0xda, 0xba, 0x4b, 0x8e, 0x72, 0x01, 0xff, 0x3e, 0x19, 0xff, 0x6c,
	0x01, 0xd3, 0xde, 0x02, 0x8f, 0x6c, 0x01, 0xff, 0x3e, 0x19, 0xff, 0x72, 0x01, 0xda, 0xba, 0x4b,
	0x8e, 0x72, 0x01, 0xff, 0x3e, 0x19, 0xff, 0x72, 0x01, 0xda, 0xba, 0x4b, 0x8c, 0x72, 0x01, 0xff,
	0x3e, 0x19, 0xff, 0x3e, 0x19, 0xff, 0x3e, 0x19, 0xff, 0x01, 0x00, 0xfb, 0x01, 0x00, 0x93, 0x3e,
	0x19, 0xff, 0x3e, 0x19, 0xff, 0x22, 0x05, 0x00, 0x39, 0x8e, 0x38, 0x0f, 0xff, 0x3e, 0x19, 0xff,
	0x6c, 0x01, 0xd3, 0x1c, 0x05, 0x8f, 0x6c, 0x01, 0xff, 0x3e, 0x19, 0xff, 0x72, 0x01, 0xda, 0xba,
	0x4b, 0xff, 0x3e, 0x19, 0xff, 0xde, 0x02, 0xdc, 0xde, 0x02, 0x86, 0xba, 0x4b, 0xff, 0x3e, 0x19,
	0xff, 0x3e, 0x19, 0xeb, 0xba, 0x4b, 0xff, 0x3e, 0x19, 0xff, 0xde, 0x02, 0xe4, 0xde, 0x02, 0x8f,
	0x6c, 0x01, 0xff, 0x3e, 0x19, 0xff, 0x72, 0x01, 0xda, 0xba, 0x4b, 0xff, 0x3e, 0x19, 0xff, 0xde,
	0x02, 0xe4, 0xde, 0x02, 0x8f, 0x6c, 0x01, 0xff, 0x3e, 0x19, 0xff, 0x7c, 0x01, 0xe4, 0xba, 0x4b,
	0xff, 0x3e, 0x19, 0xff, 0xe8, 0x02, 0xe4, 0xe8, 0x02, 0x8f, 0x6c, 0x01, 0xff, 0x3e, 0x19, 0xff,
	0x72, 0x01, 0xda, 0xba, 0x4b, 0xff, 0x3e, 0x19, 0xff, 0xde, 0x02, 0xdc, 0xde, 0x02, 0x86, 0xba,
	0x4b, 0xff, 0x3e, 0x19, 0xff, 0x3e, 0x19, 0xeb, 0xba, 0x4b, 0xff, 0x3e, 0x19, 0xff, 0xde, 0x02,
	0xe4, 0xde, 0x02, 0x8f, 0x6c, 0x01, 0xff, 0x3e, 0x19, 0xff, 0x72, 0x01, 0xda, 0xba, 0x4b, 0xff,
	0x3e, 0x19, 0xff, 0x3e, 0x19, 0xeb, 0xba, 0x4b, 0xff, 0x3e, 0x19, 0xff, 0x3e, 0x19, 0xff, 0x3e,
	0x19, 0xff, 0x01, 0x00, 0xff, 0x01, 0x00, 0x88, 0x01, 0x00, 0x93, 0x3e, 0x19, 0xff, 0x3e, 0x19,
	0xff, 0x22, 0x05, 0x00, 0x3b, 0xff, 0x3e, 0x19, 0xff, 0x1c, 0x05, 0xe4, 0x1c, 0x05, 0x8f, 0x6c,
	0x01, 0xff, 0x3e, 0x19, 0xff, 0x72, 0x01, 0xda, 0xba, 0x4b, 0xff, 0x3e, 0x19, 0xff, 0xde, 0x02,
	0xdc, 0xde, 0x02, 0x86, 0xba, 0x4b, 0xff, 0x3e, 0x19, 0xff, 0x3e, 0x19, 0xeb, 0xba, 0x4b, 0xff,
	0x3e, 0x19, 0xff, 0xde, 0x02, 0xe4, 0xde, 0x02, 0x8f, 0x6c, 0x01, 0xff, 0x3e, 0x19, 0xff, 0x72,
	0x01, 0xda, 0xba, 0x4b, 0xff, 0x3e, 0x19, 0xff, 0xde, 0x02, 0xe4, 0xde, 0x02, 0x8f, 0x6c, 0x01,
	0xff, 0x3e, 0x19, 0xff, 0x7c, 0x01, 0xe4, 0xba, 0x4b, 0xff, 0x3e, 0x19, 0xff, 0xe8, 0x02, 0xe4,
	0xe8, 0x02, 0x8f, 0x6c, 0x01, 0xff, 0x3e, 0x19, 0xff, 0x72, 0x01, 0xda, 0xba, 0x4b, 0xff, 0x3e,
	0x19, 0xff, 0xde, 0x02, 0xdc, 0xde, 0x02, 0x86, 0xba, 0x4b, 0xff, 0x3e, 0x19, 0xff, 0x3e, 0x19,
	0xeb, 0xba, 0x4b, 0xff, 0x3e, 0x19, 0xff, 0xde, 0x02, 0xe4, 0xde, 0x02, 0x8f, 0x6c, 0x01, 0xff,
	0x3e, 0x19, 0xff, 0x72, 0x01, 0xda, 0xba, 0x4b, 0xff, 0x3e, 0x19, 0xff, 0x3e, 0x19, 0xeb, 0xba,
	0x4b, 0xff, 0x3e, 0x19, 0xff, 0x3e, 0x19, 0xff, 0x3e, 0x19, 0xff, 0x01, 0x00, 0xff, 0x01, 0x00,
	0x88, 0x01, 0x00, 0x93, 0x3e, 0x19, 0xff, 0x3e, 0x19, 0xff, 0x22, 0x05, 0x00, 0x3d, 0xff, 0x3e,
	0x19, 0xff, 0x1c, 0x05, 0xe4, 0x1c, 0x05, 0x8f, 0x6c, 0x01, 0xff, 0x3e, 0x19, 0xff, 0x72, 0x01,
	0xda, 0xba, 0x4b, 0x00, 0x8d, 0xff, 0x3e, 0x19, 0xff, 0x6c, 0x01, 0xe4, 0xba, 0x4b, 0x8e, 0x6c,
	0x01, 0xff, 0x3e, 0x19, 0xff, 0x72, 0x01, 0xda, 0xba, 0x4b, 0x8e, 0x72, 0x01, 0xff, 0x3e, 0x19,
	0xff, 0x6c, 0x01, 0xd3, 0xde, 0x02, 0x8f, 0x6c, 0x01, 0xff, 0x3e, 0x19, 0xff, 0x72, 0x01, 0xda,
	0xba, 0x4b, 0x8e, 0x72, 0x01, 0xff, 0x3e, 0x19, 0xff, 0x6c, 0x01, 0xd3, 0xde, 0x02, 0x8f, 0x6c,
	0x01, 0xff, 0x3e, 0x19, 0xff, 0x7c, 0x01, 0xe4, 0xba, 0x4b, 0x8c, 0x7c, 0x01, 0xff, 0x3e, 0x19,
	0xff, 0x6c, 0x01, 0xd5, 0xe8, 0x02, 0x8f, 0x6c, 0x01, 0xff, 0x3e, 0x19, 0xff, 0x72, 0x01, 0xda,
	0xba, 0x4b, 0x8e, 0x72, 0x01, 0xff, 0x3e, 0x19, 0xff, 0x6c, 0x01, 0xcb, 0xde, 0x02, 0x86, 0xba,
	0x4b, 0x8e, 0x6c, 0x01, 0xff, 0x3e, 0x19, 0xff, 0x72, 0x01, 0xda, 0xba, 0x4b, 0x8e, 0x72, 0x01,
	0xff, 0x3e, 0x19, 0xff, 0x6c, 0x01, 0xd3, 0xde, 0x02, 0x8f, 0x6c, 0x01, 0xff, 0x3e, 0x19, 0xff,
	0x72, 0x01, 0xda, 0xba, 0x4b, 0x8e, 0x72, 0x01, 0xff, 0x3e, 0x19, 0xff, 0x72, 0x01, 0xda, 0xba,
	0x4b, 0x8c, 0x72, 0x01, 0xff, 0x3e, 0x19, 0xff, 0x3e, 0x19, 0xff, 0x3e, 0x19, 0xff, 0x01, 0x00,
	0xfb, 0x01, 0x00, 0x93, 0x3e, 0x19, 0xff, 0x3e, 0x19, 0xff, 0x22, 0x05, 0x00, 0x39, 0x8e, 0x38,
	0x0f, 0xff, 0x3e, 0x19, 0xff, 0x6c, 0x01, 0xd3, 0x1c, 0x05, 0x8f, 0x6c, 0x01, 0xff, 0x3e, 0x19,
	0xff, 0x72, 0x01, 0xda, 0xba, 0x4b, 0xff, 0x3e, 0x19, 0xff, 0xde, 0x02, 0xdc, 0xde, 0x02, 0x86,
	0xba, 0x4b, 0xff, 0x3e, 0x19, 0xff, 0x3e, 0x19, 0xeb, 0xba, 0x4b, 0xff, 0x3e, 0x19, 0xff, 0xde,
	0x02, 0xe4, 0xde, 0x02, 0x8f, 0x6c, 0x01, 0xff, 0x3e, 0x19, 0xff, 0x72, 0x01, 0xda, 0xba, 0x4b,
	0xff, 0x3e, 0x19, 0xff, 0xde, 0x02, 0xe4, 0xde, 0x02, 0x8f, 0x6c, 0x01, 0xff, 0x3e, 0x19, 0xff,
	0x7c, 0x01, 0xe4, 0xba, 0x4b, 0xff, 0x3e, 0x19, 0xff, 0xe8, 0x02, 0xe4, 0xe8, 0x02, 0x8f, 0x6c,
	0x01, 0xff, 0x3e, 0x19, 0xff, 0x72, 0x01, 0xda, 0xba, 0x4b, 0xff, 0x3e, 0x19, 0xff, 0xde, 0x02,
	0xdc, 0xde, 0x02, 0x86, 0xba, 0x4b, 0xff, 0x3e, 0x19, 0xff, 0x3e, 0x19, 0xeb, 0xba, 0x4b, 0xff,
	0x3e, 0x19, 0xff, 0xde, 0x02, 0xe4, 0xde, 0x02, 0x8f, 0x6c, 0x01, 0xff, 0x3e, 0x19, 0xff, 0x72,
	0x01, 0xda, 0xba, 0x4b, 0xff, 0x3e, 0x19, 0xff, 0x3e, 0x19, 0xeb, 0xba, 0x4b, 0xff, 0x3e, 0x19,
	0xff, 0x3e, 0x19, 0xff, 0x3e, 0x19, 0xff, 0x01, 0x00, 0xff, 0x01, 0x00, 0x88, 0x01, 0x00, 0x93,
	0x3e, 0x19, 0xff, 0x3e, 0x19, 0xff, 0x22, 0x05, 0x00, 0x3b, 0xff, 0x3e, 0x19, 0xff, 0x1c, 0x05,
	0xe4, 0x1c, 0x05, 0x8f, 0x6c, 0x01, 0xff, 0x3e, 0x19, 0xff, 0x72, 0x01, 0xda, 0xba, 0x4b, 0xff,
	0x3e, 0x19, 0xff, 0xde, 0x02, 0xdc, 0xde, 0x02, 0x86, 0xba, 0x4b, 0xff, 0x3e, 0x19, 0xff, 0x3e,
	0x19, 0xeb, 0xba, 0x4b, 0xff, 0x3e, 0x19, 0xff, 0xde, 0x02, 0xe4, 0xde, 0x02, 0x8f, 0x6c, 0x01,
	0xff, 0x3e, 0x19, 0xff, 0x72, 0x01, 0xda, 0xba, 0x4b, 0xff, 0x3e, 0x19, 0xff, 0xde, 0x02, 0xe4,
	0xde, 0x02, 0x8f, 0x6c, 0x01, 0xff, 0x3e, 0x19, 0xff, 0x7c, 0x01, 0xe4, 0xba, 0x4b, 0xff, 0x3e,
	0x19, 0xff, 0xe8, 0x02, 0xe4, 0xe8, 0x02, 0x8f, 0x6c, 0x01, 0xff, 0x3e, 0x19, 0xff, 0x72, 0x01,
	0xda, 0xba, 0x4b, 0xff, 0x3e, 0x19, 0xff, 0xde, 0x02, 0xdc, 0xde, 0x02, 0x86, 0xba, 0x4b, 0xff,
	0x3e, 0x19, 0xff, 0x3e, 0x19, 0xeb, 0xba, 0x4b, 0xff, 0x3e, 0x19, 0xff, 0xde, 0x02, 0xe4, 0xde,
	0x02, 0x8f, 0x6c, 0x01, 0xff, 0x3e, 0x19, 0xff, 0x72, 0x01, 0xda, 0xba, 0x4b, 0xff, 0x3e, 0x19,
	0xff, 0x3e, 0x19, 0xeb, 0xba, 0x4b, 0xff, 0x3e, 0x19, 0xff, 0x3e, 0x19, 0xff, 0x3e, 0x19, 0xff,
	0x01, 0x00, 0xff, 0x01, 0x00, 0x88, 0x01, 0x00, 0x93, 0x3e, 0x19, 0xff, 0x3e, 0x19, 0xff, 0x22,
	0x05, 0x00, 0x3d, 0xff, 0x3e, 0x19, 0xff, 0x1c, 0x05, 0xe4, 0x1c, 0x05, 0x8f, 0x6c, 0x01, 0xff,
	0x3e, 0x19, 0xff, 0x72, 0x01, 0xda, 0xba, 0x4b, 0x00, 0x86, 0xff, 0x3e, 0x19, 0xff, 0x6c, 0x01,
	0xe4, 0xba, 0x4b, 0x8e, 0x6c, 0x01, 0xff, 0x3e, 0x19, 0xff, 0x72, 0x01, 0xda, 0xba, 0x4b, 0x8e,
	0x72, 0x01, 0xff, 0x3e, 0x19, 0xff, 0x6c, 0x01, 0xd3, 0xde, 0x02, 0x8f, 0x6c, 0x01, 0xff, 0x3e,
	0x19, 0xff, 0x72, 0x01, 0xda, 0xba, 0x4b, 0x8e, 0x72, 0x01, 0xff, 0x3e, 0x19, 0xff, 0x6c, 0x01,
	0xd3, 0xde, 0x02, 0x8f, 0x6c, 0x01, 0xff, 0x3e, 0x19, 0xff, 0x7c, 0x01, 0xe4, 0xba, 0x4b, 0x8c,
	0x7c, 0x01, 0xff, 0x3e, 0x19, 0xff, 0x6c, 0x01, 0xd5, 0xe8, 0x02, 0x8f, 0x6c, 0x01, 0xff, 0x3e,
	0x19, 0xff, 0x72, 0x01, 0xda, 0xba, 0x4b, 0x8e, 0x72, 0x01, 0xff, 0x3e, 0x19, 0xff, 0x6c, 0x01,
	0xcb, 0xde, 0x02, 0x86, 0xba, 0x4b, 0x8e, 0x6c, 0x01, 0xff, 0x3e, 0x19, 0xff, 0x72, 0x01, 0xda,
	0xba, 0x4b, 0x8e, 0x72, 0x01, 0xff, 0x3e, 0x19, 0xff, 0x6c, 0x01, 0xd3, 0xde, 0x02, 0x8f, 0x6c,
	0x01, 0xff, 0x3e, 0x19, 0xff, 0x72, 0x01, 0xda, 0xba, 0x4b, 0x8e, 0x72, 0x01, 0xff, 0x3e, 0x19,
	0xff, 0x72, 0x01, 0xda, 0xba, 0x4b, 0x8c, 0x72, 0x01, 0xff, 0x3e, 0x19, 0xff, 0x3e, 0x19, 0xff,
	0x3e, 0x19, 0xff, 0x01, 0x00, 0xfb, 0x01, 0x00, 0x93, 0x3e, 0x19, 0xff, 0x3e, 0x19, 0xff, 0x22,
	0x05, 0x00, 0x39, 0x8e, 0x38, 0x0f, 0xff, 0x3e, 0x19, 0xff, 0x6c, 0x01, 0xd3, 0x1c, 0x05, 0x8f,
	0x6c, 0x01, 0xff, 0x3e, 0x19, 0xff, 0x72, 0x01, 0xda, 0xba, 0x4b, 0xff, 0x3e, 0x19, 0xff, 0xde,
	0x02, 0xdc, 0xde, 0x02, 0x86, 0xba, 0x4b, 0xff, 0x3e, 0x19, 0xff, 0x3e, 0x19, 0xeb, 0xba, 0x4b,
	0xff, 0x3e, 0x19, 0xff, 0xde, 0x02, 0xe4, 0xde, 0x02, 0x8f, 0x6c, 0x01, 0xff, 0x3e, 0x19, 0xff,
	0x72, 0x01, 0xda, 0xba, 0x4b, 0xff, 0x3e, 0x19, 0xff, 0xde, 0x02, 0xe4, 0xde, 0x02, 0x8f, 0x6c,
	0x01, 0xff, 0x3e, 0x19, 0xff, 0x7c, 0x01, 0xe4, 0xba, 0x4b, 0xff, 0x3e, 0x19, 0xff, 0xe8, 0x02,
	0xe4, 0xe8, 0x02, 0x8f, 0x6c, 0x01, 0xff, 0x3e, 0x19, 0xff, 0x72, 0x01, 0xda, 0xba, 0x4b, 0xff,
	0x3e, 0x19, 0xff, 0xde, 0x02, 0xdc, 0xde, 0x02, 0x86, 0xba, 0x4b, 0xff, 0x3e, 0x19, 0xff, 0x3e,
	0x19, 0xeb, 0xba, 0x4b, 0xff, 0x3e, 0x19, 0xff, 0xde, 0x02, 0xe4, 0xde, 0x02, 0x8f, 0x6c, 0x01,
	0xff, 0x3e, 0x19, 0xff, 0x72, 0x01, 0xda, 0xba, 0x4b, 0xff, 0x3e, 0x19, 0xff, 0x3e, 0x19, 0xeb,
	0xba, 0x4b, 0xff, 0x3e, 0x19, 0xff, 0x3e, 0x19, 0xff, 0x3e, 0x19, 0xff, 0x01, 0x00, 0xff, 0x01,
	0x00, 0x88, 0x01, 0x00, 0x93, 0x3e, 0x19, 0xff, 0x3e, 0x19, 0xff, 0x22, 0x05, 0x00, 0x3b, 0xff,
	0x3e, 0x19, 0xff, 0x1c, 0x05, 0xe4, 0x1c, 0x05, 0x8f, 0x6c, 0x01, 0xff, 0x3e, 0x19, 0xff, 0x72,
	0x01, 0xda, 0xba, 0x4b, 0xff, 0x3e, 0x19, 0xff, 0xde, 0x02, 0xdc, 0xde, 0x02, 0x86, 0xba, 0x4b,
	0xff, 0x3e, 0x19, 0xff, 0x3e, 0x19, 0xeb, 0xba, 0x4b, 0xff, 0x3e, 0x19, 0xff, 0xde, 0x02, 0xe4,
	0xde, 0x02, 0x8f, 0x6c, 0x01, 0xff, 0x3e, 0x19, 0xff, 0x72, 0x01, 0xda, 0xba, 0x4b, 0xff, 0x3e,
	0x19, 0xff, 0xde, 0x02, 0xe4, 0xde, 0x02, 0x8f, 0x6c, 0x01, 0xff, 0x3e, 0x19, 0xff, 0x7c, 0x01,
	0xe4, 0xba, 0x4b, 0xff, 0x3e, 0x19, 0xff, 0xe8, 0x02, 0xe4, 0xe8, 0x02, 0x8f, 0x6c, 0x01, 0xff,
	0x3e, 0x19, 0xff, 0x72, 0x01, 0xda, 0xba, 0x4b, 0xff, 0x3e, 0x19, 0xff, 0xde, 0x02, 0xdc, 0xde,
	0x02, 0x86, 0xba, 0x4b, 0xff, 0x3e, 0x19, 0xff, 0x3e, 0x19, 0xeb, 0xba, 0x4b, 0xff, 0x3e, 0x19,
	0xff, 0xde, 0x02, 0xe4, 0xde, 0x02, 0x8f, 0x6c, 0x01, 0xff, 0x3e, 0x19, 0xff, 0x72, 0x01, 0xda,
	0xba, 0x4b, 0xff, 0x3e, 0x19, 0xff, 0x3e, 0x19, 0xeb, 0xba, 0x4b, 0xff, 0x3e, 0x19, 0xff, 0x3e,
	0x19, 0xff, 0x3e, 0x19, 0xff, 0x01, 0x00, 0xff, 0x01, 0x00, 0x88, 0x01, 0x00, 0x93, 0x3e, 0x19,
	0xff, 0x3e, 0x19, 0xff, 0x22, 0x05, 0x00, 0x3d, 0xff, 0x3e, 0x19, 0xff, 0x1c, 0x05, 0xe4, 0x1c,
	0x05, 0x8f, 0x6c, 0x01, 0xff, 0x3e, 0x19, 0xff, 0x72, 0x01, 0xda, 0xba, 0x4b, 0x00, 0x8e, 0xff,
	0x3e, 0x19, 0xff, 0x6c, 0x01, 0xe4, 0xba, 0x4b, 0x8e, 0x6c, 0x01, 0xff, 0x3e, 0x19, 0xff, 0x72,
	0x01, 0xda, 0xba, 0x4b, 0x8e, 0x72, 0x01, 0xff, 0x3e, 0x19, 0xff, 0x6c, 0x01, 0xd3, 0xde, 0x02,
	0x8f, 0x6c, 0x01, 0xff, 0x3e, 0x19, 0xff, 0x72, 0x01, 0xda, 0xba, 0x4b, 0x8e, 0x72, 0x01, 0xff,
	0x3e, 0x19, 0xff, 0x6c, 0x01, 0xd3, 0xde, 0x02, 0x8f, 0x6c, 0x01, 0xff, 0x3e, 0x19, 0xff, 0x7c,
	0x01, 0xe4, 0xba, 0x4b, 0x8c, 0x7c, 0x01, 0xff, 0x3e, 0x19, 0xff, 0x6c, 0x01, 0xd5, 0xe8, 0x02,
	0x8f, 0x6c, 0x01, 0xff, 0x3e, 0x19, 0xff, 0x72, 0x01, 0xda, 0xba, 0x4b, 0x8e, 0x72, 0x01, 0xff,
	0x3e, 0x19, 0xff, 0x6c, 0x01, 0xcb, 0xde, 0x02, 0x86, 0xba, 0x4b, 0x8e, 0x6c, 0x01, 0xff, 0x3e,
	0x19, 0xff, 0x72, 0x01, 0xda, 0xba, 0x4b, 0x8e, 0x72, 0x01, 0xff, 0x3e, 0x19, 0xff, 0x6c, 0x01,
	0xd3, 0xde, 0x02, 0x8f, 0x6c, 0x01, 0xff, 0x3e, 0x19, 0xff, 0x72, 0x01, 0xda, 0xba, 0x4b, 0x8e,
	0x72, 0x01, 0xff, 0x3e, 0x19, 0xff, 0x72, 0x01, 0xda, 0xba, 0x4b, 0x8c, 0x72, 0x01, 0xff, 0x3e,
	0x19, 0xff, 0x3e, 0x19, 0xff, 0x3e, 0x19, 0xff, 0x01, 0x00, 0xfb, 0x01, 0x00, 0x93, 0x3e, 0x19,
	0xff, 0x3e, 0x19, 0xff, 0x22, 0x05, 0x00, 0x39, 0x8e, 0x38, 0x0f, 0xff, 0x3e, 0x19, 0xff, 0x6c,
	0x01, 0xd3, 0x1c, 0x05, 0x8f, 0x6c, 0x01, 0xff, 0x3e, 0x19, 0xff, 0x72, 0x01, 0xda, 0xba, 0x4b,
	0xff, 0x3e, 0x19, 0xff, 0xde, 0x02, 0xdc, 0xde, 0x02, 0x86, 0xba, 0x4b, 0xff, 0x3e, 0x19, 0xff,
	0x3e, 0x19, 0xeb, 0xba, 0x4b, 0xff, 0x3e, 0x19, 0xff, 0xde, 0x02, 0xe4, 0xde, 0x02, 0x8f, 0x6c,
	0x01, 0xff, 0x3e, 0x19, 0xff, 0x72, 0x01, 0xda, 0xba, 0x4b, 0xff, 0x3e, 0x19, 0xff, 0xde, 0x02,
	0xe4, 0xde, 0x02, 0x8f, 0x6c, 0x01, 0xff, 0x3e, 0x19, 0xff, 0x7c, 0x01, 0xe4, 0xba, 0x4b, 0xff,
	0x3e, 0x19, 0xff, 0xe8, 0x02, 0xe4, 0xe8, 0x02, 0x8f, 0x6c, 0x01, 0xff, 0x3e, 0x19, 0xff, 0x72,
	0x01, 0xda, 0xba, 0x4b, 0xff, 0x3e, 0x19, 0xff, 0xde, 0x02, 0xdc, 0xde, 0x02, 0x86, 0xba, 0x4b,
	0xff, 0x3e, 0x19, 0xff, 0x3e, 0x19, 0xeb, 0xba, 0x4b, 0xff, 0x3e, 0x19, 0xff, 0xde, 0x02, 0xe4,
	0xde, 0x02, 0x8f, 0x6c, 0x01, 0xff, 0x3e, 0x19, 0xff, 0x72, 0x01, 0xda, 0xba, 0x4b, 0xff, 0x3e,
	0x19, 0xff, 0x3e, 0x19, 0xeb, 0xba, 0x4b, 0xff, 0x3e, 0x19, 0xff, 0x3e, 0x19, 0xff, 0x3e, 0x19,
	0xff, 0x01, 0x00, 0xff, 0x01, 0x00, 0x88, 0x01, 0x00, 0x93, 0x3e, 0x19, 0xff, 0x3e, 0x19, 0xff,
	0x22, 0x05, 0x00, 0x3b, 0xff, 0x3e, 0x19, 0xff, 0x1c, 0x05, 0xe4, 0x1c, 0x05, 0x8f, 0x6c, 0x01,
	0xff, 0x3e, 0x19, 0xff, 0x72, 0x01, 0xda, 0xba, 0x4b, 0xff, 0x3e, 0x19, 0xff, 0xde, 0x02, 0xdc,
	0xde, 0x02, 0x86, 0xba, 0x4b, 0xff, 0x3e, 0x19, 0xff, 0x3e, 0x19, 0xeb, 0xba, 0x4b, 0xff, 0x3e,
	0x19, 0xff, 0xde, 0x02, 0xe4, 0xde, 0x02, 0x8f, 0x6c, 0x01, 0xff, 0x3e, 0x19, 0xff, 0x72, 0x01,
	0xda, 0xba, 0x4b, 0xff, 0x3e, 0x19, 0xff, 0xde, 0x02, 0xe4, 0xde, 0x02, 0x8f, 0x6c, 0x01, 0xff,
	0x3e, 0x19, 0xff, 0x7c, 0x01, 0xe4, 0xba, 0x4b, 0xff, 0x3e, 0x19, 0xff, 0xe8, 0x02, 0xe4, 0xe8,
	0x02, 0x8f, 0x6c, 0x01, 0xff, 0x3e, 0x19, 0xff, 0x72, 0x01, 0xda, 0xba, 0x4b, 0xff, 0x3e, 0x19,
	0xff, 0xde, 0x02, 0xdc, 0xde, 0x02, 0x86, 0xba, 0x4b, 0xff, 0x3e, 0x19, 0xff, 0x3e, 0x19, 0xeb,
	0xba, 0x4b, 0xff, 0x3e, 0x19, 0xff, 0xde, 0x02, 0xe4, 0xde, 0x02, 0x8f, 0x6c, 0x01, 0xff, 0x3e,
	0x19, 0xff, 0x72, 0x01, 0xda, 0xba, 0x4b, 0xff, 0x3e, 0x19, 0xff, 0x3e, 0x19, 0xeb, 0xba, 0x4b,
	0xff, 0x3e, 0x19, 0xff, 0x3e, 0x19, 0xff, 0x3e, 0x19, 0xff, 0x01, 0x00, 0xff, 0x01, 0x00, 0x88,
	0x01, 0x00, 0x93, 0x3e, 0x19, 0xff, 0x3e, 0x19, 0xff, 0x22, 0x05, 0x00, 0x3d, 0xff, 0x3e, 0x19,
	0xff, 0x1c, 0x05, 0xe4, 0x1c, 0x05, 0x8f, 0x6c, 0x01, 0xff, 0x3e, 0x19, 0xff, 0x72, 0x01, 0xda,
	0xba, 0x4b, 0x00, 0x87, 0xff, 0x3e, 0x19, 0xff, 0x6c, 0x01, 0xe4, 0xba, 0x4b, 0x8e, 0x6c, 0x01,
	0xff, 0x3e, 0x19, 0xff, 0x72, 0x01, 0xda, 0xba, 0x4b, 0x8e, 0x72, 0x01, 0xff, 0x3e, 0x19, 0xff,
	0x6c, 0x01, 0xd3, 0xde, 0x02, 0x8f, 0x6c, 0x01, 0xff, 0x3e, 0x19, 0xff, 0x72, 0x01, 0xda, 0xba,
	0x4b, 0x8e, 0x72, 0x01, 0xff, 0x3e, 0x19, 0xff, 0x6c, 0x01, 0xd3, 0xde, 0x02, 0x8f, 0x6c, 0x01,
	0xff, 0x3e, 0x19, 0xff, 0x7c, 0x01, 0xe4, 0xba, 0x4b, 0x8c, 0x7c, 0x01, 0xff, 0x3e, 0x19, 0xff,
	0x6c, 0x01, 0xd5, 0xe8, 0x02, 0x8f, 0x6c, 0x01, 0xff, 0x3e, 0x19, 0xff, 0x72, 0x01, 0xda, 0xba,
	0x4b, 0x8e, 0x72, 0x01, 0xff, 0x3e, 0x19, 0xff, 0x6c, 0x01, 0xcb, 0xde, 0x02, 0x86, 0xba, 0x4b,
	0x8e, 0x6c, 0x01, 0xff, 0x3e, 0x19, 0xff, 0x72, 0x01, 0xda, 0xba, 0x4b, 0x8e, 0x72, 0x01, 0xff,
	0x3e, 0x19, 0xff, 0x6c, 0x01, 0xd3, 0xde, 0x02, 0x8f, 0x6c, 0x01, 0xff, 0x3e, 0x19, 0xff, 0x72,
	0x01, 0xda, 0xba, 0x4b, 0x8e, 0x72, 0x01, 0xff, 0x3e, 0x19, 0xff, 0x72, 0x01, 0xda, 0xba, 0x4b,
	0x8c, 0x72, 0x01, 0xff, 0x3e, 0x19, 0xff, 0x3e, 0x19, 0xff, 0x3e, 0x19, 0xff, 0x01, 0x00, 0xfb,
	0x01, 0x00, 0x93, 0x3e, 0x19, 0xff, 0x3e, 0x19, 0xff, 0x22, 0x05, 0x00, 0x39, 0x8e, 0x38, 0x0f,
	0xff, 0x3e, 0x19, 0xff, 0x6c, 0x01, 0xd3, 0x1c, 0x05, 0x8f, 0x6c, 0x01, 0xff, 0x3e, 0x19, 0xff,
	0x72, 0x01, 0xda, 0xba, 0x4b, 0xff, 0x3e, 0x19, 0xff, 0xde, 0x02, 0xdc, 0xde, 0x02, 0x86, 0xba,
	0x4b, 0xff, 0x3e, 0x19, 0xff, 0x3e, 0x19, 0xeb, 0xba, 0x4b, 0xff, 0x3e, 0x19, 0xff, 0xde, 0x02,
	0xe4, 0xde, 0x02, 0x8f, 0x6c, 0x01, 0xff, 0x3e, 0x19, 0xff, 0x72, 0x01, 0xda, 0xba, 0x4b, 0xff,
	0x3e, 0x19, 0xff, 0xde, 0x02, 0xe4, 0xde, 0x02, 0x8f, 0x6c, 0x01, 0xff, 0x3e, 0x19, 0xff, 0x7c,
	0x01, 0xe4, 0xba, 0x4b, 0xff, 0x3e, 0x19, 0xff, 0xe8, 0x02, 0xe4, 0xe8, 0x02, 0x8f, 0x6c, 0x01,
	0xff, 0x3e, 0x19, 0xff, 0x72, 0x01, 0xda, 0xba, 0x4b, 0xff, 0x3e, 0x19, 0xff, 0xde, 0x02, 0xdc,
	0xde, 0x02, 0x86, 0xba, 0x4b, 0xff, 0x3e, 0x19, 0xff, 0x3e, 0x19, 0xeb, 0xba, 0x4b, 0xff, 0x3e,
	0x19, 0xff, 0xde, 0x02, 0xe4, 0xde, 0x02, 0x8f, 0x6c, 0x01, 0xff, 0x3e, 0x19, 0xff, 0x72, 0x01,
	0xda, 0xba, 0x4b, 0xff, 0x3e, 0x19, 0xff, 0x3e, 0x19, 0xeb, 0xba, 0x4b, 0xff, 0x3e, 0x19, 0xff,
	0x3e, 0x19, 0xff, 0x3e, 0x19, 0xff, 0x01, 0x00, 0xff, 0x01, 0x00, 0x88, 0x01, 0x00, 0x93, 0x3e,
	0x19, 0xff, 0x3e, 0x19, 0xff, 0x22, 0x05, 0x00, 0x3b, 0xff, 0x3e, 0x19, 0xff, 0x1c, 0x05, 0xe4,
	0x1c, 0x05, 0x8f, 0x6c, 0x01, 0xff, 0x3e, 0x19, 0xff, 0x72, 0x01, 0xda, 0xba, 0x4b, 0xff, 0x3e,
	0x19, 0xff, 0xde, 0x02, 0xdc, 0xde, 0x02, 0x86, 0xba, 0x4b, 0xff, 0x3e, 0x19, 0xff, 0x3e, 0x19,
	0xeb, 0xba, 0x4b, 0xff, 0x3e, 0x19, 0xff, 0xde, 0x02, 0xe4, 0xde, 0x02, 0x8f, 0x6c, 0x01, 0xff,
	0x3e, 0x19, 0xff, 0x72, 0x01, 0xda, 0xba, 0x4b, 0xff, 0x3e, 0x19, 0xff, 0xde, 0x02, 0xe4, 0xde,
	0x02, 0x8f, 0x6c, 0x01, 0xff, 0x3e, 0x19, 0xff, 0x7c, 0x01, 0xe4, 0xba, 0x4b, 0xff, 0x3e, 0x19,
	0xff, 0xe8, 0x02, 0xe4, 0xe8, 0x02, 0x8f, 0x6c, 0x01, 0xff, 0x3e, 0x19, 0xff, 0x72, 0x01, 0xda,
	0xba, 0x4b, 0xff, 0x3e, 0x19, 0xff, 0xde, 0x02, 0xdc, 0xde, 0x02, 0x86, 0xba, 0x4b, 0xff, 0x3e,
	0x19, 0xff, 0x3e, 0x19, 0xeb, 0xba, 0x4b, 0xff, 0x3e, 0x19, 0xff, 0xde, 0x02, 0xe4, 0xde, 0x02,
	0x8f, 0x6c, 0x01, 0xff, 0x3e, 0x19, 0xff, 0x72, 0x01, 0xda, 0xba, 0x4b, 0xff, 0x3e, 0x19, 0xff,
	0x3e, 0x19, 0xeb, 0xba, 0x4b, 0xff, 0x3e, 0x19, 0xff, 0x3e, 0x19, 0xff, 0x3e, 0x19, 0xff, 0x01,
	0x00, 0xff, 0x01, 0x00, 0x88, 0x01, 0x00, 0x93, 0x3e, 0x19, 0xff, 0x3e, 0x19, 0xff, 0x22, 0x05,
	0x00, 0x3d, 0xff, 0x3e, 0x19, 0xff, 0x1c, 0x05, 0xe4, 0x1c, 0x05, 0x8f, 0x6c, 0x01, 0xff, 0x3e,
	0x19, 0xff, 0x72, 0x01, 0xda, 0xba, 0x4b, 0x00, 0x8f, 0xff, 0x3e, 0x19, 0xff, 0x6c, 0x01, 0xe4,
	0xba, 0x4b, 0x8e, 0x6c, 0x01, 0xff, 0x3e, 0x19, 0xff, 0x72, 0x01, 0xda, 0xba, 0x4b, 0x8e, 0x72,
	0x01, 0xff, 0x3e, 0x19, 0xff, 0x6c, 0x01, 0xd3, 0xde, 0x02, 0x8f, 0x6c, 0x01, 0xff, 0x3e, 0x19,
	0xff, 0x72, 0x01, 0xda, 0xba, 0x4b, 0x8e, 0x72, 0x01, 0xff, 0x3e, 0x19, 0xff, 0x6c, 0x01, 0xd3,
	0xde, 0x02, 0x8f, 0x6c, 0x01, 0xff, 0x3e, 0x19, 0xff, 0x7c, 0x01, 0xe4, 0xba, 0x4b, 0x8c, 0x7c,
	0x01, 0xff, 0x3e, 0x19, 0xff, 0x6c, 0x01, 0xd5, 0xe8, 0x02, 0x8f, 0x6c, 0x01, 0xff, 0x3e, 0x19,
	0xff, 0x72, 0x01, 0xda, 0xba, 0x4b, 0x8e, 0x72, 0x01, 0xff, 0x3e, 0x19, 0xff, 0x6c, 0x01, 0xcb,
	0xde, 0x02, 0x86, 0xba, 0x4b, 0x8e, 0x6c, 0x01, 0xff, 0x3e, 0x19, 0xff, 0x72, 0x01, 0xda, 0xba,
	0x4b, 0x8e, 0x72, 0x01, 0xff, 0x3e, 0x19, 0xff, 0x6c, 0x01, 0xd3, 0xde, 0x02, 0x8f, 0x6c, 0x01,
	0xff, 0x3e, 0x19, 0xff, 0x72, 0x01, 0xda, 0xba, 0x4b, 0x8e, 0x72, 0x01, 0xff, 0x3e, 0x19, 0xff,
	0x72, 0x01, 0xda, 0xba, 0x4b, 0x8c, 0x72, 0x01, 0xff, 0x3e, 0x19, 0xff, 0x3e, 0x19, 0xff, 0x3e,
	0x19, 0xff, 0x01, 0x00, 0xfb, 0x01, 0x00, 0x93, 0x3e, 0x19, 0xff, 0x3e, 0x19, 0xff, 0x22, 0x05,
	0x00, 0x39, 0x8e, 0x38, 0x0f, 0xff, 0x3e, 0x19, 0xff, 0x6c, 0x01, 0xd3, 0x1c, 0x05, 0x8f, 0x6c,
	0x01, 0xff, 0x3e, 0x19, 0xff, 0x72, 0x01, 0xda, 0xba, 0x4b, 0xff, 0x3e, 0x19, 0xff, 0xde, 0x02,
	0xdc, 0xde, 0x02, 0x86, 0xba, 0x4b, 0xff, 0x3e, 0x19, 0xff, 0x3e, 0x19, 0xeb, 0xba, 0x4b, 0xff,
	0x3e, 0x19, 0xff, 0xde, 0x02, 0xe4, 0xde, 0x02, 0x8f, 0x6c, 0x01, 0xff, 0x3e, 0x19, 0xff, 0x72,
	0x01, 0xda, 0xba, 0x4b, 0xff, 0x3e, 0x19, 0xff, 0xde, 0x02, 0xe4, 0xde, 0x02, 0x8f, 0x6c, 0x01,
	0xff, 0x3e, 0x19, 0xff, 0x7c, 0x01, 0xe4, 0xba, 0x4b, 0xff, 0x3e, 0x19, 0xff, 0xe8, 0x02, 0xe4,
	0xe8, 0x02, 0x8f, 0x6c, 0x01, 0xff, 0x3e, 0x19, 0xff, 0x72, 0x01, 0xda, 0xba, 0x4b, 0xff, 0x3e,
	0x19, 0xff, 0xde, 0x02, 0xdc, 0xde, 0x02, 0x86, 0xba, 0x4b, 0xff, 0x3e, 0x19, 0xff, 0x3e, 0x19,
	0xeb, 0xba, 0x4b, 0xff, 0x3e, 0x19, 0xff, 0xde, 0x02, 0xe4, 0xde, 0x02, 0x8f, 0x6c, 0x01, 0xff,
	0x3e, 0x19, 0xff, 0x72, 0x01, 0xda, 0xba, 0x4b, 0xff, 0x3e, 0x19, 0xff, 0x3e, 0x19, 0xeb, 0xba,
	0x4b, 0xff, 0x3e, 0x19, 0xff, 0x3e, 0x19, 0xff, 0x3e, 0x19, 0xff, 0x01, 0x00, 0xff, 0x01, 0x00,
	0x88, 0x01, 0x00, 0x93, 0x3e, 0x19, 0xff, 0x3e, 0x19, 0xff, 0x22, 0x05, 0x00, 0x3b, 0xff, 0x3e,
	0x19, 0xff, 0x1c, 0x05, 0xe4, 0x1c, 0x05, 0x8f, 0x6c, 0x01, 0xff, 0x3e, 0x19, 0xff, 0x72, 0x01,
	0xda, 0xba, 0x4b, 0xff, 0x3e, 0x19, 0xff, 0xde, 0x02, 0xdc, 0xde, 0x02, 0x86, 0xba, 0x4b, 0xff,
	0x3e, 0x19, 0xff, 0x3e, 0x19, 0xeb, 0xba, 0x4b, 0xff, 0x3e, 0x19, 0xff, 0xde, 0x02, 0xe4, 0xde,
	0x02, 0x8f, 0x6c, 0x01, 0xff, 0x3e, 0x19, 0xff, 0x72, 0x01, 0xda, 0xba, 0x4b, 0xff, 0x3e, 0x19,
	0xff, 0xde, 0x02, 0xe4, 0xde, 0x02, 0x8f, 0x6c, 0x01, 0xff, 0x3e, 0x19, 0xff, 0x7c, 0x01, 0xe4,
	0xba, 0x4b, 0xff, 0x3e, 0x19, 0xff, 0xe8, 0x02, 0xe4, 0xe8, 0x02, 0x8f, 0x6c, 0x01, 0xff, 0x3e,
	0x19, 0xff, 0x72, 0x01, 0xda, 0xba, 0x4b, 0xff, 0x3e, 0x19, 0xff, 0xde, 0x02, 0xdc, 0xde, 0x02,
	0x86, 0xba, 0x4b, 0xff, 0x3e, 0x19, 0xff, 0x3e, 0x19, 0xeb, 0xba, 0x4b, 0xff, 0x3e, 0x19, 0xff,
	0xde, 0x02, 0xe4, 0xde, 0x02, 0x8f, 0x6c, 0x01, 0xff, 0x3e, 0x19, 0xff, 0x72, 0x01, 0xda, 0xba,
	0x4b, 0xff, 0x3e, 0x19, 0xff, 0x3e, 0x19, 0xeb, 0xba, 0x4b, 0xff, 0x3e, 0x19, 0xff, 0x3e, 0x19,
	0xff, 0x3e, 0x19, 0xff, 0x01, 0x00, 0xff, 0x01, 0x00, 0x88, 0x01, 0x00, 0x93, 0x3e, 0x19, 0xff,
	0x3e, 0x19, 0xff, 0x22, 0x05, 0x00, 0x3d, 0xff, 0x3e, 0x19, 0xff, 0x1c, 0x05, 0xe4, 0x1c, 0x05,
	0x8f, 0x6c, 0x01, 0xf3, 0x3e, 0x19, 0x00, 0x76, 0xff, 0x00, 0x08, 0xd6, 0x72, 0x01, 0x05, 0x40,
	0x20, 0x00, 0x5e, 0xff, 0xff, 0x85, 0x34, 0x0f, 0x01, 0x40, 0xd6, 0x85, 0xb4, 0x41, 0x01, 0x00,
	0xd0, 0xff, 0x48, 0x19, 0xff, 0x76, 0x01, 0xed, 0x76, 0x01, 0x00, 0x08, 0x8e, 0x76, 0x01, 0xf1,
	0x52, 0x19, 0x01, 0xe6, 0x03, 0xff, 0xf2, 0x02, 0xef, 0x7c, 0x01, 0x00, 0x10, 0x8e, 0x7c, 0x01,
	0xff, 0x5c, 0x19, 0xff, 0x76, 0x01, 0xdd, 0x76, 0x01, 0x00, 0x18, 0x8e, 0x76, 0x01, 0xf1, 0x66,
	0x19, 0x02, 0x5c, 0x05, 0x7b, 0xff, 0xf2, 0x02, 0xee, 0x7c, 0x01, 0x00, 0x20, 0x8e, 0x7c, 0x01,
	0xff, 0x70, 0x19, 0xff, 0x76, 0x01, 0xdd, 0x76, 0x01, 0x00, 0x28, 0x8e, 0x76, 0x01, 0xfb, 0x7a,
	0x19, 0x01, 0xd7, 0x06, 0xff, 0xee, 0x05, 0xef, 0x86, 0x01, 0x00, 0x30, 0x8c, 0x86, 0x01, 0xff,
	0x84, 0x19, 0xff, 0x76, 0x01, 0xdf, 0x76, 0x01, 0x00, 0x38, 0x8e, 0x76, 0x01, 0xf1, 0x8e, 0x19,
	0x01, 0x4d, 0x08, 0xff, 0xf2, 0x02, 0xef, 0x7c, 0x01, 0x00, 0x40, 0x8e, 0x7c, 0x01, 0xff, 0x98,
	0x19, 0xff, 0x76, 0x01, 0xdd, 0x76, 0x01, 0x00, 0x48, 0x8e, 0x76, 0x01, 0xf1, 0xa2, 0x19, 0x01,
	0xc3, 0x09, 0xff, 0xf2, 0x02, 0xef, 0x7c, 0x01, 0x00, 0x50, 0x8e, 0x7c, 0x01, 0xff, 0xac, 0x19,
	0xff, 0x76, 0x01, 0xdd, 0x76, 0x01, 0x00, 0x58, 0x8e, 0x76, 0x01, 0xf1, 0xb6, 0x19, 0x02, 0x39,
	0x0b, 0x7f, 0xff, 0xf2, 0x02, 0xee, 0x7c, 0x01, 0x00, 0x60, 0x8e, 0x7c, 0x01, 0xff, 0xc0, 0x19,
	0xff, 0x7c, 0x01, 0xe3, 0x7c, 0x01, 0x00, 0x68, 0x8c, 0x7c, 0x01, 0xfb, 0xca, 0x19, 0x00, 0xb6,
	0xff, 0xca, 0x19, 0x82, 0x01, 0x00, 0xff, 0xca, 0x19, 0xff, 0x01, 0x00, 0xf9, 0x01, 0x00, 0x93,
	0xca, 0x19, 0x8f, 0xca, 0x19, 0x00, 0x7a, 0xff, 0xca, 0x19, 0xf6, 0xba, 0x03, 0x00, 0x70, 0x8e,
	0x92, 0x0f, 0xff, 0xd4, 0x19, 0xff, 0x76, 0x01, 0xdd, 0x76, 0x01, 0x00, 0x78, 0x8e, 0x76, 0x01,
	0xf1, 0xde, 0x19, 0x00, 0x7a, 0xff, 0xde, 0x19, 0xe8, 0x7c, 0x01, 0x85, 0xd6, 0x4d, 0x00, 0x01,
	0xff, 0xde, 0x19, 0xff, 0xf2, 0x02, 0xee, 0x76, 0x01, 0x00, 0x09, 0xff, 0xde, 0x19, 0x03, 0x38,
	0x00, 0x00, 0xf0, 0xff, 0xde, 0x19, 0xf0, 0x7c, 0x01, 0x00, 0x11, 0xff, 0xde, 0x19, 0xff, 0xf2,
	0x02, 0xee, 0x76, 0x01, 0x00, 0x19, 0xff, 0xde, 0x19, 0x03, 0x38, 0x00, 0x00, 0x66, 0xff, 0xde,
	0x19, 0xf0, 0x7c, 0x01, 0x00, 0x21, 0xff, 0xde, 0x19, 0xff, 0xf2, 0x02, 0xee, 0x76, 0x01, 0x00,
	0x29, 0xff, 0xde, 0x19, 0x8a, 0xde, 0x19, 0x00, 0xe1, 0xff, 0xde, 0x19, 0xf0, 0x86, 0x01, 0x00,
	0x31, 0xff, 0xde, 0x19, 0xff, 0xfc, 0x02, 0xee, 0x76, 0x01, 0x00, 0x39, 0xff, 0xde, 0x19, 0x03,
	0x38, 0x00, 0x00, 0x57, 0xff, 0xde, 0x19, 0xf0, 0x7c, 0x01, 0x00, 0x41, 0xff, 0xde, 0x19, 0xff,
	0xf2, 0x02, 0xee, 0x76, 0x01, 0x00, 0x49, 0xff, 0xde, 0x19, 0x03, 0x38, 0x00, 0x00, 0xcd, 0xff,
	0xde, 0x19, 0xf0, 0x7c, 0x01, 0x00, 0x51, 0xff, 0xde, 0x19, 0xff, 0xf2, 0x02, 0xee, 0x76, 0x01,
	0x00, 0x59, 0xff, 0xde, 0x19, 0x03, 0x38, 0x00, 0x00, 0x43, 0xff, 0xde, 0x19, 0xf0, 0x7c, 0x01,
	0x00, 0x61, 0xff, 0xde, 0x19, 0xff, 0xde, 0x19, 0xf4, 0x7c, 0x01, 0x00, 0x69, 0xff, 0xde, 0x19,
	0x88, 0xde, 0x19, 0x00, 0xc0, 0xff, 0xde, 0x19, 0x82, 0x01, 0x00, 0xff, 0xde, 0x19, 0xff, 0x01,
	0x00, 0xf9, 0x01, 0x00, 0x93, 0xde, 0x19, 0xff, 0xde, 0x19, 0xff, 0xba, 0x03, 0x87, 0xba, 0x03,
	0x00, 0x71, 0xff, 0xde, 0x19, 0xff, 0x30, 0x05, 0xee, 0x76, 0x01, 0x00, 0x79, 0xff, 0xde, 0x19,
	0xff, 0xde, 0x19, 0xec, 0x7c, 0x01, 0x85, 0x32, 0x5c, 0x00, 0x02, 0xff, 0xde, 0x19, 0xff, 0xf2,
	0x02, 0xee, 0x76, 0x01, 0x00, 0x0a, 0xff, 0xde, 0x19, 0xff, 0xde, 0x19, 0xf4, 0x7c, 0x01, 0x00,
	0x12, 0xff, 0xde, 0x19, 0xff, 0xf2, 0x02, 0xee, 0x76, 0x01, 0x00, 0x1a, 0xff, 0xde, 0x19, 0xff,
	0xde, 0x19, 0xf4, 0x7c, 0x01, 0x00, 0x22, 0xff, 0xde, 0x19, 0xff, 0xf2, 0x02, 0xee, 0x76, 0x01,
	0x00, 0x2a, 0xff, 0xde, 0x19, 0xff, 0xde, 0x19, 0xfe, 0x86, 0x01, 0x00, 0x32, 0xff, 0xde, 0x19,
	0xff, 0xfc, 0x02, 0xee, 0x76, 0x01, 0x00, 0x3a, 0xff, 0xde, 0x19, 0xff, 0xde, 0x19, 0xf4, 0x7c,
	0x01, 0x00, 0x42, 0xff, 0xde, 0x19, 0xff, 0xf2, 0x02, 0xee, 0x76, 0x01, 0x00, 0x4a, 0xff, 0xde,
	0x19, 0xff, 0xde, 0x19, 0xf4, 0x7c, 0x01, 0x00, 0x52, 0xff, 0xde, 0x19, 0xff, 0xf2, 0x02, 0xee,
	0x76, 0x01, 0x00, 0x5a, 0xff, 0xde, 0x19, 0xff, 0xde, 0x19, 0xf4, 0x7c, 0x01, 0x00, 0x62, 0xff,
	0xde, 0x19, 0xff, 0xde, 0x19, 0xf4, 0x7c, 0x01, 0x00, 0x6a, 0xff, 0xde, 0x19, 0xff, 0xde, 0x19,
	0xff, 0xde, 0x19, 0xff, 0x01, 0x00, 0xff, 0x01, 0x00, 0x88, 0x01, 0x00, 0x93, 0xde, 0x19, 0xff,
	0xde, 0x19, 0xff, 0xba, 0x03, 0x87, 0xba, 0x03, 0x00, 0x72, 0xff, 0xde, 0x19, 0xff, 0x30, 0x05,
	0xee, 0x76, 0x01, 0x00, 0x7a, 0xff, 0xde, 0x19, 0xff, 0xde, 0x19, 0xec, 0x7c, 0x01, 0x85, 0x54,
	0x68, 0x00, 0x03, 0xff, 0xde, 0x19, 0xff, 0xf2, 0x02, 0xee, 0x76, 0x01, 0x00, 0x0b, 0xff, 0xde,
	0x19, 0xff, 0xde, 0x19, 0xf4, 0x7c, 0x01, 0x00, 0x13, 0xff, 0xde, 0x19, 0xff, 0xf2, 0x02, 0xee,
	0x76, 0x01, 0x00, 0x1b, 0xff, 0xde, 0x19, 0xff, 0xde, 0x19, 0xf4, 0x7c, 0x01, 0x00, 0x23, 0xff,
	0xde, 0x19, 0xff, 0xf2, 0x02, 0xee, 0x76, 0x01, 0x00, 0x2b, 0xff, 0xde, 0x19, 0xff, 0xde, 0x19,
	0xfe, 0x86, 0x01, 0x00, 0x33, 0xff, 0xde, 0x19, 0xff, 0xfc, 0x02, 0xee, 0x76, 0x01, 0x00, 0x3b,
	0xff, 0xde, 0x19, 0xff, 0xde, 0x19, 0xf4, 0x7c, 0x01, 0x00, 0x43, 0xff, 0xde, 0x19, 0xff, 0xf2,
	0x02, 0xee, 0x76, 0x01, 0x00, 0x4b, 0xff, 0xde, 0x19, 0xff, 0xde, 0x19, 0xf4, 0x7c, 0x01, 0x00,
	0x53, 0xff, 0xde, 0x19, 0xff, 0xf2, 0x02, 0xee, 0x76, 0x01, 0x00, 0x5b, 0xff, 0xde, 0x19, 0xff,
	0xde, 0x19, 0xf4, 0x7c, 0x01, 0x00, 0x63, 0xff, 0xde, 0x19, 0xff, 0xde, 0x19, 0xf4, 0x7c, 0x01,
	0x00, 0x6b, 0xff, 0xde, 0x19, 0xff, 0xde, 0x19, 0xff, 0xde, 0x19, 0xff, 0x01, 0x00, 0xff, 0x01,
	0x00, 0x88, 0x01, 0x00, 0x93, 0xde, 0x19, 0xff, 0xde, 0x19, 0xff, 0xba, 0x03, 0x87, 0xba, 0x03,
	0x00, 0x73, 0xff, 0xde, 0x19, 0xff, 0x30, 0x05, 0xee, 0x76, 0x01, 0x00, 0x7b, 0xff, 0xde, 0x19,
	0xff, 0xde, 0x19, 0xe8, 0x7c, 0x01, 0x00, 0x05, 0x88, 0x16, 0x4f, 0x00, 0x04, 0xff, 0xde, 0x19,
	0xff, 0xf2, 0x02, 0xee, 0x76, 0x01, 0x00, 0x0c, 0xff, 0xde, 0x19, 0xff, 0xde, 0x19, 0xf4, 0x7c,
	0x01, 0x00, 0x14, 0xff, 0xde, 0x19, 0xff, 0xf2, 0x02, 0xee, 0x76, 0x01, 0x00, 0x1c, 0xff, 0xde,
	0x19, 0xff, 0xde, 0x19, 0xf4, 0x7c, 0x01, 0x00, 0x24, 0xff, 0xde, 0x19, 0xff, 0xf2, 0x02, 0xee,
	0x76, 0x01, 0x00, 0x2c, 0xff, 0xde, 0x19, 0xff, 0xde, 0x19, 0xfe, 0x86, 0x01, 0x00, 0x34, 0xff,
	0xde, 0x19, 0xff, 0xfc, 0x02, 0xee, 0x76, 0x01, 0x00, 0x3c, 0xff, 0xde, 0x19, 0xff, 0xde, 0x19,
	0xf4, 0x7c, 0x01, 0x00, 0x44, 0xff, 0xde, 0x19, 0xff, 0xf2, 0x02, 0xee, 0x76, 0x01, 0x00, 0x4c,
	0xff, 0xde, 0x19, 0xff, 0xde, 0x19, 0xf4, 0x7c, 0x01, 0x00, 0x54, 0xff, 0xde, 0x19, 0xff, 0xf2,
	0x02, 0xee, 0x76, 0x01, 0x00, 0x5c, 0xff, 0xde, 0x19, 0xff, 0xde, 0x19, 0xf4, 0x7c, 0x01, 0x00,
	0x64, 0xff, 0xde, 0x19, 0xff, 0xde, 0x19, 0xf4, 0x7c, 0x01, 0x00, 0x6c, 0xff, 0xde, 0x19, 0xff,
	0xde, 0x19, 0xff, 0xde, 0x19, 0xff, 0x01, 0x00, 0xff, 0x01, 0x00, 0x88, 0x01, 0x00, 0x93, 0xde,
	0x19, 0xff, 0xde, 0x19, 0xff, 0xba, 0x03, 0x87, 0xba, 0x03, 0x00, 0x74, 0xff, 0xde, 0x19, 0xff,
	0x30, 0x05, 0xee, 0x76, 0x01, 0x00, 0x7c, 0xff, 0xde, 0x19, 0xff, 0xde, 0x19, 0xec, 0x7c, 0x01,
	0x85, 0x16, 0x4f, 0x00, 0x05, 0xff, 0xde, 0x19, 0xff, 0xf2, 0x02, 0xee, 0x76, 0x01, 0x00, 0x0d,
	0xff, 0xde, 0x19, 0xff, 0xde, 0x19, 0xf4, 0x7c, 0x01, 0x00, 0x15, 0xff, 0xde, 0x19, 0xff, 0xf2,
	0x02, 0xee, 0x76, 0x01, 0x00, 0x1d, 0xff, 0xde, 0x19, 0xff, 0xde, 0x19, 0xf4, 0x7c, 0x01, 0x00,
	0x25, 0xff, 0xde, 0x19, 0xff, 0xf2, 0x02, 0xee, 0x76, 0x01, 0x00, 0x2d, 0xff, 0xde, 0x19, 0xff,
	0xde, 0x19, 0xfe, 0x86, 0x01, 0x00, 0x35, 0xff, 0xde, 0x19, 0xff, 0xfc, 0x02, 0xee, 0x76, 0x01,
	0x00, 0x3d, 0xff, 0xde, 0x19, 0xff, 0xde, 0x19, 0xf4, 0x7c, 0x01, 0x00, 0x45, 0xff, 0xde, 0x19,
	0xff, 0xf2, 0x02, 0xee, 0x76, 0x01, 0x00, 0x4d, 0xff, 0xde, 0x19, 0xff, 0xde, 0x19, 0xf4, 0x7c,
	0x01, 0x00, 0x55, 0xff, 0xde, 0x19, 0xff, 0xf2, 0x02, 0xee, 0x76, 0x01, 0x00, 0x5d, 0xff, 0xde,
	0x19, 0xff, 0xde, 0x19, 0xf4, 0x7c, 0x01, 0x00, 0x65, 0xff, 0xde, 0x19, 0xff, 0xde, 0x19, 0xf4,
	0x7c, 0x01, 0x00, 0x6d, 0xff, 0xde, 0x19, 0xff, 0xde, 0x19, 0xff, 0xde, 0x19, 0xff, 0x01, 0x00,
	0xff, 0x01, 0x00, 0x88, 0x01, 0x00, 0x93, 0xde, 0x19, 0xff, 0xde, 0x19, 0xff, 0xba, 0x03, 0x87,
	0xba, 0x03, 0x00, 0x75, 0xff, 0xde, 0x19, 0xff, 0x30, 0x05, 0xee, 0x76, 0x01, 0x00, 0x7d, 0xff,
	0xde, 0x19, 0xff, 0xde, 0x19, 0xec, 0x7c, 0x01, 0x85, 0x16, 0x4f, 0x00, 0x06, 0xff, 0xde, 0x19,
	0xff, 0xf2, 0x02, 0xee, 0x76, 0x01, 0x00, 0x0e, 0xff, 0xde, 0x19, 0xff, 0xde, 0x19, 0xf4, 0x7c,
	0x01, 0x00, 0x16, 0xff, 0xde, 0x19, 0xff, 0xf2, 0x02, 0xee, 0x76, 0x01, 0x00, 0x1e, 0xff, 0xde,
	0x19, 0xff, 0xde, 0x19, 0xf4, 0x7c, 0x01, 0x00, 0x26, 0xff, 0xde, 0x19, 0xff, 0xf2, 0x02, 0xee,
	0x76, 0x01, 0x00, 0x2e, 0xff, 0xde, 0x19, 0xff, 0xde, 0x19, 0xfe, 0x86, 0x01, 0x00, 0x36, 0xff,
	0xde, 0x19, 0xff, 0xfc, 0x02, 0xee, 0x76, 0x01, 0x00, 0x3e, 0xff, 0xde, 0x19, 0xff, 0xde, 0x19,
	0xf4, 0x7c, 0x01, 0x00, 0x46, 0xff, 0xde, 0x19, 0xff, 0xf2, 0x02, 0xee, 0x76, 0x01, 0x00, 0x4e,
	0xff, 0xde, 0x19, 0xff, 0xde, 0x19, 0xf4, 0x7c, 0x01, 0x00, 0x56, 0xff, 0xde, 0x19, 0xff, 0xf2,
	0x02, 0xee, 0x76, 0x01, 0x00, 0x5e, 0xff, 0xde, 0x19, 0xff, 0xde, 0x19, 0xf4, 0x7c, 0x01, 0x00,
	0x66, 0xff, 0xde, 0x19, 0xff, 0xde, 0x19, 0xf4, 0x7c, 0x01, 0x00, 0x6e, 0xff, 0xde, 0x19, 0xff,
	0xde, 0x19, 0xff, 0xde, 0x19, 0xff, 0x01, 0x00, 0xff, 0x01, 0x00, 0x88, 0x01, 0x00, 0x93, 0xde,
	0x19, 0xff, 0xde, 0x19, 0xff, 0xba, 0x03, 0x87, 0xba, 0x03, 0x00, 0x76, 0xff, 0xde, 0x19, 0xff,
	0x30, 0x05, 0xee, 0x76, 0x01, 0x00, 0x7e, 0xff, 0xde, 0x19, 0xff, 0xde, 0x19, 0xec, 0x7c, 0x01,
	0x85, 0x16, 0x4f, 0x00, 0x07, 0xff, 0xde, 0x19, 0xff, 0xf2, 0x02, 0xee, 0x76, 0x01, 0x00, 0x0f,
	0xff, 0xde, 0x19, 0xff, 0xde, 0x19, 0xf4, 0x7c, 0x01, 0x00, 0x17, 0xff, 0xde, 0x19, 0xff, 0xf2,
	0x02, 0xee, 0x76, 0x01, 0x00, 0x1f, 0xff, 0xde, 0x19, 0xff, 0xde, 0x19, 0xf4, 0x7c, 0x01, 0x00,
	0x27, 0xff, 0xde, 0x19, 0xff, 0xf2, 0x02, 0xee, 0x76, 0x01, 0x00, 0x2f, 0xff, 0xde, 0x19, 0xff,
	0xde, 0x19, 0xfe, 0x86, 0x01, 0x00, 0x37, 0xff, 0xde, 0x19, 0xff, 0xfc, 0x02, 0xee, 0x76, 0x01,
	0x00, 0x3f, 0xff, 0xde, 0x19, 0xff, 0xde, 0x19, 0xf4, 0x7c, 0x01, 0x00, 0x47, 0xff, 0xde, 0x19,
	0xff, 0xf2, 0x02, 0xee, 0x76, 0x01, 0x00, 0x4f, 0xff, 0xde, 0x19, 0xff, 0xde, 0x19, 0xf4, 0x7c,
	0x01, 0x00, 0x57, 0xff, 0xde, 0x19, 0xff, 0xf2, 0x02, 0xee, 0x76, 0x01, 0x00, 0x5f, 0xff, 0xde,
	0x19, 0xff, 0xde, 0x19, 0xf4, 0x7c, 0x01, 0x00, 0x67, 0xff, 0xde, 0x19, 0xff, 0xde, 0x19, 0xf4,
	0x7c, 0x01, 0x00, 0x6f, 0xff, 0xde, 0x19, 0xff, 0xde, 0x19, 0xff, 0xde, 0x19, 0xff, 0x01, 0x00,
	0xff, 0x01, 0x00, 0x88, 0x01, 0x00, 0x93, 0xde, 0x19, 0xff, 0xde, 0x19, 0xff, 0xba, 0x03, 0x87,
	0xba, 0x03, 0x00, 0x77, 0xff, 0xde, 0x19, 0xff, 0x30, 0x05, 0xee, 0x76, 0x01, 0x00, 0x7f, 0xff,
	0xde, 0x19, 0xff, 0xde, 0x19, 0xe8, 0x7c, 0x01, 0x8a, 0xf0, 0xce, 0x00, 0xd8, 0xff, 0xde, 0x19,
	0xff, 0x76, 0x01, 0xed, 0x76, 0x01, 0x00, 0x08, 0x8e, 0x76, 0x01, 0xff, 0xde, 0x19, 0xff, 0x7c,
	0x01, 0xe3, 0x7c, 0x01, 0x00, 0x10, 0x8e, 0x7c, 0x01, 0xff, 0xde, 0x19, 0xff, 0x76, 0x01, 0xdd,
	0x76, 0x01, 0x00, 0x18, 0x8e, 0x76, 0x01, 0xff, 0xde, 0x19, 0xff, 0x7c, 0x01, 0xe3, 0x7c, 0x01,
	0x00, 0x20, 0x8e, 0x7c, 0x01, 0xff, 0xde, 0x19, 0xff, 0x76, 0x01, 0xdd, 0x76, 0x01, 0x00, 0x28,
	0x8e, 0x76, 0x01, 0xff, 0xde, 0x19, 0xff, 0x86, 0x01, 0xed, 0x86, 0x01, 0x00, 0x30, 0x8c, 0x86,
	0x01, 0xff, 0xde, 0x19, 0xff, 0x76, 0x01, 0xdf, 0x76, 0x01, 0x00, 0x38, 0x8e, 0x76, 0x01, 0xff,
	0xde, 0x19, 0xff, 0x7c, 0x01, 0xe3, 0x7c, 0x01, 0x00, 0x40, 0x8e, 0x7c, 0x01, 0xff, 0xde, 0x19,
	0xff, 0x76, 0x01, 0xdd, 0x76, 0x01, 0x00, 0x48, 0x8e, 0x76, 0x01, 0xff, 0xde, 0x19, 0xff, 0x7c,
	0x01, 0xe3, 0x7c, 0x01, 0x00, 0x50, 0x8e, 0x7c, 0x01, 0xff, 0xde, 0x19, 0xff, 0x76, 0x01, 0xdd,
	0x76, 0x01, 0x00, 0x58, 0x8e, 0x76, 0x01, 0xff, 0xde, 0x19, 0xff, 0x7c, 0x01, 0xe3, 0x7c, 0x01,
	0x00, 0x60, 0x8e, 0x7c, 0x01, 0xff, 0xde, 0x19, 0xff, 0x7c, 0x01, 0xe3, 0x7c, 0x01, 0x00, 0x68,
	0x8c, 0x7c, 0x01, 0xff, 0xde, 0x19, 0xff, 0xde, 0x19, 0xff, 0xde, 0x19, 0xff, 0x01, 0x00, 0xfb,
	0x01, 0x00, 0x93, 0xde, 0x19, 0xff, 0xde, 0x19, 0xff, 0xba, 0x03, 0x88, 0xf0, 0xce, 0x8e, 0x92,
	0x0f, 0xff, 0xde, 0x19, 0xff, 0x76, 0x01, 0xdd, 0x76, 0x01, 0x00, 0x78, 0x8e, 0x76, 0x01, 0xff,
	0xde, 0x19, 0xff, 0x7c, 0x01, 0xdb, 0x7c, 0x01, 0x86, 0xf0, 0xce, 0xff, 0xde, 0x19, 0xff, 0xf2,
	0x02, 0xee, 0x76, 0x01, 0x00, 0x09, 0xff, 0xde, 0x19, 0xff, 0xde, 0x19, 0xf4, 0x7c, 0x01, 0x00,
	0x11, 0xff, 0xde, 0x19, 0xff, 0xf2, 0x02, 0xee, 0x76, 0x01, 0x00, 0x19, 0xff, 0xde, 0x19, 0xff,
	0xde, 0x19, 0xf4, 0x7c, 0x01, 0x00, 0x21, 0xff, 0xde, 0x19, 0xff, 0xf2, 0x02, 0xee, 0x76, 0x01,
	0x00, 0x29, 0xff, 0xde, 0x19, 0xff, 0xde, 0x19, 0xfe, 0x86, 0x01, 0x00, 0x31, 0xff, 0xde, 0x19,
	0xff, 0xfc, 0x02, 0xee, 0x76, 0x01, 0x00, 0x39, 0xff, 0xde, 0x19, 0xff, 0xde, 0x19, 0xf4, 0x7c,
	0x01, 0x00, 0x41, 0xff, 0xde, 0x19, 0xff, 0xf2, 0x02, 0xee, 0x76, 0x01, 0x00, 0x49, 0xff, 0xde,
	0x19, 0xff, 0xde, 0x19, 0xf4, 0x7c, 0x01, 0x00, 0x51, 0xff, 0xde, 0x19, 0xff, 0xf2, 0x02, 0xee,
	0x76, 0x01, 0x00, 0x59, 0xff, 0xde, 0x19, 0xff, 0xde, 0x19, 0xf4, 0x7c, 0x01, 0x00, 0x61, 0xff,
	0xde, 0x19, 0xff, 0xde, 0x19, 0xf4, 0x7c, 0x01, 0x00, 0x69, 0xff, 0xde, 0x19, 0xff, 0xde, 0x19,
	0xff, 0xde, 0x19, 0xff, 0x01, 0x00, 0xff, 0x01, 0x00, 0x88, 0x01, 0x00, 0x93, 0xde, 0x19, 0xff,
	0xde, 0x19, 0xff, 0xba, 0x03, 0x88, 0xf0, 0xce, 0xff, 0xde, 0x19, 0xff, 0x30, 0x05, 0xee, 0x76,
	0x01, 0x00, 0x79, 0xff, 0xde, 0x19, 0xff, 0xde, 0x19, 0xec, 0x7c, 0x01, 0x86, 0xf0, 0xce, 0xff,
	0xde, 0x19, 0xff, 0xf2, 0x02, 0xee, 0x76, 0x01, 0x00, 0x0a, 0xff, 0xde, 0x19, 0xff, 0xde, 0x19,
	0xf4, 0x7c, 0x01, 0x00, 0x12, 0xff, 0xde, 0x19, 0xff, 0xf2, 0x02, 0xee, 0x76, 0x01, 0x00, 0x1a,
	0xff, 0xde, 0x19, 0xff, 0xde, 0x19, 0xf4, 0x7c, 0x01, 0x00, 0x22, 0xff, 0xde, 0x19, 0xff, 0xf2,
	0x02, 0xee, 0x76, 0x01, 0x00, 0x2a, 0xff, 0xde, 0x19, 0xff, 0xde, 0x19, 0xfe, 0x86, 0x01, 0x00,
	0x32, 0xff, 0xde, 0x19, 0xff, 0xfc, 0x02, 0xee, 0x76, 0x01, 0x00, 0x3a, 0xff, 0xde, 0x19, 0xff,
	0xde, 0x19, 0xf4, 0x7c, 0x01, 0x00, 0x42, 0xff, 0xde, 0x19, 0xff, 0xf2, 0x02, 0xee, 0x76, 0x01,
	0x00, 0x4a, 0xff, 0xde, 0x19, 0xff, 0xde, 0x19, 0xf4, 0x7c, 0x01, 0x00, 0x52, 0xff, 0xde, 0x19,
	0xff, 0xf2, 0x02, 0xee, 0x76, 0x01, 0x00, 0x5a, 0xff, 0xde, 0x19, 0xff, 0xde, 0x19, 0xf4, 0x7c,
	0x01, 0x00, 0x62, 0xff, 0xde, 0x19, 0xff, 0xde, 0x19, 0xf4, 0x7c, 0x01, 0x00, 0x6a, 0xff, 0xde,
	0x19, 0xff, 0xde, 0x19, 0xff, 0xde, 0x19, 0xff, 0x01, 0x00, 0xff, 0x01, 0x00, 0x88, 0x01, 0x00,
	0x93, 0xde, 0x19, 0xff, 0xde, 0x19, 0xff, 0xba, 0x03, 0x88, 0xf0, 0xce, 0xff, 0xde, 0x19, 0xff,
	0x30, 0x05, 0xee, 0x76, 0x01, 0x00, 0x7a, 0xff, 0xde, 0x19, 0xff, 0xde, 0x19, 0xec, 0x7c, 0x01,
	0x86, 0xf0, 0xce, 0xff, 0xde, 0x19, 0xff, 0xf2, 0x02, 0xee, 0x76, 0x01, 0x00, 0x0b, 0xff, 0xde,
	0x19, 0xff, 0xde, 0x19, 0xf4, 0x7c, 0x01, 0x00, 0x13, 0xff, 0xde, 0x19, 0xff, 0xf2, 0x02, 0xee,
	0x76, 0x01, 0x00, 0x1b, 0xff, 0xde, 0x19, 0xff, 0xde, 0x19, 0xf4, 0x7c, 0x01, 0x00, 0x23, 0xff,
	0xde, 0x19, 0xff, 0xf2, 0x02, 0xee, 0x76, 0x01, 0x00, 0x2b, 0xff, 0xde, 0x19, 0xff, 0xde, 0x19,
	0xfe, 0x86, 0x01, 0x00, 0x33, 0xff, 0xde, 0x19, 0xff, 0xfc, 0x02, 0xee, 0x76, 0x01, 0x00, 0x3b,
	0xff, 0xde, 0x19, 0xff, 0xde, 0x19, 0xf4, 0x7c, 0x01, 0x00, 0x43, 0xff, 0xde, 0x19, 0xff, 0xf2,
	0x02, 0xee, 0x76, 0x01, 0x00, 0x4b, 0xff, 0xde, 0x19, 0xff, 0xde, 0x19, 0xf4, 0x7c, 0x01, 0x00,
	0x53, 0xff, 0xde, 0x19, 0xff, 0xf2, 0x02, 0xee, 0x76, 0x01, 0x00, 0x5b, 0xff, 0xde, 0x19, 0xff,
	0xde, 0x19, 0xf4, 0x7c, 0x01, 0x00, 0x63, 0xff, 0xde, 0x19, 0xff, 0xde, 0x19, 0xf4, 0x7c, 0x01,
	0x00, 0x6b, 0xff, 0xde, 0x19, 0xff, 0xde, 0x19, 0xff, 0xde, 0x19, 0xff, 0x01, 0x00, 0xff, 0x01,
	0x00, 0x88, 0x01, 0x00, 0x93, 0xde, 0x19, 0xff, 0xde, 0x19, 0xff, 0xba, 0x03, 0x88, 0xf0, 0xce,
	0xff, 0xde, 0x19, 0xff, 0x30, 0x05, 0xee, 0x76, 0x01, 0x00, 0x7b, 0xff, 0xde, 0x19, 0xff, 0xde,
	0x19, 0xe8, 0x7c, 0x01, 0x8a, 0xf0, 0xce, 0xff, 0xde, 0x19, 0xff, 0xf2, 0x02, 0xee, 0x76, 0x01,
	0x00, 0x0c, 0xff, 0xde, 0x19, 0xff, 0xde, 0x19, 0xf4, 0x7c, 0x01, 0x00, 0x14, 0xff, 0xde, 0x19,
	0xff, 0xf2, 0x02, 0xee, 0x76, 0x01, 0x00, 0x1c, 0xff, 0xde, 0x19, 0xff, 0xde, 0x19, 0xf4, 0x7c,
	0x01, 0x00, 0x24, 0xff, 0xde, 0x19, 0xff, 0xf2, 0x02, 0xee, 0x76, 0x01, 0x00, 0x2c, 0xff, 0xde,
	0x19, 0xff, 0xde, 0x19, 0xfe, 0x86, 0x01, 0x00, 0x34, 0xff, 0xde, 0x19, 0xff, 0xfc, 0x02, 0xee,
	0x76, 0x01, 0x00, 0x3c, 0xff, 0xde, 0x19, 0xff, 0xde, 0x19, 0xf4, 0x7c, 0x01, 0x00, 0x44, 0xff,
	0xde, 0x19, 0xff, 0xf2, 0x02, 0xee, 0x76, 0x01, 0x00, 0x4c, 0xff, 0xde, 0x19, 0xff, 0xde, 0x19,
	0xf4, 0x7c, 0x01, 0x00, 0x54, 0xff, 0xde, 0x19, 0xff, 0xf2, 0x02, 0xee, 0x76, 0x01, 0x00, 0x5c,
	0xff, 0xde, 0x19, 0xff, 0xde, 0x19, 0xf4, 0x7c, 0x01, 0x00, 0x64, 0xff, 0xde, 0x19, 0xff, 0xde,
	0x19, 0xf4, 0x7c, 0x01, 0x00, 0x6c, 0xff, 0xde, 0x19, 0xff, 0xde, 0x19, 0xff, 0xde, 0x19, 0xff,
	0x01, 0x00, 0xff, 0x01, 0x00, 0x88, 0x01, 0x00, 0x93, 0xde, 0x19, 0xff, 0xde, 0x19, 0xff, 0xba,
	0x03, 0x88, 0xf0, 0xce, 0xff, 0xde, 0x19, 0xff, 0x30, 0x05, 0xee, 0x76, 0x01, 0x00, 0x7c, 0xff,
	0xde, 0x19, 0xff, 0xde, 0x19, 0xec, 0x7c, 0x01, 0x86, 0xf0, 0xce, 0xff, 0xde, 0x19, 0xff, 0xf2,
	0x02, 0xee, 0x76, 0x01, 0x00, 0x0d, 0xff, 0xde, 0x19, 0xff, 0xde, 0x19, 0xf4, 0x7c, 0x01, 0x00,
	0x15, 0xff, 0xde, 0x19, 0xff, 0xf2, 0x02, 0xee, 0x76, 0x01, 0x00, 0x1d, 0xff, 0xde, 0x19, 0xff,
	0xde, 0x19, 0xf4, 0x7c, 0x01, 0x00, 0x25, 0xff, 0xde, 0x19, 0xff, 0xf2, 0x02, 0xee, 0x76, 0x01,
	0x00, 0x2d, 0xff, 0xde, 0x19, 0xff, 0xde, 0x19, 0xfe, 0x86, 0x01, 0x00, 0x35, 0xff, 0xde, 0x19,
	0xff, 0xfc, 0x02, 0xee, 0x76, 0x01, 0x00, 0x3d, 0xff, 0xde, 0x19, 0xff, 0xde, 0x19, 0xf4, 0x7c,
	0x01, 0x00, 0x45, 0xff, 0xde, 0x19, 0xff, 0xf2, 0x02, 0xee, 0x76, 0x01, 0x00, 0x4d, 0xff, 0xde,
	0x19, 0xff, 0xde, 0x19, 0xf4, 0x7c, 0x01, 0x00, 0x55, 0xff, 0xde, 0x19, 0xff, 0xf2, 0x02, 0xee,
	0x76, 0x01, 0x00, 0x5d, 0xff, 0xde, 0x19, 0xff, 0xde, 0x19, 0xf4, 0x7c, 0x01, 0x00, 0x65, 0xff,
	0xde, 0x19, 0xff, 0xde, 0x19, 0xf4, 0x7c, 0x01, 0x00, 0x6d, 0xff, 0xde, 0x19, 0xff, 0xde, 0x19,
	0xff, 0xde, 0x19, 0xff, 0x01, 0x00, 0xff, 0x01, 0x00, 0x88, 0x01, 0x00, 0x93, 0xde, 0x19, 0xff,
	0xde, 0x19, 0xff, 0xba, 0x03, 0x88, 0xf0, 0xce, 0xff, 0xde, 0x19, 0xff, 0x30, 0x05, 0xee, 0x76,
	0x01, 0x00, 0x7d, 0xff, 0xde, 0x19, 0xff, 0xde, 0x19, 0xec, 0x7c, 0x01, 0x86, 0xf0, 0xce, 0xff,
	0xde, 0x19, 0xff, 0xf2, 0x02, 0xee, 0x76, 0x01, 0x00, 0x0e, 0xff, 0xde, 0x19, 0xff, 0xde, 0x19,
	0xf4, 0x7c, 0x01, 0x00, 0x16, 0xff, 0xde, 0x19, 0xff, 0xf2, 0x02, 0xee, 0x76, 0x01, 0x00, 0x1e,
	0xff, 0xde, 0x19, 0xff, 0xde, 0x19, 0xf4, 0x7c, 0x01, 0x00, 0x26, 0xff, 0xde, 0x19, 0xff, 0xf2,
	0x02, 0xee, 0x76, 0x01, 0x00, 0x2e, 0xff, 0xde, 0x19, 0xff, 0xde, 0x19, 0xfe, 0x86, 0x01, 0x00,
	0x36, 0xff, 0xde, 0x19, 0xff, 0xfc, 0x02, 0xee, 0x76, 0x01, 0x00, 0x3e, 0xff, 0xde, 0x19, 0xff,
	0xde, 0x19, 0xf4, 0x7c, 0x01, 0x00, 0x46, 0xff, 0xde, 0x19, 0xff, 0xf2, 0x02, 0xee, 0x76, 0x01,
	0x00, 0x4e, 0xff, 0xde, 0x19, 0xff, 0xde, 0x19, 0xf4, 0x7c, 0x01, 0x00, 0x56, 0xff, 0xde, 0x19,
	0xff, 0xf2, 0x02, 0xee, 0x76, 0x01, 0x00, 0x5e, 0xff, 0xde, 0x19, 0xff, 0xde, 0x19, 0xf4, 0x7c,
	0x01, 0x00, 0x66, 0xff, 0xde, 0x19, 0xff, 0xde, 0x19, 0xf4, 0x7c, 0x01, 0x00, 0x6e, 0xff, 0xde,
	0x19, 0xff, 0xde, 0x19, 0xff, 0xde, 0x19, 0xff, 0x01, 0x00, 0xff, 0x01, 0x00, 0x88, 0x01, 0x00,
	0x93, 0xde, 0x19, 0xff, 0xde, 0x19, 0xff, 0xba, 0x03, 0x88, 0xf0, 0xce, 0xff, 0xde, 0x19, 0xff,
	0x30, 0x05, 0xee, 0x76, 0x01, 0x00, 0x7e, 0xff, 0xde, 0x19, 0xff, 0xde, 0x19, 0xec, 0x7c, 0x01,
	0x86, 0xf0, 0xce, 0xff, 0xde, 0x19, 0xff, 0xf2, 0x02, 0xee, 0x76, 0x01, 0x00, 0x0f, 0xff, 0xde,
	0x19, 0xff, 0xde, 0x19, 0xf4, 0x7c, 0x01, 0x00, 0x17, 0xff, 0xde, 0x19, 0xff, 0xf2, 0x02, 0xee,
	0x76, 0x01, 0x00, 0x1f, 0xff, 0xde, 0x19, 0xff, 0xde, 0x19, 0xf4, 0x7c, 0x01, 0x00, 0x27, 0xff,
	0xde, 0x19, 0xff, 0xf2, 0x02, 0xee, 0x76, 0x01, 0x00, 0x2f, 0xff, 0xde, 0x19, 0xff, 0xde, 0x19,
	0xfe, 0x86, 0x01, 0x00, 0x37, 0xff, 0xde, 0x19, 0xff, 0xfc, 0x02, 0xee, 0x76, 0x01, 0x00, 0x3f,
	0xff, 0xde, 0x19, 0xff, 0xde, 0x19, 0xf4, 0x7c, 0x01, 0x00, 0x47, 0xff, 0xde, 0x19, 0xff, 0xf2,
	0x02, 0xee, 0x76, 0x01, 0x00, 0x4f, 0xff, 0xde, 0x19, 0xff, 0xde, 0x19, 0xf4, 0x7c, 0x01, 0x00,
	0x57, 0xff, 0xde, 0x19, 0xff, 0xf2, 0x02, 0xee, 0x76, 0x01, 0x00, 0x5f, 0xff, 0xde, 0x19, 0xff,
	0xde, 0x19, 0xf4, 0x7c, 0x01, 0x00, 0x67, 0xff, 0xde, 0x19, 0xff, 0xde, 0x19, 0xf4, 0x7c, 0x01,
	0x00, 0x6f, 0xff, 0xde, 0x19, 0xff, 0xde, 0x19, 0xff, 0xde, 0x19, 0xff, 0x01, 0x00, 0xff, 0x01,
	0x00, 0x88, 0x01, 0x00, 0x93, 0xde, 0x19, 0xff, 0xde, 0x19, 0xff, 0xba, 0x03, 0x88, 0xf0, 0xce,
	0xff, 0xde, 0x19, 0xff, 0x30, 0x05, 0xee, 0x76, 0x01, 0x00, 0x7f, 0xff, 0xde, 0x19, 0xff, 0xde,
	0x19, 0xe8, 0x7c, 0x01, 0x8a, 0xf0, 0xce, 0x00, 0xd1, 0xff, 0xde, 0x19, 0xff, 0x76, 0x01, 0xed,
	0x76, 0x01, 0x00, 0x08, 0x8e, 0x76, 0x01, 0xff, 0xde, 0x19, 0xff, 0x7c, 0x01, 0xe3, 0x7c, 0x01,
	0x00, 0x10, 0x8e, 0x7c, 0x01, 0xff, 0xde, 0x19, 0xff, 0x76, 0x01, 0xdd, 0x76, 0x01, 0x00, 0x18,
	0x8e, 0x76, 0x01, 0xff, 0xde, 0x19, 0xff, 0x7c, 0x01, 0xe3, 0x7c, 0x01, 0x00, 0x20, 0x8e, 0x7c,
	0x01, 0xff, 0xde, 0x19, 0xff, 0x76, 0x01, 0xdd, 0x76, 0x01, 0x00, 0x28, 0x8e, 0x76, 0x01, 0xff,
	0xde, 0x19, 0xff, 0x86, 0x01, 0xed, 0x86, 0x01, 0x00, 0x30, 0x8c, 0x86, 0x01, 0xff, 0xde, 0x19,
	0xff, 0x76, 0x01, 0xdf, 0x76, 0x01, 0x00, 0x38, 0x8e, 0x76, 0x01, 0xff, 0xde, 0x19, 0xff, 0x7c,
	0x01, 0xe3, 0x7c, 0x01, 0x00, 0x40, 0x8e, 0x7c, 0x01, 0xff, 0xde, 0x19, 0xff, 0x76, 0x01, 0xdd,
	0x76, 0x01, 0x00, 0x48, 0x8e, 0x76, 0x01, 0xff, 0xde, 0x19, 0xff, 0x7c, 0x01, 0xe3, 0x7c, 0x01,
	0x00, 0x50, 0x8e, 0x7c, 0x01, 0xff, 0xde, 0x19, 0xff, 0x76, 0x01, 0xdd, 0x76, 0x01, 0x00, 0x58,
	0x8e, 0x76, 0x01, 0xff, 0xde, 0x19, 0xff, 0x7c, 0x01, 0xe3, 0x7c, 0x01, 0x00, 0x60, 0x8e, 0x7c,
	0x01, 0xff, 0xde, 0x19, 0xff, 0x7c, 0x01, 0xe3, 0x7c, 0x01, 0x00, 0x68, 0x8c, 0x7c, 0x01, 0xff,
	0xde, 0x19, 0xff, 0xde, 0x19, 0xff, 0xde, 0x19, 0xff, 0x01, 0x00, 0xfb, 0x01, 0x00, 0x93, 0xde,
	0x19, 0xff, 0xde, 0x19, 0xff, 0xba, 0x03, 0x88, 0xf0, 0xce, 0x8e, 0x92, 0x0f, 0xff, 0xde, 0x19,
	0xff, 0x76, 0x01, 0xdd, 0x76, 0x01, 0x00, 0x78, 0x8e, 0x76, 0x01, 0xff, 0xde, 0x19, 0xff, 0x7c,
	0x01, 0xdb, 0x7c, 0x01, 0x86, 0xf0, 0xce, 0xff, 0xde, 0x19, 0xff, 0xf2, 0x02, 0xee, 0x76, 0x01,
	0x00, 0x09, 0xff, 0xde, 0x19, 0xff, 0xde, 0x19, 0xf4, 0x7c, 0x01, 0x00, 0x11, 0xff, 0xde, 0x19,
	0xff, 0xf2, 0x02, 0xee, 0x76, 0x01, 0x00, 0x19, 0xff, 0xde, 0x19, 0xff, 0xde, 0x19, 0xf4, 0x7c,
	0x01, 0x00, 0x21, 0xff, 0xde, 0x19, 0xff, 0xf2, 0x02, 0xee, 0x76, 0x01, 0x00, 0x29, 0xff, 0xde,
	0x19, 0xff, 0xde, 0x19, 0xfe, 0x86, 0x01, 0x00, 0x31, 0xff, 0xde, 0x19, 0xff, 0xfc, 0x02, 0xee,
	0x76, 0x01, 0x00, 0x39, 0xff, 0xde, 0x19, 0xff, 0xde, 0x19, 0xf4, 0x7c, 0x01, 0x00, 0x41, 0xff,
	0xde, 0x19, 0xff, 0xf2, 0x02, 0xee, 0x76, 0x01, 0x00, 0x49, 0xff, 0xde, 0x19, 0xff, 0xde, 0x19,
	0xf4, 0x7c, 0x01, 0x00, 0x51, 0xff, 0xde, 0x19, 0xff, 0xf2, 0x02, 0xee, 0x76, 0x01, 0x00, 0x59,
	0xff, 0xde, 0x19, 0xff, 0xde, 0x19, 0xf4, 0x7c, 0x01, 0x00, 0x61, 0xff, 0xde, 0x19, 0xff, 0xde,
	0x19, 0xf4, 0x7c, 0x01, 0x00, 0x69, 0xff, 0xde, 0x19, 0xff, 0xde, 0x19, 0xff, 0xde, 0x19, 0xff,
	0x01, 0x00, 0xff, 0x01, 0x00, 0x88, 0x01, 0x00, 0x93, 0xde, 0x19, 0xff, 0xde, 0x19, 0xff, 0xba,
	0x03, 0x88, 0xf0, 0xce, 0xff, 0xde, 0x19, 0xff, 0x30, 0x05, 0xee, 0x76, 0x01, 0x00, 0x79, 0xff,
	0xde, 0x19, 0xff, 0xde, 0x19, 0xec, 0x7c, 0x01, 0x86, 0xf0, 0xce, 0xff, 0xde, 0x19, 0xff, 0xf2,
	0x02, 0xee, 0x76, 0x01, 0x00, 0x0a, 0xff, 0xde, 0x19, 0xff, 0xde, 0x19, 0xf4, 0x7c, 0x01, 0x00,
	0x12, 0xff, 0xde, 0x19, 0xff, 0xf2, 0x02, 0xee, 0x76, 0x01, 0x00, 0x1a, 0xff, 0xde, 0x19, 0xff,
	0xde, 0x19, 0xf4, 0x7c, 0x01, 0x00, 0x22, 0xff, 0xde, 0x19, 0xff, 0xf2, 0x02, 0xee, 0x76, 0x01,
	0x00, 0x2a, 0xff, 0xde, 0x19, 0xff, 0xde, 0x19, 0xfe, 0x86, 0x01, 0x00, 0x32, 0xff, 0xde, 0x19,
	0xff, 0xfc, 0x02, 0xee, 0x76, 0x01, 0x00, 0x3a, 0xff, 0xde, 0x19, 0xff, 0xde, 0x19, 0xf4, 0x7c,
	0x01, 0x00, 0x42, 0xff, 0xde, 0x19, 0xff, 0xf2, 0x02, 0xee, 0x76, 0x01, 0x00, 0x4a, 0xff, 0xde,
	0x19, 0xff, 0xde, 0x19, 0xf4, 0x7c, 0x01, 0x00, 0x52, 0xff, 0xde, 0x19, 0xff, 0xf2, 0x02, 0xee,
	0x76, 0x01, 0x00, 0x5a, 0xff, 0xde, 0x19, 0xff, 0xde, 0x19, 0xf4, 0x7c, 0x01, 0x00, 0x62, 0xff,
	0xde, 0x19, 0xff, 0xde, 0x19, 0xf4, 0x7c, 0x01, 0x00, 0x6a, 0xff, 0xde, 0x19, 0xff, 0xde, 0x19,
	0xff, 0xde, 0x19, 0xff, 0x01, 0x00, 0xff, 0x01, 0x00, 0x88, 0x01, 0x00, 0x93, 0xde, 0x19, 0xff,
	0xde, 0x19, 0xff, 0xba, 0x03, 0x88, 0xf0, 0xce, 0xff, 0xde, 0x19, 0xff, 0x30, 0x05, 0xee, 0x76,
	0x01, 0x00, 0x7a, 0xff, 0xde, 0x19, 0xff, 0xde, 0x19, 0xec, 0x7c, 0x01, 0x86, 0xf0, 0xce, 0xff,
	0xde, 0x19, 0xff, 0xf2, 0x02, 0xee, 0x76, 0x01, 0x00, 0x0b, 0xff, 0xde, 0x19, 0xff, 0xde, 0x19,
	0xf4, 0x7c, 0x01, 0x00, 0x13, 0xff, 0xde, 0x19, 0xff, 0xf2, 0x02, 0xee, 0x76, 0x01, 0x00, 0x1b,
	0xff, 0xde, 0x19, 0xff, 0xde, 0x19, 0xf4, 0x7c, 0x01, 0x00, 0x23, 0xff, 0xde, 0x19, 0xff, 0xf2,
	0x02, 0xee, 0x76, 0x01, 0x00, 0x2b, 0xff, 0xde, 0x19, 0xff, 0xde, 0x19, 0xfe, 0x86, 0x01, 0x00,
	0x33, 0xff, 0xde, 0x19, 0xff, 0xfc, 0x02, 0xee, 0x76, 0x01, 0x00, 0x3b, 0xff, 0xde, 0x19, 0xff,
	0xde, 0x19, 0xf4, 0x7c, 0x01, 0x00, 0x43, 0xff, 0xde, 0x19, 0xff, 0xf2, 0x02, 0xee, 0x76, 0x01,
	0x00, 0x4b, 0xff, 0xde, 0x19, 0xff, 0xde, 0x19, 0xf4, 0x7c, 0x01, 0x00, 0x53, 0xff, 0xde, 0x19,
	0xff, 0xf2, 0x02, 0xee, 0x76, 0x01, 0x00, 0x5b, 0xff, 0xde, 0x19, 0xff, 0xde, 0x19, 0xf4, 0x7c,
	0x01, 0x00, 0x63, 0xff, 0xde, 0x19, 0xff, 0xde, 0x19, 0xf4, 0x7c, 0x01, 0x00, 0x6b, 0xff, 0xde,
	0x19, 0xff, 0xde, 0x19, 0xff, 0xde, 0x19, 0xff, 0x01, 0x00, 0xff, 0x01, 0x00, 0x88, 0x01, 0x00,
	0x93, 0xde, 0x19, 0xff, 0xde, 0x19, 0xff, 0xba, 0x03, 0x88, 0xf0, 0xce, 0xff, 0xde, 0x19, 0xff,
	0x30, 0x05, 0xee, 0x76, 0x01, 0x00, 0x7b, 0xff, 0xde, 0x19, 0xff, 0xde, 0x19, 0xe8, 0x7c, 0x01,
	0x8a, 0xf0, 0xce, 0xff, 0xde, 0x19, 0xff, 0xf2, 0x02, 0xee, 0x76, 0x01, 0x00, 0x0c, 0xff, 0xde,
	0x19, 0xff, 0xde, 0x19, 0xf4, 0x7c, 0x01, 0x00, 0x14, 0xff, 0xde, 0x19, 0xff, 0xf2, 0x02, 0xee,
	0x76, 0x01, 0x00, 0x1c, 0xff, 0xde, 0x19, 0xff, 0xde, 0x19, 0xf4, 0x7c, 0x01, 0x00, 0x24, 0xff,
	0xde, 0x19, 0xff, 0xf2, 0x02, 0xee, 0x76, 0x01, 0x00, 0x2c, 0xff, 0xde, 0x19, 0xff, 0xde, 0x19,
	0xfe, 0x86, 0x01, 0x00, 0x34, 0xff, 0xde, 0x19, 0xff, 0xfc, 0x02, 0xee, 0x76, 0x01, 0x00, 0x3c,
	0xff, 0xde, 0x19, 0xff, 0xde, 0x19, 0xf4, 0x7c, 0x01, 0x00, 0x44, 0xff, 0xde, 0x19, 0xff, 0xf2,
	0x02, 0xee, 0x76, 0x01, 0x00, 0x4c, 0xff, 0xde, 0x19, 0xff, 0xde, 0x19, 0xf4, 0x7c, 0x01, 0x00,
	0x54, 0xff, 0xde, 0x19, 0xff, 0xf2, 0x02, 0xee, 0x76, 0x01, 0x00, 0x5c, 0xff, 0xde, 0x19, 0xff,
	0xde, 0x19, 0xf4, 0x7c, 0x01, 0x00, 0x64, 0xff, 0xde, 0x19, 0xff, 0xde, 0x19, 0xf4, 0x7c, 0x01,
	0x00, 0x6c, 0xff, 0xde, 0x19, 0xff, 0xde, 0x19, 0xff, 0xde, 0x19, 0xff, 0x01, 0x00, 0xff, 0x01,
	0x00, 0x88, 0x01, 0x00, 0x93, 0xde, 0x19, 0xff, 0xde, 0x19, 0xff, 0xba, 0x03, 0x88, 0xf0, 0xce,
	0xff, 0xde, 0x19, 0xff, 0x30, 0x05, 0xee, 0x76, 0x01, 0x00, 0x7c, 0xff, 0xde, 0x19, 0xff, 0xde,
	0x19, 0xec, 0x7c, 0x01, 0x86, 0xf0, 0xce, 0xff, 0xde, 0x19, 0xff, 0xf2, 0x02, 0xee, 0x76, 0x01,
	0x00, 0x0d, 0xff, 0xde, 0x19, 0xff, 0xde, 0x19, 0xf4, 0x7c, 0x01, 0x00, 0x15, 0xff, 0xde, 0x19,
	0xff, 0xf2, 0x02, 0xee, 0x76, 0x01, 0x00, 0x1d, 0xff, 0xde, 0x19, 0xff, 0xde, 0x19, 0xf4, 0x7c,
	0x01, 0x00, 0x25, 0xff, 0xde, 0x19, 0xff, 0xf2, 0x02, 0xee, 0x76, 0x01, 0x00, 0x2d, 0xff, 0xde,
	0x19, 0xff, 0xde, 0x19, 0xfe, 0x86, 0x01, 0x00, 0x35, 0xff, 0xde, 0x19, 0xff, 0xfc, 0x02, 0xee,
	0x76, 0x01, 0x00, 0x3d, 0xff, 0xde, 0x19, 0xff, 0xde, 0x19, 0xf4, 0x7c, 0x01, 0x00, 0x45, 0xff,
	0xde, 0x19, 0xff, 0xf2, 0x02, 0xee, 0x76, 0x01, 0x00, 0x4d, 0xff, 0xde, 0x19, 0xff, 0xde, 0x19,
	0xf4, 0x7c, 0x01, 0x00, 0x55, 0xff, 0xde, 0x19, 0xff, 0xf2, 0x02, 0xee, 0x76, 0x01, 0x00, 0x5d,
	0xff, 0xde, 0x19, 0xff, 0xde, 0x19, 0xf4, 0x7c, 0x01, 0x00, 0x65, 0xff, 0xde, 0x19, 0xff, 0xde,
	0x19, 0xf4, 0x7c, 0x01, 0x00, 0x6d, 0xff, 0xde, 0x19, 0xff, 0xde, 0x19, 0xff, 0xde, 0x19, 0xff,
	0x01, 0x00, 0xff, 0x01, 0x00, 0x88, 0x01, 0x00, 0x93, 0xde, 0x19, 0xff, 0xde, 0x19, 0xff, 0xba,
	0x03, 0x88, 0xf0, 0xce, 0xff, 0xde, 0x19, 0xff, 0x30, 0x05, 0xee, 0x76, 0x01, 0x00, 0x7d, 0xff,
	0xde, 0x19, 0xff, 0xde, 0x19, 0xec, 0x7c, 0x01, 0x86, 0xf0, 0xce, 0xff, 0xde, 0x19, 0xff, 0xf2,
	0x02, 0xee, 0x76, 0x01, 0x00, 0x0e, 0xff, 0xde, 0x19, 0xff, 0xde, 0x19, 0xf4, 0x7c, 0x01, 0x00,
	0x16, 0xff, 0xde, 0x19, 0xff, 0xf2, 0x02, 0xee, 0x76, 0x01, 0x00, 0x1e, 0xff, 0xde, 0x19, 0xff,
	0xde, 0x19, 0xf4, 0x7c, 0x01, 0x00, 0x26, 0xff, 0xde, 0x19, 0xff, 0xf2, 0x02, 0xee, 0x76, 0x01,
	0x00, 0x2e, 0xff, 0xde, 0x19, 0xff, 0xde, 0x19, 0xfe, 0x86, 0x01, 0x00, 0x36, 0xff, 0xde, 0x19,
	0xff, 0xfc, 0x02, 0xee, 0x76, 0x01, 0x00, 0x3e, 0xff, 0xde, 0x19, 0xff, 0xde, 0x19, 0xf4, 0x7c,
	0x01, 0x00, 0x46, 0xff, 0xde, 0x19, 0xff, 0xf2, 0x02, 0xee, 0x76, 0x01, 0x00, 0x4e, 0xff, 0xde,
	0x19, 0xff, 0xde, 0x19, 0xf4, 0x7c, 0x01, 0x00, 0x56, 0xff, 0xde, 0x19, 0xff, 0xf2, 0x02, 0xee,
	0x76, 0x01, 0x00, 0x5e, 0xff, 0xde, 0x19, 0xff, 0xde, 0x19, 0xf4, 0x7c, 0x01, 0x00, 0x66, 0xff,
	0xde, 0x19, 0xff, 0xde, 0x19, 0xf4, 0x7c, 0x01, 0x00, 0x6e, 0xff, 0xde, 0x19, 0xff, 0xde, 0x19,
	0xff, 0xde, 0x19, 0xff, 0x01, 0x00, 0xff, 0x01, 0x00, 0x88, 0x01, 0x00, 0x93, 0xde, 0x19, 0xff,
	0xde, 0x19, 0xff, 0xba, 0x03, 0x88, 0xf0, 0xce, 0xff, 0xde, 0x19, 0xff, 0x30, 0x05, 0xee, 0x76,
	0x01, 0x00, 0x7e, 0xff, 0xde, 0x19, 0xff, 0xde, 0x19, 0xec, 0x7c, 0x01, 0x86, 0xf0, 0xce, 0xff,
	0xde, 0x19, 0xff, 0xf2, 0x02, 0xee, 0x76, 0x01, 0x00, 0x0f, 0xff, 0xde, 0x19, 0xff, 0xde, 0x19,
	0xf4, 0x7c, 0x01, 0x00, 0x17, 0xff, 0xde, 0x19, 0xff, 0xf2, 0x02, 0xee, 0x76, 0x01, 0x00, 0x1f,
	0xff, 0xde, 0x19, 0xff, 0xde, 0x19, 0xf4, 0x7c, 0x01, 0x00, 0x27, 0xff, 0xde, 0x19, 0xff, 0xf2,
	0x02, 0xee, 0x76, 0x01, 0x00, 0x2f, 0xff, 0xde, 0x19, 0xff, 0xde, 0x19, 0xfe, 0x86, 0x01, 0x00,
	0x37, 0xff, 0xde, 0x19, 0xff, 0xfc, 0x02, 0xee, 0x76, 0x01, 0x00, 0x3f, 0xff, 0xde, 0x19, 0xff,
	0xde, 0x19, 0xf4, 0x7c, 0x01, 0x00, 0x47, 0xff, 0xde, 0x19, 0xff, 0xf2, 0x02, 0xee, 0x76, 0x01,
	0x00, 0x4f, 0xff, 0xde, 0x19, 0xff, 0xde, 0x19, 0xf4, 0x7c, 0x01, 0x00, 0x57, 0xff, 0xde, 0x19,
	0xff, 0xf2, 0x02, 0xee, 0x76, 0x01, 0x00, 0x5f, 0xff, 0xde, 0x19, 0xff, 0xde, 0x19, 0xf4, 0x7c,
	0x01, 0x00, 0x67, 0xff, 0xde, 0x19, 0xff, 0xde, 0x19, 0xf4, 0x7c, 0x01, 0x00, 0x6f, 0xff, 0xde,
	0x19, 0xff, 0xde, 0x19, 0xff, 0xde, 0x19, 0xff, 0x01, 0x00, 0xff, 0x01, 0x00, 0x88, 0x01, 0x00,
	0x93, 0xde, 0x19, 0xff, 0xde, 0x19, 0xff, 0xba, 0x03, 0x88, 0xf0, 0xce, 0xff, 0xde, 0x19, 0xff,
	0x30, 0x05, 0xee, 0x76, 0x01, 0x00, 0x7f, 0xff, 0xde, 0x19, 0xff, 0xde, 0x19, 0xe8, 0x7c, 0x01,
	0x8a, 0xf0, 0xce, 0x00, 0xd9, 0xff, 0xde, 0x19, 0xff, 0x76, 0x01, 0xed, 0x76, 0x01, 0x00, 0x08,
	0x8e, 0x76, 0x01, 0xff, 0xde, 0x19, 0xff, 0x7c, 0x01, 0xe3, 0x7c, 0x01, 0x00, 0x10, 0x8e, 0x7c,
	0x01, 0xff, 0xde, 0x19, 0xff, 0x76, 0x01, 0xdd, 0x76, 0x01, 0x00, 0x18, 0x8e, 0x76, 0x01, 0xff,
	0xde, 0x19, 0xff, 0x7c, 0x01, 0xe3, 0x7c, 0x01, 0x00, 0x20, 0x8e, 0x7c, 0x01, 0xff, 0xde, 0x19,
	0xff, 0x76, 0x01, 0xdd, 0x76, 0x01, 0x00, 0x28, 0x8e, 0x76, 0x01, 0xff, 0xde, 0x19, 0xff, 0x86,
	0x01, 0xed, 0x86, 0x01, 0x00, 0x30, 0x8c, 0x86, 0x01, 0xff, 0xde, 0x19, 0xff, 0x76, 0x01, 0xdf,
	0x76, 0x01, 0x00, 0x38, 0x8e, 0x76, 0x01, 0xff, 0xde, 0x19, 0xff, 0x7c, 0x01, 0xe3, 0x7c, 0x01,
	0x00, 0x40, 0x8e, 0x7c, 0x01, 0xff, 0xde, 0x19, 0xff, 0x76, 0x01, 0xdd, 0x76, 0x01, 0x00, 0x48,
	0x8e, 0x76, 0x01, 0xff, 0xde, 0x19, 0xff, 0x7c, 0x01, 0xe3, 0x7c, 0x01, 0x00, 0x50, 0x8e, 0x7c,
	0x01, 0xff, 0xde, 0x19, 0xff, 0x76, 0x01, 0xdd, 0x76, 0x01, 0x00, 0x58, 0x8e, 0x76, 0x01, 0xff,
	0xde, 0x19, 0xff, 0x7c, 0x01, 0xe3, 0x7c, 0x01, 0x00, 0x60, 0x8e, 0x7c, 0x01, 0xff, 0xde, 0x19,
	0xff, 0x7c, 0x01, 0xe3, 0x7c, 0x01, 0x00, 0x68, 0x8c, 0x7c, 0x01, 0xff, 0xde, 0x19, 0xff, 0xde,
	0x19, 0xff, 0xde, 0x19, 0xff, 0x01, 0x00, 0xfb, 0x01, 0x00, 0x93, 0xde, 0x19, 0xff, 0xde, 0x19,
	0xff, 0xba, 0x03, 0x88, 0xf0, 0xce, 0x8e, 0x92, 0x0f, 0xff, 0xde, 0x19, 0xff, 0x76, 0x01, 0xdd,
	0x76, 0x01, 0x00, 0x78, 0x8e, 0x76, 0x01, 0xff, 0xde, 0x19, 0xff, 0x7c, 0x01, 0xdb, 0x7c, 0x01,
	0x86, 0xf0, 0xce, 0xff, 0xde, 0x19, 0xff, 0xf2, 0x02, 0xee, 0x76, 0x01, 0x00, 0x09, 0xff, 0xde,
	0x19, 0xff, 0xde, 0x19, 0xf4, 0x7c, 0x01, 0x00, 0x11, 0xff, 0xde, 0x19, 0xff, 0xf2, 0x02, 0xee,
	0x76, 0x01, 0x00, 0x19, 0xff, 0xde, 0x19, 0xff, 0xde, 0x19, 0xf4, 0x7c, 0x01, 0x00, 0x21, 0xff,
	0xde, 0x19, 0xff, 0xf2, 0x02, 0xee, 0x76, 0x01, 0x00, 0x29, 0xff, 0xde, 0x19, 0xff, 0xde, 0x19,
	0xfe, 0x86, 0x01, 0x00, 0x31, 0xff, 0xde, 0x19, 0xff, 0xfc, 0x02, 0xee, 0x76, 0x01, 0x00, 0x39,
	0xff, 0xde, 0x19, 0xff, 0xde, 0x19, 0xf4, 0x7c, 0x01, 0x00, 0x41, 0xff, 0xde, 0x19, 0xff, 0xf2,
	0x02, 0xee, 0x76, 0x01, 0x00, 0x49, 0xff, 0xde, 0x19, 0xff, 0xde, 0x19, 0xf4, 0x7c, 0x01, 0x00,
	0x51, 0xff, 0xde, 0x19, 0xff, 0xf2, 0x02, 0xee, 0x76, 0x01, 0x00, 0x59, 0xff, 0xde, 0x19, 0xff,
	0xde, 0x19, 0xf4, 0x7c, 0x01, 0x00, 0x61, 0xff, 0xde, 0x19, 0xff, 0xde, 0x19, 0xf4, 0x7c, 0x01,
	0x00, 0x69, 0xff, 0xde, 0x19, 0xff, 0xde, 0x19, 0xff, 0xde, 0x19, 0xff, 0x01, 0x00, 0xff, 0x01,
	0x00, 0x88, 0x01, 0x00, 0x93, 0xde, 0x19, 0xff, 0xde, 0x19, 0xff, 0xba, 0x03, 0x88, 0xf0, 0xce,
	0xff, 0xde, 0x19, 0xff, 0x30, 0x05, 0xee, 0x76, 0x01, 0x00, 0x79, 0xff, 0xde, 0x19, 0xff, 0xde,
	0x19, 0xec, 0x7c, 0x01, 0x86, 0xf0, 0xce, 0xff, 0xde, 0x19, 0xff, 0xf2, 0x02, 0xee, 0x76, 0x01,
	0x00, 0x0a, 0xff, 0xde, 0x19, 0xff, 0xde, 0x19, 0xf4, 0x7c, 0x01, 0x00, 0x12, 0xff, 0xde, 0x19,
	0xff, 0xf2, 0x02, 0xee, 0x76, 0x01, 0x00, 0x1a, 0xff, 0xde, 0x19, 0xff, 0xde, 0x19, 0xf4, 0x7c,
	0x01, 0x00, 0x22, 0xff, 0xde, 0x19, 0xff, 0xf2, 0x02, 0xee, 0x76, 0x01, 0x00, 0x2a, 0xff, 0xde,
	0x19, 0xff, 0xde, 0x19, 0xfe, 0x86, 0x01, 0x00, 0x32, 0xff, 0xde, 0x19, 0xff, 0xfc, 0x02, 0xee,
	0x76, 0x01, 0x00, 0x3a, 0xff, 0xde, 0x19, 0xff, 0xde, 0x19, 0xf4, 0x7c, 0x01, 0x00, 0x42, 0xff,
	0xde, 0x19, 0xff, 0xf2, 0x02, 0xee, 0x76, 0x01, 0x00, 0x4a, 0xff, 0xde, 0x19, 0xff, 0xde, 0x19,
	0xf4, 0x7c, 0x01, 0x00, 0x52, 0xff, 0xde, 0x19, 0xff, 0xf2, 0x02, 0xee, 0x76, 0x01, 0x00, 0x5a,
	0xff, 0xde, 0x19, 0xff, 0xde, 0x19, 0xf4, 0x7c, 0x01, 0x00, 0x62, 0xff, 0xde, 0x19, 0xff, 0xde,
	0x19, 0xf4, 0x7c, 0x01, 0x00, 0x6a, 0xff, 0xde, 0x19, 0xff, 0xde, 0x19, 0xff, 0xde, 0x19, 0xff,
	0x01, 0x00, 0xff, 0x01, 0x00, 0x88, 0x01, 0x00, 0x93, 0xde, 0x19, 0xff, 0xde, 0x19, 0xff, 0xba,
	0x03, 0x88, 0xf0, 0xce, 0xff, 0xde, 0x19, 0xff, 0x30, 0x05, 0xee, 0x76, 0x01, 0x00, 0x7a, 0xff,
	0xde, 0x19, 0xff, 0xde, 0x19, 0xec, 0x7c, 0x01, 0x86, 0xf0, 0xce, 0xff, 0xde, 0x19, 0xff, 0xf2,
	0x02, 0xee, 0x76, 0x01, 0x00, 0x0b, 0xff, 0xde, 0x19, 0xff, 0xde, 0x19, 0xf4, 0x7c, 0x01, 0x00,
	0x13, 0xff, 0xde, 0x19, 0xff, 0xf2, 0x02, 0xee, 0x76, 0x01, 0x00, 0x1b, 0xff, 0xde, 0x19, 0xff,
	0xde, 0x19, 0xf4, 0x7c, 0x01, 0x00, 0x23, 0xff, 0xde, 0x19, 0xff, 0xf2, 0x02, 0xee, 0x76, 0x01,
	0x00, 0x2b, 0xff, 0xde, 0x19, 0xff, 0xde, 0x19, 0xfe, 0x86, 0x01, 0x00, 0x33, 0xff, 0xde, 0x19,
	0xff, 0xfc, 0x02, 0xee, 0x76, 0x01, 0x00, 0x3b, 0xff, 0xde, 0x19, 0xff, 0xde, 0x19, 0xf4, 0x7c,
	0x01, 0x00, 0x43, 0xff, 0xde, 0x19, 0xff, 0xf2, 0x02, 0xee, 0x76, 0x01, 0x00, 0x4b, 0xff, 0xde,
	0x19, 0xff, 0xde, 0x19, 0xf4, 0x7c, 0x01, 0x00, 0x53, 0xff, 0xde, 0x19, 0xff, 0xf2, 0x02, 0xee,
	0x76, 0x01, 0x00, 0x5b, 0xff, 0xde, 0x19, 0xff, 0xde, 0x19, 0xf4, 0x7c, 0x01, 0x00, 0x63, 0xff,
	0xde, 0x19, 0xff, 0xde, 0x19, 0xf4, 0x7c, 0x01, 0x00, 0x6b, 0xff, 0xde, 0x19, 0xff, 0xde, 0x19,
	0xff, 0xde, 0x19, 0xff, 0x01, 0x00, 0xff, 0x01, 0x00, 0x88, 0x01, 0x00, 0x93, 0xde, 0x19, 0xff,
	0xde, 0x19, 0xff, 0xba, 0x03, 0x88, 0xf0, 0xce, 0xff, 0xde, 0x19, 0xff, 0x30, 0x05, 0xee, 0x76,
	0x01, 0x00, 0x7b, 0xff, 0xde, 0x19, 0xff, 0xde, 0x19, 0xe8, 0x7c, 0x01, 0x8a, 0xf0, 0xce, 0xff,
	0xde, 0x19, 0xff, 0xf2, 0x02, 0xee, 0x76, 0x01, 0x00, 0x0c, 0xff, 0xde, 0x19, 0xff, 0xde, 0x19,
	0xf4, 0x7c, 0x01, 0x00, 0x14, 0xff, 0xde, 0x19, 0xff, 0xf2, 0x02, 0xee, 0x76, 0x01, 0x00, 0x1c,
	0xff, 0xde, 0x19, 0xff, 0xde, 0x19, 0xf4, 0x7c, 0x01, 0x00, 0x24, 0xff, 0xde, 0x19, 0xff, 0xf2,
	0x02, 0xee, 0x76, 0x01, 0x00, 0x2c, 0xff, 0xde, 0x19, 0xff, 0xde, 0x19, 0xfe, 0x86, 0x01, 0x00,
	0x34, 0xff, 0xde, 0x19, 0xff, 0xfc, 0x02, 0xee, 0x76, 0x01, 0x00, 0x3c, 0xff, 0xde, 0x19, 0xff,
	0xde, 0x19, 0xf4, 0x7c, 0x01, 0x00, 0x44, 0xff, 0xde, 0x19, 0xff, 0xf2, 0x02, 0xee, 0x76, 0x01,
	0x00, 0x4c, 0xff, 0xde, 0x19, 0xff, 0xde, 0x19, 0xf4, 0x7c, 0x01, 0x00, 0x54, 0xff, 0xde, 0x19,
	0xff, 0xf2, 0x02, 0xee, 0x76, 0x01, 0x00, 0x5c, 0xff, 0xde, 0x19, 0xff, 0xde, 0x19, 0xf4, 0x7c,
	0x01, 0x00, 0x64, 0xff, 0xde, 0x19, 0xff, 0xde, 0x19, 0xf4, 0x7c, 0x01, 0x00, 0x6c, 0xff, 0xde,
	0x19, 0xff, 0xde, 0x19, 0xff, 0xde, 0x19, 0xff, 0x01, 0x00, 0xff, 0x01, 0x00, 0x88, 0x01, 0x00,
	0x93, 0xde, 0x19, 0xff, 0xde, 0x19, 0xff, 0xba, 0x03, 0x88, 0xf0, 0xce, 0xff, 0xde, 0x19, 0xff,
	0x30, 0x05, 0xee, 0x76, 0x01, 0x00, 0x7c, 0xff, 0xde, 0x19, 0xff, 0xde, 0x19, 0xec, 0x7c, 0x01,
	0x86, 0xf0, 0xce, 0xff, 0xde, 0x19, 0xff, 0xf2, 0x02, 0xee, 0x76, 0x01, 0x00, 0x0d, 0xff, 0xde,
	0x19, 0xff, 0xde, 0x19, 0xf4, 0x7c, 0x01, 0x00, 0x15, 0xff, 0xde, 0x19, 0xff, 0xf2, 0x02, 0xee,
	0x76, 0x01, 0x00, 0x1d, 0xff, 0xde, 0x19, 0xff, 0xde, 0x19, 0xf4, 0x7c, 0x01, 0x00, 0x25, 0xff,
	0xde, 0x19, 0xff, 0xf2, 0x02, 0xee, 0x76, 0x01, 0x00, 0x2d, 0xff, 0xde, 0x19, 0xff, 0xde, 0x19,
	0xfe, 0x86, 0x01, 0x00, 0x35, 0xff, 0xde, 0x19, 0xff, 0xfc, 0x02, 0xee, 0x76, 0x01, 0x00, 0x3d,
	0xff, 0xde, 0x19, 0xff, 0xde, 0x19, 0xf4, 0x7c, 0x01, 0x00, 0x45, 0xff, 0xde, 0x19, 0xff, 0xf2,
	0x02, 0xee, 0x76, 0x01, 0x00, 0x4d, 0xff, 0xde, 0x19, 0xff, 0xde, 0x19, 0xf4, 0x7c, 0x01, 0x00,
	0x55, 0xff, 0xde, 0x19, 0xff, 0xf2, 0x02, 0xee, 0x76, 0x01, 0x00, 0x5d, 0xff, 0xde, 0x19, 0xff,
	0xde, 0x19, 0xf4, 0x7c, 0x01, 0x00, 0x65, 0xff, 0xde, 0x19, 0xff, 0xde, 0x19, 0xf4, 0x7c, 0x01,
	0x00, 0x6d, 0xff, 0xde, 0x19, 0xff, 0xde, 0x19, 0xff, 0xde, 0x19, 0xff, 0x01, 0x00, 0xff, 0x01,
	0x00, 0x88, 0x01, 0x00, 0x93, 0xde, 0x19, 0xff, 0xde, 0x19, 0xff, 0xba, 0x03, 0x88, 0xf0, 0xce,
	0xff, 0xde, 0x19, 0xff, 0x30, 0x05, 0xee, 0x76, 0x01, 0x00, 0x7d, 0xff, 0xde, 0x19, 0xff, 0xde,
	0x19, 0xec, 0x7c, 0x01, 0x86, 0xf0, 0xce, 0xff, 0xde, 0x19, 0xff, 0xf2, 0x02, 0xee, 0x76, 0x01,
	0x00, 0x0e, 0xff, 0xde, 0x19, 0xff, 0xde, 0x19, 0xf4, 0x7c, 0x01, 0x00, 0x16, 0xff, 0xde, 0x19,
	0xff, 0xf2, 0x02, 0xee, 0x76, 0x01, 0x00, 0x1e, 0xff, 0xde, 0x19, 0xff, 0xde, 0x19, 0xf4, 0x7c,
	0x01, 0x00, 0x26, 0xff, 0xde, 0x19, 0xff, 0xf2, 0x02, 0xee, 0x76, 0x01, 0x00, 0x2e, 0xff, 0xde,
	0x19, 0xff, 0xde, 0x19, 0xfe, 0x86, 0x01, 0x00, 0x36, 0xff, 0xde, 0x19, 0xff, 0xfc, 0x02, 0xee,
	0x76, 0x01, 0x00, 0x3e, 0xff, 0xde, 0x19, 0xff, 0xde, 0x19, 0xf4, 0x7c, 0x01, 0x00, 0x46, 0xff,
	0xde, 0x19, 0xff, 0xf2, 0x02, 0xee, 0x76, 0x01, 0x00, 0x4e, 0xff, 0xde, 0x19, 0xff, 0xde, 0x19,
	0xf4, 0x7c, 0x01, 0x00, 0x56, 0xff, 0xde, 0x19, 0xff, 0xf2, 0x02, 0xee, 0x76, 0x01, 0x00, 0x5e,
	0xff, 0xde, 0x19, 0xff, 0xde, 0x19, 0xf4, 0x7c, 0x01, 0x00, 0x66, 0xff, 0xde, 0x19, 0xff, 0xde,
	0x19, 0xf4, 0x7c, 0x01, 0x00, 0x6e, 0xff, 0xde, 0x19, 0xff, 0xde, 0x19, 0xff, 0xde, 0x19, 0xff,
	0x01, 0x00, 0xff, 0x01, 0x00, 0x88, 0x01, 0x00, 0x93, 0xde, 0x19, 0xff, 0xde, 0x19, 0xff, 0xba,
	0x03, 0x88, 0xf0, 0xce, 0xff, 0xde, 0x19, 0xff, 0x30, 0x05, 0xee, 0x76, 0x01, 0x00, 0x7e, 0xff,
	0xde, 0x19, 0xff, 0xde, 0x19, 0xec, 0x7c, 0x01, 0x86, 0xf0, 0xce, 0xff, 0xde, 0x19, 0xff, 0xf2,
	0x02, 0xee, 0x76, 0x01, 0x00, 0x0f, 0xff, 0xde, 0x19, 0xff, 0xde, 0x19, 0xf4, 0x7c, 0x01, 0x00,
	0x17, 0xff, 0xde, 0x19, 0xff, 0xf2, 0x02, 0xee, 0x76, 0x01, 0x00, 0x1f, 0xff, 0xde, 0x19, 0xff,
	0xde, 0x19, 0xf4, 0x7c, 0x01, 0x00, 0x27, 0xff, 0xde, 0x19, 0xff, 0xf2, 0x02, 0xee, 0x76, 0x01,
	0x00, 0x2f, 0xff, 0xde, 0x19, 0xff, 0xde, 0x19, 0xfe, 0x86, 0x01, 0x00, 0x37, 0xff, 0xde, 0x19,
	0xff, 0xfc, 0x02, 0xee, 0x76, 0x01, 0x00, 0x3f, 0xff, 0xde, 0x19, 0xff, 0xde, 0x19, 0xf4, 0x7c,
	0x01, 0x00, 0x47, 0xff, 0xde, 0x19, 0xff, 0xf2, 0x02, 0xee, 0x76, 0x01, 0x00, 0x4f, 0xff, 0xde,
	0x19, 0xff, 0xde, 0x19, 0xf4, 0x7c, 0x01, 0x00, 0x57, 0xff, 0xde, 0x19, 0xff, 0xf2, 0x02, 0xee,
	0x76, 0x01, 0x00, 0x5f, 0xff, 0xde, 0x19, 0xff, 0xde, 0x19, 0xf4, 0x7c, 0x01, 0x00, 0x67, 0xff,
	0xde, 0x19, 0xff, 0xde, 0x19, 0xf4, 0x7c, 0x01, 0x00, 0x6f, 0xff, 0xde, 0x19, 0xff, 0xde, 0x19,
	0xff, 0xde, 0x19, 0xff, 0x01, 0x00, 0xff, 0x01, 0x00, 0x88, 0x01, 0x00, 0x93, 0xde, 0x19, 0xff,
	0xde, 0x19, 0xff, 0xba, 0x03, 0x88, 0xf0, 0xce, 0xff, 0xde, 0x19, 0xff, 0x30, 0x05, 0xee, 0x76,
	0x01, 0x00, 0x7f, 0xff, 0xde, 0x19, 0xff, 0xde, 0x19, 0xe8, 0x7c, 0x01, 0x8a, 0xf0, 0xce, 0x00,
	0xd2, 0xff, 0xde, 0x19, 0xff, 0x76, 0x01, 0xed, 0x76, 0x01, 0x00, 0x08, 0x8e, 0x76, 0x01, 0xff,
	0xde, 0x19, 0xff, 0x7c, 0x01, 0xe3, 0x7c, 0x01, 0x00, 0x10, 0x8e, 0x7c, 0x01, 0xff, 0xde, 0x19,
	0xff, 0x76, 0x01, 0xdd, 0x76, 0x01, 0x00, 0x18, 0x8e, 0x76, 0x01, 0xff, 0xde, 0x19, 0xff, 0x7c,
	0x01, 0xe3, 0x7c, 0x01, 0x00, 0x20, 0x8e, 0x7c, 0x01, 0xff, 0xde, 0x19, 0xff, 0x76, 0x01, 0xdd,
	0x76, 0x01, 0x00, 0x28, 0x8e, 0x76, 0x01, 0xff, 0xde, 0x19, 0xff, 0x86, 0x01, 0xed, 0x86, 0x01,
	0x00, 0x30, 0x8c, 0x86, 0x01, 0xff, 0xde, 0x19, 0xff, 0x76, 0x01, 0xdf, 0x76, 0x01, 0x00, 0x38,
	0x8e, 0x76, 0x01, 0xff, 0xde, 0x19, 0xff, 0x7c, 0x01, 0xe3, 0x7c, 0x01, 0x00, 0x40, 0x8e, 0x7c,
	0x01, 0xff, 0xde, 0x19, 0xff, 0x76, 0x01, 0xdd, 0x76, 0x01, 0x00, 0x48, 0x8e, 0x76, 0x01, 0xff,
	0xde, 0x19, 0xff, 0x7c, 0x01, 0xe3, 0x7c, 0x01, 0x00, 0x50, 0x8e, 0x7c, 0x01, 0xff, 0xde, 0x19,
	0xff, 0x76, 0x01, 0xdd, 0x76, 0x01, 0x00, 0x58, 0x8e, 0x76, 0x01, 0xff, 0xde, 0x19, 0xff, 0x7c,
	0x01, 0xe3, 0x7c, 0x01, 0x00, 0x60, 0x8e, 0x7c, 0x01, 0xff, 0xde, 0x19, 0xff, 0x7c, 0x01, 0xe3,
	0x7c, 0x01, 0x00, 0x68, 0x8c, 0x7c, 0x01, 0xff, 0xde, 0x19, 0xff, 0xde, 0x19, 0xff, 0xde, 0x19,
	0xff, 0x01, 0x00, 0xfb, 0x01, 0x00, 0x93, 0xde, 0x19, 0xff, 0xde, 0x19, 0xff, 0xba, 0x03, 0x88,
	0xf0, 0xce, 0x8e, 0x92, 0x0f, 0xff, 0xde, 0x19, 0xff, 0x76, 0x01, 0xdd, 0x76, 0x01, 0x00, 0x78,
	0x8e, 0x76, 0x01, 0xff, 0xde, 0x19, 0xff, 0x7c, 0x01, 0xdb, 0x7c, 0x01, 0x86, 0xf0, 0xce, 0xff,
	0xde, 0x19, 0xff, 0xf2, 0x02, 0xee, 0x76, 0x01, 0x00, 0x09, 0xff, 0xde, 0x19, 0xff, 0xde, 0x19,
	0xf4, 0x7c, 0x01, 0x00, 0x11, 0xff, 0xde, 0x19, 0xff, 0xf2, 0x02, 0xee, 0x76, 0x01, 0x00, 0x19,
	0xff, 0xde, 0x19, 0xff, 0xde, 0x19, 0xf4, 0x7c, 0x01, 0x00, 0x21, 0xff, 0xde, 0x19, 0xff, 0xf2,
	0x02, 0xee, 0x76, 0x01, 0x00, 0x29, 0xff, 0xde, 0x19, 0xff, 0xde, 0x19, 0xfe, 0x86, 0x01, 0x00,
	0x31, 0xff, 0xde, 0x19, 0xff, 0xfc, 0x02, 0xee, 0x76, 0x01, 0x00, 0x39, 0xff, 0xde, 0x19, 0xff,
	0xde, 0x19, 0xf4, 0x7c, 0x01, 0x00, 0x41, 0xff, 0xde, 0x19, 0xff, 0xf2, 0x02, 0xee, 0x76, 0x01,
	0x00, 0x49, 0xff, 0xde, 0x19, 0xff, 0xde, 0x19, 0xf4, 0x7c, 0x01, 0x00, 0x51, 0xff, 0xde, 0x19,
	0xff, 0xf2, 0x02, 0xee, 0x76, 0x01, 0x00, 0x59, 0xff, 0xde, 0x19, 0xff, 0xde, 0x19, 0xf4, 0x7c,
	0x01, 0x00, 0x61, 0xff, 0xde, 0x19, 0xff, 0xde, 0x19, 0xf4, 0x7c, 0x01, 0x00, 0x69, 0xff, 0xde,
	0x19, 0xff, 0xde, 0x19, 0xff, 0xde, 0x19, 0xff, 0x01, 0x00, 0xff, 0x01, 0x00, 0x88, 0x01, 0x00,
	0x93, 0xde, 0x19, 0xff, 0xde, 0x19, 0xff, 0xba, 0x03, 0x88, 0xf0, 0xce, 0xff, 0xde, 0x19, 0xff,
	0x30, 0x05, 0xee, 0x76, 0x01, 0x00, 0x79, 0xff, 0xde, 0x19, 0xff, 0xde, 0x19, 0xec, 0x7c, 0x01,
	0x86, 0xf0, 0xce, 0xff, 0xde, 0x19, 0xff, 0xf2, 0x02, 0xee, 0x76, 0x01, 0x00, 0x0a, 0xff, 0xde,
	0x19, 0xff, 0xde, 0x19, 0xf4, 0x7c, 0x01, 0x00, 0x12, 0xff, 0xde, 0x19, 0xff, 0xf2, 0x02, 0xee,
	0x76, 0x01, 0x00, 0x1a, 0xff, 0xde, 0x19, 0xff, 0xde, 0x19, 0xf4, 0x7c, 0x01, 0x00, 0x22, 0xff,
	0xde, 0x19, 0xff, 0xf2, 0x02, 0xee, 0x76, 0x01, 0x00, 0x2a, 0xff, 0xde, 0x19, 0xff, 0xde, 0x19,
	0xfe, 0x86, 0x01, 0x00, 0x32, 0xff, 0xde, 0x19, 0xff, 0xfc, 0x02, 0xee, 0x76, 0x01, 0x00, 0x3a,
	0xff, 0xde, 0x19, 0xff, 0xde, 0x19, 0xf4, 0x7c, 0x01, 0x00, 0x42, 0xff, 0xde, 0x19, 0xff, 0xf2,
	0x02, 0xee, 0x76, 0x01, 0x00, 0x4a, 0xff, 0xde, 0x19, 0xff, 0xde, 0x19, 0xf4, 0x7c, 0x01, 0x00,
	0x52, 0xff, 0xde, 0x19, 0xff, 0xf2, 0x02, 0xee, 0x76, 0x01, 0x00, 0x5a, 0xff, 0xde, 0x19, 0xff,
	0xde, 0x19, 0xf4, 0x7c, 0x01, 0x00, 0x62, 0xff, 0xde, 0x19, 0xff, 0xde, 0x19, 0xf4, 0x7c, 0x01,
	0x00, 0x6a, 0xff, 0xde, 0x19, 0xff, 0xde, 0x19, 0xff, 0xde, 0x19, 0xff, 0x01, 0x00, 0xff, 0x01,
	0x00, 0x88, 0x01, 0x00, 0x93, 0xde, 0x19, 0xff, 0xde, 0x19, 0xff, 0xba, 0x03, 0x88, 0xf0, 0xce,
	0xff, 0xde, 0x19, 0xff, 0x30, 0x05, 0xee, 0x76, 0x01, 0x00, 0x7a, 0xff, 0xde, 0x19, 0xff, 0xde,
	0x19, 0xec, 0x7c, 0x01, 0x86, 0xf0, 0xce, 0xff, 0xde, 0x19, 0xff, 0xf2, 0x02, 0xee, 0x76, 0x01,
	0x00, 0x0b, 0xff, 0xde, 0x19, 0xff, 0xde, 0x19, 0xf4, 0x7c, 0x01, 0x00, 0x13, 0xff, 0xde, 0x19,
	0xff, 0xf2, 0x02, 0xee, 0x76, 0x01, 0x00, 0x1b, 0xff, 0xde, 0x19, 0xff, 0xde, 0x19, 0xf4, 0x7c,
	0x01, 0x00, 0x23, 0xff, 0xde, 0x19, 0xff, 0xf2, 0x02, 0xee, 0x76, 0x01, 0x00, 0x2b, 0xff, 0xde,
	0x19, 0xff, 0xde, 0x19, 0xfe, 0x86, 0x01, 0x00, 0x33, 0xff, 0xde, 0x19, 0xff, 0xfc, 0x02, 0xee,
	0x76, 0x01, 0x00, 0x3b, 0xff, 0xde, 0x19, 0xff, 0xde, 0x19, 0xf4, 0x7c, 0x01, 0x00, 0x43, 0xff,
	0xde, 0x19, 0xff, 0xf2, 0x02, 0xee, 0x76, 0x01, 0x00, 0x4b, 0xff, 0xde, 0x19, 0xff, 0xde, 0x19,
	0xf4, 0x7c, 0x01, 0x00, 0x53, 0xff, 0xde, 0x19, 0xff, 0xf2, 0x02, 0xee, 0x76, 0x01, 0x00, 0x5b,
	0xff, 0xde, 0x19, 0xff, 0xde, 0x19, 0xf4, 0x7c, 0x01, 0x00, 0x63, 0xff, 0xde, 0x19, 0xff, 0xde,
	0x19, 0xf4, 0x7c, 0x01, 0x00, 0x6b, 0xff, 0xde, 0x19, 0xff, 0xde, 0x19, 0xff, 0xde, 0x19, 0xff,
	0x01, 0x00, 0xff, 0x01, 0x00, 0x88, 0x01, 0x00, 0x93, 0xde, 0x19, 0xff, 0xde, 0x19, 0xff, 0xba,
	0x03, 0x88, 0xf0, 0xce, 0xff, 0xde, 0x19, 0xff, 0x30, 0x05, 0xee, 0x76, 0x01, 0x00, 0x7b, 0xff,
	0xde, 0x19, 0xff, 0xde, 0x19, 0xe8, 0x7c, 0x01, 0x8a, 0xf0, 0xce, 0xff, 0xde, 0x19, 0xff, 0xf2,
	0x02, 0xee, 0x76, 0x01, 0x00, 0x0c, 0xff, 0xde, 0x19, 0xff, 0xde, 0x19, 0xf4, 0x7c, 0x01, 0x00,
	0x14, 0xff, 0xde, 0x19, 0xff, 0xf2, 0x02, 0xee, 0x76, 0x01, 0x00, 0x1c, 0xff, 0xde, 0x19, 0xff,
	0xde, 0x19, 0xf4, 0x7c, 0x01, 0x00, 0x24, 0xff, 0xde, 0x19, 0xff, 0xf2, 0x02, 0xee, 0x76, 0x01,
	0x00, 0x2c, 0xff, 0xde, 0x19, 0xff, 0xde, 0x19, 0xfe, 0x86, 0x01, 0x00, 0x34, 0xff, 0xde, 0x19,
	0xff, 0xfc, 0x02, 0xee, 0x76, 0x01, 0x00, 0x3c, 0xff, 0xde, 0x19, 0xff, 0xde, 0x19, 0xf4, 0x7c,
	0x01, 0x00, 0x44, 0xff, 0xde, 0x19, 0xff, 0xf2, 0x02, 0xee, 0x76, 0x01, 0x00, 0x4c, 0xff, 0xde,
	0x19, 0xff, 0xde, 0x19, 0xf4, 0x7c, 0x01, 0x00, 0x54, 0xff, 0xde, 0x19, 0xff, 0xf2, 0x02, 0xee,
	0x76, 0x01, 0x00, 0x5c, 0xff, 0xde, 0x19, 0xff, 0xde, 0x19, 0xf4, 0x7c, 0x01, 0x00, 0x64, 0xff,
	0xde, 0x19, 0xff, 0xde, 0x19, 0xf4, 0x7c, 0x01, 0x00, 0x6c, 0xff, 0xde, 0x19, 0xff, 0xde, 0x19,
	0xff, 0xde, 0x19, 0xff, 0x01, 0x00, 0xff, 0x01, 0x00, 0x88, 0x01, 0x00, 0x93, 0xde, 0x19, 0xff,
	0xde, 0x19, 0xff, 0xba, 0x03, 0x88, 0xf0, 0xce, 0xff, 0xde, 0x19, 0xff, 0x30, 0x05, 0xee, 0x76,
	0x01, 0x00, 0x7c, 0xff, 0xde, 0x19, 0xff, 0xde, 0x19, 0xec, 0x7c, 0x01, 0x86, 0xf0, 0xce, 0xff,
	0xde, 0x19, 0xff, 0xf2, 0x02, 0xee, 0x76, 0x01, 0x00, 0x0d, 0xff, 0xde, 0x19, 0xff, 0xde, 0x19,
	0xf4, 0x7c, 0x01, 0x00, 0x15, 0xff, 0xde, 0x19, 0xff, 0xf2, 0x02, 0xee, 0x76, 0x01, 0x00, 0x1d,
	0xff, 0xde, 0x19, 0xff, 0xde, 0x19, 0xf4, 0x7c, 0x01, 0x00, 0x25, 0xff, 0xde, 0x19, 0xff, 0xf2,
	0x02, 0xee, 0x76, 0x01, 0x00, 0x2d, 0xff, 0xde, 0x19, 0xff, 0xde, 0x19, 0xfe, 0x86, 0x01, 0x00,
	0x35, 0xff, 0xde, 0x19, 0xff, 0xfc, 0x02, 0xee, 0x76, 0x01, 0x00, 0x3d, 0xff, 0xde, 0x19, 0xff,
	0xde, 0x19, 0xf4, 0x7c, 0x01, 0x00, 0x45, 0xff, 0xde, 0x19, 0xff, 0xf2, 0x02, 0xee, 0x76, 0x01,
	0x00, 0x4d, 0xff, 0xde, 0x19, 0xff, 0xde, 0x19, 0xf4, 0x7c, 0x01, 0x00, 0x55, 0xff, 0xde, 0x19,
	0xff, 0xf2, 0x02, 0xee, 0x76, 0x01, 0x00, 0x5d, 0xff, 0xde, 0x19, 0xff, 0xde, 0x19, 0xf4, 0x7c,
	0x01, 0x00, 0x65, 0xff, 0xde, 0x19, 0xff, 0xde, 0x19, 0xf4, 0x7c, 0x01, 0x00, 0x6d, 0xff, 0xde,
	0x19, 0xff, 0xde, 0x19, 0xff, 0xde, 0x19, 0xff, 0x01, 0x00, 0xff, 0x01, 0x00, 0x88, 0x01, 0x00,
	0x93, 0xde, 0x19, 0xff, 0xde, 0x19, 0xff, 0xba, 0x03, 0x88, 0xf0, 0xce, 0xff, 0xde, 0x19, 0xff,
	0x30, 0x05, 0xee, 0x76, 0x01, 0x00, 0x7d, 0xff, 0xde, 0x19, 0xff, 0xde, 0x19, 0xec, 0x7c, 0x01,
	0x86, 0xf0, 0xce, 0xff, 0xde, 0x19, 0xff, 0xf2, 0x02, 0xee, 0x76, 0x01, 0x00, 0x0e, 0xff, 0xde,
	0x19, 0xff, 0xde, 0x19, 0xf4, 0x7c, 0x01, 0x00, 0x16, 0xff, 0xde, 0x19, 0xff, 0xf2, 0x02, 0xee,
	0x76, 0x01, 0x00, 0x1e, 0xff, 0xde, 0x19, 0xff, 0xde, 0x19, 0xf4, 0x7c, 0x01, 0x00, 0x26, 0xff,
	0xde, 0x19, 0xff, 0xf2, 0x02, 0xee, 0x76, 0x01, 0x00, 0x2e, 0xff, 0xde, 0x19, 0xff, 0xde, 0x19,
	0xfe, 0x86, 0x01, 0x00, 0x36, 0xff, 0xde, 0x19, 0xff, 0xfc, 0x02, 0xee, 0x76, 0x01, 0x00, 0x3e,
	0xff, 0xde, 0x19, 0xff, 0xde, 0x19, 0xf4, 0x7c, 0x01, 0x00, 0x46, 0xff, 0xde, 0x19, 0xff, 0xf2,
	0x02, 0xee, 0x76, 0x01, 0x00, 0x4e, 0xff, 0xde, 0x19, 0xff, 0xde, 0x19, 0xf4, 0x7c, 0x01, 0x00,
	0x56, 0xff, 0xde, 0x19, 0xff, 0xf2, 0x02, 0xee, 0x76, 0x01, 0x00, 0x5e, 0xff, 0xde, 0x19, 0xff,
	0xde, 0x19, 0xf4, 0x7c, 0x01, 0x00, 0x66, 0xff, 0xde, 0x19, 0xff, 0xde, 0x19, 0xf4, 0x7c, 0x01,
	0x00, 0x6e, 0xff, 0xde, 0x19, 0xff, 0xde, 0x19, 0xff, 0xde, 0x19, 0xff, 0x01, 0x00, 0xff, 0x01,
	0x00, 0x88, 0x01, 0x00, 0x93, 0xde, 0x19, 0xff, 0xde, 0x19, 0xff, 0xba, 0x03, 0x88, 0xf0, 0xce,
	0xff, 0xde, 0x19, 0xff, 0x30, 0x05, 0xee, 0x76, 0x01, 0x00, 0x7e, 0xff, 0xde, 0x19, 0xff, 0xde,
	0x19, 0xec, 0x7c, 0x01, 0x86, 0xf0, 0xce, 0xff, 0xde, 0x19, 0xff, 0xf2, 0x02, 0xee, 0x76, 0x01,
	0x00, 0x0f, 0xff, 0xde, 0x19, 0xff, 0xde, 0x19, 0xf4, 0x7c, 0x01, 0x00, 0x17, 0xff, 0xde, 0x19,
	0xff, 0xf2, 0x02, 0xee, 0x76, 0x01, 0x00, 0x1f, 0xff, 0xde, 0x19, 0xff, 0xde, 0x19, 0xf4, 0x7c,
	0x01, 0x00, 0x27, 0xff, 0xde, 0x19, 0xff, 0xf2, 0x02, 0xee, 0x76, 0x01, 0x00, 0x2f, 0xff, 0xde,
	0x19, 0xff, 0xde, 0x19, 0xfe, 0x86, 0x01, 0x00, 0x37, 0xff, 0xde, 0x19, 0xff, 0xfc, 0x02, 0xee,
	0x76, 0x01, 0x00, 0x3f, 0xff, 0xde, 0x19, 0xff, 0xde, 0x19, 0xf4, 0x7c, 0x01, 0x00, 0x47, 0xff,
	0xde, 0x19, 0xff, 0xf2, 0x02, 0xee, 0x76, 0x01, 0x00, 0x4f, 0xff, 0xde, 0x19, 0xff, 0xde, 0x19,
	0xf4, 0x7c, 0x01, 0x00, 0x57, 0xff, 0xde, 0x19, 0xff, 0xf2, 0x02, 0xee, 0x76, 0x01, 0x00, 0x5f,
	0xff, 0xde, 0x19, 0xff, 0xde, 0x19, 0xf4, 0x7c, 0x01, 0x00, 0x67, 0xff, 0xde, 0x19, 0xff, 0xde,
	0x19, 0xf4, 0x7c, 0x01, 0x00, 0x6f, 0xff, 0xde, 0x19, 0xff, 0xde, 0x19, 0xff, 0xde, 0x19, 0xff,
	0x01, 0x00, 0xff, 0x01, 0x00, 0x88, 0x01, 0x00, 0x93, 0xde, 0x19, 0xff, 0xde, 0x19, 0xff, 0xba,
	0x03, 0x88, 0xf0, 0xce, 0xff, 0xde, 0x19, 0xff, 0x30, 0x05, 0xee, 0x76, 0x01, 0x00, 0x7f, 0xff,
	0xde, 0x19, 0xff, 0xde, 0x19, 0xe8, 0x7c, 0x01, 0x8a, 0xf0, 0xce, 0x00, 0xda, 0xff, 0xde, 0x19,
	0xff, 0x76, 0x01, 0xed, 0x76, 0x01, 0x00, 0x08, 0x8e, 0x76, 0x01, 0xff, 0xde, 0x19, 0xff, 0x7c,
	0x01, 0xe3, 0x7c, 0x01, 0x00, 0x10, 0x8e, 0x7c, 0x01, 0xff, 0xde, 0x19, 0xff, 0x76, 0x01, 0xdd,
	0x76, 0x01, 0x00, 0x18, 0x8e, 0x76, 0x01, 0xff, 0xde, 0x19, 0xff, 0x7c, 0x01, 0xe3, 0x7c, 0x01,
	0x00, 0x20, 0x8e, 0x7c, 0x01, 0xff, 0xde, 0x19, 0xff, 0x76, 0x01, 0xdd, 0x76, 0x01, 0x00, 0x28,
	0x8e, 0x76, 0x01, 0xff, 0xde, 0x19, 0xff, 0x86, 0x01, 0xed, 0x86, 0x01, 0x00, 0x30, 0x8c, 0x86,
	0x01, 0xff, 0xde, 0x19, 0xff, 0x76, 0x01, 0xdf, 0x76, 0x01, 0x00, 0x38, 0x8e, 0x76, 0x01, 0xff,
	0xde, 0x19, 0xff, 0x7c, 0x01, 0xe3, 0x7c, 0x01, 0x00, 0x40, 0x8e, 0x7c, 0x01, 0xff, 0xde, 0x19,
	0xff, 0x76, 0x01, 0xdd, 0x76, 0x01, 0x00, 0x48, 0x8e, 0x76, 0x01, 0xff, 0xde, 0x19, 0xff, 0x7c,
	0x01, 0xe3, 0x7c, 0x01, 0x00, 0x50, 0x8e, 0x7c, 0x01, 0xff, 0xde, 0x19, 0xff, 0x76, 0x01, 0xdd,
	0x76, 0x01, 0x00, 0x58, 0x8e, 0x76, 0x01, 0xff, 0xde, 0x19, 0xff, 0x7c, 0x01, 0xe3, 0x7c, 0x01,
	0x00, 0x60, 0x8e, 0x7c, 0x01, 0xff, 0xde, 0x19, 0xff, 0x7c, 0x01, 0xe3, 0x7c, 0x01, 0x00, 0x68,
	0x8c, 0x7c, 0x01, 0xff, 0xde, 0x19, 0xff, 0xde, 0x19, 0xff, 0xde, 0x19, 0xff, 0x01, 0x00, 0xfb,
	0x01, 0x00, 0x93, 0xde, 0x19, 0xff, 0xde, 0x19, 0xff, 0xba, 0x03, 0x88, 0xf0, 0xce, 0x8e, 0x92,
	0x0f, 0xff, 0xde, 0x19, 0xff, 0x76, 0x01, 0xdd, 0x76, 0x01, 0x00, 0x78, 0x8e, 0x76, 0x01, 0xff,
	0xde, 0x19, 0xff, 0x7c, 0x01, 0xdb, 0x7c, 0x01, 0x86, 0xf0, 0xce, 0xff, 0xde, 0x19, 0xff, 0xf2,
	0x02, 0xee, 0x76, 0x01, 0x00, 0x09, 0xff, 0xde, 0x19, 0xff, 0xde, 0x19, 0xf4, 0x7c, 0x01, 0x00,
	0x11, 0xff, 0xde, 0x19, 0xff, 0xf2, 0x02, 0xee, 0x76, 0x01, 0x00, 0x19, 0xff, 0xde, 0x19, 0xff,
	0xde, 0x19, 0xf4, 0x7c, 0x01, 0x00, 0x21, 0xff, 0xde, 0x19, 0xff, 0xf2, 0x02, 0xee, 0x76, 0x01,
	0x00, 0x29, 0xff, 0xde, 0x19, 0xff, 0xde, 0x19, 0xfe, 0x86, 0x01, 0x00, 0x31, 0xff, 0xde, 0x19,
	0xff, 0xfc, 0x02, 0xee, 0x76, 0x01, 0x00, 0x39, 0xff, 0xde, 0x19, 0xff, 0xde, 0x19, 0xf4, 0x7c,
	0x01, 0x00, 0x41, 0xff, 0xde, 0x19, 0xff, 0xf2, 0x02, 0xee, 0x76, 0x01, 0x00, 0x49, 0xff, 0xde,
	0x19, 0xff, 0xde, 0x19, 0xf4, 0x7c, 0x01, 0x00, 0x51, 0xff, 0xde, 0x19, 0xff, 0xf2, 0x02, 0xee,
	0x76, 0x01, 0x00, 0x59, 0xff, 0xde, 0x19, 0xff, 0xde, 0x19, 0xf4, 0x7c, 0x01, 0x00, 0x61, 0xff,
	0xde, 0x19, 0xff, 0xde, 0x19, 0xf4, 0x7c, 0x01, 0x00, 0x69, 0xff, 0xde, 0x19, 0xff, 0xde, 0x19,
	0xff, 0xde, 0x19, 0xff, 0x01, 0x00, 0xff, 0x01, 0x00, 0x88, 0x01, 0x00, 0x93, 0xde, 0x19, 0xff,
	0xde, 0x19, 0xff, 0xba, 0x03, 0x88, 0xf0, 0xce, 0xff, 0xde, 0x19, 0xff, 0x30, 0x05, 0xee, 0x76,
	0x01, 0x00, 0x79, 0xff, 0xde, 0x19, 0xff, 0xde, 0x19, 0xec, 0x7c, 0x01, 0x86, 0xf0, 0xce, 0xff,
	0xde, 0x19, 0xff, 0xf2, 0x02, 0xee, 0x76, 0x01, 0x00, 0x0a, 0xff, 0xde, 0x19, 0xff, 0xde, 0x19,
	0xf4, 0x7c, 0x01, 0x00, 0x12, 0xff, 0xde, 0x19, 0xff, 0xf2, 0x02, 0xee, 0x76, 0x01, 0x00, 0x1a,
	0xff, 0xde, 0x19, 0xff, 0xde, 0x19, 0xf4, 0x7c, 0x01, 0x00, 0x22, 0xff, 0xde, 0x19, 0xff, 0xf2,
	0x02, 0xee, 0x76, 0x01, 0x00, 0x2a, 0xff, 0xde, 0x19, 0xff, 0xde, 0x19, 0xfe, 0x86, 0x01, 0x00,
	0x32, 0xff, 0xde, 0x19, 0xff, 0xfc, 0x02, 0xee, 0x76, 0x01, 0x00, 0x3a, 0xff, 0xde, 0x19, 0xff,
	0xde, 0x19, 0xf4, 0x7c, 0x01, 0x00, 0x42, 0xff, 0xde, 0x19, 0xff, 0xf2, 0x02, 0xee, 0x76, 0x01,
	0x00, 0x4a, 0xff, 0xde, 0x19, 0xff, 0xde, 0x19, 0xf4, 0x7c, 0x01, 0x00, 0x52, 0xff, 0xde, 0x19,
	0xff, 0xf2, 0x02, 0xee, 0x76, 0x01, 0x00, 0x5a, 0xff, 0xde, 0x19, 0xff, 0xde, 0x19, 0xf4, 0x7c,
	0x01, 0x00, 0x62, 0xff, 0xde, 0x19, 0xff, 0xde, 0x19, 0xf4, 0x7c, 0x01, 0x00, 0x6a, 0xff, 0xde,
	0x19, 0xff, 0xde, 0x19, 0xff, 0xde, 0x19, 0xff, 0x01, 0x00, 0xff, 0x01, 0x00, 0x88, 0x01, 0x00,
	0x93, 0xde, 0x19, 0xff, 0xde, 0x19, 0xff, 0xba, 0x03, 0x88, 0xf0, 0xce, 0xff, 0xde, 0x19, 0xff,
	0x30, 0x05, 0xee, 0x76, 0x01, 0x00, 0x7a, 0xff, 0xde, 0x19, 0xff, 0xde, 0x19, 0xec, 0x7c, 0x01,
	0x86, 0xf0, 0xce, 0xff, 0xde, 0x19, 0xff, 0xf2, 0x02, 0xee, 0x76, 0x01, 0x00, 0x0b, 0xff, 0xde,
	0x19, 0xff, 0xde, 0x19, 0xf4, 0x7c, 0x01, 0x00, 0x13, 0xff, 0xde, 0x19, 0xff, 0xf2, 0x02, 0xee,
	0x76, 0x01, 0x00, 0x1b, 0xff, 0xde, 0x19, 0xff, 0xde, 0x19, 0xf4, 0x7c, 0x01, 0x00, 0x23, 0xff,
	0xde, 0x19, 0xff, 0xf2, 0x02, 0xee, 0x76, 0x01, 0x00, 0x2b, 0xff, 0xde, 0x19, 0xff, 0xde, 0x19,
	0xfe, 0x86, 0x01, 0x00, 0x33, 0xff, 0xde, 0x19, 0xff, 0xfc, 0x02, 0xee, 0x76, 0x01, 0x00, 0x3b,
	0xff, 0xde, 0x19, 0xff, 0xde, 0x19, 0xf4, 0x7c, 0x01, 0x00, 0x43, 0xff, 0xde, 0x19, 0xff, 0xf2,
	0x02, 0xee, 0x76, 0x01, 0x00, 0x4b, 0xff, 0xde, 0x19, 0xff, 0xde, 0x19, 0xf4, 0x7c, 0x01, 0x00,
	0x53, 0xff, 0xde, 0x19, 0xff, 0xf2, 0x02, 0xee, 0x76, 0x01, 0x00, 0x5b, 0xff, 0xde, 0x19, 0xff,
	0xde, 0x19, 0xf4, 0x7c, 0x01, 0x00, 0x63, 0xff, 0xde, 0x19, 0xff, 0xde, 0x19, 0xf4, 0x7c, 0x01,
	0x00, 0x6b, 0xff, 0xde, 0x19, 0xff, 0xde, 0x19, 0xff, 0xde, 0x19, 0xff, 0x01, 0x00, 0xff, 0x01,
	0x00, 0x88, 0x01, 0x00, 0x93, 0xde, 0x19, 0xff, 0xde, 0x19, 0xff, 0xba, 0x03, 0x88, 0xf0, 0xce,
	0xff, 0xde, 0x19, 0xff, 0x30, 0x05, 0xee, 0x76, 0x01, 0x00, 0x7b, 0xff, 0xde, 0x19, 0xff, 0xde,
	0x19, 0xe8, 0x7c, 0x01, 0x8a, 0xf0, 0xce, 0xff, 0xde, 0x19, 0xff, 0xf2, 0x02, 0xee, 0x76, 0x01,
	0x00, 0x0c, 0xff, 0xde, 0x19, 0xff, 0xde, 0x19, 0xf4, 0x7c, 0x01, 0x00, 0x14, 0xff, 0xde, 0x19,
	0xff, 0xf2, 0x02, 0xee, 0x76, 0x01, 0x00, 0x1c, 0xff, 0xde, 0x19, 0xff, 0xde, 0x19, 0xf4, 0x7c,
	0x01, 0x00, 0x24, 0xff, 0xde, 0x19, 0xff, 0xf2, 0x02, 0xee, 0x76, 0x01, 0x00, 0x2c, 0xff, 0xde,
	0x19, 0xff, 0xde, 0x19, 0xfe, 0x86, 0x01, 0x00, 0x34, 0xff, 0xde, 0x19, 0xff, 0xfc, 0x02, 0xee,
	0x76, 0x01, 0x00, 0x3c, 0xff, 0xde, 0x19, 0xff, 0xde, 0x19, 0xf4, 0x7c, 0x01, 0x00, 0x44, 0xff,
	0xde, 0x19, 0xff, 0xf2, 0x02, 0xee, 0x76, 0x01, 0x00, 0x4c, 0xff, 0xde, 0x19, 0xff, 0xde, 0x19,
	0xf4, 0x7c, 0x01, 0x00, 0x54, 0xff, 0xde, 0x19, 0xff, 0xf2, 0x02, 0xee, 0x76, 0x01, 0x00, 0x5c,
	0xff, 0xde, 0x19, 0xff, 0xde, 0x19, 0xf4, 0x7c, 0x01, 0x00, 0x64, 0xff, 0xde, 0x19, 0xff, 0xde,
	0x19, 0xf4, 0x7c, 0x01, 0x00, 0x6c, 0xff, 0xde, 0x19, 0xff, 0xde, 0x19, 0xff, 0xde, 0x19, 0xff,
	0x01, 0x00, 0xff, 0x01, 0x00, 0x88, 0x01, 0x00, 0x93, 0xde, 0x19, 0xff, 0xde, 0x19, 0xff, 0xba,
	0x03, 0x88, 0xf0, 0xce, 0xff, 0xde, 0x19, 0xff, 0x30, 0x05, 0xee, 0x76, 0x01, 0x00, 0x7c, 0xff,
	0xde, 0x19, 0xff, 0xde, 0x19, 0xec, 0x7c, 0x01, 0x86, 0xf0, 0xce, 0xff, 0xde, 0x19, 0xff, 0xf2,
	0x02, 0xee, 0x76, 0x01, 0x00, 0x0d, 0xff, 0xde, 0x19, 0xff, 0xde, 0x19, 0xf4, 0x7c, 0x01, 0x00,
	0x15, 0xff, 0xde, 0x19, 0xff, 0xf2, 0x02, 0xee, 0x76, 0x01, 0x00, 0x1d, 0xff, 0xde, 0x19, 0xff,
	0xde, 0x19, 0xf4, 0x7c, 0x01, 0x00, 0x25, 0xff, 0xde, 0x19, 0xff, 0xf2, 0x02, 0xee, 0x76, 0x01,
	0x00, 0x2d, 0xff, 0xde, 0x19, 0xff, 0xde, 0x19, 0xfe, 0x86, 0x01, 0x00, 0x35, 0xff, 0xde, 0x19,
	0xff, 0xfc, 0x02, 0xee, 0x76, 0x01, 0x00, 0x3d, 0xff, 0xde, 0x19, 0xff, 0xde, 0x19, 0xf4, 0x7c,
	0x01, 0x00, 0x45, 0xff, 0xde, 0x19, 0xff, 0xf2, 0x02, 0xee, 0x76, 0x01, 0x00, 0x4d, 0xff, 0xde,
	0x19, 0xff, 0xde, 0x19, 0xf4, 0x7c, 0x01, 0x00, 0x55, 0xff, 0xde, 0x19, 0xff, 0xf2, 0x02, 0xee,
	0x76, 0x01, 0x00, 0x5d, 0xff, 0xde, 0x19, 0xff, 0xde, 0x19, 0xf4, 0x7c, 0x01, 0x00, 0x65, 0xff,
	0xde, 0x19, 0xff, 0xde, 0x19, 0xf4, 0x7c, 0x01, 0x00, 0x6d, 0xff, 0xde, 0x19, 0xff, 0xde, 0x19,
	0xff, 0xde, 0x19, 0xff, 0x01, 0x00, 0xff, 0x01, 0x00, 0x88, 0x01, 0x00, 0x93, 0xde, 0x19, 0xff,
	0xde, 0x19, 0xff, 0xba, 0x03, 0x88, 0xf0, 0xce, 0xff, 0xde, 0x19, 0xff, 0x30, 0x05, 0xee, 0x76,
	0x01, 0x00, 0x7d, 0xff, 0xde, 0x19, 0xff, 0xde, 0x19, 0xec, 0x7c, 0x01, 0x86, 0xf0, 0xce, 0xff,
	0xde, 0x19, 0xff, 0xf2, 0x02, 0xee, 0x76, 0x01, 0x00, 0x0e, 0xff, 0xde, 0x19, 0xff, 0xde, 0x19,
	0xf4, 0x7c, 0x01, 0x00, 0x16, 0xff, 0xde, 0x19, 0xff, 0xf2, 0x02, 0xee, 0x76, 0x01, 0x00, 0x1e,
	0xff, 0xde, 0x19, 0xff, 0xde, 0x19, 0xf4, 0x7c, 0x01, 0x00, 0x26, 0xff, 0xde, 0x19, 0xff, 0xf2,
	0x02, 0xee, 0x76, 0x01, 0x00, 0x2e, 0xff, 0xde, 0x19, 0xff, 0xde, 0x19, 0xfe, 0x86, 0x01, 0x00,
	0x36, 0xff, 0xde, 0x19, 0xff, 0xfc, 0x02, 0xee, 0x76, 0x01, 0x00, 0x3e, 0xff, 0xde, 0x19, 0xff,
	0xde, 0x19, 0xf4, 0x7c, 0x01, 0x00, 0x46, 0xff, 0xde, 0x19, 0xff, 0xf2, 0x02, 0xee, 0x76, 0x01,
	0x00, 0x4e, 0xff, 0xde, 0x19, 0xff, 0xde, 0x19, 0xf4, 0x7c, 0x01, 0x00, 0x56, 0xff, 0xde, 0x19,
	0xff, 0xf2, 0x02, 0xee, 0x76, 0x01, 0x00, 0x5e, 0xff, 0xde, 0x19, 0xff, 0xde, 0x19, 0xf4, 0x7c,
	0x01, 0x00, 0x66, 0xff, 0xde, 0x19, 0xff, 0xde, 0x19, 0xf4, 0x7c, 0x01, 0x00, 0x6e, 0xff, 0xde,
	0x19, 0xff, 0xde, 0x19, 0xff, 0xde, 0x19, 0xff, 0x01, 0x00, 0xff, 0x01, 0x00, 0x88, 0x01, 0x00,
	0x93, 0xde, 0x19, 0xff, 0xde, 0x19, 0xff, 0xba, 0x03, 0x88, 0xf0, 0xce, 0xff, 0xde, 0x19, 0xff,
	0x30, 0x05, 0xee, 0x76, 0x01, 0x00, 0x7e, 0xff, 0xde, 0x19, 0xff, 0xde, 0x19, 0xec, 0x7c, 0x01,
	0x86, 0xf0, 0xce, 0xff, 0xde, 0x19, 0xff, 0xf2, 0x02, 0xee, 0x76, 0x01, 0x00, 0x0f, 0xff, 0xde,
	0x19, 0xff, 0xde, 0x19, 0xf4, 0x7c, 0x01, 0x00, 0x17, 0xff, 0xde, 0x19, 0xff, 0xf2, 0x02, 0xee,
	0x76, 0x01, 0x00, 0x1f, 0xff, 0xde, 0x19, 0xff, 0xde, 0x19, 0xf4, 0x7c, 0x01, 0x00, 0x27, 0xff,
	0xde, 0x19, 0xff, 0xf2, 0x02, 0xee, 0x76, 0x01, 0x00, 0x2f, 0xff, 0xde, 0x19, 0xff, 0xde, 0x19,
	0xfe, 0x86, 0x01, 0x00, 0x37, 0xff, 0xde, 0x19, 0xff, 0xfc, 0x02, 0xee, 0x76, 0x01, 0x00, 0x3f,
	0xff, 0xde, 0x19, 0xff, 0xde, 0x19, 0xf4, 0x7c, 0x01, 0x00, 0x47, 0xff, 0xde, 0x19, 0xff, 0xf2,
	0x02, 0xee, 0x76, 0x01, 0x00, 0x4f, 0xff, 0xde, 0x19, 0xff, 0xde, 0x19, 0xf4, 0x7c, 0x01, 0x00,
	0x57, 0xff, 0xde, 0x19, 0xff, 0xf2, 0x02, 0xee, 0x76, 0x01, 0x00, 0x5f, 0xff, 0xde, 0x19, 0xff,
	0xde, 0x19, 0xf4, 0x7c, 0x01, 0x00, 0x67, 0xff, 0xde, 0x19, 0xff, 0xde, 0x19, 0xf4, 0x7c, 0x01,
	0x00, 0x6f, 0xff, 0xde, 0x19, 0xff, 0xde, 0x19, 0xff, 0xde, 0x19, 0xff, 0x01, 0x00, 0xff, 0x01,
	0x00, 0x88, 0x01, 0x00, 0x93, 0xde, 0x19, 0xff, 0xde, 0x19, 0xff, 0xba, 0x03, 0x88, 0xf0, 0xce,
	0xff, 0xde, 0x19, 0xff, 0x30, 0x05, 0xee, 0x76, 0x01, 0x00, 0x7f, 0xff, 0xde, 0x19, 0xff, 0xde,
	0x19, 0xe8, 0x7c, 0x01, 0x8a, 0xf0, 0xce, 0x00, 0xd3, 0xff, 0xde, 0x19, 0xff, 0x76, 0x01, 0xed,
	0x76, 0x01, 0x00, 0x08, 0x8e, 0x76, 0x01, 0xff, 0xde, 0x19, 0xff, 0x7c, 0x01, 0xe3, 0x7c, 0x01,
	0x00, 0x10, 0x8e, 0x7c, 0x01, 0xff, 0xde, 0x19, 0xff, 0x76, 0x01, 0xdd, 0x76, 0x01, 0x00, 0x18,
	0x8e, 0x76, 0x01, 0xff, 0xde, 0x19, 0xff, 0x7c, 0x01, 0xe3, 0x7c, 0x01, 0x00, 0x20, 0x8e, 0x7c,
	0x01, 0xff, 0xde, 0x19, 0xff, 0x76, 0x01, 0xdd, 0x76, 0x01, 0x00, 0x28, 0x8e, 0x76, 0x01, 0xff,
	0xde, 0x19, 0xff, 0x86, 0x01, 0xed, 0x86, 0x01, 0x00, 0x30, 0x8c, 0x86, 0x01, 0xff, 0xde, 0x19,
	0xff, 0x76, 0x01, 0xdf, 0x76, 0x01, 0x00, 0x38, 0x8e, 0x76, 0x01, 0xff, 0xde, 0x19, 0xff, 0x7c,
	0x01, 0xe3, 0x7c, 0x01, 0x00, 0x40, 0x8e, 0x7c, 0x01, 0xff, 0xde, 0x19, 0xff, 0x76, 0x01, 0xdd,
	0x76, 0x01, 0x00, 0x48, 0x8e, 0x76, 0x01, 0xff, 0xde, 0x19, 0xff, 0x7c, 0x01, 0xe3, 0x7c, 0x01,
	0x00, 0x50, 0x8e, 0x7c, 0x01, 0xff, 0xde, 0x19, 0xff, 0x76, 0x01, 0xdd, 0x76, 0x01, 0x00, 0x58,
	0x8e, 0x76, 0x01, 0xff, 0xde, 0x19, 0xff, 0x7c, 0x01, 0xe3, 0x7c, 0x01, 0x00, 0x60, 0x8e, 0x7c,
	0x01, 0xff, 0xde, 0x19, 0xff, 0x7c, 0x01, 0xe3, 0x7c, 0x01, 0x00, 0x68, 0x8c, 0x7c, 0x01, 0xff,
	0xde, 0x19, 0xff, 0xde, 0x19, 0xff, 0xde, 0x19, 0xff, 0x01, 0x00, 0xfb, 0x01, 0x00, 0x93, 0xde,
	0x19, 0xff, 0xde, 0x19, 0xff, 0xba, 0x03, 0x88, 0xf0, 0xce, 0x8e, 0x92, 0x0f, 0xff, 0xde, 0x19,
	0xff, 0x76, 0x01, 0xdd, 0x76, 0x01, 0x00, 0x78, 0x8e, 0x76, 0x01, 0xff, 0xde, 0x19, 0xff, 0x7c,
	0x01, 0xdb, 0x7c, 0x01, 0x86, 0xf0, 0xce, 0xff, 0xde, 0x19, 0xff, 0xf2, 0x02, 0xee, 0x76, 0x01,
	0x00, 0x09, 0xff, 0xde, 0x19, 0xff, 0xde, 0x19, 0xf4, 0x7c, 0x01, 0x00, 0x11, 0xff, 0xde, 0x19,
	0xff, 0xf2, 0x02, 0xee, 0x76, 0x01, 0x00, 0x19, 0xff, 0xde, 0x19, 0xff, 0xde, 0x19, 0xf4, 0x7c,
	0x01, 0x00, 0x21, 0xff, 0xde, 0x19, 0xff, 0xf2, 0x02, 0xee, 0x76, 0x01, 0x00, 0x29, 0xff, 0xde,
	0x19, 0xff, 0xde, 0x19, 0xfe, 0x86, 0x01, 0x00, 0x31, 0xff, 0xde, 0x19, 0xff, 0xfc, 0x02, 0xee,
	0x76, 0x01, 0x00, 0x39, 0xff, 0xde, 0x19, 0xff, 0xde, 0x19, 0xf4, 0x7c, 0x01, 0x00, 0x41, 0xff,
	0xde, 0x19, 0xff, 0xf2, 0x02, 0xee, 0x76, 0x01, 0x00, 0x49, 0xff, 0xde, 0x19, 0xff, 0xde, 0x19,
	0xf4, 0x7c, 0x01, 0x00, 0x51, 0xff, 0xde, 0x19, 0xff, 0xf2, 0x02, 0xee, 0x76, 0x01, 0x00, 0x59,
	0xff, 0xde, 0x19, 0xff, 0xde, 0x19, 0xf4, 0x7c, 0x01, 0x00, 0x61, 0xff, 0xde, 0x19, 0xff, 0xde,
	0x19, 0xf4, 0x7c, 0x01, 0x00, 0x69, 0xff, 0xde, 0x19, 0xff, 0xde, 0x19, 0xff, 0xde, 0x19, 0xff,
	0x01, 0x00, 0xff, 0x01, 0x00, 0x88, 0x01, 0x00, 0x93, 0xde, 0x19, 0xff, 0xde, 0x19, 0xff, 0xba,
	0x03, 0x88, 0xf0, 0xce, 0xff, 0xde, 0x19, 0xff, 0x30, 0x05, 0xee, 0x76, 0x01, 0x00, 0x79, 0xff,
	0xde, 0x19, 0xff, 0xde, 0x19, 0xec, 0x7c, 0x01, 0x86, 0xf0, 0xce, 0xff, 0xde, 0x19, 0xff, 0xf2,
	0x02, 0xee, 0x76, 0x01, 0x00, 0x0a, 0xff, 0xde, 0x19, 0xff, 0xde, 0x19, 0xf4, 0x7c, 0x01, 0x00,
	0x12, 0xff, 0xde, 0x19, 0xff, 0xf2, 0x02, 0xee, 0x76, 0x01, 0x00, 0x1a, 0xff, 0xde, 0x19, 0xff,
	0xde, 0x19, 0xf4, 0x7c, 0x01, 0x00, 0x22, 0xff, 0xde, 0x19, 0xff, 0xf2, 0x02, 0xee, 0x76, 0x01,
	0x00, 0x2a, 0xff, 0xde, 0x19, 0xff, 0xde, 0x19, 0xfe, 0x86, 0x01, 0x00, 0x32, 0xff, 0xde, 0x19,
	0xff, 0xfc, 0x02, 0xee, 0x76, 0x01, 0x00, 0x3a, 0xff, 0xde, 0x19, 0xff, 0xde, 0x19, 0xf4, 0x7c,
	0x01, 0x00, 0x42, 0xff, 0xde, 0x19, 0xff, 0xf2, 0x02, 0xee, 0x76, 0x01, 0x00, 0x4a, 0xff, 0xde,
	0x19, 0xff, 0xde, 0x19, 0xf4, 0x7c, 0x01, 0x00, 0x52, 0xff, 0xde, 0x19, 0xff, 0xf2, 0x02, 0xee,
	0x76, 0x01, 0x00, 0x5a, 0xff, 0xde, 0x19, 0xff, 0xde, 0x19, 0xf4, 0x7c, 0x01, 0x00, 0x62, 0xff,
	0xde, 0x19, 0xff, 0xde, 0x19, 0xf4, 0x7c, 0x01, 0x00, 0x6a, 0xff, 0xde, 0x19, 0xff, 0xde, 0x19,
	0xff, 0xde, 0x19, 0xff, 0x01, 0x00, 0xff, 0x01, 0x00, 0x88, 0x01, 0x00, 0x93, 0xde, 0x19, 0xff,
	0xde, 0x19, 0xff, 0xba, 0x03, 0x88, 0xf0, 0xce, 0xff, 0xde, 0x19, 0xff, 0x30, 0x05, 0xee, 0x76,
	0x01, 0x00, 0x7a, 0xff, 0xde, 0x19, 0xff, 0xde, 0x19, 0xec, 0x7c, 0x01, 0x86, 0xf0, 0xce, 0xff,
	0xde, 0x19, 0xff, 0xf2, 0x02, 0xee, 0x76, 0x01, 0x00, 0x0b, 0xff, 0xde, 0x19, 0xff, 0xde, 0x19,
	0xf4, 0x7c, 0x01, 0x00, 0x13, 0xff, 0xde, 0x19, 0xff, 0xf2, 0x02, 0xee, 0x76, 0x01, 0x00, 0x1b,
	0xff, 0xde, 0x19, 0xff, 0xde, 0x19, 0xf4, 0x7c, 0x01, 0x00, 0x23, 0xff, 0xde, 0x19, 0xff, 0xf2,
	0x02, 0xee, 0x76, 0x01, 0x00, 0x2b, 0xff, 0xde, 0x19, 0xff, 0xde, 0x19, 0xfe, 0x86, 0x01, 0x00,
	0x33, 0xff, 0xde, 0x19, 0xff, 0xfc, 0x02, 0xee, 0x76, 0x01, 0x00, 0x3b, 0xff, 0xde, 0x19, 0xff,
	0xde, 0x19, 0xf4, 0x7c, 0x01, 0x00, 0x43, 0xff, 0xde, 0x19, 0xff, 0xf2, 0x02, 0xee, 0x76, 0x01,
	0x00, 0x4b, 0xff, 0xde, 0x19, 0xff, 0xde, 0x19, 0xf4, 0x7c, 0x01, 0x00, 0x53, 0xff, 0xde, 0x19,
	0xff, 0xf2, 0x02, 0xee, 0x76, 0x01, 0x00, 0x5b, 0xff, 0xde, 0x19, 0xff, 0xde, 0x19, 0xf4, 0x7c,
	0x01, 0x00, 0x63, 0xff, 0xde, 0x19, 0xff, 0xde, 0x19, 0xf4, 0x7c, 0x01, 0x00, 0x6b, 0xff, 0xde,
	0x19, 0xff, 0xde, 0x19, 0xff, 0xde, 0x19, 0xff, 0x01, 0x00, 0xff, 0x01, 0x00, 0x88, 0x01, 0x00,
	0x93, 0xde, 0x19, 0xff, 0xde, 0x19, 0xff, 0xba, 0x03, 0x88, 0xf0, 0xce, 0xff, 0xde, 0x19, 0xff,
	0x30, 0x05, 0xee, 0x76, 0x01, 0x00, 0x7b, 0xff, 0xde, 0x19, 0xff, 0xde, 0x19, 0xe8, 0x7c, 0x01,
	0x8a, 0xf0, 0xce, 0xff, 0xde, 0x19, 0xff, 0xf2, 0x02, 0xee, 0x76, 0x01, 0x00, 0x0c, 0xff, 0xde,
	0x19, 0xff, 0xde, 0x19, 0xf4, 0x7c, 0x01, 0x00, 0x14, 0xff, 0xde, 0x19, 0xff, 0xf2, 0x02, 0xee,
	0x76, 0x01, 0x00, 0x1c, 0xff, 0xde, 0x19, 0xff, 0xde, 0x19, 0xf4, 0x7c, 0x01, 0x00, 0x24, 0xff,
	0xde, 0x19, 0xff, 0xf2, 0x02, 0xee, 0x76, 0x01, 0x00, 0x2c, 0xff, 0xde, 0x19, 0xff, 0xde, 0x19,
	0xfe, 0x86, 0x01, 0x00, 0x34, 0xff, 0xde, 0x19, 0xff, 0xfc, 0x02, 0xee, 0x76, 0x01, 0x00, 0x3c,
	0xff, 0xde, 0x19, 0xff, 0xde, 0x19, 0xf4, 0x7c, 0x01, 0x00, 0x44, 0xff, 0xde, 0x19, 0xff, 0xf2,
	0x02, 0xee, 0x76, 0x01, 0x00, 0x4c, 0xff, 0xde, 0x19, 0xff, 0xde, 0x19, 0xf4, 0x7c, 0x01, 0x00,
	0x54, 0xff, 0xde, 0x19, 0xff, 0xf2, 0x02, 0xee, 0x76, 0x01, 0x00, 0x5c, 0xff, 0xde, 0x19, 0xff,
	0xde, 0x19, 0xf4, 0x7c, 0x01, 0x00, 0x64, 0xff, 0xde, 0x19, 0xff, 0xde, 0x19, 0xf4, 0x7c, 0x01,
	0x00, 0x6c, 0xff, 0xde, 0x19, 0xff, 0xde, 0x19, 0xff, 0xde, 0x19, 0xff, 0x01, 0x00, 0xff, 0x01,
	0x00, 0x88, 0x01, 0x00, 0x93, 0xde, 0x19, 0xff, 0xde, 0x19, 0xff, 0xba, 0x03, 0x88, 0xf0, 0xce,
	0xff, 0xde, 0x19, 0xff, 0x30, 0x05, 0xee, 0x76, 0x01, 0x00, 0x7c, 0xff, 0xde, 0x19, 0xff, 0xde,
	0x19, 0xec, 0x7c, 0x01, 0x86, 0xf0, 0xce, 0xff, 0xde, 0x19, 0xff, 0xf2, 0x02, 0xee, 0x76, 0x01,
	0x00, 0x0d, 0xff, 0xde, 0x19, 0xff, 0xde, 0x19, 0xf4, 0x7c, 0x01, 0x00, 0x15, 0xff, 0xde, 0x19,
	0xff, 0xf2, 0x02, 0xee, 0x76, 0x01, 0x00, 0x1d, 0xff, 0xde, 0x19, 0xff, 0xde, 0x19, 0xf4, 0x7c,
	0x01, 0x00, 0x25, 0xff, 0xde, 0x19, 0xff, 0xf2, 0x02, 0xee, 0x76, 0x01, 0x00, 0x2d, 0xff, 0xde,
	0x19, 0xff, 0xde, 0x19, 0xfe, 0x86, 0x01, 0x00, 0x35, 0xff, 0xde, 0x19, 0xff, 0xfc, 0x02, 0xee,
	0x76, 0x01, 0x00, 0x3d, 0xff, 0xde, 0x19, 0xff, 0xde, 0x19, 0xf4, 0x7c, 0x01, 0x00, 0x45, 0xff,
	0xde, 0x19, 0xff, 0xf2, 0x02, 0xee, 0x76, 0x01, 0x00, 0x4d, 0xff, 0xde, 0x19, 0xff, 0xde, 0x19,
	0xf4, 0x7c, 0x01, 0x00, 0x55, 0xff, 0xde, 0x19, 0xff, 0xf2, 0x02, 0xee, 0x76, 0x01, 0x00, 0x5d,
	0xff, 0xde, 0x19, 0xff, 0xde, 0x19, 0xf4, 0x7c, 0x01, 0x00, 0x65, 0xff, 0xde, 0x19, 0xff, 0xde,
	0x19, 0xf4, 0x7c, 0x01, 0x00, 0x6d, 0xff, 0xde, 0x19, 0xff, 0xde, 0x19, 0xff, 0xde, 0x19, 0xff,
	0x01, 0x00, 0xff, 0x01, 0x00, 0x88, 0x01, 0x00, 0x93, 0xde, 0x19, 0xff, 0xde, 0x19, 0xff, 0xba,
	0x03, 0x88, 0xf0, 0xce, 0xff, 0xde, 0x19, 0xff, 0x30, 0x05, 0xee, 0x76, 0x01, 0x00, 0x7d, 0xff,
	0xde, 0x19, 0xff, 0xde, 0x19, 0xec, 0x7c, 0x01, 0x86, 0xf0, 0xce, 0xff, 0xde, 0x19, 0xff, 0xf2,
	0x02, 0xee, 0x76, 0x01, 0x00, 0x0e, 0xff, 0xde, 0x19, 0xff, 0xde, 0x19, 0xf4, 0x7c, 0x01, 0x00,
	0x16, 0xff, 0xde, 0x19, 0xff, 0xf2, 0x02, 0xee, 0x76, 0x01, 0x00, 0x1e, 0xff, 0xde, 0x19, 0xff,
	0xde, 0x19, 0xf4, 0x7c, 0x01, 0x00, 0x26, 0xff, 0xde, 0x19, 0xff, 0xf2, 0x02, 0xee, 0x76, 0x01,
	0x00, 0x2e, 0xff, 0xde, 0x19, 0xff, 0xde, 0x19, 0xfe, 0x86, 0x01, 0x00, 0x36, 0xff, 0xde, 0x19,
	0xff, 0xfc, 0x02, 0xee, 0x76, 0x01, 0x00, 0x3e, 0xff, 0xde, 0x19, 0xff, 0xde, 0x19, 0xf4, 0x7c,
	0x01, 0x00, 0x46, 0xff, 0xde, 0x19, 0xff, 0xf2, 0x02, 0xee, 0x76, 0x01, 0x00, 0x4e, 0xff, 0xde,
	0x19, 0xff, 0xde, 0x19, 0xf4, 0x7c, 0x01, 0x00, 0x56, 0xff, 0xde, 0x19, 0xff, 0xf2, 0x02, 0xee,
	0x76, 0x01, 0x00, 0x5e, 0xff, 0xde, 0x19, 0xff, 0xde, 0x19, 0xf4, 0x7c, 0x01, 0x00, 0x66, 0xff,
	0xde, 0x19, 0xff, 0xde, 0x19, 0xf4, 0x7c, 0x01, 0x00, 0x6e, 0xff, 0xde, 0x19, 0xff, 0xde, 0x19,
	0xff, 0xde, 0x19, 0xff, 0x01, 0x00, 0xff, 0x01, 0x00, 0x88, 0x01, 0x00, 0x93, 0xde, 0x19, 0xff,
	0xde, 0x19, 0xff, 0xba, 0x03, 0x88, 0xf0, 0xce, 0xff, 0xde, 0x19, 0xff, 0x30, 0x05, 0xee, 0x76,
	0x01, 0x00, 0x7e, 0xff, 0xde, 0x19, 0xff, 0xde, 0x19, 0xec, 0x7c, 0x01, 0x86, 0xf0, 0xce, 0xff,
	0xde, 0x19, 0xff, 0xf2, 0x02, 0xee, 0x76, 0x01, 0x00, 0x0f, 0xff, 0xde, 0x19, 0xff, 0xde, 0x19,
	0xf4, 0x7c, 0x01, 0x00, 0x17, 0xff, 0xde, 0x19, 0xff, 0xf2, 0x02, 0xee, 0x76, 0x01, 0x00, 0x1f,
	0xff, 0xde, 0x19, 0xff, 0xde, 0x19, 0xf4, 0x7c, 0x01, 0x00, 0x27, 0xff, 0xde, 0x19, 0xff, 0xf2,
	0x02, 0xee, 0x76, 0x01, 0x00, 0x2f, 0xff, 0xde, 0x19, 0xff, 0xde, 0x19, 0xfe, 0x86, 0x01, 0x00,
	0x37, 0xff, 0xde, 0x19, 0xff, 0xfc, 0x02, 0xee, 0x76, 0x01, 0x00, 0x3f, 0xff, 0xde, 0x19, 0xff,
	0xde, 0x19, 0xf4, 0x7c, 0x01, 0x00, 0x47, 0xff, 0xde, 0x19, 0xff, 0xf2, 0x02, 0xee, 0x76, 0x01,
	0x00, 0x4f, 0xff, 0xde, 0x19, 0xff, 0xde, 0x19, 0xf4, 0x7c, 0x01, 0x00, 0x57, 0xff, 0xde, 0x19,
	0xff, 0xf2, 0x02, 0xee, 0x76, 0x01, 0x00, 0x5f, 0xff, 0xde, 0x19, 0xff, 0xde, 0x19, 0xf4, 0x7c,
	0x01, 0x00, 0x67, 0xff, 0xde, 0x19, 0xff, 0xde, 0x19, 0xf4, 0x7c, 0x01, 0x00, 0x6f, 0xff, 0xde,
	0x19, 0xff, 0xde, 0x19, 0xff, 0xde, 0x19, 0xff, 0x01, 0x00, 0xff, 0x01, 0x00, 0x88, 0x01, 0x00,
	0x93, 0xde, 0x19, 0xff, 0xde, 0x19, 0xff, 0xba, 0x03, 0x88, 0xf0, 0xce, 0xff, 0xde, 0x19, 0xff,
	0x30, 0x05, 0xee, 0x76, 0x01, 0x00, 0x7f, 0xff, 0xde, 0x19, 0xff, 0xde, 0x19, 0xe8, 0x7c, 0x01,
	0x8a, 0xf0, 0xce, 0x00, 0xdb, 0xff, 0xde, 0x19, 0xff, 0x76, 0x01, 0xed, 0x76, 0x01, 0x00, 0x08,
	0x8e, 0x76, 0x01, 0xff, 0xde, 0x19, 0xff, 0x7c, 0x01, 0xe3, 0x7c, 0x01, 0x00, 0x10, 0x8e, 0x7c,
	0x01, 0xff, 0xde, 0x19, 0xff, 0x76, 0x01, 0xdd, 0x76, 0x01, 0x00, 0x18, 0x8e, 0x76, 0x01, 0xff,
	0xde, 0x19, 0xff, 0x7c, 0x01, 0xe3, 0x7c, 0x01, 0x00, 0x20, 0x8e, 0x7c, 0x01, 0xff, 0xde, 0x19,
	0xff, 0x76, 0x01, 0xdd, 0x76, 0x01, 0x00, 0x28, 0x8e, 0x76, 0x01, 0xff, 0xde, 0x19, 0xff, 0x86,
	0x01, 0xed, 0x86, 0x01, 0x00, 0x30, 0x8c, 0x86, 0x01, 0xff, 0xde, 0x19, 0xff, 0x76, 0x01, 0xdf,
	0x76, 0x01, 0x00, 0x38, 0x8e, 0x76, 0x01, 0xff, 0xde, 0x19, 0xff, 0x7c, 0x01, 0xe3, 0x7c, 0x01,
	0x00, 0x40, 0x8e, 0x7c, 0x01, 0xff, 0xde, 0x19, 0xff, 0x76, 0x01, 0xdd, 0x76, 0x01, 0x00, 0x48,
	0x8e, 0x76, 0x01, 0xff, 0xde, 0x19, 0xff, 0x7c, 0x01, 0xe3, 0x7c, 0x01, 0x00, 0x50, 0x8e, 0x7c,
	0x01, 0xff, 0xde, 0x19, 0xff, 0x76, 0x01, 0xdd, 0x76, 0x01, 0x00, 0x58, 0x8e, 0x76, 0x01, 0xff,
	0xde, 0x19, 0xff, 0x7c, 0x01, 0xe3, 0x7c, 0x01, 0x00, 0x60, 0x8e, 0x7c, 0x01, 0xff, 0xde, 0x19,
	0xff, 0x7c, 0x01, 0xe3, 0x7c, 0x01, 0x00, 0x68, 0x8c, 0x7c, 0x01, 0xff, 0xde, 0x19, 0xff, 0xde,
	0x19, 0xff, 0xde, 0x19, 0xff, 0x01, 0x00, 0xfb, 0x01, 0x00, 0x93, 0xde, 0x19, 0xff, 0xde, 0x19,
	0xff, 0xba, 0x03, 0x88, 0xf0, 0xce, 0x8e, 0x92, 0x0f, 0xff, 0xde, 0x19, 0xff, 0x76, 0x01, 0xdd,
	0x76, 0x01, 0x00, 0x78, 0x8e, 0x76, 0x01, 0xff, 0xde, 0x19, 0xff, 0x7c, 0x01, 0xdb, 0x7c, 0x01,
	0x86, 0xf0, 0xce, 0xff, 0xde, 0x19, 0xff, 0xf2, 0x02, 0xee, 0x76, 0x01, 0x00, 0x09, 0xff, 0xde,
	0x19, 0xff, 0xde, 0x19, 0xf4, 0x7c, 0x01, 0x00, 0x11, 0xff, 0xde, 0x19, 0xff, 0xf2, 0x02, 0xee,
	0x76, 0x01, 0x00, 0x19, 0xff, 0xde, 0x19, 0xff, 0xde, 0x19, 0xf4, 0x7c, 0x01, 0x00, 0x21, 0xff,
	0xde, 0x19, 0xff, 0xf2, 0x02, 0xee, 0x76, 0x01, 0x00, 0x29, 0xff, 0xde, 0x19, 0xff, 0xde, 0x19,
	0xfe, 0x86, 0x01, 0x00, 0x31, 0xff, 0xde, 0x19, 0xff, 0xfc, 0x02, 0xee, 0x76, 0x01, 0x00, 0x39,
	0xff, 0xde, 0x19, 0xff, 0xde, 0x19, 0xf4, 0x7c, 0x01, 0x00, 0x41, 0xff, 0xde, 0x19, 0xff, 0xf2,
	0x02, 0xee, 0x76, 0x01, 0x00, 0x49, 0xff, 0xde, 0x19, 0xff, 0xde, 0x19, 0xf4, 0x7c, 0x01, 0x00,
	0x51, 0xff, 0xde, 0x19, 0xff, 0xf2, 0x02, 0xee, 0x76, 0x01, 0x00, 0x59, 0xff, 0xde, 0x19, 0xff,
	0xde, 0x19, 0xf4, 0x7c, 0x01, 0x00, 0x61, 0xff, 0xde, 0x19, 0xff, 0xde, 0x19, 0xf4, 0x7c, 0x01,
	0x00, 0x69, 0xff, 0xde, 0x19, 0xff, 0xde, 0x19, 0xff, 0xde, 0x19, 0xff, 0x01, 0x00, 0xff, 0x01,
	0x00, 0x88, 0x01, 0x00, 0x93, 0xde, 0x19, 0xff, 0xde, 0x19, 0xff, 0xba, 0x03, 0x88, 0xf0, 0xce,
	0xff, 0xde, 0x19, 0xff, 0x30, 0x05, 0xee, 0x76, 0x01, 0x00, 0x79, 0xff, 0xde, 0x19, 0xff, 0xde,
	0x19, 0xec, 0x7c, 0x01, 0x86, 0xf0, 0xce, 0xff, 0xde, 0x19, 0xff, 0xf2, 0x02, 0xee, 0x76, 0x01,
	0x00, 0x0a, 0xff, 0xde, 0x19, 0xff, 0xde, 0x19, 0xf4, 0x7c, 0x01, 0x00, 0x12, 0xff, 0xde, 0x19,
	0xff, 0xf2, 0x02, 0xee, 0x76, 0x01, 0x00, 0x1a, 0xff, 0xde, 0x19, 0xff, 0xde, 0x19, 0xf4, 0x7c,
	0x01, 0x00, 0x22, 0xff, 0xde, 0x19, 0xff, 0xf2, 0x02, 0xee, 0x76, 0x01, 0x00, 0x2a, 0xff, 0xde,
	0x19, 0xff, 0xde, 0x19, 0xfe, 0x86, 0x01, 0x00, 0x32, 0xff, 0xde, 0x19, 0xff, 0xfc, 0x02, 0xee,
	0x76, 0x01, 0x00, 0x3a, 0xff, 0xde, 0x19, 0xff, 0xde, 0x19, 0xf4, 0x7c, 0x01, 0x00, 0x42, 0xff,
	0xde, 0x19, 0xff, 0xf2, 0x02, 0xee, 0x76, 0x01, 0x00, 0x4a, 0xff, 0xde, 0x19, 0xff, 0xde, 0x19,
	0xf4, 0x7c, 0x01, 0x00, 0x52, 0xff, 0xde, 0x19, 0xff, 0xf2, 0x02, 0xee, 0x76, 0x01, 0x00, 0x5a,
	0xff, 0xde, 0x19, 0xff, 0xde, 0x19, 0xf4, 0x7c, 0x01, 0x00, 0x62, 0xff, 0xde, 0x19, 0xff, 0xde,
	0x19, 0xf4, 0x7c, 0x01, 0x00, 0x6a, 0xff, 0xde, 0x19, 0xff, 0xde, 0x19, 0xff, 0xde, 0x19, 0xff,
	0x01, 0x00, 0xff, 0x01, 0x00, 0x88, 0x01, 0x00, 0x93, 0xde, 0x19, 0xff, 0xde, 0x19, 0xff, 0xba,
	0x03, 0x88, 0xf0, 0xce, 0xff, 0xde, 0x19, 0xff, 0x30, 0x05, 0xee, 0x76, 0x01, 0x00, 0x7a, 0xff,
	0xde, 0x19, 0xff, 0xde, 0x19, 0xec, 0x7c, 0x01, 0x86, 0xf0, 0xce, 0xff, 0xde, 0x19, 0xff, 0xf2,
	0x02, 0xee, 0x76, 0x01, 0x00, 0x0b, 0xff, 0xde, 0x19, 0xff, 0xde, 0x19, 0xf4, 0x7c, 0x01, 0x00,
	0x13, 0xff, 0xde, 0x19, 0xff, 0xf2, 0x02, 0xee, 0x76, 0x01, 0x00, 0x1b, 0xff, 0xde, 0x19, 0xff,
	0xde, 0x19, 0xf4, 0x7c, 0x01, 0x00, 0x23, 0xff, 0xde, 0x19, 0xff, 0xf2, 0x02, 0xee, 0x76, 0x01,
	0x00, 0x2b, 0xff, 0xde, 0x19, 0xff, 0xde, 0x19, 0xfe, 0x86, 0x01, 0x00, 0x33, 0xff, 0xde, 0x19,
	0xff, 0xfc, 0x02, 0xee, 0x76, 0x01, 0x00, 0x3b, 0xff, 0xde, 0x19, 0xff, 0xde, 0x19, 0xf4, 0x7c,
	0x01, 0x00, 0x43, 0xff, 0xde, 0x19, 0xff, 0xf2, 0x02, 0xee, 0x76, 0x01, 0x00, 0x4b, 0xff, 0xde,
	0x19, 0xff, 0xde, 0x19, 0xf4, 0x7c, 0x01, 0x00, 0x53, 0xff, 0xde, 0x19, 0xff, 0xf2, 0x02, 0xee,
	0x76, 0x01, 0x00, 0x5b, 0xff, 0xde, 0x19, 0xff, 0xde, 0x19, 0xf4, 0x7c, 0x01, 0x00, 0x63, 0xff,
	0xde, 0x19, 0xff, 0xde, 0x19, 0xf4, 0x7c, 0x01, 0x00, 0x6b, 0xff, 0xde, 0x19, 0xff, 0xde, 0x19,
	0xff, 0xde, 0x19, 0xff, 0x01, 0x00, 0xff, 0x01, 0x00, 0x88, 0x01, 0x00, 0x93, 0xde, 0x19, 0xff,
	0xde, 0x19, 0xff, 0xba, 0x03, 0x88, 0xf0, 0xce, 0xff, 0xde, 0x19, 0xff, 0x30, 0x05, 0xee, 0x76,
	0x01, 0x00, 0x7b, 0xff, 0xde, 0x19, 0xff, 0xde, 0x19, 0xe8, 0x7c, 0x01, 0x8a, 0xf0, 0xce, 0xff,
	0xde, 0x19, 0xff, 0xf2, 0x02, 0xee, 0x76, 0x01, 0x00, 0x0c, 0xff, 0xde, 0x19, 0xff, 0xde, 0x19,
	0xf4, 0x7c, 0x01, 0x00, 0x14, 0xff, 0xde, 0x19, 0xff, 0xf2, 0x02, 0xee, 0x76, 0x01, 0x00, 0x1c,
	0xff, 0xde, 0x19, 0xff, 0xde, 0x19, 0xf4, 0x7c, 0x01, 0x00, 0x24, 0xff, 0xde, 0x19, 0xff, 0xf2,
	0x02, 0xee, 0x76, 0x01, 0x00, 0x2c, 0xff, 0xde, 0x19, 0xff, 0xde, 0x19, 0xfe, 0x86, 0x01, 0x00,
	0x34, 0xff, 0xde, 0x19, 0xff, 0xfc, 0x02, 0xee, 0x76, 0x01, 0x00, 0x3c, 0xff, 0xde, 0x19, 0xff,
	0xde, 0x19, 0xf4, 0x7c, 0x01, 0x00, 0x44, 0xff, 0xde, 0x19, 0xff, 0xf2, 0x02, 0xee, 0x76, 0x01,
	0x00, 0x4c, 0xff, 0xde, 0x19, 0xff, 0xde, 0x19, 0xf4, 0x7c, 0x01, 0x00, 0x54, 0xff, 0xde, 0x19,
	0xff, 0xf2, 0x02, 0xee, 0x76, 0x01, 0x00, 0x5c, 0xff, 0xde, 0x19, 0xff, 0xde, 0x19, 0xf4, 0x7c,
	0x01, 0x00, 0x64, 0xff, 0xde, 0x19, 0xff, 0xde, 0x19, 0xf4, 0x7c, 0x01, 0x00, 0x6c, 0xff, 0xde,
	0x19, 0xff, 0xde, 0x19, 0xff, 0xde, 0x19, 0xff, 0x01, 0x00, 0xff, 0x01, 0x00, 0x88, 0x01, 0x00,
	0x93, 0xde, 0x19, 0xff, 0xde, 0x19, 0xff, 0xba, 0x03, 0x88, 0xf0, 0xce, 0xff, 0xde, 0x19, 0xff,
	0x30, 0x05, 0xee, 0x76, 0x01, 0x00, 0x7c, 0xff, 0xde, 0x19, 0xff, 0xde, 0x19, 0xec, 0x7c, 0x01,
	0x86, 0xf0, 0xce, 0xff, 0xde, 0x19, 0xff, 0xf2, 0x02, 0xee, 0x76, 0x01, 0x00, 0x0d, 0xff, 0xde,
	0x19, 0xff, 0xde, 0x19, 0xf4, 0x7c, 0x01, 0x00, 0x15, 0xff, 0xde, 0x19, 0xff, 0xf2, 0x02, 0xee,
	0x76, 0x01, 0x00, 0x1d, 0xff, 0xde, 0x19, 0xff, 0xde, 0x19, 0xf4, 0x7c, 0x01, 0x00, 0x25, 0xff,
	0xde, 0x19, 0xff, 0xf2, 0x02, 0xee, 0x76, 0x01, 0x00, 0x2d, 0xff, 0xde, 0x19, 0xff, 0xde, 0x19,
	0xfe, 0x86, 0x01, 0x00, 0x35, 0xff, 0xde, 0x19, 0xff, 0xfc, 0x02, 0xee, 0x76, 0x01, 0x00, 0x3d,
	0xff, 0xde, 0x19, 0xff, 0xde, 0x19, 0xf4, 0x7c, 0x01, 0x00, 0x45, 0xff, 0xde, 0x19, 0xff, 0xf2,
	0x02, 0xee, 0x76, 0x01, 0x00, 0x4d, 0xff, 0xde, 0x19, 0xff, 0xde, 0x19, 0xf4, 0x7c, 0x01, 0x00,
	0x55, 0xff, 0xde, 0x19, 0xff, 0xf2, 0x02, 0xee, 0x76, 0x01, 0x00, 0x5d, 0xff, 0xde, 0x19, 0xff,
	0xde, 0x19, 0xf4, 0x7c, 0x01, 0x00, 0x65, 0xff, 0xde, 0x19, 0xff, 0xde, 0x19, 0xf4, 0x7c, 0x01,
	0x00, 0x6d, 0xff, 0xde, 0x19, 0xff, 0xde, 0x19, 0xff, 0xde, 0x19, 0xff, 0x01, 0x00, 0xff, 0x01,
	0x00, 0x88, 0x01, 0x00, 0x93, 0xde, 0x19, 0xff, 0xde, 0x19, 0xff, 0xba, 0x03, 0x88, 0xf0, 0xce,
	0xff, 0xde, 0x19, 0xff, 0x30, 0x05, 0xee, 0x76, 0x01, 0x00, 0x7d, 0xff, 0xde, 0x19, 0xff, 0xde,
	0x19, 0xec, 0x7c, 0x01, 0x86, 0xf0, 0xce, 0xff, 0xde, 0x19, 0xff, 0xf2, 0x02, 0xee, 0x76, 0x01,
	0x00, 0x0e, 0xff, 0xde, 0x19, 0xff, 0xde, 0x19, 0xf4, 0x7c, 0x01, 0x00, 0x16, 0xff, 0xde, 0x19,
	0xff, 0xf2, 0x02, 0xee, 0x76, 0x01, 0x00, 0x1e, 0xff, 0xde, 0x19, 0xff, 0xde, 0x19, 0xf4, 0x7c,
	0x01, 0x00, 0x26, 0xff, 0xde, 0x19, 0xff, 0xf2, 0x02, 0xee, 0x76, 0x01, 0x00, 0x2e, 0xff, 0xde,
	0x19, 0xff, 0xde, 0x19, 0xfe, 0x86, 0x01, 0x00, 0x36, 0xff, 0xde, 0x19, 0xff, 0xfc, 0x02, 0xee,
	0x76, 0x01, 0x00, 0x3e, 0xff, 0xde, 0x19, 0xff, 0xde, 0x19, 0xf4, 0x7c, 0x01, 0x00, 0x46, 0xff,
	0xde, 0x19, 0xff, 0xf2, 0x02, 0xee, 0x76, 0x01, 0x00, 0x4e, 0xff, 0xde, 0x19, 0xff, 0xde, 0x19,
	0xf4, 0x7c, 0x01, 0x00, 0x56, 0xff, 0xde, 0x19, 0xff, 0xf2, 0x02, 0xee, 0x76, 0x01, 0x00, 0x5e,
	0xff, 0xde, 0x19, 0xff, 0xde, 0x19, 0xf4, 0x7c, 0x01, 0x00, 0x66, 0xff, 0xde, 0x19, 0xff, 0xde,
	0x19, 0xf4, 0x7c, 0x01, 0x00, 0x6e, 0xff, 0xde, 0x19, 0xff, 0xde, 0x19, 0xff, 0xde, 0x19, 0xff,
	0x01, 0x00, 0xff, 0x01, 0x00, 0x88, 0x01, 0x00, 0x93, 0xde, 0x19, 0xff, 0xde, 0x19, 0xff, 0xba,
	0x03, 0x88, 0xf0, 0xce, 0xff, 0xde, 0x19, 0xff, 0x30, 0x05, 0xee, 0x76, 0x01, 0x00, 0x7e, 0xff,
	0xde, 0x19, 0xff, 0xde, 0x19, 0xec, 0x7c, 0x01, 0x86, 0xf0, 0xce, 0xff, 0xde, 0x19, 0xff, 0xf2,
	0x02, 0xee, 0x76, 0x01, 0x00, 0x0f, 0xff, 0xde, 0x19, 0xff, 0xde, 0x19, 0xf4, 0x7c, 0x01, 0x00,
	0x17, 0xff, 0xde, 0x19, 0xff, 0xf2, 0x02, 0xee, 0x76, 0x01, 0x00, 0x1f, 0xff, 0xde, 0x19, 0xff,
	0xde, 0x19, 0xf4, 0x7c, 0x01, 0x00, 0x27, 0xff, 0xde, 0x19, 0xff, 0xf2, 0x02, 0xee, 0x76, 0x01,
	0x00, 0x2f, 0xff, 0xde, 0x19, 0xff, 0xde, 0x19, 0xfe, 0x86, 0x01, 0x00, 0x37, 0xff, 0xde, 0x19,
	0xff, 0xfc, 0x02, 0xee, 0x76, 0x01, 0x00, 0x3f, 0xff, 0xde, 0x19, 0xff, 0xde, 0x19, 0xf4, 0x7c,
	0x01, 0x00, 0x47, 0xff, 0xde, 0x19, 0xff, 0xf2, 0x02, 0xee, 0x76, 0x01, 0x00, 0x4f, 0xff, 0xde,
	0x19, 0xff, 0xde, 0x19, 0xf4, 0x7c, 0x01, 0x00, 0x57, 0xff, 0xde, 0x19, 0xff, 0xf2, 0x02, 0xee,
	0x76, 0x01, 0x00, 0x5f, 0xff, 0xde, 0x19, 0xff, 0xde, 0x19, 0xf4, 0x7c, 0x01, 0x00, 0x67, 0xff,
	0xde, 0x19, 0xff, 0xde, 0x19, 0xf4, 0x7c, 0x01, 0x00, 0x6f, 0xff, 0xde, 0x19, 0xff, 0xde, 0x19,
	0xff, 0xde, 0x19, 0xff, 0x01, 0x00, 0xff, 0x01, 0x00, 0x88, 0x01, 0x00, 0x93, 0xde, 0x19, 0xff,
	0xde, 0x19, 0xff, 0xba, 0x03, 0x88, 0xf0, 0xce, 0xff, 0xde, 0x19, 0xff, 0x30, 0x05, 0xee, 0x76,
	0x01, 0x00, 0x7f, 0xff, 0xde, 0x19, 0xff, 0xde, 0x19, 0xe8, 0x7c, 0x01, 0x8a, 0xf0, 0xce, 0x00,
	0xd4, 0xff, 0xde, 0x19, 0xff, 0x76, 0x01, 0xed, 0x76, 0x01, 0x00, 0x08, 0x8e, 0x76, 0x01, 0xff,
	0xde, 0x19, 0xff, 0x7c, 0x01, 0xe3, 0x7c, 0x01, 0x00, 0x10, 0x8e, 0x7c, 0x01, 0xff, 0xde, 0x19,
	0xff, 0x76, 0x01, 0xdd, 0x76, 0x01, 0x00, 0x18, 0x8e, 0x76, 0x01, 0xff, 0xde, 0x19, 0xff, 0x7c,
	0x01, 0xe3, 0x7c, 0x01, 0x00, 0x20, 0x8e, 0x7c, 0x01, 0xff, 0xde, 0x19, 0xff, 0x76, 0x01, 0xdd,
	0x76, 0x01, 0x00, 0x28, 0x8e, 0x76, 0x01, 0xff, 0xde, 0x19, 0xff, 0x86, 0x01, 0xed, 0x86, 0x01,
	0x00, 0x30, 0x8c, 0x86, 0x01, 0xff, 0xde, 0x19, 0xff, 0x76, 0x01, 0xdf, 0x76, 0x01, 0x00, 0x38,
	0x8e, 0x76, 0x01, 0xff, 0xde, 0x19, 0xff, 0x7c, 0x01, 0xe3, 0x7c, 0x01, 0x00, 0x40, 0x8e, 0x7c,
	0x01, 0xff, 0xde, 0x19, 0xff, 0x76, 0x01, 0xdd, 0x76, 0x01, 0x00, 0x48, 0x8e, 0x76, 0x01, 0xff,
	0xde, 0x19, 0xff, 0x7c, 0x01, 0xe3, 0x7c, 0x01, 0x00, 0x50, 0x8e, 0x7c, 0x01, 0xff, 0xde, 0x19,
	0xff, 0x76, 0x01, 0xdd, 0x76, 0x01, 0x00, 0x58, 0x8e, 0x76, 0x01, 0xff, 0xde, 0x19, 0xff, 0x7c,
	0x01, 0xe3, 0x7c, 0x01, 0x00, 0x60, 0x8e, 0x7c, 0x01, 0xff, 0xde, 0x19, 0xff, 0x7c, 0x01, 0xe3,
	0x7c, 0x01, 0x00, 0x68, 0x8c, 0x7c, 0x01, 0xff, 0xde, 0x19, 0xff, 0xde, 0x19, 0xff, 0xde, 0x19,
	0xff, 0x01, 0x00, 0xfb, 0x01, 0x00, 0x93, 0xde, 0x19, 0xff, 0xde, 0x19, 0xff, 0xba, 0x03, 0x88,
	0xf0, 0xce, 0x8e, 0x92, 0x0f, 0xff, 0xde, 0x19, 0xff, 0x76, 0x01, 0xdd, 0x76, 0x01, 0x00, 0x78,
	0x8e, 0x76, 0x01, 0xff, 0xde, 0x19, 0xff, 0x7c, 0x01, 0xdb, 0x7c, 0x01, 0x86, 0xf0, 0xce, 0xff,
	0xde, 0x19, 0xff, 0xf2, 0x02, 0xee, 0x76, 0x01, 0x00, 0x09, 0xff, 0xde, 0x19, 0xff, 0xde, 0x19,
	0xf4, 0x7c, 0x01, 0x00, 0x11, 0xff, 0xde, 0x19, 0xff, 0xf2, 0x02, 0xee, 0x76, 0x01, 0x00, 0x19,
	0xff, 0xde, 0x19, 0xff, 0xde, 0x19, 0xf4, 0x7c, 0x01, 0x00, 0x21, 0xff, 0xde, 0x19, 0xff, 0xf2,
	0x02, 0xee, 0x76, 0x01, 0x00, 0x29, 0xff, 0xde, 0x19, 0xff, 0xde, 0x19, 0xfe, 0x86, 0x01, 0x00,
	0x31, 0xff, 0xde, 0x19, 0xff, 0xfc, 0x02, 0xee, 0x76, 0x01, 0x00, 0x39, 0xff, 0xde, 0x19, 0xff,
	0xde, 0x19, 0xf4, 0x7c, 0x01, 0x00, 0x41, 0xff, 0xde, 0x19, 0xff, 0xf2, 0x02, 0xee, 0x76, 0x01,
	0x00, 0x49, 0xff, 0xde, 0x19, 0xff, 0xde, 0x19, 0xf4, 0x7c, 0x01, 0x00, 0x51, 0xff, 0xde, 0x19,
	0xff, 0xf2, 0x02, 0xee, 0x76, 0x01, 0x00, 0x59, 0xff, 0xde, 0x19, 0xff, 0xde, 0x19, 0xf4, 0x7c,
	0x01, 0x00, 0x61, 0xff, 0xde, 0x19, 0xff, 0xde, 0x19, 0xf4, 0x7c, 0x01, 0x00, 0x69, 0xff, 0xde,
	0x19, 0xff, 0xde, 0x19, 0xff, 0xde, 0x19, 0xff, 0x01, 0x00, 0xff, 0x01, 0x00, 0x88, 0x01, 0x00,
	0x93, 0xde, 0x19, 0xff, 0xde, 0x19, 0xff, 0xba, 0x03, 0x88, 0xf0, 0xce, 0xff, 0xde, 0x19, 0xff,
	0x30, 0x05, 0xee, 0x76, 0x01, 0x00, 0x79, 0xff, 0xde, 0x19, 0xff, 0xde, 0x19, 0xec, 0x7c, 0x01,
	0x86, 0xf0, 0xce, 0xff, 0xde, 0x19, 0xff, 0xf2, 0x02, 0xee, 0x76, 0x01, 0x00, 0x0a, 0xff, 0xde,
	0x19, 0xff, 0xde, 0x19, 0xf4, 0x7c, 0x01, 0x00, 0x12, 0xff, 0xde, 0x19, 0xff, 0xf2, 0x02, 0xee,
	0x76, 0x01, 0x00, 0x1a, 0xff, 0xde, 0x19, 0xff, 0xde, 0x19, 0xf4, 0x7c, 0x01, 0x00, 0x22, 0xff,
	0xde, 0x19, 0xff, 0xf2, 0x02, 0xee, 0x76, 0x01, 0x00, 0x2a, 0xff, 0xde, 0x19, 0xff, 0xde, 0x19,
	0xfe, 0x86, 0x01, 0x00, 0x32, 0xff, 0xde, 0x19, 0xff, 0xfc, 0x02, 0xee, 0x76, 0x01, 0x00, 0x3a,
	0xff, 0xde, 0x19, 0xff, 0xde, 0x19, 0xf4, 0x7c, 0x01, 0x00, 0x42, 0xff, 0xde, 0x19, 0xff, 0xf2,
	0x02, 0xee, 0x76, 0x01, 0x00, 0x4a, 0xff, 0xde, 0x19, 0xff, 0xde, 0x19, 0xf4, 0x7c, 0x01, 0x00,
	0x52, 0xff, 0xde, 0x19, 0xff, 0xf2, 0x02, 0xee, 0x76, 0x01, 0x00, 0x5a, 0xff, 0xde, 0x19, 0xff,
	0xde, 0x19, 0xf4, 0x7c, 0x01, 0x00, 0x62, 0xff, 0xde, 0x19, 0xff, 0xde, 0x19, 0xf4, 0x7c, 0x01,
	0x00, 0x6a, 0xff, 0xde, 0x19, 0xff, 0xde, 0x19, 0xff, 0xde, 0x19, 0xff, 0x01, 0x00, 0xff, 0x01,
	0x00, 0x88, 0x01, 0x00, 0x93, 0xde, 0x19, 0xff, 0xde, 0x19, 0xff, 0xba, 0x03, 0x88, 0xf0, 0xce,
	0xff, 0xde, 0x19, 0xff, 0x30, 0x05, 0xee, 0x76, 0x01, 0x00, 0x7a, 0xff, 0xde, 0x19, 0xff, 0xde,
	0x19, 0xec, 0x7c, 0x01, 0x86, 0xf0, 0xce, 0xff, 0xde, 0x19, 0xff, 0xf2, 0x02, 0xee, 0x76, 0x01,
	0x00, 0x0b, 0xff, 0xde, 0x19, 0xff, 0xde, 0x19, 0xf4, 0x7c, 0x01, 0x00, 0x13, 0xff, 0xde, 0x19,
	0xff, 0xf2, 0x02, 0xee, 0x76, 0x01, 0x00, 0x1b, 0xff, 0xde, 0x19, 0xff, 0xde, 0x19, 0xf4, 0x7c,
	0x01, 0x00, 0x23, 0xff, 0xde, 0x19, 0xff, 0xf2, 0x02, 0xee, 0x76, 0x01, 0x00, 0x2b, 0xff, 0xde,
	0x19, 0xff, 0xde, 0x19, 0xfe, 0x86, 0x01, 0x00, 0x33, 0xff, 0xde, 0x19, 0xff, 0xfc, 0x02, 0xee,
	0x76, 0x01, 0x00, 0x3b, 0xff, 0xde, 0x19, 0xff, 0xde, 0x19, 0xf4, 0x7c, 0x01, 0x00, 0x43, 0xff,
	0xde, 0x19, 0xff, 0xf2, 0x02, 0xee, 0x76, 0x01, 0x00, 0x4b, 0xff, 0xde, 0x19, 0xff, 0xde, 0x19,
	0xf4, 0x7c, 0x01, 0x00, 0x53, 0xff, 0xde, 0x19, 0xff, 0xf2, 0x02, 0xee, 0x76, 0x01, 0x00, 0x5b,
	0xff, 0xde, 0x19, 0xff, 0xde, 0x19, 0xf4, 0x7c, 0x01, 0x00, 0x63, 0xff, 0xde, 0x19, 0xff, 0xde,
	0x19, 0xf4, 0x7c, 0x01, 0x00, 0x6b, 0xff, 0xde, 0x19, 0xff, 0xde, 0x19, 0xff, 0xde, 0x19, 0xff,
	0x01, 0x00, 0xff, 0x01, 0x00, 0x88, 0x01, 0x00, 0x93, 0xde, 0x19, 0xff, 0xde, 0x19, 0xff, 0xba,
	0x03, 0x88, 0xf0, 0xce, 0xff, 0xde, 0x19, 0xff, 0x30, 0x05, 0xee, 0x76, 0x01, 0x00, 0x7b, 0xff,
	0xde, 0x19, 0xff, 0xde, 0x19, 0xe8, 0x7c, 0x01, 0x8a, 0xf0, 0xce, 0xff, 0xde, 0x19, 0xff, 0xf2,
	0x02, 0xee, 0x76, 0x01, 0x00, 0x0c, 0xff, 0xde, 0x19, 0xff, 0xde, 0x19, 0xf4, 0x7c, 0x01, 0x00,
	0x14, 0xff, 0xde, 0x19, 0xff, 0xf2, 0x02, 0xee, 0x76, 0x01, 0x00, 0x1c, 0xff, 0xde, 0x19, 0xff,
	0xde, 0x19, 0xf4, 0x7c, 0x01, 0x00, 0x24, 0xff, 0xde, 0x19, 0xff, 0xf2, 0x02, 0xee, 0x76, 0x01,
	0x00, 0x2c, 0xff, 0xde, 0x19, 0xff, 0xde, 0x19, 0xfe, 0x86, 0x01, 0x00, 0x34, 0xff, 0xde, 0x19,
	0xff, 0xfc, 0x02, 0xee, 0x76, 0x01, 0x00, 0x3c, 0xff, 0xde, 0x19, 0xff, 0xde, 0x19, 0xf4, 0x7c,
	0x01, 0x00, 0x44, 0xff, 0xde, 0x19, 0xff, 0xf2, 0x02, 0xee, 0x76, 0x01, 0x00, 0x4c, 0xff, 0xde,
	0x19, 0xff, 0xde, 0x19, 0xf4, 0x7c, 0x01, 0x00, 0x54, 0xff, 0xde, 0x19, 0xff, 0xf2, 0x02, 0xee,
	0x76, 0x01, 0x00, 0x5c, 0xff, 0xde, 0x19, 0xff, 0xde, 0x19, 0xf4, 0x7c, 0x01, 0x00, 0x64, 0xff,
	0xde, 0x19, 0xff, 0xde, 0x19, 0xf4, 0x7c, 0x01, 0x00, 0x6c, 0xff, 0xde, 0x19, 0xff, 0xde, 0x19,
	0xff, 0xde, 0x19, 0xff, 0x01, 0x00, 0xff, 0x01, 0x00, 0x88, 0x01, 0x00, 0x93, 0xde, 0x19, 0xff,
	0xde, 0x19, 0xff, 0xba, 0x03, 0x88, 0xf0, 0xce, 0xff, 0xde, 0x19, 0xff, 0x30, 0x05, 0xee, 0x76,
	0x01, 0x00, 0x7c, 0xff, 0xde, 0x19, 0xff, 0xde, 0x19, 0xec, 0x7c, 0x01, 0x86, 0xf0, 0xce, 0xff,
	0xde, 0x19, 0xff, 0xf2, 0x02, 0xee, 0x76, 0x01, 0x00, 0x0d, 0xff, 0xde, 0x19, 0xff, 0xde, 0x19,
	0xf4, 0x7c, 0x01, 0x00, 0x15, 0xff, 0xde, 0x19, 0xff, 0xf2, 0x02, 0xee, 0x76, 0x01, 0x00, 0x1d,
	0xff, 0xde, 0x19, 0xff, 0xde, 0x19, 0xf4, 0x7c, 0x01, 0x00, 0x25, 0xff, 0xde, 0x19, 0xff, 0xf2,
	0x02, 0xee, 0x76, 0x01, 0x00, 0x2d, 0xff, 0xde, 0x19, 0xff, 0xde, 0x19, 0xfe, 0x86, 0x01, 0x00,
	0x35, 0xff, 0xde, 0x19, 0xff, 0xfc, 0x02, 0xee, 0x76, 0x01, 0x00, 0x3d, 0xff, 0xde, 0x19, 0xff,
	0xde, 0x19, 0xf4, 0x7c, 0x01, 0x00, 0x45, 0xff, 0xde, 0x19, 0xff, 0xf2, 0x02, 0xee, 0x76, 0x01,
	0x00, 0x4d, 0xff, 0xde, 0x19, 0xff, 0xde, 0x19, 0xf4, 0x7c, 0x01, 0x00, 0x55, 0xff, 0xde, 0x19,
	0xff, 0xf2, 0x02, 0xee, 0x76, 0x01, 0x00, 0x5d, 0xff, 0xde, 0x19, 0xff, 0xde, 0x19, 0xf4, 0x7c,
	0x01, 0x00, 0x65, 0xff, 0xde, 0x19, 0xff, 0xde, 0x19, 0xf4, 0x7c, 0x01, 0x00, 0x6d, 0xff, 0xde,
	0x19, 0xff, 0xde, 0x19, 0xff, 0xde, 0x19, 0xff, 0x01, 0x00, 0xff, 0x01, 0x00, 0x88, 0x01, 0x00,
	0x93, 0xde, 0x19, 0xff, 0xde, 0x19, 0xff, 0xba, 0x03, 0x88, 0xf0, 0xce, 0xff, 0xde, 0x19, 0xff,
	0x30, 0x05, 0xee, 0x76, 0x01, 0x00, 0x7d, 0xff, 0xde, 0x19, 0xff, 0xde, 0x19, 0xec, 0x7c, 0x01,
	0x86, 0xf0, 0xce, 0xff, 0xde, 0x19, 0xff, 0xf2, 0x02, 0xee, 0x76, 0x01, 0x00, 0x0e, 0xff, 0xde,
	0x19, 0xff, 0xde, 0x19, 0xf4, 0x7c, 0x01, 0x00, 0x16, 0xff, 0xde, 0x19, 0xff, 0xf2, 0x02, 0xee,
	0x76, 0x01, 0x00, 0x1e, 0xff, 0xde, 0x19, 0xff, 0xde, 0x19, 0xf4, 0x7c, 0x01, 0x00, 0x26, 0xff,
	0xde, 0x19, 0xff, 0xf2, 0x02, 0xee, 0x76, 0x01, 0x00, 0x2e, 0xff, 0xde, 0x19, 0xff, 0xde, 0x19,
	0xfe, 0x86, 0x01, 0x00, 0x36, 0xff, 0xde, 0x19, 0xff, 0xfc, 0x02, 0xee, 0x76, 0x01, 0x00, 0x3e,
	0xff, 0xde, 0x19, 0xff, 0xde, 0x19, 0xf4, 0x7c, 0x01, 0x00, 0x46, 0xff, 0xde, 0x19, 0xff, 0xf2,
	0x02, 0xee, 0x76, 0x01, 0x00, 0x4e, 0xff, 0xde, 0x19, 0xff, 0xde, 0x19, 0xf4, 0x7c, 0x01, 0x00,
	0x56, 0xff, 0xde, 0x19, 0xff, 0xf2, 0x02, 0xee, 0x76, 0x01, 0x00, 0x5e, 0xff, 0xde, 0x19, 0xff,
	0xde, 0x19, 0xf4, 0x7c, 0x01, 0x00, 0x66, 0xff, 0xde, 0x19, 0xff, 0xde, 0x19, 0xf4, 0x7c, 0x01,
	0x00, 0x6e, 0xff, 0xde, 0x19, 0xff, 0xde, 0x19, 0xff, 0xde, 0x19, 0xff, 0x01, 0x00, 0xff, 0x01,
	0x00, 0x88, 0x01, 0x00, 0x93, 0xde, 0x19, 0xff, 0xde, 0x19, 0xff, 0xba, 0x03, 0x88, 0xf0, 0xce,
	0xff, 0xde, 0x19, 0xff, 0x30, 0x05, 0xee, 0x76, 0x01, 0x00, 0x7e, 0xff, 0xde, 0x19, 0xff, 0xde,
	0x19, 0xec, 0x7c, 0x01, 0x86, 0xf0, 0xce, 0xff, 0xde, 0x19, 0xff, 0xf2, 0x02, 0xee, 0x76, 0x01,
	0x00, 0x0f, 0xff, 0xde, 0x19, 0xff, 0xde, 0x19, 0xf4, 0x7c, 0x01, 0x00, 0x17, 0xff, 0xde, 0x19,
	0xff, 0xf2, 0x02, 0xee, 0x76, 0x01, 0x00, 0x1f, 0xff, 0xde, 0x19, 0xff, 0xde, 0x19, 0xf4, 0x7c,
	0x01, 0x00, 0x27, 0xff, 0xde, 0x19, 0xff, 0xf2, 0x02, 0xee, 0x76, 0x01, 0x00, 0x2f, 0xff, 0xde,
	0x19, 0xff, 0xde, 0x19, 0xfe, 0x86, 0x01, 0x00, 0x37, 0xff, 0xde, 0x19, 0xff, 0xfc, 0x02, 0xee,
	0x76, 0x01, 0x00, 0x3f, 0xff, 0xde, 0x19, 0xff, 0xde, 0x19, 0xf4, 0x7c, 0x01, 0x00, 0x47, 0xff,
	0xde, 0x19, 0xff, 0xf2, 0x02, 0xee, 0x76, 0x01, 0x00, 0x4f, 0xff, 0xde, 0x19, 0xff, 0xde, 0x19,
	0xf4, 0x7c, 0x01, 0x00, 0x57, 0xff, 0xde, 0x19, 0xff, 0xf2, 0x02, 0xee, 0x76, 0x01, 0x00, 0x5f,
	0xff, 0xde, 0x19, 0xff, 0xde, 0x19, 0xf4, 0x7c, 0x01, 0x00, 0x67, 0xff, 0xde, 0x19, 0xff, 0xde,
	0x19, 0xf4, 0x7c, 0x01, 0x00, 0x6f, 0xff, 0xde, 0x19, 0xff, 0xde, 0x19, 0xff, 0xde, 0x19, 0xff,
	0x01, 0x00, 0xff, 0x01, 0x00, 0x88, 0x01, 0x00, 0x93, 0xde, 0x19, 0xff, 0xde, 0x19, 0xff, 0xba,
	0x03, 0x88, 0xf0, 0xce, 0xff, 0xde, 0x19, 0xff, 0x30, 0x05, 0xee, 0x76, 0x01, 0x00, 0x7f, 0xff,
	0xde, 0x19, 0xff, 0xde, 0x19, 0xe8, 0x7c, 0x01, 0x8a, 0xf0, 0xce, 0x00, 0xdc, 0xff, 0xde, 0x19,
	0xff, 0x76, 0x01, 0xed, 0x76, 0x01, 0x00, 0x08, 0x8e, 0x76, 0x01, 0xff, 0xde, 0x19, 0xff, 0x7c,
	0x01, 0xe3, 0x7c, 0x01, 0x00, 0x10, 0x8e, 0x7c, 0x01, 0xff, 0xde, 0x19, 0xff, 0x76, 0x01, 0xdd,
	0x76, 0x01, 0x00, 0x18, 0x8e, 0x76, 0x01, 0xff, 0xde, 0x19, 0xff, 0x7c, 0x01, 0xe3, 0x7c, 0x01,
	0x00, 0x20, 0x8e, 0x7c, 0x01, 0xff, 0xde, 0x19, 0xff, 0x76, 0x01, 0xdd, 0x76, 0x01, 0x00, 0x28,
	0x8e, 0x76, 0x01, 0xff, 0xde, 0x19, 0xff, 0x86, 0x01, 0xed, 0x86, 0x01, 0x00, 0x30, 0x8c, 0x86,
	0x01, 0xff, 0xde, 0x19, 0xff, 0x76, 0x01, 0xdf, 0x76, 0x01, 0x00, 0x38, 0x8e, 0x76, 0x01, 0xff,
	0xde, 0x19, 0xff, 0x7c, 0x01, 0xe3, 0x7c, 0x01, 0x00, 0x40, 0x8e, 0x7c, 0x01, 0xff, 0xde, 0x19,
	0xff, 0x76, 0x01, 0xdd, 0x76, 0x01, 0x00, 0x48, 0x8e, 0x76, 0x01, 0xff, 0xde, 0x19, 0xff, 0x7c,
	0x01, 0xe3, 0x7c, 0x01, 0x00, 0x50, 0x8e, 0x7c, 0x01, 0xff, 0xde, 0x19, 0xff, 0x76, 0x01, 0xdd,
	0x76, 0x01, 0x00, 0x58, 0x8e, 0x76, 0x01, 0xff, 0xde, 0x19, 0xff, 0x7c, 0x01, 0xe3, 0x7c, 0x01,
	0x00, 0x60, 0x8e, 0x7c, 0x01, 0xff, 0xde, 0x19, 0xff, 0x7c, 0x01, 0xe3, 0x7c, 0x01, 0x00, 0x68,
	0x8c, 0x7c, 0x01, 0xff, 0xde, 0x19, 0xff, 0xde, 0x19, 0xff, 0xde, 0x19, 0xff, 0x01, 0x00, 0xfb,
	0x01, 0x00, 0x93, 0xde, 0x19, 0xff, 0xde, 0x19, 0xff, 0xba, 0x03, 0x88, 0xf0, 0xce, 0x8e, 0x92,
	0x0f, 0xff, 0xde, 0x19, 0xff, 0x76, 0x01, 0xdd, 0x76, 0x01, 0x00, 0x78, 0x8e, 0x76, 0x01, 0xff,
	0xde, 0x19, 0xff, 0x7c, 0x01, 0xdb, 0x7c, 0x01, 0x86, 0xf0, 0xce, 0xff, 0xde, 0x19, 0xff, 0xf2,
	0x02, 0xee, 0x76, 0x01, 0x00, 0x09, 0xff, 0xde, 0x19, 0xff, 0xde, 0x19, 0xf4, 0x7c, 0x01, 0x00,
	0x11, 0xff, 0xde, 0x19, 0xff, 0xf2, 0x02, 0xee, 0x76, 0x01, 0x00, 0x19, 0xff, 0xde, 0x19, 0xff,
	0xde, 0x19, 0xf4, 0x7c, 0x01, 0x00, 0x21, 0xff, 0xde, 0x19, 0xff, 0xf2, 0x02, 0xee, 0x76, 0x01,
	0x00, 0x29, 0xff, 0xde, 0x19, 0xff, 0xde, 0x19, 0xfe, 0x86, 0x01, 0x00, 0x31, 0xff, 0xde, 0x19,
	0xff, 0xfc, 0x02, 0xee, 0x76, 0x01, 0x00, 0x39, 0xff, 0xde, 0x19, 0xff, 0xde, 0x19, 0xf4, 0x7c,
	0x01, 0x00, 0x41, 0xff, 0xde, 0x19, 0xff, 0xf2, 0x02, 0xee, 0x76, 0x01, 0x00, 0x49, 0xff, 0xde,
	0x19, 0xff, 0xde, 0x19, 0xf4, 0x7c, 0x01, 0x00, 0x51, 0xff, 0xde, 0x19, 0xff, 0xf2, 0x02, 0xee,
	0x76, 0x01, 0x00, 0x59, 0xff, 0xde, 0x19, 0xff, 0xde, 0x19, 0xf4, 0x7c, 0x01, 0x00, 0x61, 0xff,
	0xde, 0x19, 0xff, 0xde, 0x19, 0xf4, 0x7c, 0x01, 0x00, 0x69, 0xff, 0xde, 0x19, 0xff, 0xde, 0x19,
	0xff, 0xde, 0x19, 0xff, 0x01, 0x00, 0xff, 0x01, 0x00, 0x88, 0x01, 0x00, 0x93, 0xde, 0x19, 0xff,
	0xde, 0x19, 0xff, 0xba, 0x03, 0x88, 0xf0, 0xce, 0xff, 0xde, 0x19, 0xff, 0x30, 0x05, 0xee, 0x76,
	0x01, 0x00, 0x79, 0xff, 0xde, 0x19, 0xff, 0xde, 0x19, 0xec, 0x7c, 0x01, 0x86, 0xf0, 0xce, 0xff,
	0xde, 0x19, 0xff, 0xf2, 0x02, 0xee, 0x76, 0x01, 0x00, 0x0a, 0xff, 0xde, 0x19, 0xff, 0xde, 0x19,
	0xf4, 0x7c, 0x01, 0x00, 0x12, 0xff, 0xde, 0x19, 0xff, 0xf2, 0x02, 0xee, 0x76, 0x01, 0x00, 0x1a,
	0xff, 0xde, 0x19, 0xff, 0xde, 0x19, 0xf4, 0x7c, 0x01, 0x00, 0x22, 0xff, 0xde, 0x19, 0xff, 0xf2,
	0x02, 0xee, 0x76, 0x01, 0x00, 0x2a, 0xff, 0xde, 0x19, 0xff, 0xde, 0x19, 0xfe, 0x86, 0x01, 0x00,
	0x32, 0xff, 0xde, 0x19, 0xff, 0xfc, 0x02, 0xee, 0x76, 0x01, 0x00, 0x3a, 0xff, 0xde, 0x19, 0xff,
	0xde, 0x19, 0xf4, 0x7c, 0x01, 0x00, 0x42, 0xff, 0xde, 0x19, 0xff, 0xf2, 0x02, 0xee, 0x76, 0x01,
	0x00, 0x4a, 0xff, 0xde, 0x19, 0xff, 0xde, 0x19, 0xf4, 0x7c, 0x01, 0x00, 0x52, 0xff, 0xde, 0x19,
	0xff, 0xf2, 0x02, 0xee, 0x76, 0x01, 0x00, 0x5a, 0xff, 0xde, 0x19, 0xff, 0xde, 0x19, 0xf4, 0x7c,
	0x01, 0x00, 0x62, 0xff, 0xde, 0x19, 0xff, 0xde, 0x19, 0xf4, 0x7c, 0x01, 0x00, 0x6a, 0xff, 0xde,
	0x19, 0xff, 0xde, 0x19, 0xff, 0xde, 0x19, 0xff, 0x01, 0x00, 0xff, 0x01, 0x00, 0x88, 0x01, 0x00,
	0x93, 0xde, 0x19, 0xff, 0xde, 0x19, 0xff, 0xba, 0x03, 0x88, 0xf0, 0xce, 0xff, 0xde, 0x19, 0xff,
	0x30, 0x05, 0xee, 0x76, 0x01, 0x00, 0x7a, 0xff, 0xde, 0x19, 0xff, 0xde, 0x19, 0xec, 0x7c, 0x01,
	0x86, 0xf0, 0xce, 0xff, 0xde, 0x19, 0xff, 0xf2, 0x02, 0xee, 0x76, 0x01, 0x00, 0x0b, 0xff, 0xde,
	0x19, 0xff, 0xde, 0x19, 0xf4, 0x7c, 0x01, 0x00, 0x13, 0xff, 0xde, 0x19, 0xff, 0xf2, 0x02, 0xee,
	0x76, 0x01, 0x00, 0x1b, 0xff, 0xde, 0x19, 0xff, 0xde, 0x19, 0xf4, 0x7c, 0x01, 0x00, 0x23, 0xff,
	0xde, 0x19, 0xff, 0xf2, 0x02, 0xee, 0x76, 0x01, 0x00, 0x2b, 0xff, 0xde, 0x19, 0xff, 0xde, 0x19,
	0xfe, 0x86, 0x01, 0x00, 0x33, 0xff, 0xde, 0x19, 0xff, 0xfc, 0x02, 0xee, 0x76, 0x01, 0x00, 0x3b,
	0xff, 0xde, 0x19, 0xff, 0xde, 0x19, 0xf4, 0x7c, 0x01, 0x00, 0x43, 0xff, 0xde, 0x19, 0xff, 0xf2,
	0x02, 0xee, 0x76, 0x01, 0x00, 0x4b, 0xff, 0xde, 0x19, 0xff, 0xde, 0x19, 0xf4, 0x7c, 0x01, 0x00,
	0x53, 0xff, 0xde, 0x19, 0xff, 0xf2, 0x02, 0xee, 0x76, 0x01, 0x00, 0x5b, 0xff, 0xde, 0x19, 0xff,
	0xde, 0x19, 0xf4, 0x7c, 0x01, 0x00, 0x63, 0xff, 0xde, 0x19, 0xff, 0xde, 0x19, 0xf4, 0x7c, 0x01,
	0x00, 0x6b, 0xff, 0xde, 0x19, 0xff, 0xde, 0x19, 0xff, 0xde, 0x19, 0xff, 0x01, 0x00, 0xff, 0x01,
	0x00, 0x88, 0x01, 0x00, 0x93, 0xde, 0x19, 0xff, 0xde, 0x19, 0xff, 0xba, 0x03, 0x88, 0xf0, 0xce,
	0xff, 0xde, 0x19, 0xff, 0x30, 0x05, 0xee, 0x76, 0x01, 0x00, 0x7b, 0xff, 0xde, 0x19, 0xff, 0xde,
	0x19, 0xe8, 0x7c, 0x01, 0x8a, 0xf0, 0xce, 0xff, 0xde, 0x19, 0xff, 0xf2, 0x02, 0xee, 0x76, 0x01,
	0x00, 0x0c, 0xff, 0xde, 0x19, 0xff, 0xde, 0x19, 0xf4, 0x7c, 0x01, 0x00, 0x14, 0xff, 0xde, 0x19,
	0xff, 0xf2, 0x02, 0xee, 0x76, 0x01, 0x00, 0x1c, 0xff, 0xde, 0x19, 0xff, 0xde, 0x19, 0xf4, 0x7c,
	0x01, 0x00, 0x24, 0xff, 0xde, 0x19, 0xff, 0xf2, 0x02, 0xee, 0x76, 0x01, 0x00, 0x2c, 0xff, 0xde,
	0x19, 0xff, 0xde, 0x19, 0xfe, 0x86, 0x01, 0x00, 0x34, 0xff, 0xde, 0x19, 0xff, 0xfc, 0x02, 0xee,
	0x76, 0x01, 0x00, 0x3c, 0xff, 0xde, 0x19, 0xff, 0xde, 0x19, 0xf4, 0x7c, 0x01, 0x00, 0x44, 0xff,
	0xde, 0x19, 0xff, 0xf2, 0x02, 0xee, 0x76, 0x01, 0x00, 0x4c, 0xff, 0xde, 0x19, 0xff, 0xde, 0x19,
	0xf4, 0x7c, 0x01, 0x00, 0x54, 0xff, 0xde, 0x19, 0xff, 0xf2, 0x02, 0xee, 0x76, 0x01, 0x00, 0x5c,
	0xff, 0xde, 0x19, 0xff, 0xde, 0x19, 0xf4, 0x7c, 0x01, 0x00, 0x64, 0xff, 0xde, 0x19, 0xff, 0xde,
	0x19, 0xf4, 0x7c, 0x01, 0x00, 0x6c, 0xff, 0xde, 0x19, 0xff, 0xde, 0x19, 0xff, 0xde, 0x19, 0xff,
	0x01, 0x00, 0xff, 0x01, 0x00, 0x88, 0x01, 0x00, 0x93, 0xde, 0x19, 0xff, 0xde, 0x19, 0xff, 0xba,
	0x03, 0x88, 0xf0, 0xce, 0xff, 0xde, 0x19, 0xff, 0x30, 0x05, 0xee, 0x76, 0x01, 0x00, 0x7c, 0xff,
	0xde, 0x19, 0xff, 0xde, 0x19, 0xec, 0x7c, 0x01, 0x86, 0xf0, 0xce, 0xff, 0xde, 0x19, 0xff, 0xf2,
	0x02, 0xee, 0x76, 0x01, 0x00, 0x0d, 0xff, 0xde, 0x19, 0xff, 0xde, 0x19, 0xf4, 0x7c, 0x01, 0x00,
	0x15, 0xff, 0xde, 0x19, 0xff, 0xf2, 0x02, 0xee, 0x76, 0x01, 0x00, 0x1d, 0xff, 0xde, 0x19, 0xff,
	0xde, 0x19, 0xf4, 0x7c, 0x01, 0x00, 0x25, 0xff, 0xde, 0x19, 0xff, 0xf2, 0x02, 0xee, 0x76, 0x01,
	0x00, 0x2d, 0xff, 0xde, 0x19, 0xff, 0xde, 0x19, 0xfe, 0x86, 0x01, 0x00, 0x35, 0xff, 0xde, 0x19,
	0xff, 0xfc, 0x02, 0xee, 0x76, 0x01, 0x00, 0x3d, 0xff, 0xde, 0x19, 0xff, 0xde, 0x19, 0xf4, 0x7c,
	0x01, 0x00, 0x45, 0xff, 0xde, 0x19, 0xff, 0xf2, 0x02, 0xee, 0x76, 0x01, 0x00, 0x4d, 0xff, 0xde,
	0x19, 0xff, 0xde, 0x19, 0xf4, 0x7c, 0x01, 0x00, 0x55, 0xff, 0xde, 0x19, 0xff, 0xf2, 0x02, 0xee,
	0x76, 0x01, 0x00, 0x5d, 0xff, 0xde, 0x19, 0xff, 0xde, 0x19, 0xf4, 0x7c, 0x01, 0x00, 0x65, 0xff,
	0xde, 0x19, 0xff, 0xde, 0x19, 0xf4, 0x7c, 0x01, 0x00, 0x6d, 0xff, 0xde, 0x19, 0xff, 0xde, 0x19,
	0xff, 0xde, 0x19, 0xff, 0x01, 0x00, 0xff, 0x01, 0x00, 0x88, 0x01, 0x00, 0x93, 0xde, 0x19, 0xff,
	0xde, 0x19, 0xff, 0xba, 0x03, 0x88, 0xf0, 0xce, 0xff, 0xde, 0x19, 0xff, 0x30, 0x05, 0xee, 0x76,
	0x01, 0x00, 0x7d, 0xff, 0xde, 0x19, 0xff, 0xde, 0x19, 0xec, 0x7c, 0x01, 0x86, 0xf0, 0xce, 0xff,
	0xde, 0x19, 0xff, 0xf2, 0x02, 0xee, 0x76, 0x01, 0x00, 0x0e, 0xff, 0xde, 0x19, 0xff, 0xde, 0x19,
	0xf4, 0x7c, 0x01, 0x00, 0x16, 0xff, 0xde, 0x19, 0xff, 0xf2, 0x02, 0xee, 0x76, 0x01, 0x00, 0x1e,
	0xff, 0xde, 0x19, 0xff, 0xde, 0x19, 0xf4, 0x7c, 0x01, 0x00, 0x26, 0xff, 0xde, 0x19, 0xff, 0xf2,
	0x02, 0xee, 0x76, 0x01, 0x00, 0x2e, 0xff, 0xde, 0x19, 0xff, 0xde, 0x19, 0xfe, 0x86, 0x01, 0x00,
	0x36, 0xff, 0xde, 0x19, 0xff, 0xfc, 0x02, 0xee, 0x76, 0x01, 0x00, 0x3e, 0xff, 0xde, 0x19, 0xff,
	0xde, 0x19, 0xf4, 0x7c, 0x01, 0x00, 0x46, 0xff, 0xde, 0x19, 0xff, 0xf2, 0x02, 0xee, 0x76, 0x01,
	0x00, 0x4e, 0xff, 0xde, 0x19, 0xff, 0xde, 0x19, 0xf4, 0x7c, 0x01, 0x00, 0x56, 0xff, 0xde, 0x19,
	0xff, 0xf2, 0x02, 0xee, 0x76, 0x01, 0x00, 0x5e, 0xff, 0xde, 0x19, 0xff, 0xde, 0x19, 0xf4, 0x7c,
	0x01, 0x00, 0x66, 0xff, 0xde, 0x19, 0xff, 0xde, 0x19, 0xf4, 0x7c, 0x01, 0x00, 0x6e, 0xff, 0xde,
	0x19, 0xff, 0xde, 0x19, 0xff, 0xde, 0x19, 0xff, 0x01, 0x00, 0xff, 0x01, 0x00, 0x88, 0x01, 0x00,
	0x93, 0xde, 0x19, 0xff, 0xde, 0x19, 0xff, 0xba, 0x03, 0x88, 0xf0, 0xce, 0xff, 0xde, 0x19, 0xff,
	0x30, 0x05, 0xee, 0x76, 0x01, 0x00, 0x7e, 0xff, 0xde, 0x19, 0xff, 0xde, 0x19, 0xec, 0x7c, 0x01,
	0x86, 0xf0, 0xce, 0xff, 0xde, 0x19, 0xff, 0xf2, 0x02, 0xee, 0x76, 0x01, 0x00, 0x0f, 0xff, 0xde,
	0x19, 0xff, 0xde, 0x19, 0xf4, 0x7c, 0x01, 0x00, 0x17, 0xff, 0xde, 0x19, 0xff, 0xf2, 0x02, 0xee,
	0x76, 0x01, 0x00, 0x1f, 0xff, 0xde, 0x19, 0xff, 0xde, 0x19, 0xf4, 0x7c, 0x01, 0x00, 0x27, 0xff,
	0xde, 0x19, 0xff, 0xf2, 0x02, 0xee, 0x76, 0x01, 0x00, 0x2f, 0xff, 0xde, 0x19, 0xff, 0xde, 0x19,
	0xfe, 0x86, 0x01, 0x00, 0x37, 0xff, 0xde, 0x19, 0xff, 0xfc, 0x02, 0xee, 0x76, 0x01, 0x00, 0x3f,
	0xff, 0xde, 0x19, 0xff, 0xde, 0x19, 0xf4, 0x7c, 0x01, 0x00, 0x47, 0xff, 0xde, 0x19, 0xff, 0xf2,
	0x02, 0xee, 0x76, 0x01, 0x00, 0x4f, 0xff, 0xde, 0x19, 0xff, 0xde, 0x19, 0xf4, 0x7c, 0x01, 0x00,
	0x57, 0xff, 0xde, 0x19, 0xff, 0xf2, 0x02, 0xee, 0x76, 0x01, 0x00, 0x5f, 0xff, 0xde, 0x19, 0xff,
	0xde, 0x19, 0xf4, 0x7c, 0x01, 0x00, 0x67, 0xff, 0xde, 0x19, 0xff, 0xde, 0x19, 0xf4, 0x7c, 0x01,
	0x00, 0x6f, 0xff, 0xde, 0x19, 0xff, 0xde, 0x19, 0xff, 0xde, 0x19, 0xff, 0x01, 0x00, 0xff, 0x01,
	0x00, 0x88, 0x01, 0x00, 0x93, 0xde, 0x19, 0xff, 0xde, 0x19, 0xff, 0xba, 0x03, 0x88, 0xf0, 0xce,
	0xff, 0xde, 0x19, 0xff, 0x30, 0x05, 0xee, 0x76, 0x01, 0x00, 0x7f, 0xff, 0xde, 0x19, 0xff, 0xde,
	0x19, 0xe8, 0x7c, 0x01, 0x8a, 0xf0, 0xce, 0x00, 0xd5, 0xff, 0xde, 0x19, 0xff, 0x76, 0x01, 0xed,
	0x76, 0x01, 0x00, 0x08, 0x8e, 0x76, 0x01, 0xff, 0xde, 0x19, 0xff, 0x7c, 0x01, 0xe3, 0x7c, 0x01,
	0x00, 0x10, 0x8e, 0x7c, 0x01, 0xff, 0xde, 0x19, 0xff, 0x76, 0x01, 0xdd, 0x76, 0x01, 0x00, 0x18,
	0x8e, 0x76, 0x01, 0xff, 0xde, 0x19, 0xff, 0x7c, 0x01, 0xe3, 0x7c, 0x01, 0x00, 0x20, 0x8e, 0x7c,
	0x01, 0xff, 0xde, 0x19, 0xff, 0x76, 0x01, 0xdd, 0x76, 0x01, 0x00, 0x28, 0x8e, 0x76, 0x01, 0xff,
	0xde, 0x19, 0xff, 0x86, 0x01, 0xed, 0x86, 0x01, 0x00, 0x30, 0x8c, 0x86, 0x01, 0xff, 0xde, 0x19,
	0xff, 0x76, 0x01, 0xdf, 0x76, 0x01, 0x00, 0x38, 0x8e, 0x76, 0x01, 0xff, 0xde, 0x19, 0xff, 0x7c,
	0x01, 0xe3, 0x7c, 0x01, 0x00, 0x40, 0x8e, 0x7c, 0x01, 0xff, 0xde, 0x19, 0xff, 0x76, 0x01, 0xdd,
	0x76, 0x01, 0x00, 0x48, 0x8e, 0x76, 0x01, 0xff, 0xde, 0x19, 0xff, 0x7c, 0x01, 0xe3, 0x7c, 0x01,
	0x00, 0x50, 0x8e, 0x7c, 0x01, 0xff, 0xde, 0x19, 0xff, 0x76, 0x01, 0xdd, 0x76, 0x01, 0x00, 0x58,
	0x8e, 0x76, 0x01, 0xff, 0xde, 0x19, 0xff, 0x7c, 0x01, 0xe3, 0x7c, 0x01, 0x00, 0x60, 0x8e, 0x7c,
	0x01, 0xff, 0xde, 0x19, 0xff, 0x7c, 0x01, 0xe3, 0x7c, 0x01, 0x00, 0x68, 0x8c, 0x7c, 0x01, 0xff,
	0xde, 0x19, 0xff, 0xde, 0x19, 0xff, 0xde, 0x19, 0xff, 0x01, 0x00, 0xfb, 0x01, 0x00, 0x93, 0xde,
	0x19, 0xff, 0xde, 0x19, 0xff, 0xba, 0x03, 0x88, 0xf0, 0xce, 0x8e, 0x92, 0x0f, 0xff, 0xde, 0x19,
	0xff, 0x76, 0x01, 0xdd, 0x76, 0x01, 0x00, 0x78, 0x8e, 0x76, 0x01, 0xff, 0xde, 0x19, 0xff, 0x7c,
	0x01, 0xdb, 0x7c, 0x01, 0x86, 0xf0, 0xce, 0xff, 0xde, 0x19, 0xff, 0xf2, 0x02, 0xee, 0x76, 0x01,
	0x00, 0x09, 0xff, 0xde, 0x19, 0xff, 0xde, 0x19, 0xf4, 0x7c, 0x01, 0x00, 0x11, 0xff, 0xde, 0x19,
	0xff, 0xf2, 0x02, 0xee, 0x76, 0x01, 0x00, 0x19, 0xff, 0xde, 0x19, 0xff, 0xde, 0x19, 0xf4, 0x7c,
	0x01, 0x00, 0x21, 0xff, 0xde, 0x19, 0xff, 0xf2, 0x02, 0xee, 0x76, 0x01, 0x00, 0x29, 0xff, 0xde,
	0x19, 0xff, 0xde, 0x19, 0xfe, 0x86, 0x01, 0x00, 0x31, 0xff, 0xde, 0x19, 0xff, 0xfc, 0x02, 0xee,
	0x76, 0x01, 0x00, 0x39, 0xff, 0xde, 0x19, 0xff, 0xde, 0x19, 0xf4, 0x7c, 0x01, 0x00, 0x41, 0xff,
	0xde, 0x19, 0xff, 0xf2, 0x02, 0xee, 0x76, 0x01, 0x00, 0x49, 0xff, 0xde, 0x19, 0xff, 0xde, 0x19,
	0xf4, 0x7c, 0x01, 0x00, 0x51, 0xff, 0xde, 0x19, 0xff, 0xf2, 0x02, 0xee, 0x76, 0x01, 0x00, 0x59,
	0xff, 0xde, 0x19, 0xff, 0xde, 0x19, 0xf4, 0x7c, 0x01, 0x00, 0x61, 0xff, 0xde, 0x19, 0xff, 0xde,
	0x19, 0xf4, 0x7c, 0x01, 0x00, 0x69, 0xff, 0xde, 0x19, 0xff, 0xde, 0x19, 0xff, 0xde, 0x19, 0xff,
	0x01, 0x00, 0xff, 0x01, 0x00, 0x88, 0x01, 0x00, 0x93, 0xde, 0x19, 0xff, 0xde, 0x19, 0xff, 0xba,
	0x03, 0x88, 0xf0, 0xce, 0xff, 0xde, 0x19, 0xff, 0x30, 0x05, 0xee, 0x76, 0x01, 0x00, 0x79, 0xff,
	0xde, 0x19, 0xff, 0xde, 0x19, 0xec, 0x7c, 0x01, 0x86, 0xf0, 0xce, 0xff, 0xde, 0x19, 0xff, 0xf2,
	0x02, 0xee, 0x76, 0x01, 0x00, 0x0a, 0xff, 0xde, 0x19, 0xff, 0xde, 0x19, 0xf4, 0x7c, 0x01, 0x00,
	0x12, 0xff, 0xde, 0x19, 0xff, 0xf2, 0x02, 0xee, 0x76, 0x01, 0x00, 0x1a, 0xff, 0xde, 0x19, 0xff,
	0xde, 0x19, 0xf4, 0x7c, 0x01, 0x00, 0x22, 0xff, 0xde, 0x19, 0xff, 0xf2, 0x02, 0xee, 0x76, 0x01,
	0x00, 0x2a, 0xff, 0xde, 0x19, 0xff, 0xde, 0x19, 0xfe, 0x86, 0x01, 0x00, 0x32, 0xff, 0xde, 0x19,
	0xff, 0xfc, 0x02, 0xee, 0x76, 0x01, 0x00, 0x3a, 0xff, 0xde, 0x19, 0xff, 0xde, 0x19, 0xf4, 0x7c,
	0x01, 0x00, 0x42, 0xff, 0xde, 0x19, 0xff, 0xf2, 0x02, 0xee, 0x76, 0x01, 0x00, 0x4a, 0xff, 0xde,
	0x19, 0xff, 0xde, 0x19, 0xf4, 0x7c, 0x01, 0x00, 0x52, 0xff, 0xde, 0x19, 0xff, 0xf2, 0x02, 0xee,
	0x76, 0x01, 0x00, 0x5a, 0xff, 0xde, 0x19, 0xff, 0xde, 0x19, 0xf4, 0x7c, 0x01, 0x00, 0x62, 0xff,
	0xde, 0x19, 0xff, 0xde, 0x19, 0xf4, 0x7c, 0x01, 0x00, 0x6a, 0xff, 0xde, 0x19, 0xff, 0xde, 0x19,
	0xff, 0xde, 0x19, 0xff, 0x01, 0x00, 0xff, 0x01, 0x00, 0x88, 0x01, 0x00, 0x93, 0xde, 0x19, 0xff,
	0xde, 0x19, 0xff, 0xba, 0x03, 0x88, 0xf0, 0xce, 0xff, 0xde, 0x19, 0xff, 0x30, 0x05, 0xee, 0x76,
	0x01, 0x00, 0x7a, 0xff, 0xde, 0x19, 0xff, 0xde, 0x19, 0xec, 0x7c, 0x01, 0x86, 0xf0, 0xce, 0xff,
	0xde, 0x19, 0xff, 0xf2, 0x02, 0xee, 0x76, 0x01, 0x00, 0x0b, 0xff, 0xde, 0x19, 0xff, 0xde, 0x19,
	0xf4, 0x7c, 0x01, 0x00, 0x13, 0xff, 0xde, 0x19, 0xff, 0xf2, 0x02, 0xee, 0x76, 0x01, 0x00, 0x1b,
	0xff, 0xde, 0x19, 0xff, 0xde, 0x19, 0xf4, 0x7c, 0x01, 0x00, 0x23, 0xff, 0xde, 0x19, 0xff, 0xf2,
	0x02, 0xee, 0x76, 0x01, 0x00, 0x2b, 0xff, 0xde, 0x19, 0xff, 0xde, 0x19, 0xfe, 0x86, 0x01, 0x00,
	0x33, 0xff, 0xde, 0x19, 0xff, 0xfc, 0x02, 0xee, 0x76, 0x01, 0x00, 0x3b, 0xff, 0xde, 0x19, 0xff,
	0xde, 0x19, 0xf4, 0x7c, 0x01, 0x00, 0x43, 0xff, 0xde, 0x19, 0xff, 0xf2, 0x02, 0xee, 0x76, 0x01,
	0x00, 0x4b, 0xff, 0xde, 0x19, 0xff, 0xde, 0x19, 0xf4, 0x7c, 0x01, 0x00, 0x53, 0xff, 0xde, 0x19,
	0xff, 0xf2, 0x02, 0xee, 0x76, 0x01, 0x00, 0x5b, 0xff, 0xde, 0x19, 0xff, 0xde, 0x19, 0xf4, 0x7c,
	0x01, 0x00, 0x63, 0xff, 0xde, 0x19, 0xff, 0xde, 0x19, 0xf4, 0x7c, 0x01, 0x00, 0x6b, 0xff, 0xde,
	0x19, 0xff, 0xde, 0x19, 0xff, 0xde, 0x19, 0xff, 0x01, 0x00, 0xff, 0x01, 0x00, 0x88, 0x01, 0x00,
	0x93, 0xde, 0x19, 0xff, 0xde, 0x19, 0xff, 0xba, 0x03, 0x88, 0xf0, 0xce, 0xff, 0xde, 0x19, 0xff,
	0x30, 0x05, 0xee, 0x76, 0x01, 0x00, 0x7b, 0xff, 0xde, 0x19, 0xff, 0xde, 0x19, 0xe8, 0x7c, 0x01,
	0x8a, 0xf0, 0xce, 0xff, 0xde, 0x19, 0xff, 0xf2, 0x02, 0xee, 0x76, 0x01, 0x00, 0x0c, 0xff, 0xde,
	0x19, 0xff, 0xde, 0x19, 0xf4, 0x7c, 0x01, 0x00, 0x14, 0xff, 0xde, 0x19, 0xff, 0xf2, 0x02, 0xee,
	0x76, 0x01, 0x00, 0x1c, 0xff, 0xde, 0x19, 0xff, 0xde, 0x19, 0xf4, 0x7c, 0x01, 0x00, 0x24, 0xff,
	0xde, 0x19, 0xff, 0xf2, 0x02, 0xee, 0x76, 0x01, 0x00, 0x2c, 0xff, 0xde, 0x19, 0xff, 0xde, 0x19,
	0xfe, 0x86, 0x01, 0x00, 0x34, 0xff, 0xde, 0x19, 0xff, 0xfc, 0x02, 0xee, 0x76, 0x01, 0x00, 0x3c,
	0xff, 0xde, 0x19, 0xff, 0xde, 0x19, 0xf4, 0x7c, 0x01, 0x00, 0x44, 0xff, 0xde, 0x19, 0xff, 0xf2,
	0x02, 0xee, 0x76, 0x01, 0x00, 0x4c, 0xff, 0xde, 0x19, 0xff, 0xde, 0x19, 0xf4, 0x7c, 0x01, 0x00,
	0x54, 0xff, 0xde, 0x19, 0xff, 0xf2, 0x02, 0xee, 0x76, 0x01, 0x00, 0x5c, 0xff, 0xde, 0x19, 0xff,
	0xde, 0x19, 0xf4, 0x7c, 0x01, 0x00, 0x64, 0xff, 0xde, 0x19, 0xff, 0xde, 0x19, 0xf4, 0x7c, 0x01,
	0x00, 0x6c, 0xff, 0xde, 0x19, 0xff, 0xde, 0x19, 0xff, 0xde, 0x19, 0xff, 0x01, 0x00, 0xff, 0x01,
	0x00, 0x88, 0x01, 0x00, 0x93, 0xde, 0x19, 0xff, 0xde, 0x19, 0xff, 0xba, 0x03, 0x88, 0xf0, 0xce,
	0xff, 0xde, 0x19, 0xff, 0x30, 0x05, 0xee, 0x76, 0x01, 0x00, 0x7c, 0xff, 0xde, 0x19, 0xff, 0xde,
	0x19, 0xec, 0x7c, 0x01, 0x86, 0xf0, 0xce, 0xff, 0xde, 0x19, 0xff, 0xf2, 0x02, 0xee, 0x76, 0x01,
	0x00, 0x0d, 0xff, 0xde, 0x19, 0xff, 0xde, 0x19, 0xf4, 0x7c, 0x01, 0x00, 0x15, 0xff, 0xde, 0x19,
	0xff, 0xf2, 0x02, 0xee, 0x76, 0x01, 0x00, 0x1d, 0xff, 0xde, 0x19, 0xff, 0xde, 0x19, 0xf4, 0x7c,
	0x01, 0x00, 0x25, 0xff, 0xde, 0x19, 0xff, 0xf2, 0x02, 0xee, 0x76, 0x01, 0x00, 0x2d, 0xff, 0xde,
	0x19, 0xff, 0xde, 0x19, 0xfe, 0x86, 0x01, 0x00, 0x35, 0xff, 0xde, 0x19, 0xff, 0xfc, 0x02, 0xee,
	0x76, 0x01, 0x00, 0x3d, 0xff, 0xde, 0x19, 0xff, 0xde, 0x19, 0xf4, 0x7c, 0x01, 0x00, 0x45, 0xff,
	0xde, 0x19, 0xff, 0xf2, 0x02, 0xee, 0x76, 0x01, 0x00, 0x4d, 0xff, 0xde, 0x19, 0xff, 0xde, 0x19,
	0xf4, 0x7c, 0x01, 0x00, 0x55, 0xff, 0xde, 0x19, 0xff, 0xf2, 0x02, 0xee, 0x76, 0x01, 0x00, 0x5d,
	0xff, 0xde, 0x19, 0xff, 0xde, 0x19, 0xf4, 0x7c, 0x01, 0x00, 0x65, 0xff, 0xde, 0x19, 0xff, 0xde,
	0x19, 0xf4, 0x7c, 0x01, 0x00, 0x6d, 0xff, 0xde, 0x19, 0xff, 0xde, 0x19, 0xff, 0xde, 0x19, 0xff,
	0x01, 0x00, 0xff, 0x01, 0x00, 0x88, 0x01, 0x00, 0x93, 0xde, 0x19, 0xff, 0xde, 0x19, 0xff, 0xba,
	0x03, 0x88, 0xf0, 0xce, 0xff, 0xde, 0x19, 0xff, 0x30, 0x05, 0xee, 0x76, 0x01, 0x00, 0x7d, 0xff,
	0xde, 0x19, 0xff, 0xde, 0x19, 0xec, 0x7c, 0x01, 0x86, 0xf0, 0xce, 0xff, 0xde, 0x19, 0xff, 0xf2,
	0x02, 0xee, 0x76, 0x01, 0x00, 0x0e, 0xff, 0xde, 0x19, 0xff, 0xde, 0x19, 0xf4, 0x7c, 0x01, 0x00,
	0x16, 0xff, 0xde, 0x19, 0xff, 0xf2, 0x02, 0xee, 0x76, 0x01, 0x00, 0x1e, 0xff, 0xde, 0x19, 0xff,
	0xde, 0x19, 0xf4, 0x7c, 0x01, 0x00, 0x26, 0xff, 0xde, 0x19, 0xff, 0xf2, 0x02, 0xee, 0x76, 0x01,
	0x00, 0x2e, 0xff, 0xde, 0x19, 0xff, 0xde, 0x19, 0xfe, 0x86, 0x01, 0x00, 0x36, 0xff, 0xde, 0x19,
	0xff, 0xfc, 0x02, 0xee, 0x76, 0x01, 0x00, 0x3e, 0xff, 0xde, 0x19, 0xff, 0xde, 0x19, 0xf4, 0x7c,
	0x01, 0x00, 0x46, 0xff, 0xde, 0x19, 0xff, 0xf2, 0x02, 0xee, 0x76, 0x01, 0x00, 0x4e, 0xff, 0xde,
	0x19, 0xff, 0xde, 0x19, 0xf4, 0x7c, 0x01, 0x00, 0x56, 0xff, 0xde, 0x19, 0xff, 0xf2, 0x02, 0xee,
	0x76, 0x01, 0x00, 0x5e, 0xff, 0xde, 0x19, 0xff, 0xde, 0x19, 0xf4, 0x7c, 0x01, 0x00, 0x66, 0xff,
	0xde, 0x19, 0xff, 0xde, 0x19, 0xf4, 0x7c, 0x01, 0x00, 0x6e, 0xff, 0xde, 0x19, 0xff, 0xde, 0x19,
	0xff, 0xde, 0x19, 0xff, 0x01, 0x00, 0xff, 0x01, 0x00, 0x88, 0x01, 0x00, 0x93, 0xde, 0x19, 0xff,
	0xde, 0x19, 0xff, 0xba, 0x03, 0x88, 0xf0, 0xce, 0xff, 0xde, 0x19, 0xff, 0x30, 0x05, 0xee, 0x76,
	0x01, 0x00, 0x7e, 0xff, 0xde, 0x19, 0xff, 0xde, 0x19, 0xec, 0x7c, 0x01, 0x86, 0xf0, 0xce, 0xff,
	0xde, 0x19, 0xff, 0xf2, 0x02, 0xee, 0x76, 0x01, 0x00, 0x0f, 0xff, 0xde, 0x19, 0xff, 0xde, 0x19,
	0xf4, 0x7c, 0x01, 0x00, 0x17, 0xff, 0xde, 0x19, 0xff, 0xf2, 0x02, 0xee, 0x76, 0x01, 0x00, 0x1f,
	0xff, 0xde, 0x19, 0xff, 0xde, 0x19, 0xf4, 0x7c, 0x01, 0x00, 0x27, 0xff, 0xde, 0x19, 0xff, 0xf2,
	0x02, 0xee, 0x76, 0x01, 0x00, 0x2f, 0xff, 0xde, 0x19, 0xff, 0xde, 0x19, 0xfe, 0x86, 0x01, 0x00,
	0x37, 0xff, 0xde, 0x19, 0xff, 0xfc, 0x02, 0xee, 0x76, 0x01, 0x00, 0x3f, 0xff, 0xde, 0x19, 0xff,
	0xde, 0x19, 0xf4, 0x7c, 0x01, 0x00, 0x47, 0xff, 0xde, 0x19, 0xff, 0xf2, 0x02, 0xee, 0x76, 0x01,
	0x00, 0x4f, 0xff, 0xde, 0x19, 0xff, 0xde, 0x19, 0xf4, 0x7c, 0x01, 0x00, 0x57, 0xff, 0xde, 0x19,
	0xff, 0xf2, 0x02, 0xee, 0x76, 0x01, 0x00, 0x5f, 0xff, 0xde, 0x19, 0xff, 0xde, 0x19, 0xf4, 0x7c,
	0x01, 0x00, 0x67, 0xff, 0xde, 0x19, 0xff, 0xde, 0x19, 0xf4, 0x7c, 0x01, 0x00, 0x6f, 0xff, 0xde,
	0x19, 0xff, 0xde, 0x19, 0xff, 0xde, 0x19, 0xff, 0x01, 0x00, 0xff, 0x01, 0x00, 0x88, 0x01, 0x00,
	0x93, 0xde, 0x19, 0xff, 0xde, 0x19, 0xff, 0xba, 0x03, 0x88, 0xf0, 0xce, 0xff, 0xde, 0x19, 0xff,
	0x30, 0x05, 0xee, 0x76, 0x01, 0x00, 0x7f, 0xff, 0xde, 0x19, 0xff, 0xde, 0x19, 0xe8, 0x7c, 0x01,
	0x8a, 0xf0, 0xce, 0x00, 0xdd, 0xff, 0xde, 0x19, 0xff, 0x76, 0x01, 0xed, 0x76, 0x01, 0x00, 0x08,
	0x8e, 0x76, 0x01, 0xff, 0xde, 0x19, 0xff, 0x7c, 0x01, 0xe3, 0x7c, 0x01, 0x00, 0x10, 0x8e, 0x7c,
	0x01, 0xff, 0xde, 0x19, 0xff, 0x76, 0x01, 0xdd, 0x76, 0x01, 0x00, 0x18, 0x8e, 0x76, 0x01, 0xff,
	0xde, 0x19, 0xff, 0x7c, 0x01, 0xe3, 0x7c, 0x01, 0x00, 0x20, 0x8e, 0x7c, 0x01, 0xff, 0xde, 0x19,
	0xff, 0x76, 0x01, 0xdd, 0x76, 0x01, 0x00, 0x28, 0x8e, 0x76, 0x01, 0xff, 0xde, 0x19, 0xff, 0x86,
	0x01, 0xed, 0x86, 0x01, 0x00, 0x30, 0x8c, 0x86, 0x01, 0xff, 0xde, 0x19, 0xff, 0x76, 0x01, 0xdf,
	0x76, 0x01, 0x00, 0x38, 0x8e, 0x76, 0x01, 0xff, 0xde, 0x19, 0xff, 0x7c, 0x01, 0xe3, 0x7c, 0x01,
	0x00, 0x40, 0x8e, 0x7c, 0x01, 0xff, 0xde, 0x19, 0xff, 0x76, 0x01, 0xdd, 0x76, 0x01, 0x00, 0x48,
	0x8e, 0x76, 0x01, 0xff, 0xde, 0x19, 0xff, 0x7c, 0x01, 0xe3, 0x7c, 0x01, 0x00, 0x50, 0x8e, 0x7c,
	0x01, 0xff, 0xde, 0x19, 0xff, 0x76, 0x01, 0xdd, 0x76, 0x01, 0x00, 0x58, 0x8e, 0x76, 0x01, 0xff,
	0xde, 0x19, 0xff, 0x7c, 0x01, 0xe3, 0x7c, 0x01, 0x00, 0x60, 0x8e, 0x7c, 0x01, 0xff, 0xde, 0x19,
	0xff, 0x7c, 0x01, 0xe3, 0x7c, 0x01, 0x00, 0x68, 0x8c, 0x7c, 0x01, 0xff, 0xde, 0x19, 0xff, 0xde,
	0x19, 0xff, 0xde, 0x19, 0xff, 0x01, 0x00, 0xfb, 0x01, 0x00, 0x93, 0xde, 0x19, 0xff, 0xde, 0x19,
	0xff, 0xba, 0x03, 0x88, 0xf0, 0xce, 0x8e, 0x92, 0x0f, 0xff, 0xde, 0x19, 0xff, 0x76, 0x01, 0xdd,
	0x76, 0x01, 0x00, 0x78, 0x8e, 0x76, 0x01, 0xff, 0xde, 0x19, 0xff, 0x7c, 0x01, 0xdb, 0x7c, 0x01,
	0x86, 0xf0, 0xce, 0xff, 0xde, 0x19, 0xff, 0xf2, 0x02, 0xee, 0x76, 0x01, 0x00, 0x09, 0xff, 0xde,
	0x19, 0xff, 0xde, 0x19, 0xf4, 0x7c, 0x01, 0x00, 0x11, 0xff, 0xde, 0x19, 0xff, 0xf2, 0x02, 0xee,
	0x76, 0x01, 0x00, 0x19, 0xff, 0xde, 0x19, 0xff, 0xde, 0x19, 0xf4, 0x7c, 0x01, 0x00, 0x21, 0xff,
	0xde, 0x19, 0xff, 0xf2, 0x02, 0xee, 0x76, 0x01, 0x00, 0x29, 0xff, 0xde, 0x19, 0xff, 0xde, 0x19,
	0xfe, 0x86, 0x01, 0x00, 0x31, 0xff, 0xde, 0x19, 0xff, 0xfc, 0x02, 0xee, 0x76, 0x01, 0x00, 0x39,
	0xff, 0xde, 0x19, 0xff, 0xde, 0x19, 0xf4, 0x7c, 0x01, 0x00, 0x41, 0xff, 0xde, 0x19, 0xff, 0xf2,
	0x02, 0xee, 0x76, 0x01, 0x00, 0x49, 0xff, 0xde, 0x19, 0xff, 0xde, 0x19, 0xf4, 0x7c, 0x01, 0x00,
	0x51, 0xff, 0xde, 0x19, 0xff, 0xf2, 0x02, 0xee, 0x76, 0x01, 0x00, 0x59, 0xff, 0xde, 0x19, 0xff,
	0xde, 0x19, 0xf4, 0x7c, 0x01, 0x00, 0x61, 0xff, 0xde, 0x19, 0xff, 0xde, 0x19, 0xf4, 0x7c, 0x01,
	0x00, 0x69, 0xff, 0xde, 0x19, 0xff, 0xde, 0x19, 0xff, 0xde, 0x19, 0xff, 0x01, 0x00, 0xff, 0x01,
	0x00, 0x88, 0x01, 0x00, 0x93, 0xde, 0x19, 0xff, 0xde, 0x19, 0xff, 0xba, 0x03, 0x88, 0xf0, 0xce,
	0xff, 0xde, 0x19, 0xff, 0x30, 0x05, 0xee, 0x76, 0x01, 0x00, 0x79, 0xff, 0xde, 0x19, 0xff, 0xde,
	0x19, 0xec, 0x7c, 0x01, 0x86, 0xf0, 0xce, 0xff, 0xde, 0x19, 0xff, 0xf2, 0x02, 0xee, 0x76, 0x01,
	0x00, 0x0a, 0xff, 0xde, 0x19, 0xff, 0xde, 0x19, 0xf4, 0x7c, 0x01, 0x00, 0x12, 0xff, 0xde, 0x19,
	0xff, 0xf2, 0x02, 0xee, 0x76, 0x01, 0x00, 0x1a, 0xff, 0xde, 0x19, 0xff, 0xde, 0x19, 0xf4, 0x7c,
	0x01, 0x00, 0x22, 0xff, 0xde, 0x19, 0xff, 0xf2, 0x02, 0xee, 0x76, 0x01, 0x00, 0x2a, 0xff, 0xde,
	0x19, 0xff, 0xde, 0x19, 0xfe, 0x86, 0x01, 0x00, 0x32, 0xff, 0xde, 0x19, 0xff, 0xfc, 0x02, 0xee,
	0x76, 0x01, 0x00, 0x3a, 0xff, 0xde, 0x19, 0xff, 0xde, 0x19, 0xf4, 0x7c, 0x01, 0x00, 0x42, 0xff,
	0xde, 0x19, 0xff, 0xf2, 0x02, 0xee, 0x76, 0x01, 0x00, 0x4a, 0xff, 0xde, 0x19, 0xff, 0xde, 0x19,
	0xf4, 0x7c, 0x01, 0x00, 0x52, 0xff, 0xde, 0x19, 0xff, 0xf2, 0x02, 0xee, 0x76, 0x01, 0x00, 0x5a,
	0xff, 0xde, 0x19, 0xff, 0xde, 0x19, 0xf4, 0x7c, 0x01, 0x00, 0x62, 0xff, 0xde, 0x19, 0xff, 0xde,
	0x19, 0xf4, 0x7c, 0x01, 0x00, 0x6a, 0xff, 0xde, 0x19, 0xff, 0xde, 0x19, 0xff, 0xde, 0x19, 0xff,
	0x01, 0x00, 0xff, 0x01, 0x00, 0x88, 0x01, 0x00, 0x93, 0xde, 0x19, 0xff, 0xde, 0x19, 0xff, 0xba,
	0x03, 0x88, 0xf0, 0xce, 0xff, 0xde, 0x19, 0xff, 0x30, 0x05, 0xee, 0x76, 0x01, 0x00, 0x7a, 0xff,
	0xde, 0x19, 0xff, 0xde, 0x19, 0xec, 0x7c, 0x01, 0x86, 0xf0, 0xce, 0xff, 0xde, 0x19, 0xff, 0xf2,
	0x02, 0xee, 0x76, 0x01, 0x00, 0x0b, 0xff, 0xde, 0x19, 0xff, 0xde, 0x19, 0xf4, 0x7c, 0x01, 0x00,
	0x13, 0xff, 0xde, 0x19, 0xff, 0xf2, 0x02, 0xee, 0x76, 0x01, 0x00, 0x1b, 0xff, 0xde, 0x19, 0xff,
	0xde, 0x19, 0xf4, 0x7c, 0x01, 0x00, 0x23, 0xff, 0xde, 0x19, 0xff, 0xf2, 0x02, 0xee, 0x76, 0x01,
	0x00, 0x2b, 0xff, 0xde, 0x19, 0xff, 0xde, 0x19, 0xfe, 0x86, 0x01, 0x00, 0x33, 0xff, 0xde, 0x19,
	0xff, 0xfc, 0x02, 0xee, 0x76, 0x01, 0x00, 0x3b, 0xff, 0xde, 0x19, 0xff, 0xde, 0x19, 0xf4, 0x7c,
	0x01, 0x00, 0x43, 0xff, 0xde, 0x19, 0xff, 0xf2, 0x02, 0xee, 0x76, 0x01, 0x00, 0x4b, 0xff, 0xde,
	0x19, 0xff, 0xde, 0x19, 0xf4, 0x7c, 0x01, 0x00, 0x53, 0xff, 0xde, 0x19, 0xff, 0xf2, 0x02, 0xee,
	0x76, 0x01, 0x00, 0x5b, 0xff, 0xde, 0x19, 0xff, 0xde, 0x19, 0xf4, 0x7c, 0x01, 0x00, 0x63, 0xff,
	0xde, 0x19, 0xff, 0xde, 0x19, 0xf4, 0x7c, 0x01, 0x00, 0x6b, 0xff, 0xde, 0x19, 0xff, 0xde, 0x19,
	0xff, 0xde, 0x19, 0xff, 0x01, 0x00, 0xff, 0x01, 0x00, 0x88, 0x01, 0x00, 0x93, 0xde, 0x19, 0xff,
	0xde, 0x19, 0xff, 0xba, 0x03, 0x88, 0xf0, 0xce, 0xff, 0xde, 0x19, 0xff, 0x30, 0x05, 0xee, 0x76,
	0x01, 0x00, 0x7b, 0xff, 0xde, 0x19, 0xff, 0xde, 0x19, 0xe8, 0x7c, 0x01, 0x8a, 0xf0, 0xce, 0xff,
	0xde, 0x19, 0xff, 0xf2, 0x02, 0xee, 0x76, 0x01, 0x00, 0x0c, 0xff, 0xde, 0x19, 0xff, 0xde, 0x19,
	0xf4, 0x7c, 0x01, 0x00, 0x14, 0xff, 0xde, 0x19, 0xff, 0xf2, 0x02, 0xee, 0x76, 0x01, 0x00, 0x1c,
	0xff, 0xde, 0x19, 0xff, 0xde, 0x19, 0xf4, 0x7c, 0x01, 0x00, 0x24, 0xff, 0xde, 0x19, 0xff, 0xf2,
	0x02, 0xee, 0x76, 0x01, 0x00, 0x2c, 0xff, 0xde, 0x19, 0xff, 0xde, 0x19, 0xfe, 0x86, 0x01, 0x00,
	0x34, 0xff, 0xde, 0x19, 0xff, 0xfc, 0x02, 0xee, 0x76, 0x01, 0x00, 0x3c, 0xff, 0xde, 0x19, 0xff,
	0xde, 0x19, 0xf4, 0x7c, 0x01, 0x00, 0x44, 0xff, 0xde, 0x19, 0xff, 0xf2, 0x02, 0xee, 0x76, 0x01,
	0x00, 0x4c, 0xff, 0xde, 0x19, 0xff, 0xde, 0x19, 0xf4, 0x7c, 0x01, 0x00, 0x54, 0xff, 0xde, 0x19,
	0xff, 0xf2, 0x02, 0xee, 0x76, 0x01, 0x00, 0x5c, 0xff, 0xde, 0x19, 0xff, 0xde, 0x19, 0xf4, 0x7c,
	0x01, 0x00, 0x64, 0xff, 0xde, 0x19, 0xff, 0xde, 0x19, 0xf4, 0x7c, 0x01, 0x00, 0x6c, 0xff, 0xde,
	0x19, 0xff, 0xde, 0x19, 0xff, 0xde, 0x19, 0xff, 0x01, 0x00, 0xff, 0x01, 0x00, 0x88, 0x01, 0x00,
	0x93, 0xde, 0x19, 0xff, 0xde, 0x19, 0xff, 0xba, 0x03, 0x88, 0xf0, 0xce, 0xff, 0xde, 0x19, 0xff,
	0x30, 0x05, 0xee, 0x76, 0x01, 0x00, 0x7c, 0xff, 0xde, 0x19, 0xff, 0xde, 0x19, 0xec, 0x7c, 0x01,
	0x86, 0xf0, 0xce, 0xff, 0xde, 0x19, 0xff, 0xf2, 0x02, 0xee, 0x76, 0x01, 0x00, 0x0d, 0xff, 0xde,
	0x19, 0xff, 0xde, 0x19, 0xf4, 0x7c, 0x01, 0x00, 0x15, 0xff, 0xde, 0x19, 0xff, 0xf2, 0x02, 0xee,
	0x76, 0x01, 0x00, 0x1d, 0xff, 0xde, 0x19, 0xff, 0xde, 0x19, 0xf4, 0x7c, 0x01, 0x00, 0x25, 0xff,
	0xde, 0x19, 0xff, 0xf2, 0x02, 0xee, 0x76, 0x01, 0x00, 0x2d, 0xff, 0xde, 0x19, 0xff, 0xde, 0x19,
	0xfe, 0x86, 0x01, 0x00, 0x35, 0xff, 0xde, 0x19, 0xff, 0xfc, 0x02, 0xee, 0x76, 0x01, 0x00, 0x3d,
	0xff, 0xde, 0x19, 0xff, 0xde, 0x19, 0xf4, 0x7c, 0x01, 0x00, 0x45, 0xff, 0xde, 0x19, 0xff, 0xf2,
	0x02, 0xee, 0x76, 0x01, 0x00, 0x4d, 0xff, 0xde, 0x19, 0xff, 0xde, 0x19, 0xf4, 0x7c, 0x01, 0x00,
	0x55, 0xff, 0xde, 0x19, 0xff, 0xf2, 0x02, 0xee, 0x76, 0x01, 0x00, 0x5d, 0xff, 0xde, 0x19, 0xff,
	0xde, 0x19, 0xf4, 0x7c, 0x01, 0x00, 0x65, 0xff, 0xde, 0x19, 0xff, 0xde, 0x19, 0xf4, 0x7c, 0x01,
	0x00, 0x6d, 0xff, 0xde, 0x19, 0xff, 0xde, 0x19, 0xff, 0xde, 0x19, 0xff, 0x01, 0x00, 0xff, 0x01,
	0x00, 0x88, 0x01, 0x00, 0x93, 0xde, 0x19, 0xff, 0xde, 0x19, 0xff, 0xba, 0x03, 0x88, 0xf0, 0xce,
	0xff, 0xde, 0x19, 0xff, 0x30, 0x05, 0xee, 0x76, 0x01, 0x00, 0x7d, 0xff, 0xde, 0x19, 0xff, 0xde,
	0x19, 0xec, 0x7c, 0x01, 0x86, 0xf0, 0xce, 0xff, 0xde, 0x19, 0xff, 0xf2, 0x02, 0xee, 0x76, 0x01,
	0x00, 0x0e, 0xff, 0xde, 0x19, 0xff, 0xde, 0x19, 0xf4, 0x7c, 0x01, 0x00, 0x16, 0xff, 0xde, 0x19,
	0xff, 0xf2, 0x02, 0xee, 0x76, 0x01, 0x00, 0x1e, 0xff, 0xde, 0x19, 0xff, 0xde, 0x19, 0xf4, 0x7c,
	0x01, 0x00, 0x26, 0xff, 0xde, 0x19, 0xff, 0xf2, 0x02, 0xee, 0x76, 0x01, 0x00, 0x2e, 0xff, 0xde,
	0x19, 0xff, 0xde, 0x19, 0xfe, 0x86, 0x01, 0x00, 0x36, 0xff, 0xde, 0x19, 0xff, 0xfc, 0x02, 0xee,
	0x76, 0x01, 0x00, 0x3e, 0xff, 0xde, 0x19, 0xff, 0xde, 0x19, 0xf4, 0x7c, 0x01, 0x00, 0x46, 0xff,
	0xde, 0x19, 0xff, 0xf2, 0x02, 0xee, 0x76, 0x01, 0x00, 0x4e, 0xff, 0xde, 0x19, 0xff, 0xde, 0x19,
	0xf4, 0x7c, 0x01, 0x00, 0x56, 0xff, 0xde, 0x19, 0xff, 0xf2, 0x02, 0xee, 0x76, 0x01, 0x00, 0x5e,
	0xff, 0xde, 0x19, 0xff, 0xde, 0x19, 0xf4, 0x7c, 0x01, 0x00, 0x66, 0xff, 0xde, 0x19, 0xff, 0xde,
	0x19, 0xf4, 0x7c, 0x01, 0x00, 0x6e, 0xff, 0xde, 0x19, 0xff, 0xde, 0x19, 0xff, 0xde, 0x19, 0xff,
	0x01, 0x00, 0xff, 0x01, 0x00, 0x88, 0x01, 0x00, 0x93, 0xde, 0x19, 0xff, 0xde, 0x19, 0xff, 0xba,
	0x03, 0x88, 0xf0, 0xce, 0xff, 0xde, 0x19, 0xff, 0x30, 0x05, 0xee, 0x76, 0x01, 0x00, 0x7e, 0xff,
	0xde, 0x19, 0xff, 0xde, 0x19, 0xec, 0x7c, 0x01, 0x86, 0xf0, 0xce, 0xff, 0xde, 0x19, 0xff, 0xf2,
	0x02, 0xee, 0x76, 0x01, 0x00, 0x0f, 0xff, 0xde, 0x19, 0xff, 0xde, 0x19, 0xf4, 0x7c, 0x01, 0x00,
	0x17, 0xff, 0xde, 0x19, 0xff, 0xf2, 0x02, 0xee, 0x76, 0x01, 0x00, 0x1f, 0xff, 0xde, 0x19, 0xff,
	0xde, 0x19, 0xf4, 0x7c, 0x01, 0x00, 0x27, 0xff, 0xde, 0x19, 0xff, 0xf2, 0x02, 0xee, 0x76, 0x01,
	0x00, 0x2f, 0xff, 0xde, 0x19, 0xff, 0xde, 0x19, 0xfe, 0x86, 0x01, 0x00, 0x37, 0xff, 0xde, 0x19,
	0xff, 0xfc, 0x02, 0xee, 0x76, 0x01, 0x00, 0x3f, 0xff, 0xde, 0x19, 0xff, 0xde, 0x19, 0xf4, 0x7c,
	0x01, 0x00, 0x47, 0xff, 0xde, 0x19, 0xff, 0xf2, 0x02, 0xee, 0x76, 0x01, 0x00, 0x4f, 0xff, 0xde,
	0x19, 0xff, 0xde, 0x19, 0xf4, 0x7c, 0x01, 0x00, 0x57, 0xff, 0xde, 0x19, 0xff, 0xf2, 0x02, 0xee,
	0x76, 0x01, 0x00, 0x5f, 0xff, 0xde, 0x19, 0xff, 0xde, 0x19, 0xf4, 0x7c, 0x01, 0x00, 0x67, 0xff,
	0xde, 0x19, 0xff, 0xde, 0x19, 0xf4, 0x7c, 0x01, 0x00, 0x6f, 0xff, 0xde, 0x19, 0xff, 0xde, 0x19,
	0xff, 0xde, 0x19, 0xff, 0x01, 0x00, 0xff, 0x01, 0x00, 0x88, 0x01, 0x00, 0x93, 0xde, 0x19, 0xff,
	0xde, 0x19, 0xff, 0xba, 0x03, 0x88, 0xf0, 0xce, 0xff, 0xde, 0x19, 0xff, 0x30, 0x05, 0xee, 0x76,
	0x01, 0x00, 0x7f, 0xff, 0xde, 0x19, 0xff, 0xde, 0x19, 0xe8, 0x7c, 0x01, 0x8a, 0xf0, 0xce, 0x00,
	0xd6, 0xff, 0xde, 0x19, 0xff, 0x76, 0x01, 0xed, 0x76, 0x01, 0x00, 0x08, 0x8e, 0x76, 0x01, 0xff,
	0xde, 0x19, 0xff, 0x7c, 0x01, 0xe3, 0x7c, 0x01, 0x00, 0x10, 0x8e, 0x7c, 0x01, 0xff, 0xde, 0x19,
	0xff, 0x76, 0x01, 0xdd, 0x76, 0x01, 0x00, 0x18, 0x8e, 0x76, 0x01, 0xff, 0xde, 0x19, 0xff, 0x7c,
	0x01, 0xe3, 0x7c, 0x01, 0x00, 0x20, 0x8e, 0x7c, 0x01, 0xff, 0xde, 0x19, 0xff, 0x76, 0x01, 0xdd,
	0x76, 0x01, 0x00, 0x28, 0x8e, 0x76, 0x01, 0xff, 0xde, 0x19, 0xff, 0x86, 0x01, 0xed, 0x86, 0x01,
	0x00, 0x30, 0x8c, 0x86, 0x01, 0xff, 0xde, 0x19, 0xff, 0x76, 0x01, 0xdf, 0x76, 0x01, 0x00, 0x38,
	0x8e, 0x76, 0x01, 0xff, 0xde, 0x19, 0xff, 0x7c, 0x01, 0xe3, 0x7c, 0x01, 0x00, 0x40, 0x8e, 0x7c,
	0x01, 0xff, 0xde, 0x19, 0xff, 0x76, 0x01, 0xdd, 0x76, 0x01, 0x00, 0x48, 0x8e, 0x76, 0x01, 0xff,
	0xde, 0x19, 0xff, 0x7c, 0x01, 0xe3, 0x7c, 0x01, 0x00, 0x50, 0x8e, 0x7c, 0x01, 0xff, 0xde, 0x19,
	0xff, 0x76, 0x01, 0xdd, 0x76, 0x01, 0x00, 0x58, 0x8e, 0x76, 0x01, 0xff, 0xde, 0x19, 0xff, 0x7c,
	0x01, 0xe3, 0x7c, 0x01, 0x00, 0x60, 0x8e, 0x7c, 0x01, 0xff, 0xde, 0x19, 0xff, 0x7c, 0x01, 0xe3,
	0x7c, 0x01, 0x00, 0x68, 0x8c, 0x7c, 0x01, 0xff, 0xde, 0x19, 0xff, 0xde, 0x19, 0xff, 0xde, 0x19,
	0xff, 0x01, 0x00, 0xfb, 0x01, 0x00, 0x93, 0xde, 0x19, 0xff, 0xde, 0x19, 0xff, 0xba, 0x03, 0x88,
	0xf0, 0xce, 0x8e, 0x92, 0x0f, 0xff, 0xde, 0x19, 0xff, 0x76, 0x01, 0xdd, 0x76, 0x01, 0x00, 0x78,
	0x8e, 0x76, 0x01, 0xff, 0xde, 0x19, 0xff, 0x7c, 0x01, 0xdb, 0x7c, 0x01, 0x86, 0xf0, 0xce, 0xff,
	0xde, 0x19, 0xff, 0xf2, 0x02, 0xee, 0x76, 0x01, 0x00, 0x09, 0xff, 0xde, 0x19, 0xff, 0xde, 0x19,
	0xf4, 0x7c, 0x01, 0x00, 0x11, 0xff, 0xde, 0x19, 0xff, 0xf2, 0x02, 0xee, 0x76, 0x01, 0x00, 0x19,
	0xff, 0xde, 0x19, 0xff, 0xde, 0x19, 0xf4, 0x7c, 0x01, 0x00, 0x21, 0xff, 0xde, 0x19, 0xff, 0xf2,
	0x02, 0xee, 0x76, 0x01, 0x00, 0x29, 0xff, 0xde, 0x19, 0xff, 0xde, 0x19, 0xfe, 0x86, 0x01, 0x00,
	0x31, 0xff, 0xde, 0x19, 0xff, 0xfc, 0x02, 0xee, 0x76, 0x01, 0x00, 0x39, 0xff, 0xde, 0x19, 0xff,
	0xde, 0x19, 0xf4, 0x7c, 0x01, 0x00, 0x41, 0xff, 0xde, 0x19, 0xff, 0xf2, 0x02, 0xee, 0x76, 0x01,
	0x00, 0x49, 0xff, 0xde, 0x19, 0xff, 0xde, 0x19, 0xf4, 0x7c, 0x01, 0x00, 0x51, 0xff, 0xde, 0x19,
	0xff, 0xf2, 0x02, 0xee, 0x76, 0x01, 0x00, 0x59, 0xff, 0xde, 0x19, 0xff, 0xde, 0x19, 0xf4, 0x7c,
	0x01, 0x00, 0x61, 0xff, 0xde, 0x19, 0xff, 0xde, 0x19, 0xf4, 0x7c, 0x01, 0x00, 0x69, 0xff, 0xde,
	0x19, 0xff, 0xde, 0x19, 0xff, 0xde, 0x19, 0xff, 0x01, 0x00, 0xff, 0x01, 0x00, 0x88, 0x01, 0x00,
	0x93, 0xde, 0x19, 0xff, 0xde, 0x19, 0xff, 0xba, 0x03, 0x88, 0xf0, 0xce, 0xff, 0xde, 0x19, 0xff,
	0x30, 0x05, 0xee, 0x76, 0x01, 0x00, 0x79, 0xff, 0xde, 0x19, 0xff, 0xde, 0x19, 0xec, 0x7c, 0x01,
	0x86, 0xf0, 0xce, 0xff, 0xde, 0x19, 0xff, 0xf2, 0x02, 0xee, 0x76, 0x01, 0x00, 0x0a, 0xff, 0xde,
	0x19, 0xff, 0xde, 0x19, 0xf4, 0x7c, 0x01, 0x00, 0x12, 0xff, 0xde, 0x19, 0xff, 0xf2, 0x02, 0xee,
	0x76, 0x01, 0x00, 0x1a, 0xff, 0xde, 0x19, 0xff, 0xde, 0x19, 0xf4, 0x7c, 0x01, 0x00, 0x22, 0xff,
	0xde, 0x19, 0xff, 0xf2, 0x02, 0xee, 0x76, 0x01, 0x00, 0x2a, 0xff, 0xde, 0x19, 0xff, 0xde, 0x19,
	0xfe, 0x86, 0x01, 0x00, 0x32, 0xff, 0xde, 0x19, 0xff, 0xfc, 0x02, 0xee, 0x76, 0x01, 0x00, 0x3a,
	0xff, 0xde, 0x19, 0xff, 0xde, 0x19, 0xf4, 0x7c, 0x01, 0x00, 0x42, 0xff, 0xde, 0x19, 0xff, 0xf2,
	0x02, 0xee, 0x76, 0x01, 0x00, 0x4a, 0xff, 0xde, 0x19, 0xff, 0xde, 0x19, 0xf4, 0x7c, 0x01, 0x00,
	0x52, 0xff, 0xde, 0x19, 0xff, 0xf2, 0x02, 0xee, 0x76, 0x01, 0x00, 0x5a, 0xff, 0xde, 0x19, 0xff,
	0xde, 0x19, 0xf4, 0x7c, 0x01, 0x00, 0x62, 0xff, 0xde, 0x19, 0xff, 0xde, 0x19, 0xf4, 0x7c, 0x01,
	0x00, 0x6a, 0xff, 0xde, 0x19, 0xff, 0xde, 0x19, 0xff, 0xde, 0x19, 0xff, 0x01, 0x00, 0xff, 0x01,
	0x00, 0x88, 0x01, 0x00, 0x93, 0xde, 0x19, 0xff, 0xde, 0x19, 0xff, 0xba, 0x03, 0x88, 0xf0, 0xce,
	0xff, 0xde, 0x19, 0xff, 0x30, 0x05, 0xee, 0x76, 0x01, 0x00, 0x7a, 0xff, 0xde, 0x19, 0xff, 0xde,
	0x19, 0xec, 0x7c, 0x01, 0x86, 0xf0, 0xce, 0xff, 0xde, 0x19, 0xff, 0xf2, 0x02, 0xee, 0x76, 0x01,
	0x00, 0x0b, 0xff, 0xde, 0x19, 0xff, 0xde, 0x19, 0xf4, 0x7c, 0x01, 0x00, 0x13, 0xff, 0xde, 0x19,
	0xff, 0xf2, 0x02, 0xee, 0x76, 0x01, 0x00, 0x1b, 0xff, 0xde, 0x19, 0xff, 0xde, 0x19, 0xf4, 0x7c,
	0x01, 0x00, 0x23, 0xff, 0xde, 0x19, 0xff, 0xf2, 0x02, 0xee, 0x76, 0x01, 0x00, 0x2b, 0xff, 0xde,
	0x19, 0xff, 0xde, 0x19, 0xfe, 0x86, 0x01, 0x00, 0x33, 0xff, 0xde, 0x19, 0xff, 0xfc, 0x02, 0xee,
	0x76, 0x01, 0x00, 0x3b, 0xff, 0xde, 0x19, 0xff, 0xde, 0x19, 0xf4, 0x7c, 0x01, 0x00, 0x43, 0xff,
	0xde, 0x19, 0xff, 0xf2, 0x02, 0xee, 0x76, 0x01, 0x00, 0x4b, 0xff, 0xde, 0x19, 0xff, 0xde, 0x19,
	0xf4, 0x7c, 0x01, 0x00, 0x53, 0xff, 0xde, 0x19, 0xff, 0xf2, 0x02, 0xee, 0x76, 0x01, 0x00, 0x5b,
	0xff, 0xde, 0x19, 0xff, 0xde, 0x19, 0xf4, 0x7c, 0x01, 0x00, 0x63, 0xff, 0xde, 0x19, 0xff, 0xde,
	0x19, 0xf4, 0x7c, 0x01, 0x00, 0x6b, 0xff, 0xde, 0x19, 0xff, 0xde, 0x19, 0xff, 0xde, 0x19, 0xff,
	0x01, 0x00, 0xff, 0x01, 0x00, 0x88, 0x01, 0x00, 0x93, 0xde, 0x19, 0xff, 0xde, 0x19, 0xff, 0xba,
	0x03, 0x88, 0xf0, 0xce, 0xff, 0xde, 0x19, 0xff, 0x30, 0x05, 0xee, 0x76, 0x01, 0x00, 0x7b, 0xff,
	0xde, 0x19, 0xff, 0xde, 0x19, 0xe8, 0x7c, 0x01, 0x8a, 0xf0, 0xce, 0xff, 0xde, 0x19, 0xff, 0xf2,
	0x02, 0xee, 0x76, 0x01, 0x00, 0x0c, 0xff, 0xde, 0x19, 0xff, 0xde, 0x19, 0xf4, 0x7c, 0x01, 0x00,
	0x14, 0xff, 0xde, 0x19, 0xff, 0xf2, 0x02, 0xee, 0x76, 0x01, 0x00, 0x1c, 0xff, 0xde, 0x19, 0xff,
	0xde, 0x19, 0xf4, 0x7c, 0x01, 0x00, 0x24, 0xff, 0xde, 0x19, 0xff, 0xf2, 0x02, 0xee, 0x76, 0x01,
	0x00, 0x2c, 0xff, 0xde, 0x19, 0xff, 0xde, 0x19, 0xfe, 0x86, 0x01, 0x00, 0x34, 0xff, 0xde, 0x19,
	0xff, 0xfc, 0x02, 0xee, 0x76, 0x01, 0x00, 0x3c, 0xff, 0xde, 0x19, 0xff, 0xde, 0x19, 0xf4, 0x7c,
	0x01, 0x00, 0x44, 0xff, 0xde, 0x19, 0xff, 0xf2, 0x02, 0xee, 0x76, 0x01, 0x00, 0x4c, 0xff, 0xde,
	0x19, 0xff, 0xde, 0x19, 0xf4, 0x7c, 0x01, 0x00, 0x54, 0xff, 0xde, 0x19, 0xff, 0xf2, 0x02, 0xee,
	0x76, 0x01, 0x00, 0x5c, 0xff, 0xde, 0x19, 0xff, 0xde, 0x19, 0xf4, 0x7c, 0x01, 0x00, 0x64, 0xff,
	0xde, 0x19, 0xff, 0xde, 0x19, 0xf4, 0x7c, 0x01, 0x00, 0x6c, 0xff, 0xde, 0x19, 0xff, 0xde, 0x19,
	0xff, 0xde, 0x19, 0xff, 0x01, 0x00, 0xff, 0x01, 0x00, 0x88, 0x01, 0x00, 0x93, 0xde, 0x19, 0xff,
	0xde, 0x19, 0xff, 0xba, 0x03, 0x88, 0xf0, 0xce, 0xff, 0xde, 0x19, 0xff, 0x30, 0x05, 0xee, 0x76,
	0x01, 0x00, 0x7c, 0xff, 0xde, 0x19, 0xff, 0xde, 0x19, 0xec, 0x7c, 0x01, 0x86, 0xf0, 0xce, 0xff,
	0xde, 0x19, 0xff, 0xf2, 0x02, 0xee, 0x76, 0x01, 0x00, 0x0d, 0xff, 0xde, 0x19, 0xff, 0xde, 0x19,
	0xf4, 0x7c, 0x01, 0x00, 0x15, 0xff, 0xde, 0x19, 0xff, 0xf2, 0x02, 0xee, 0x76, 0x01, 0x00, 0x1d,
	0xff, 0xde, 0x19, 0xff, 0xde, 0x19, 0xf4, 0x7c, 0x01, 0x00, 0x25, 0xff, 0xde, 0x19, 0xff, 0xf2,
	0x02, 0xee, 0x76, 0x01, 0x00, 0x2d, 0xff, 0xde, 0x19, 0xff, 0xde, 0x19, 0xfe, 0x86, 0x01, 0x00,
	0x35, 0xff, 0xde, 0x19, 0xff, 0xfc, 0x02, 0xee, 0x76, 0x01, 0x00, 0x3d, 0xff, 0xde, 0x19, 0xff,
	0xde, 0x19, 0xf4, 0x7c, 0x01, 0x00, 0x45, 0xff, 0xde, 0x19, 0xff, 0xf2, 0x02, 0xee, 0x76, 0x01,
	0x00, 0x4d, 0xff, 0xde, 0x19, 0xff, 0xde, 0x19, 0xf4, 0x7c, 0x01, 0x00, 0x55, 0xff, 0xde, 0x19,
	0xff, 0xf2, 0x02, 0xee, 0x76, 0x01, 0x00, 0x5d, 0xff, 0xde, 0x19, 0xff, 0xde, 0x19, 0xf4, 0x7c,
	0x01, 0x00, 0x65, 0xff, 0xde, 0x19, 0xff, 0xde, 0x19, 0xf4, 0x7c, 0x01, 0x00, 0x6d, 0xff, 0xde,
	0x19, 0xff, 0xde, 0x19, 0xff, 0xde, 0x19, 0xff, 0x01, 0x00, 0xff, 0x01, 0x00, 0x88, 0x01, 0x00,
	0x93, 0xde, 0x19, 0xff, 0xde, 0x19, 0xff, 0xba, 0x03, 0x88, 0xf0, 0xce, 0xff, 0xde, 0x19, 0xff,
	0x30, 0x05, 0xee, 0x76, 0x01, 0x00, 0x7d, 0xff, 0xde, 0x19, 0xff, 0xde, 0x19, 0xec, 0x7c, 0x01,
	0x86, 0xf0, 0xce, 0xff, 0xde, 0x19, 0xff, 0xf2, 0x02, 0xee, 0x76, 0x01, 0x00, 0x0e, 0xff, 0xde,
	0x19, 0xff, 0xde, 0x19, 0xf4, 0x7c, 0x01, 0x00, 0x16, 0xff, 0xde, 0x19, 0xff, 0xf2, 0x02, 0xee,
	0x76, 0x01, 0x00, 0x1e, 0xff, 0xde, 0x19, 0xff, 0xde, 0x19, 0xf4, 0x7c, 0x01, 0x00, 0x26, 0xff,
	0xde, 0x19, 0xff, 0xf2, 0x02, 0xee, 0x76, 0x01, 0x00, 0x2e, 0xff, 0xde, 0x19, 0xff, 0xde, 0x19,
	0xfe, 0x86, 0x01, 0x00, 0x36, 0xff, 0xde, 0x19, 0xff, 0xfc, 0x02, 0xee, 0x76, 0x01, 0x00, 0x3e,
	0xff, 0xde, 0x19, 0xff, 0xde, 0x19, 0xf4, 0x7c, 0x01, 0x00, 0x46, 0xff, 0xde, 0x19, 0xff, 0xf2,
	0x02, 0xee, 0x76, 0x01, 0x00, 0x4e, 0xff, 0xde, 0x19, 0xff, 0xde, 0x19, 0xf4, 0x7c, 0x01, 0x00,
	0x56, 0xff, 0xde, 0x19, 0xff, 0xf2, 0x02, 0xee, 0x76, 0x01, 0x00, 0x5e, 0xff, 0xde, 0x19, 0xff,
	0xde, 0x19, 0xf4, 0x7c, 0x01, 0x00, 0x66, 0xff, 0xde, 0x19, 0xff, 0xde, 0x19, 0xf4, 0x7c, 0x01,
	0x00, 0x6e, 0xff, 0xde, 0x19, 0xff, 0xde, 0x19, 0xff, 0xde, 0x19, 0xff, 0x01, 0x00, 0xff, 0x01,
	0x00, 0x88, 0x01, 0x00, 0x93, 0xde, 0x19, 0xff, 0xde, 0x19, 0xff, 0xba, 0x03, 0x88, 0xf0, 0xce,
	0xff, 0xde, 0x19, 0xff, 0x30, 0x05, 0xee, 0x76, 0x01, 0x00, 0x7e, 0xff, 0xde, 0x19, 0xff, 0xde,
	0x19, 0xec, 0x7c, 0x01, 0x86, 0xf0, 0xce, 0xff, 0xde, 0x19, 0xff, 0xf2, 0x02, 0xee, 0x76, 0x01,
	0x00, 0x0f, 0xff, 0xde, 0x19, 0xff, 0xde, 0x19, 0xf4, 0x7c, 0x01, 0x00, 0x17, 0xff, 0xde, 0x19,
	0xff, 0xf2, 0x02, 0xee, 0x76, 0x01, 0x00, 0x1f, 0xff, 0xde, 0x19, 0xff, 0xde, 0x19, 0xf4, 0x7c,
	0x01, 0x00, 0x27, 0xff, 0xde, 0x19, 0xff, 0xf2, 0x02, 0xee, 0x76, 0x01, 0x00, 0x2f, 0xff, 0xde,
	0x19, 0xff, 0xde, 0x19, 0xfe, 0x86, 0x01, 0x00, 0x37, 0xff, 0xde, 0x19, 0xff, 0xfc, 0x02, 0xee,
	0x76, 0x01, 0x00, 0x3f, 0xff, 0xde, 0x19, 0xff, 0xde, 0x19, 0xf4, 0x7c, 0x01, 0x00, 0x47, 0xff,
	0xde, 0x19, 0xff, 0xf2, 0x02, 0xee, 0x76, 0x01, 0x00, 0x4f, 0xff, 0xde, 0x19, 0xff, 0xde, 0x19,
	0xf4, 0x7c, 0x01, 0x00, 0x57, 0xff, 0xde, 0x19, 0xff, 0xf2, 0x02, 0xee, 0x76, 0x01, 0x00, 0x5f,
	0xff, 0xde, 0x19, 0xff, 0xde, 0x19, 0xf4, 0x7c, 0x01, 0x00, 0x67, 0xff, 0xde, 0x19, 0xff, 0xde,
	0x19, 0xf4, 0x7c, 0x01, 0x00, 0x6f, 0xff, 0xde, 0x19, 0xff, 0xde, 0x19, 0xff, 0xde, 0x19, 0xff,
	0x01, 0x00, 0xff, 0x01, 0x00, 0x88, 0x01, 0x00, 0x93, 0xde, 0x19, 0xff, 0xde, 0x19, 0xff, 0xba,
	0x03, 0x88, 0xf0, 0xce, 0xff, 0xde, 0x19, 0xff, 0x30, 0x05, 0xee, 0x76, 0x01, 0x00, 0x7f, 0xff,
	0xde, 0x19, 0xff, 0xde, 0x19, 0xe8, 0x7c, 0x01, 0x8a, 0xf0, 0xce, 0x00, 0xde, 0xff, 0xde, 0x19,
	0xff, 0x76, 0x01, 0xed, 0x76, 0x01, 0x00, 0x08, 0x8e, 0x76, 0x01, 0xff, 0xde, 0x19, 0xff, 0x7c,
	0x01, 0xe3, 0x7c, 0x01, 0x00, 0x10, 0x8e, 0x7c, 0x01, 0xff, 0xde, 0x19, 0xff, 0x76, 0x01, 0xdd,
	0x76, 0x01, 0x00, 0x18, 0x8e, 0x76, 0x01, 0xff, 0xde, 0x19, 0xff, 0x7c, 0x01, 0xe3, 0x7c, 0x01,
	0x00, 0x20, 0x8e, 0x7c, 0x01, 0xff, 0xde, 0x19, 0xff, 0x76, 0x01, 0xdd, 0x76, 0x01, 0x00, 0x28,
	0x8e, 0x76, 0x01, 0xff, 0xde, 0x19, 0xff, 0x86, 0x01, 0xed, 0x86, 0x01, 0x00, 0x30, 0x8c, 0x86,
	0x01, 0xff, 0xde, 0x19, 0xff, 0x76, 0x01, 0xdf, 0x76, 0x01, 0x00, 0x38, 0x8e, 0x76, 0x01, 0xff,
	0xde, 0x19, 0xff, 0x7c, 0x01, 0xe3, 0x7c, 0x01, 0x00, 0x40, 0x8e, 0x7c, 0x01, 0xff, 0xde, 0x19,
	0xff, 0x76, 0x01, 0xdd, 0x76, 0x01, 0x00, 0x48, 0x8e, 0x76, 0x01, 0xff, 0xde, 0x19, 0xff, 0x7c,
	0x01, 0xe3, 0x7c, 0x01, 0x00, 0x50, 0x8e, 0x7c, 0x01, 0xff, 0xde, 0x19, 0xff, 0x76, 0x01, 0xdd,
	0x76, 0x01, 0x00, 0x58, 0x8e, 0x76, 0x01, 0xff, 0xde, 0x19, 0xff, 0x7c, 0x01, 0xe3, 0x7c, 0x01,
	0x00, 0x60, 0x8e, 0x7c, 0x01, 0xff, 0xde, 0x19, 0xff, 0x7c, 0x01, 0xe3, 0x7c, 0x01, 0x00, 0x68,
	0x8c, 0x7c, 0x01, 0xff, 0xde, 0x19, 0xff, 0xde, 0x19, 0xff, 0xde, 0x19, 0xff, 0x01, 0x00, 0xfb,
	0x01, 0x00, 0x93, 0xde, 0x19, 0xff, 0xde, 0x19, 0xff, 0xba, 0x03, 0x88, 0xf0, 0xce, 0x8e, 0x92,
	0x0f, 0xff, 0xde, 0x19, 0xff, 0x76, 0x01, 0xdd, 0x76, 0x01, 0x00, 0x78, 0x8e, 0x76, 0x01, 0xff,
	0xde, 0x19, 0xff, 0x7c, 0x01, 0xdb, 0x7c, 0x01, 0x86, 0xf0, 0xce, 0xff, 0xde, 0x19, 0xff, 0xf2,
	0x02, 0xee, 0x76, 0x01, 0x00, 0x09, 0xff, 0xde, 0x19, 0xff, 0xde, 0x19, 0xf4, 0x7c, 0x01, 0x00,
	0x11, 0xff, 0xde, 0x19, 0xff, 0xf2, 0x02, 0xee, 0x76, 0x01, 0x00, 0x19, 0xff, 0xde, 0x19, 0xff,
	0xde, 0x19, 0xf4, 0x7c, 0x01, 0x00, 0x21, 0xff, 0xde, 0x19, 0xff, 0xf2, 0x02, 0xee, 0x76, 0x01,
	0x00, 0x29, 0xff, 0xde, 0x19, 0xff, 0xde, 0x19, 0xfe, 0x86, 0x01, 0x00, 0x31, 0xff, 0xde, 0x19,
	0xff, 0xfc, 0x02, 0xee, 0x76, 0x01, 0x00, 0x39, 0xff, 0xde, 0x19, 0xff, 0xde, 0x19, 0xf4, 0x7c,
	0x01, 0x00, 0x41, 0xff, 0xde, 0x19, 0xff, 0xf2, 0x02, 0xee, 0x76, 0x01, 0x00, 0x49, 0xff, 0xde,
	0x19, 0xff, 0xde, 0x19, 0xf4, 0x7c, 0x01, 0x00, 0x51, 0xff, 0xde, 0x19, 0xff, 0xf2, 0x02, 0xee,
	0x76, 0x01, 0x00, 0x59, 0xff, 0xde, 0x19, 0xff, 0xde, 0x19, 0xf4, 0x7c, 0x01, 0x00, 0x61, 0xff,
	0xde, 0x19, 0xff, 0xde, 0x19, 0xf4, 0x7c, 0x01, 0x00, 0x69, 0xff, 0xde, 0x19, 0xff, 0xde, 0x19,
	0xff, 0xde, 0x19, 0xff, 0x01, 0x00, 0xff, 0x01, 0x00, 0x88, 0x01, 0x00, 0x93, 0xde, 0x19, 0xff,
	0xde, 0x19, 0xff, 0xba, 0x03, 0x88, 0xf0, 0xce, 0xff, 0xde, 0x19, 0xff, 0x30, 0x05, 0xee, 0x76,
	0x01, 0x00, 0x79, 0xff, 0xde, 0x19, 0xff, 0xde, 0x19, 0xec, 0x7c, 0x01, 0x86, 0xf0, 0xce, 0xff,
	0xde, 0x19, 0xff, 0xf2, 0x02, 0xee, 0x76, 0x01, 0x00, 0x0a, 0xff, 0xde, 0x19, 0xff, 0xde, 0x19,
	0xf4, 0x7c, 0x01, 0x00, 0x12, 0xff, 0xde, 0x19, 0xff, 0xf2, 0x02, 0xee, 0x76, 0x01, 0x00, 0x1a,
	0xff, 0xde, 0x19, 0xff, 0xde, 0x19, 0xf4, 0x7c, 0x01, 0x00, 0x22, 0xff, 0xde, 0x19, 0xff, 0xf2,
	0x02, 0xee, 0x76, 0x01, 0x00, 0x2a, 0xff, 0xde, 0x19, 0xff, 0xde, 0x19, 0xfe, 0x86, 0x01, 0x00,
	0x32, 0xff, 0xde, 0x19, 0xff, 0xfc, 0x02, 0xee, 0x76, 0x01, 0x00, 0x3a, 0xff, 0xde, 0x19, 0xff,
	0xde, 0x19, 0xf4, 0x7c, 0x01, 0x00, 0x42, 0xff, 0xde, 0x19, 0xff, 0xf2, 0x02, 0xee, 0x76, 0x01,
	0x00, 0x4a, 0xff, 0xde, 0x19, 0xff, 0xde, 0x19, 0xf4, 0x7c, 0x01, 0x00, 0x52, 0xff, 0xde, 0x19,
	0xff, 0xf2, 0x02, 0xee, 0x76, 0x01, 0x00, 0x5a, 0xff, 0xde, 0x19, 0xff, 0xde, 0x19, 0xf4, 0x7c,
	0x01, 0x00, 0x62, 0xff, 0xde, 0x19, 0xff, 0xde, 0x19, 0xf4, 0x7c, 0x01, 0x00, 0x6a, 0xff, 0xde,
	0x19, 0xff, 0xde, 0x19, 0xff, 0xde, 0x19, 0xff, 0x01, 0x00, 0xff, 0x01, 0x00, 0x88, 0x01, 0x00,
	0x93, 0xde, 0x19, 0xff, 0xde, 0x19, 0xff, 0xba, 0x03, 0x88, 0xf0, 0xce, 0xff, 0xde, 0x19, 0xff,
	0x30, 0x05, 0xee, 0x76, 0x01, 0x00, 0x7a, 0xff, 0xde, 0x19, 0xff, 0xde, 0x19, 0xec, 0x7c, 0x01,
	0x86, 0xf0, 0xce, 0xff, 0xde, 0x19, 0xff, 0xf2, 0x02, 0xee, 0x76, 0x01, 0x00, 0x0b, 0xff, 0xde,
	0x19, 0xff, 0xde, 0x19, 0xf4, 0x7c, 0x01, 0x00, 0x13, 0xff, 0xde, 0x19, 0xff, 0xf2, 0x02, 0xee,
	0x76, 0x01, 0x00, 0x1b, 0xff, 0xde, 0x19, 0xff, 0xde, 0x19, 0xf4, 0x7c, 0x01, 0x00, 0x23, 0xff,
	0xde, 0x19, 0xff, 0xf2, 0x02, 0xee, 0x76, 0x01, 0x00, 0x2b, 0xff, 0xde, 0x19, 0xff, 0xde, 0x19,
	0xfe, 0x86, 0x01, 0x00, 0x33, 0xff, 0xde, 0x19, 0xff, 0xfc, 0x02, 0xee, 0x76, 0x01, 0x00, 0x3b,
	0xff, 0xde, 0x19, 0xff, 0xde, 0x19, 0xf4, 0x7c, 0x01, 0x00, 0x43, 0xff, 0xde, 0x19, 0xff, 0xf2,
	0x02, 0xee, 0x76, 0x01, 0x00, 0x4b, 0xff, 0xde, 0x19, 0xff, 0xde, 0x19, 0xf4, 0x7c, 0x01, 0x00,
	0x53, 0xff, 0xde, 0x19, 0xff, 0xf2, 0x02, 0xee, 0x76, 0x01, 0x00, 0x5b, 0xff, 0xde, 0x19, 0xff,
	0xde, 0x19, 0xf4, 0x7c, 0x01, 0x00, 0x63, 0xff, 0xde, 0x19, 0xff, 0xde, 0x19, 0xf4, 0x7c, 0x01,
	0x00, 0x6b, 0xff, 0xde, 0x19, 0xff, 0xde, 0x19, 0xff, 0xde, 0x19, 0xff, 0x01, 0x00, 0xff, 0x01,
	0x00, 0x88, 0x01, 0x00, 0x93, 0xde, 0x19, 0xff, 0xde, 0x19, 0xff, 0xba, 0x03, 0x88, 0xf0, 0xce,
	0xff, 0xde, 0x19, 0xff, 0x30, 0x05, 0xee, 0x76, 0x01, 0x00, 0x7b, 0xff, 0xde, 0x19, 0xff, 0xde,
	0x19, 0xe8, 0x7c, 0x01, 0x8a, 0xf0, 0xce, 0xff, 0xde, 0x19, 0xff, 0xf2, 0x02, 0xee, 0x76, 0x01,
	0x00, 0x0c, 0xff, 0xde, 0x19, 0xff, 0xde, 0x19, 0xf4, 0x7c, 0x01, 0x00, 0x14, 0xff, 0xde, 0x19,
	0xff, 0xf2, 0x02, 0xee, 0x76, 0x01, 0x00, 0x1c, 0xff, 0xde, 0x19, 0xff, 0xde, 0x19, 0xf4, 0x7c,
	0x01, 0x00, 0x24, 0xff, 0xde, 0x19, 0xff, 0xf2, 0x02, 0xee, 0x76, 0x01, 0x00, 0x2c, 0xff, 0xde,
	0x19, 0xff, 0xde, 0x19, 0xfe, 0x86, 0x01, 0x00, 0x34, 0xff, 0xde, 0x19, 0xff, 0xfc, 0x02, 0xee,
	0x76, 0x01, 0x00, 0x3c, 0xff, 0xde, 0x19, 0xff, 0xde, 0x19, 0xf4, 0x7c, 0x01, 0x00, 0x44, 0xff,
	0xde, 0x19, 0xff, 0xf2, 0x02, 0xee, 0x76, 0x01, 0x00, 0x4c, 0xff, 0xde, 0x19, 0xff, 0xde, 0x19,
	0xf4, 0x7c, 0x01, 0x00, 0x54, 0xff, 0xde, 0x19, 0xff, 0xf2, 0x02, 0xee, 0x76, 0x01, 0x00, 0x5c,
	0xff, 0xde, 0x19, 0xff, 0xde, 0x19, 0xf4, 0x7c, 0x01, 0x00, 0x64, 0xff, 0xde, 0x19, 0xff, 0xde,
	0x19, 0xf4, 0x7c, 0x01, 0x00, 0x6c, 0xff, 0xde, 0x19, 0xff, 0xde, 0x19, 0xff, 0xde, 0x19, 0xff,
	0x01, 0x00, 0xff, 0x01, 0x00, 0x88, 0x01, 0x00, 0x93, 0xde, 0x19, 0xff, 0xde, 0x19, 0xff, 0xba,
	0x03, 0x88, 0xf0, 0xce, 0xff, 0xde, 0x19, 0xff, 0x30, 0x05, 0xee, 0x76, 0x01, 0x00, 0x7c, 0xff,
	0xde, 0x19, 0xff, 0xde, 0x19, 0xec, 0x7c, 0x01, 0x86, 0xf0, 0xce, 0xff, 0xde, 0x19, 0xff, 0xf2,
	0x02, 0xee, 0x76, 0x01, 0x00, 0x0d, 0xff, 0xde, 0x19, 0xff, 0xde, 0x19, 0xf4, 0x7c, 0x01, 0x00,
	0x15, 0xff, 0xde, 0x19, 0xff, 0xf2, 0x02, 0xee, 0x76, 0x01, 0x00, 0x1d, 0xff, 0xde, 0x19, 0xff,
	0xde, 0x19, 0xf4, 0x7c, 0x01, 0x00, 0x25, 0xff, 0xde, 0x19, 0xff, 0xf2, 0x02, 0xee, 0x76, 0x01,
	0x00, 0x2d, 0xff, 0xde, 0x19, 0xff, 0xde, 0x19, 0xfe, 0x86, 0x01, 0x00, 0x35, 0xff, 0xde, 0x19,
	0xff, 0xfc, 0x02, 0xee, 0x76, 0x01, 0x00, 0x3d, 0xff, 0xde, 0x19, 0xff, 0xde, 0x19, 0xf4, 0x7c,
	0x01, 0x00, 0x45, 0xff, 0xde, 0x19, 0xff, 0xf2, 0x02, 0xee, 0x76, 0x01, 0x00, 0x4d, 0xff, 0xde,
	0x19, 0xff, 0xde, 0x19, 0xf4, 0x7c, 0x01, 0x00, 0x55, 0xff, 0xde, 0x19, 0xff, 0xf2, 0x02, 0xee,
	0x76, 0x01, 0x00, 0x5d, 0xff, 0xde, 0x19, 0xff, 0xde, 0x19, 0xf4, 0x7c, 0x01, 0x00, 0x65, 0xff,
	0xde, 0x19, 0xff, 0xde, 0x19, 0xf4, 0x7c, 0x01, 0x00, 0x6d, 0xff, 0xde, 0x19, 0xff, 0xde, 0x19,
	0xff, 0xde, 0x19, 0xff, 0x01, 0x00, 0xff, 0x01, 0x00, 0x88, 0x01, 0x00, 0x93, 0xde, 0x19, 0xff,
	0xde, 0x19, 0xff, 0xba, 0x03, 0x88, 0xf0, 0xce, 0xff, 0xde, 0x19, 0xff, 0x30, 0x05, 0xee, 0x76,
	0x01, 0x00, 0x7d, 0xff, 0xde, 0x19, 0xff, 0xde, 0x19, 0xec, 0x7c, 0x01, 0x86, 0xf0, 0xce, 0xff,
	0xde, 0x19, 0xff, 0xf2, 0x02, 0xee, 0x76, 0x01, 0x00, 0x0e, 0xff, 0xde, 0x19, 0xff, 0xde, 0x19,
	0xf4, 0x7c, 0x01, 0x00, 0x16, 0xff, 0xde, 0x19, 0xff, 0xf2, 0x02, 0xee, 0x76, 0x01, 0x00, 0x1e,
	0xff, 0xde, 0x19, 0xff, 0xde, 0x19, 0xf4, 0x7c, 0x01, 0x00, 0x26, 0xff, 0xde, 0x19, 0xff, 0xf2,
	0x02, 0xee, 0x76, 0x01, 0x00, 0x2e, 0xff, 0xde, 0x19, 0xff, 0xde, 0x19, 0xfe, 0x86, 0x01, 0x00,
	0x36, 0xff, 0xde, 0x19, 0xff, 0xfc, 0x02, 0xee, 0x76, 0x01, 0x00, 0x3e, 0xff, 0xde, 0x19, 0xff,
	0xde, 0x19, 0xf4, 0x7c, 0x01, 0x00, 0x46, 0xff, 0xde, 0x19, 0xff, 0xf2, 0x02, 0xee, 0x76, 0x01,
	0x00, 0x4e, 0xff, 0xde, 0x19, 0xff, 0xde, 0x19, 0xf4, 0x7c, 0x01, 0x00, 0x56, 0xff, 0xde, 0x19,
	0xff, 0xf2, 0x02, 0xee, 0x76, 0x01, 0x00, 0x5e, 0xff, 0xde, 0x19, 0xff, 0xde, 0x19, 0xf4, 0x7c,
	0x01, 0x00, 0x66, 0xff, 0xde, 0x19, 0xff, 0xde, 0x19, 0xf4, 0x7c, 0x01, 0x00, 0x6e, 0xff, 0xde,
	0x19, 0xff, 0xde, 0x19, 0xff, 0xde, 0x19, 0xff, 0x01, 0x00, 0xff, 0x01, 0x00, 0x88, 0x01, 0x00,
	0x93, 0xde, 0x19, 0xff, 0xde, 0x19, 0xff, 0xba, 0x03, 0x88, 0xf0, 0xce, 0xff, 0xde, 0x19, 0xff,
	0x30, 0x05, 0xee, 0x76, 0x01, 0x00, 0x7e, 0xff, 0xde, 0x19, 0xff, 0xde, 0x19, 0xec, 0x7c, 0x01,
	0x86, 0xf0, 0xce, 0xff, 0xde, 0x19, 0xff, 0xf2, 0x02, 0xee, 0x76, 0x01, 0x00, 0x0f, 0xff, 0xde,
	0x19, 0xff, 0xde, 0x19, 0xf4, 0x7c, 0x01, 0x00, 0x17, 0xff, 0xde, 0x19, 0xff, 0xf2, 0x02, 0xee,
	0x76, 0x01, 0x00, 0x1f, 0xff, 0xde, 0x19, 0xff, 0xde, 0x19, 0xf4, 0x7c, 0x01, 0x00, 0x27, 0xff,
	0xde, 0x19, 0xff, 0xf2, 0x02, 0xee, 0x76, 0x01, 0x00, 0x2f, 0xff, 0xde, 0x19, 0xff, 0xde, 0x19,
	0xfe, 0x86, 0x01, 0x00, 0x37, 0xff, 0xde, 0x19, 0xff, 0xfc, 0x02, 0xee, 0x76, 0x01, 0x00, 0x3f,
	0xff, 0xde, 0x19, 0xff, 0xde, 0x19, 0xf4, 0x7c, 0x01, 0x00, 0x47, 0xff, 0xde, 0x19, 0xff, 0xf2,
	0x02, 0xee, 0x76, 0x01, 0x00, 0x4f, 0xff, 0xde, 0x19, 0xff, 0xde, 0x19, 0xf4, 0x7c, 0x01, 0x00,
	0x57, 0xff, 0xde, 0x19, 0xff, 0xf2, 0x02, 0xee, 0x76, 0x01, 0x00, 0x5f, 0xff, 0xde, 0x19, 0xff,
	0xde, 0x19, 0xf4, 0x7c, 0x01, 0x00, 0x67, 0xff, 0xde, 0x19, 0xff, 0xde, 0x19, 0xf4, 0x7c, 0x01,
	0x00, 0x6f, 0xff, 0xde, 0x19, 0xff, 0xde, 0x19, 0xff, 0xde, 0x19, 0xff, 0x01, 0x00, 0xff, 0x01,
	0x00, 0x88, 0x01, 0x00, 0x93, 0xde, 0x19, 0xff, 0xde, 0x19, 0xff, 0xba, 0x03, 0x88, 0xf0, 0xce,
	0xff, 0xde, 0x19, 0xff, 0x30, 0x05, 0xee, 0x76, 0x01, 0x00, 0x7f, 0xff, 0xde, 0x19, 0xff, 0xde,
	0x19, 0xe8, 0x7c, 0x01, 0x8a, 0xf0, 0xce, 0x00, 0xd7, 0xff, 0xde, 0x19, 0xff, 0x76, 0x01, 0xed,
	0x76, 0x01, 0x00, 0x08, 0x8e, 0x76, 0x01, 0xff, 0xde, 0x19, 0xff, 0x7c, 0x01, 0xe3, 0x7c, 0x01,
	0x00, 0x10, 0x8e, 0x7c, 0x01, 0xff, 0xde, 0x19, 0xff, 0x76, 0x01, 0xdd, 0x76, 0x01, 0x00, 0x18,
	0x8e, 0x76, 0x01, 0xff, 0xde, 0x19, 0xff, 0x7c, 0x01, 0xe3, 0x7c, 0x01, 0x00, 0x20, 0x8e, 0x7c,
	0x01, 0xff, 0xde, 0x19, 0xff, 0x76, 0x01, 0xdd, 0x76, 0x01, 0x00, 0x28, 0x8e, 0x76, 0x01, 0xff,
	0xde, 0x19, 0xff, 0x86, 0x01, 0xed, 0x86, 0x01, 0x00, 0x30, 0x8c, 0x86, 0x01, 0xff, 0xde, 0x19,
	0xff, 0x76, 0x01, 0xdf, 0x76, 0x01, 0x00, 0x38, 0x8e, 0x76, 0x01, 0xff, 0xde, 0x19, 0xff, 0x7c,
	0x01, 0xe3, 0x7c, 0x01, 0x00, 0x40, 0x8e, 0x7c, 0x01, 0xff, 0xde, 0x19, 0xff, 0x76, 0x01, 0xdd,
	0x76, 0x01, 0x00, 0x48, 0x8e, 0x76, 0x01, 0xff, 0xde, 0x19, 0xff, 0x7c, 0x01, 0xe3, 0x7c, 0x01,
	0x00, 0x50, 0x8e, 0x7c, 0x01, 0xff, 0xde, 0x19, 0xff, 0x76, 0x01, 0xdd, 0x76, 0x01, 0x00, 0x58,
	0x8e, 0x76, 0x01, 0xff, 0xde, 0x19, 0xff, 0x7c, 0x01, 0xe3, 0x7c, 0x01, 0x00, 0x60, 0x8e, 0x7c,
	0x01, 0xff, 0xde, 0x19, 0xff, 0x7c, 0x01, 0xe3, 0x7c, 0x01, 0x00, 0x68, 0x8c, 0x7c, 0x01, 0xff,
	0xde, 0x19, 0xff, 0xde, 0x19, 0xff, 0xde, 0x19, 0xff, 0x01, 0x00, 0xfb, 0x01, 0x00, 0x93, 0xde,
	0x19, 0xff, 0xde, 0x19, 0xff, 0xba, 0x03, 0x88, 0xf0, 0xce, 0x8e, 0x92, 0x0f, 0xff, 0xde, 0x19,
	0xff, 0x76, 0x01, 0xdd, 0x76, 0x01, 0x00, 0x78, 0x8e, 0x76, 0x01, 0xff, 0xde, 0x19, 0xff, 0x7c,
	0x01, 0xdb, 0x7c, 0x01, 0x86, 0xf0, 0xce, 0xff, 0xde, 0x19, 0xff, 0xf2, 0x02, 0xee, 0x76, 0x01,
	0x00, 0x09, 0xff, 0xde, 0x19, 0xff, 0xde, 0x19, 0xf4, 0x7c, 0x01, 0x00, 0x11, 0xff, 0xde, 0x19,
	0xff, 0xf2, 0x02, 0xee, 0x76, 0x01, 0x00, 0x19, 0xff, 0xde, 0x19, 0xff, 0xde, 0x19, 0xf4, 0x7c,
	0x01, 0x00, 0x21, 0xff, 0xde, 0x19, 0xff, 0xf2, 0x02, 0xee, 0x76, 0x01, 0x00, 0x29, 0xff, 0xde,
	0x19, 0xff, 0xde, 0x19, 0xfe, 0x86, 0x01, 0x00, 0x31, 0xff, 0xde, 0x19, 0xff, 0xfc, 0x02, 0xee,
	0x76, 0x01, 0x00, 0x39, 0xff, 0xde, 0x19, 0xff, 0xde, 0x19, 0xf4, 0x7c, 0x01, 0x00, 0x41, 0xff,
	0xde, 0x19, 0xff, 0xf2, 0x02, 0xee, 0x76, 0x01, 0x00, 0x49, 0xff, 0xde, 0x19, 0xff, 0xde, 0x19,
	0xf4, 0x7c, 0x01, 0x00, 0x51, 0xff, 0xde, 0x19, 0xff, 0xf2, 0x02, 0xee, 0x76, 0x01, 0x00, 0x59,
	0xff, 0xde, 0x19, 0xff, 0xde, 0x19, 0xf4, 0x7c, 0x01, 0x00, 0x61, 0xff, 0xde, 0x19, 0xff, 0xde,
	0x19, 0xf4, 0x7c, 0x01, 0x00, 0x69, 0xff, 0xde, 0x19, 0xff, 0xde, 0x19, 0xff, 0xde, 0x19, 0xff,
	0x01, 0x00, 0xff, 0x01, 0x00, 0x88, 0x01, 0x00, 0x93, 0xde, 0x19, 0xff, 0xde, 0x19, 0xff, 0xba,
	0x03, 0x88, 0xf0, 0xce, 0xff, 0xde, 0x19, 0xff, 0x30, 0x05, 0xee, 0x76, 0x01, 0x00, 0x79, 0xff,
	0xde, 0x19, 0xff, 0xde, 0x19, 0xec, 0x7c, 0x01, 0x86, 0xf0, 0xce, 0xff, 0xde, 0x19, 0xff, 0xf2,
	0x02, 0xee, 0x76, 0x01, 0x00, 0x0a, 0xff, 0xde, 0x19, 0xff, 0xde, 0x19, 0xf4, 0x7c, 0x01, 0x00,
	0x12, 0xff, 0xde, 0x19, 0xff, 0xf2, 0x02, 0xee, 0x76, 0x01, 0x00, 0x1a, 0xff, 0xde, 0x19, 0xff,
	0xde, 0x19, 0xf4, 0x7c, 0x01, 0x00, 0x22, 0xff, 0xde, 0x19, 0xff, 0xf2, 0x02, 0xee, 0x76, 0x01,
	0x00, 0x2a, 0xff, 0xde, 0x19, 0xff, 0xde, 0x19, 0xfe, 0x86, 0x01, 0x00, 0x32, 0xff, 0xde, 0x19,
	0xff, 0xfc, 0x02, 0xee, 0x76, 0x01, 0x00, 0x3a, 0xff, 0xde, 0x19, 0xff, 0xde, 0x19, 0xf4, 0x7c,
	0x01, 0x00, 0x42, 0xff, 0xde, 0x19, 0xff, 0xf2, 0x02, 0xee, 0x76, 0x01, 0x00, 0x4a, 0xff, 0xde,
	0x19, 0xff, 0xde, 0x19, 0xf4, 0x7c, 0x01, 0x00, 0x52, 0xff, 0xde, 0x19, 0xff, 0xf2, 0x02, 0xee,
	0x76, 0x01, 0x00, 0x5a, 0xff, 0xde, 0x19, 0xff, 0xde, 0x19, 0xf4, 0x7c, 0x01, 0x00, 0x62, 0xff,
	0xde, 0x19, 0xff, 0xde, 0x19, 0xf4, 0x7c, 0x01, 0x00, 0x6a, 0xff, 0xde, 0x19, 0xff, 0xde, 0x19,
	0xff, 0xde, 0x19, 0xff, 0x01, 0x00, 0xff, 0x01, 0x00, 0x88, 0x01, 0x00, 0x93, 0xde, 0x19, 0xff,
	0xde, 0x19, 0xff, 0xba, 0x03, 0x88, 0xf0, 0xce, 0xff, 0xde, 0x19, 0xff, 0x30, 0x05, 0xee, 0x76,
	0x01, 0x00, 0x7a, 0xff, 0xde, 0x19, 0xff, 0xde, 0x19, 0xec, 0x7c, 0x01, 0x86, 0xf0, 0xce, 0xff,
	0xde, 0x19, 0xff, 0xf2, 0x02, 0xee, 0x76, 0x01, 0x00, 0x0b, 0xff, 0xde, 0x19, 0xff, 0xde, 0x19,
	0xf4, 0x7c, 0x01, 0x00, 0x13, 0xff, 0xde, 0x19, 0xff, 0xf2, 0x02, 0xee, 0x76, 0x01, 0x00, 0x1b,
	0xff, 0xde, 0x19, 0xff, 0xde, 0x19, 0xf4, 0x7c, 0x01, 0x00, 0x23, 0xff, 0xde, 0x19, 0xff, 0xf2,
	0x02, 0xee, 0x76, 0x01, 0x00, 0x2b, 0xff, 0xde, 0x19, 0xff, 0xde, 0x19, 0xfe, 0x86, 0x01, 0x00,
	0x33, 0xff, 0xde, 0x19, 0xff, 0xfc, 0x02, 0xee, 0x76, 0x01, 0x00, 0x3b, 0xff, 0xde, 0x19, 0xff,
	0xde, 0x19, 0xf4, 0x7c, 0x01, 0x00, 0x43, 0xff, 0xde, 0x19, 0xff, 0xf2, 0x02, 0xee, 0x76, 0x01,
	0x00, 0x4b, 0xff, 0xde, 0x19, 0xff, 0xde, 0x19, 0xf4, 0x7c, 0x01, 0x00, 0x53, 0xff, 0xde, 0x19,
	0xff, 0xf2, 0x02, 0xee, 0x76, 0x01, 0x00, 0x5b, 0xff, 0xde, 0x19, 0xff, 0xde, 0x19, 0xf4, 0x7c,
	0x01, 0x00, 0x63, 0xff, 0xde, 0x19, 0xff, 0xde, 0x19, 0xf4, 0x7c, 0x01, 0x00, 0x6b, 0xff, 0xde,
	0x19, 0xff, 0xde, 0x19, 0xff, 0xde, 0x19, 0xff, 0x01, 0x00, 0xff, 0x01, 0x00, 0x88, 0x01, 0x00,
	0x93, 0xde, 0x19, 0xff, 0xde, 0x19, 0xff, 0xba, 0x03, 0x88, 0xf0, 0xce, 0xff, 0xde, 0x19, 0xff,
	0x30, 0x05, 0xee, 0x76, 0x01, 0x00, 0x7b, 0xff, 0xde, 0x19, 0xff, 0xde, 0x19, 0xe8, 0x7c, 0x01,
	0x8a, 0xf0, 0xce, 0xff, 0xde, 0x19, 0xff, 0xf2, 0x02, 0xee, 0x76, 0x01, 0x00, 0x0c, 0xff, 0xde,
	0x19, 0xff, 0xde, 0x19, 0xf4, 0x7c, 0x01, 0x00, 0x14, 0xff, 0xde, 0x19, 0xff, 0xf2, 0x02, 0xee,
	0x76, 0x01, 0x00, 0x1c, 0xff, 0xde, 0x19, 0xff, 0xde, 0x19, 0xf4, 0x7c, 0x01, 0x00, 0x24, 0xff,
	0xde, 0x19, 0xff, 0xf2, 0x02, 0xee, 0x76, 0x01, 0x00, 0x2c, 0xff, 0xde, 0x19, 0xff, 0xde, 0x19,
	0xfe, 0x86, 0x01, 0x00, 0x34, 0xff, 0xde, 0x19, 0xff, 0xfc, 0x02, 0xee, 0x76, 0x01, 0x00, 0x3c,
	0xff, 0xde, 0x19, 0xff, 0xde, 0x19, 0xf4, 0x7c, 0x01, 0x00, 0x44, 0xff, 0xde, 0x19, 0xff, 0xf2,
	0x02, 0xee, 0x76, 0x01, 0x00, 0x4c, 0xff, 0xde, 0x19, 0xff, 0xde, 0x19, 0xf4, 0x7c, 0x01, 0x00,
	0x54, 0xff, 0xde, 0x19, 0xff, 0xf2, 0x02, 0xee, 0x76, 0x01, 0x00, 0x5c, 0xff, 0xde, 0x19, 0xff,
	0xde, 0x19, 0xf4, 0x7c, 0x01, 0x00, 0x64, 0xff, 0xde, 0x19, 0xff, 0xde, 0x19, 0xf4, 0x7c, 0x01,
	0x00, 0x6c, 0xff, 0xde, 0x19, 0xff, 0xde, 0x19, 0xff, 0xde, 0x19, 0xff, 0x01, 0x00, 0xff, 0x01,
	0x00, 0x88, 0x01, 0x00, 0x93, 0xde, 0x19, 0xff, 0xde, 0x19, 0xff, 0xba, 0x03, 0x88, 0xf0, 0xce,
	0xff, 0xde, 0x19, 0xff, 0x30, 0x05, 0xee, 0x76, 0x01, 0x00, 0x7c, 0xff, 0xde, 0x19, 0xff, 0xde,
	0x19, 0xec, 0x7c, 0x01, 0x86, 0xf0, 0xce, 0xff, 0xde, 0x19, 0xff, 0xf2, 0x02, 0xee, 0x76, 0x01,
	0x00, 0x0d, 0xff, 0xde, 0x19, 0xff, 0xde, 0x19, 0xf4, 0x7c, 0x01, 0x00, 0x15, 0xff, 0xde, 0x19,
	0xff, 0xf2, 0x02, 0xee, 0x76, 0x01, 0x00, 0x1d, 0xff, 0xde, 0x19, 0xff, 0xde, 0x19, 0xf4, 0x7c,
	0x01, 0x00, 0x25, 0xff, 0xde, 0x19, 0xff, 0xf2, 0x02, 0xee, 0x76, 0x01, 0x00, 0x2d, 0xff, 0xde,
	0x19, 0xff, 0xde, 0x19, 0xfe, 0x86, 0x01, 0x00, 0x35, 0xff, 0xde, 0x19, 0xff, 0xfc, 0x02, 0xee,
	0x76, 0x01, 0x00, 0x3d, 0xff, 0xde, 0x19, 0xff, 0xde, 0x19, 0xf4, 0x7c, 0x01, 0x00, 0x45, 0xff,
	0xde, 0x19, 0xff, 0xf2, 0x02, 0xee, 0x76, 0x01, 0x00, 0x4d, 0xff, 0xde, 0x19, 0xff, 0xde, 0x19,
	0xf4, 0x7c, 0x01, 0x00, 0x55, 0xff, 0xde, 0x19, 0xff, 0xf2, 0x02, 0xee, 0x76, 0x01, 0x00, 0x5d,
	0xff, 0xde, 0x19, 0xff, 0xde, 0x19, 0xf4, 0x7c, 0x01, 0x00, 0x65, 0xff, 0xde, 0x19, 0xff, 0xde,
	0x19, 0xf4, 0x7c, 0x01, 0x00, 0x6d, 0xff, 0xde, 0x19, 0xff, 0xde, 0x19, 0xff, 0xde, 0x19, 0xff,
	0x01, 0x00, 0xff, 0x01, 0x00, 0x88, 0x01, 0x00, 0x93, 0xde, 0x19, 0xff, 0xde, 0x19, 0xff, 0xba,
	0x03, 0x88, 0xf0, 0xce, 0xff, 0xde, 0x19, 0xff, 0x30, 0x05, 0xee, 0x76, 0x01, 0x00, 0x7d, 0xff,
	0xde, 0x19, 0xff, 0xde, 0x19, 0xec, 0x7c, 0x01, 0x86, 0xf0, 0xce, 0xff, 0xde, 0x19, 0xff, 0xf2,
	0x02, 0xee, 0x76, 0x01, 0x00, 0x0e, 0xff, 0xde, 0x19, 0xff, 0xde, 0x19, 0xf4, 0x7c, 0x01, 0x00,
	0x16, 0xff, 0xde, 0x19, 0xff, 0xf2, 0x02, 0xee, 0x76, 0x01, 0x00, 0x1e, 0xff, 0xde, 0x19, 0xff,
	0xde, 0x19, 0xf4, 0x7c, 0x01, 0x00, 0x26, 0xff, 0xde, 0x19, 0xff, 0xf2, 0x02, 0xee, 0x76, 0x01,
	0x00, 0x2e, 0xff, 0xde, 0x19, 0xff, 0xde, 0x19, 0xfe, 0x86, 0x01, 0x00, 0x36, 0xff, 0xde, 0x19,
	0xff, 0xfc, 0x02, 0xee, 0x76, 0x01, 0x00, 0x3e, 0xff, 0xde, 0x19, 0xff, 0xde, 0x19, 0xf4, 0x7c,
	0x01, 0x00, 0x46, 0xff, 0xde, 0x19, 0xff, 0xf2, 0x02, 0xee, 0x76, 0x01, 0x00, 0x4e, 0xff, 0xde,
	0x19, 0xff, 0xde, 0x19, 0xf4, 0x7c, 0x01, 0x00, 0x56, 0xff, 0xde, 0x19, 0xff, 0xf2, 0x02, 0xee,
	0x76, 0x01, 0x00, 0x5e, 0xff, 0xde, 0x19, 0xff, 0xde, 0x19, 0xf4, 0x7c, 0x01, 0x00, 0x66, 0xff,
	0xde, 0x19, 0xff, 0xde, 0x19, 0xf4, 0x7c, 0x01, 0x00, 0x6e, 0xff, 0xde, 0x19, 0xff, 0xde, 0x19,
	0xff, 0xde, 0x19, 0xff, 0x01, 0x00, 0xff, 0x01, 0x00, 0x88, 0x01, 0x00, 0x93, 0xde, 0x19, 0xff,
	0xde, 0x19, 0xff, 0xba, 0x03, 0x88, 0xf0, 0xce, 0xff, 0xde, 0x19, 0xff, 0x30, 0x05, 0xee, 0x76,
	0x01, 0x00, 0x7e, 0xff, 0xde, 0x19, 0xff, 0xde, 0x19, 0xec, 0x7c, 0x01, 0x86, 0xf0, 0xce, 0xff,
	0xde, 0x19, 0xff, 0xf2, 0x02, 0xee, 0x76, 0x01, 0x00, 0x0f, 0xff, 0xde, 0x19, 0xff, 0xde, 0x19,
	0xf4, 0x7c, 0x01, 0x00, 0x17, 0xff, 0xde, 0x19, 0xff, 0xf2, 0x02, 0xee, 0x76, 0x01, 0x00, 0x1f,
	0xff, 0xde, 0x19, 0xff, 0xde, 0x19, 0xf4, 0x7c, 0x01, 0x00, 0x27, 0xff, 0xde, 0x19, 0xff, 0xf2,
	0x02, 0xee, 0x76, 0x01, 0x00, 0x2f, 0xff, 0xde, 0x19, 0xff, 0xde, 0x19, 0xfe, 0x86, 0x01, 0x00,
	0x37, 0xff, 0xde, 0x19, 0xff, 0xfc, 0x02, 0xee, 0x76, 0x01, 0x00, 0x3f, 0xff, 0xde, 0x19, 0xff,
	0xde, 0x19, 0xf4, 0x7c, 0x01, 0x00, 0x47, 0xff, 0xde, 0x19, 0xff, 0xf2, 0x02, 0xee, 0x76, 0x01,
	0x00, 0x4f, 0xff, 0xde, 0x19, 0xff, 0xde, 0x19, 0xf4, 0x7c, 0x01, 0x00, 0x57, 0xff, 0xde, 0x19,
	0xff, 0xf2, 0x02, 0xee, 0x76, 0x01, 0x00, 0x5f, 0xff, 0xde, 0x19, 0xff, 0xde, 0x19, 0xf4, 0x7c,
	0x01, 0x00, 0x67, 0xff, 0xde, 0x19, 0xff, 0xde, 0x19, 0xf4, 0x7c, 0x01, 0x00, 0x6f, 0xff, 0xde,
	0x19, 0xff, 0xde, 0x19, 0xff, 0xde, 0x19, 0xff, 0x01, 0x00, 0xff, 0x01, 0x00, 0x88, 0x01, 0x00,
	0x93, 0xde, 0x19, 0xff, 0xde, 0x19, 0xff, 0xba, 0x03, 0x88, 0xf0, 0xce, 0xff, 0xde, 0x19, 0xff,
	0x30, 0x05, 0xee, 0x76, 0x01, 0x00, 0x7f, 0xff, 0xde, 0x19, 0xff, 0xde, 0x19, 0xe8, 0x7c, 0x01,
	0x8a, 0xf0, 0xce, 0x00, 0xdf, 0xff, 0xde, 0x19, 0xff, 0x76, 0x01, 0xed, 0x76, 0x01, 0x00, 0x08,
	0x8e, 0x76, 0x01, 0xff, 0xde, 0x19, 0xff, 0x7c, 0x01, 0xe3, 0x7c, 0x01, 0x00, 0x10, 0x8e, 0x7c,
	0x01, 0xff, 0xde, 0x19, 0xff, 0x76, 0x01, 0xdd, 0x76, 0x01, 0x00, 0x18, 0x8e, 0x76, 0x01, 0xff,
	0xde, 0x19, 0xff, 0x7c, 0x01, 0xe3, 0x7c, 0x01, 0x00, 0x20, 0x8e, 0x7c, 0x01, 0xff, 0xde, 0x19,
	0xff, 0x76, 0x01, 0xdd, 0x76, 0x01, 0x00, 0x28, 0x8e, 0x76, 0x01, 0xff, 0xde, 0x19, 0xff, 0x86,
	0x01, 0xed, 0x86, 0x01, 0x00, 0x30, 0x8c, 0x86, 0x01, 0xff, 0xde, 0x19, 0xff, 0x76, 0x01, 0xdf,
	0x76, 0x01, 0x00, 0x38, 0x8e, 0x76, 0x01, 0xff, 0xde, 0x19, 0xff, 0x7c, 0x01, 0xe3, 0x7c, 0x01,
	0x00, 0x40, 0x8e, 0x7c, 0x01, 0xff, 0xde, 0x19, 0xff, 0x76, 0x01, 0xdd, 0x76, 0x01, 0x00, 0x48,
	0x8e, 0x76, 0x01, 0xff, 0xde, 0x19, 0xff, 0x7c, 0x01, 0xe3, 0x7c, 0x01, 0x00, 0x50, 0x8e, 0x7c,
	0x01, 0xff, 0xde, 0x19, 0xff, 0x76, 0x01, 0xdd, 0x76, 0x01, 0x00, 0x58, 0x8e, 0x76, 0x01, 0xff,
	0xde, 0x19, 0xff, 0x7c, 0x01, 0xe3, 0x7c, 0x01, 0x00, 0x60, 0x8e, 0x7c, 0x01, 0xff, 0xde, 0x19,
	0xff, 0x7c, 0x01, 0xe3, 0x7c, 0x01, 0x00, 0x68, 0x8c, 0x7c, 0x01, 0xff, 0xde, 0x19, 0xff, 0xde,
	0x19, 0xff, 0xde, 0x19, 0xff, 0x01, 0x00, 0xfb, 0x01, 0x00, 0x93, 0xde, 0x19, 0xff, 0xde, 0x19,
	0xff, 0xba, 0x03, 0x88, 0xf0, 0xce, 0x8e, 0x92, 0x0f, 0xff, 0xde, 0x19, 0xff, 0x76, 0x01, 0xdd,
	0x76, 0x01, 0x00, 0x78, 0x8e, 0x76, 0x01, 0xff, 0xde, 0x19, 0xff, 0x7c, 0x01, 0xdb, 0x7c, 0x01,
	0x86, 0xf0, 0xce, 0xff, 0xde, 0x19, 0xff, 0xf2, 0x02, 0xee, 0x76, 0x01, 0x00, 0x09, 0xff, 0xde,
	0x19, 0xff, 0xde, 0x19, 0xf4, 0x7c, 0x01, 0x00, 0x11, 0xff, 0xde, 0x19, 0xff, 0xf2, 0x02, 0xee,
	0x76, 0x01, 0x00, 0x19, 0xff, 0xde, 0x19, 0xff, 0xde, 0x19, 0xf4, 0x7c, 0x01, 0x00, 0x21, 0xff,
	0xde, 0x19, 0xff, 0xf2, 0x02, 0xee, 0x76, 0x01, 0x00, 0x29, 0xff, 0xde, 0x19, 0xff, 0xde, 0x19,
	0xfe, 0x86, 0x01, 0x00, 0x31, 0xff, 0xde, 0x19, 0xff, 0xfc, 0x02, 0xee, 0x76, 0x01, 0x00, 0x39,
	0xff, 0xde, 0x19, 0xff, 0xde, 0x19, 0xf4, 0x7c, 0x01, 0x00, 0x41, 0xff, 0xde, 0x19, 0xff, 0xf2,
	0x02, 0xee, 0x76, 0x01, 0x00, 0x49, 0xff, 0xde, 0x19, 0xff, 0xde, 0x19, 0xf4, 0x7c, 0x01, 0x00,
	0x51, 0xff, 0xde, 0x19, 0xff, 0xf2, 0x02, 0xee, 0x76, 0x01, 0x00, 0x59, 0xff, 0xde, 0x19, 0xff,
	0xde, 0x19, 0xf4, 0x7c, 0x01, 0x00, 0x61, 0xff, 0xde, 0x19, 0xff, 0xde, 0x19, 0xf4, 0x7c, 0x01,
	0x00, 0x69, 0xff, 0xde, 0x19, 0xff, 0xde, 0x19, 0xff, 0xde, 0x19, 0xff, 0x01, 0x00, 0xff, 0x01,
	0x00, 0x88, 0x01, 0x00, 0x93, 0xde, 0x19, 0xff, 0xde, 0x19, 0xff, 0xba, 0x03, 0x88, 0xf0, 0xce,
	0xff, 0xde, 0x19, 0xff, 0x30, 0x05, 0xee, 0x76, 0x01, 0x00, 0x79, 0xff, 0xde, 0x19, 0xff, 0xde,
	0x19, 0xec, 0x7c, 0x01, 0x86, 0xf0, 0xce, 0xff, 0xde, 0x19, 0xff, 0xf2, 0x02, 0xee, 0x76, 0x01,
	0x00, 0x0a, 0xff, 0xde, 0x19, 0xff, 0xde, 0x19, 0xf4, 0x7c, 0x01, 0x00, 0x12, 0xff, 0xde, 0x19,
	0xff, 0xf2, 0x02, 0xee, 0x76, 0x01, 0x00, 0x1a, 0xff, 0xde, 0x19, 0xff, 0xde, 0x19, 0xf4, 0x7c,
	0x01, 0x00, 0x22, 0xff, 0xde, 0x19, 0xff, 0xf2, 0x02, 0xee, 0x76, 0x01, 0x00, 0x2a, 0xff, 0xde,
	0x19, 0xff, 0xde, 0x19, 0xfe, 0x86, 0x01, 0x00, 0x32, 0xff, 0xde, 0x19, 0xff, 0xfc, 0x02, 0xee,
	0x76, 0x01, 0x00, 0x3a, 0xff, 0xde, 0x19, 0xff, 0xde, 0x19, 0xf4, 0x7c, 0x01, 0x00, 0x42, 0xff,
	0xde, 0x19, 0xff, 0xf2, 0x02, 0xee, 0x76, 0x01, 0x00, 0x4a, 0xff, 0xde, 0x19, 0xff, 0xde, 0x19,
	0xf4, 0x7c, 0x01, 0x00, 0x52, 0xff, 0xde, 0x19, 0xff, 0xf2, 0x02, 0xee, 0x76, 0x01, 0x00, 0x5a,
	0xff, 0xde, 0x19, 0xff, 0xde, 0x19, 0xf4, 0x7c, 0x01, 0x00, 0x62, 0xff, 0xde, 0x19, 0xff, 0xde,
	0x19, 0xf4, 0x7c, 0x01, 0x00, 0x6a, 0xff, 0xde, 0x19, 0xff, 0xde, 0x19, 0xff, 0xde, 0x19, 0xff,
	0x01, 0x00, 0xff, 0x01, 0x00, 0x88, 0x01, 0x00, 0x93, 0xde, 0x19, 0xff, 0xde, 0x19, 0xff, 0xba,
	0x03, 0x88, 0xf0, 0xce, 0xff, 0xde, 0x19, 0xff, 0x30, 0x05, 0xee, 0x76, 0x01, 0x00, 0x7a, 0xff,
	0xde, 0x19, 0xff, 0xde, 0x19, 0xec, 0x7c, 0x01, 0x86, 0xf0, 0xce, 0xff, 0xde, 0x19, 0xff, 0xf2,
	0x02, 0xee, 0x76, 0x01, 0x00, 0x0b, 0xff, 0xde, 0x19, 0xff, 0xde, 0x19, 0xf4, 0x7c, 0x01, 0x00,
	0x13, 0xff, 0xde, 0x19, 0xff, 0xf2, 0x02, 0xee, 0x76, 0x01, 0x00, 0x1b, 0xff, 0xde, 0x19, 0xff,
	0xde, 0x19, 0xf4, 0x7c, 0x01, 0x00, 0x23, 0xff, 0xde, 0x19, 0xff, 0xf2, 0x02, 0xee, 0x76, 0x01,
	0x00, 0x2b, 0xff, 0xde, 0x19, 0xff, 0xde, 0x19, 0xfe, 0x86, 0x01, 0x00, 0x33, 0xff, 0xde, 0x19,
	0xff, 0xfc, 0x02, 0xee, 0x76, 0x01, 0x00, 0x3b, 0xff, 0xde, 0x19, 0xff, 0xde, 0x19, 0xf4, 0x7c,
	0x01, 0x00, 0x43, 0xff, 0xde, 0x19, 0xff, 0xf2, 0x02, 0xee, 0x76, 0x01, 0x00, 0x4b, 0xff, 0xde,
	0x19, 0xff, 0xde, 0x19, 0xf4, 0x7c, 0x01, 0x00, 0x53, 0xff, 0xde, 0x19, 0xff, 0xf2, 0x02, 0xee,
	0x76, 0x01, 0x00, 0x5b, 0xff, 0xde, 0x19, 0xff, 0xde, 0x19, 0xf4, 0x7c, 0x01, 0x00, 0x63, 0xff,
	0xde, 0x19, 0xff, 0xde, 0x19, 0xf4, 0x7c, 0x01, 0x00, 0x6b, 0xff, 0xde, 0x19, 0xff, 0xde, 0x19,
	0xff, 0xde, 0x19, 0xff, 0x01, 0x00, 0xff, 0x01, 0x00, 0x88, 0x01, 0x00, 0x93, 0xde, 0x19, 0xff,
	0xde, 0x19, 0xff, 0xba, 0x03, 0x88, 0xf0, 0xce, 0xff, 0xde, 0x19, 0xff, 0x30, 0x05, 0xee, 0x76,
	0x01, 0x00, 0x7b, 0xff, 0xde, 0x19, 0xff, 0xde, 0x19, 0xe8, 0x7c, 0x01, 0x8a, 0xf0, 0xce, 0xff,
	0xde, 0x19, 0xff, 0xf2, 0x02, 0xee, 0x76, 0x01, 0x00, 0x0c, 0xff, 0xde, 0x19, 0xff, 0xde, 0x19,
	0xf4, 0x7c, 0x01, 0x00, 0x14, 0xff, 0xde, 0x19, 0xff, 0xf2, 0x02, 0xee, 0x76, 0x01, 0x00, 0x1c,
	0xff, 0xde, 0x19, 0xff, 0xde, 0x19, 0xf4, 0x7c, 0x01, 0x00, 0x24, 0xff, 0xde, 0x19, 0xff, 0xf2,
	0x02, 0xee, 0x76, 0x01, 0x00, 0x2c, 0xff, 0xde, 0x19, 0xff, 0xde, 0x19, 0xfe, 0x86, 0x01, 0x00,
	0x34, 0xff, 0xde, 0x19, 0xff, 0xfc, 0x02, 0xee, 0x76, 0x01, 0x00, 0x3c, 0xff, 0xde, 0x19, 0xff,
	0xde, 0x19, 0xf4, 0x7c, 0x01, 0x00, 0x44, 0xff, 0xde, 0x19, 0xff, 0xf2, 0x02, 0xee, 0x76, 0x01,
	0x00, 0x4c, 0xff, 0xde, 0x19, 0xff, 0xde, 0x19, 0xf4, 0x7c, 0x01, 0x00, 0x54, 0xff, 0xde, 0x19,
	0xff, 0xf2, 0x02, 0xee, 0x76, 0x01, 0x00, 0x5c, 0xff, 0xde, 0x19, 0xff, 0xde, 0x19, 0xf4, 0x7c,
	0x01, 0x00, 0x64, 0xff, 0xde, 0x19, 0xff, 0xde, 0x19, 0xf4, 0x7c, 0x01, 0x00, 0x6c, 0xff, 0xde,
	0x19, 0xff, 0xde, 0x19, 0xff, 0xde, 0x19, 0xff, 0x01, 0x00, 0xff, 0x01, 0x00, 0x88, 0x01, 0x00,
	0x93, 0xde, 0x19, 0xff, 0xde, 0x19, 0xff, 0xba, 0x03, 0x88, 0xf0, 0xce, 0xff, 0xde, 0x19, 0xff,
	0x30, 0x05, 0xee, 0x76, 0x01, 0x00, 0x7c, 0xff, 0xde, 0x19, 0xff, 0xde, 0x19, 0xec, 0x7c, 0x01,
	0x86, 0xf0, 0xce, 0xff, 0xde, 0x19, 0xff, 0xf2, 0x02, 0xee, 0x76, 0x01, 0x00, 0x0d, 0xff, 0xde,
	0x19, 0xff, 0xde, 0x19, 0xf4, 0x7c, 0x01, 0x00, 0x15, 0xff, 0xde, 0x19, 0xff, 0xf2, 0x02, 0xee,
	0x76, 0x01, 0x00, 0x1d, 0xff, 0xde, 0x19, 0xff, 0xde, 0x19, 0xf4, 0x7c, 0x01, 0x00, 0x25, 0xff,
	0xde, 0x19, 0xff, 0xf2, 0x02, 0xee, 0x76, 0x01, 0x00, 0x2d, 0xff, 0xde, 0x19, 0xff, 0xde, 0x19,
	0xfe, 0x86, 0x01, 0x00, 0x35, 0xff, 0xde, 0x19, 0xff, 0xfc, 0x02, 0xee, 0x76, 0x01, 0x00, 0x3d,
	0xff, 0xde, 0x19, 0xff, 0xde, 0x19, 0xf4, 0x7c, 0x01, 0x00, 0x45, 0xff, 0xde, 0x19, 0xff, 0xf2,
	0x02, 0xee, 0x76, 0x01, 0x00, 0x4d, 0xff, 0xde, 0x19, 0xff, 0xde, 0x19, 0xf4, 0x7c, 0x01, 0x00,
	0x55, 0xff, 0xde, 0x19, 0xff, 0xf2, 0x02, 0xee, 0x76, 0x01, 0x00, 0x5d, 0xff, 0xde, 0x19, 0xff,
	0xde, 0x19, 0xf4, 0x7c, 0x01, 0x00, 0x65, 0xff, 0xde, 0x19, 0xff, 0xde, 0x19, 0xf4, 0x7c, 0x01,
	0x00, 0x6d, 0xff, 0xde, 0x19, 0xff, 0xde, 0x19, 0xff, 0xde, 0x19, 0xff, 0x01, 0x00, 0xff, 0x01,
	0x00, 0x88, 0x01, 0x00, 0x93, 0xde, 0x19, 0xff, 0xde, 0x19, 0xff, 0xba, 0x03, 0x88, 0xf0, 0xce,
	0xff, 0xde, 0x19, 0xff, 0x30, 0x05, 0xee, 0x76, 0x01, 0x00, 0x7d, 0xff, 0xde, 0x19, 0xff, 0xde,
	0x19, 0xec, 0x7c, 0x01, 0x86, 0xf0, 0xce, 0xff, 0xde, 0x19, 0xff, 0xf2, 0x02, 0xee, 0x76, 0x01,
	0x00, 0x0e, 0xff, 0xde, 0x19, 0xff, 0xde, 0x19, 0xf4, 0x7c, 0x01, 0x00, 0x16, 0xff, 0xde, 0x19,
	0xff, 0xf2, 0x02, 0xee, 0x76, 0x01, 0x00, 0x1e, 0xff, 0xde, 0x19, 0xff, 0xde, 0x19, 0xf4, 0x7c,
	0x01, 0x00, 0x26, 0xff, 0xde, 0x19, 0xff, 0xf2, 0x02, 0xee, 0x76, 0x01, 0x00, 0x2e, 0xff, 0xde,
	0x19, 0xff, 0xde, 0x19, 0xfe, 0x86, 0x01, 0x00, 0x36, 0xff, 0xde, 0x19, 0xff, 0xfc, 0x02, 0xee,
	0x76, 0x01, 0x00, 0x3e, 0xff, 0xde, 0x19, 0xff, 0xde, 0x19, 0xf4, 0x7c, 0x01, 0x00, 0x46, 0xff,
	0xde, 0x19, 0xff, 0xf2, 0x02, 0xee, 0x76, 0x01, 0x00, 0x4e, 0xff, 0xde, 0x19, 0xff, 0xde, 0x19,
	0xf4, 0x7c, 0x01, 0x00, 0x56, 0xff, 0xde, 0x19, 0xff, 0xf2, 0x02, 0xee, 0x76, 0x01, 0x00, 0x5e,
	0xff, 0xde, 0x19, 0xff, 0xde, 0x19, 0xf4, 0x7c, 0x01, 0x00, 0x66, 0xff, 0xde, 0x19, 0xff, 0xde,
	0x19, 0xf4, 0x7c, 0x01, 0x00, 0x6e, 0xff, 0xde, 0x19, 0xff, 0xde, 0x19, 0xff, 0xde, 0x19, 0xff,
	0x01, 0x00, 0xff, 0x01, 0x00, 0x88, 0x01, 0x00, 0x93, 0xde, 0x19, 0xff, 0xde, 0x19, 0xff, 0xba,
	0x03, 0x88, 0xf0, 0xce, 0xff, 0xde, 0x19, 0xff, 0x30, 0x05, 0xee, 0x76, 0x01, 0x00, 0x7e, 0xff,
	0xde, 0x19, 0xff, 0xde, 0x19, 0xec, 0x7c, 0x01, 0x86, 0xf0, 0xce, 0xff, 0xde, 0x19, 0xff, 0xf2,
	0x02, 0xee, 0x76, 0x01, 0x00, 0x0f, 0xff, 0xde, 0x19, 0xff, 0xde, 0x19, 0xf4, 0x7c, 0x01, 0x00,
	0x17, 0xff, 0xde, 0x19, 0xff, 0xf2, 0x02, 0xee, 0x76, 0x01, 0x00, 0x1f, 0xff, 0xde, 0x19, 0xff,
	0xde, 0x19, 0xf4, 0x7c, 0x01, 0x00, 0x27, 0xff, 0xde, 0x19, 0xff, 0xf2, 0x02, 0xee, 0x76, 0x01,
	0x00, 0x2f, 0xff, 0xde, 0x19, 0xff, 0xde, 0x19, 0xfe, 0x86, 0x01, 0x00, 0x37, 0xff, 0xde, 0x19,
	0xff, 0xfc, 0x02, 0xee, 0x76, 0x01, 0x00, 0x3f, 0xff, 0xde, 0x19, 0xff, 0xde, 0x19, 0xf4, 0x7c,
	0x01, 0x00, 0x47, 0xff, 0xde, 0x19, 0xff, 0xf2, 0x02, 0xee, 0x76, 0x01, 0x00, 0x4f, 0xff, 0xde,
	0x19, 0xff, 0xde, 0x19, 0xf4, 0x7c, 0x01, 0x00, 0x57, 0xff, 0xde, 0x19, 0xff, 0xf2, 0x02, 0xee,
	0x76, 0x01, 0x00, 0x5f, 0xff, 0xde, 0x19, 0xff, 0xde, 0x19, 0xf4, 0x7c, 0x01, 0x00, 0x67, 0xff,
	0xde, 0x19, 0xff, 0xde, 0x19, 0xf4, 0x7c, 0x01, 0x00, 0x6f, 0xff, 0xde, 0x19, 0xff, 0xde, 0x19,
	0xff, 0xde, 0x19, 0xff, 0x01, 0x00, 0xff, 0x01, 0x00, 0x88, 0x01, 0x00, 0x93, 0xde, 0x19, 0xff,
	0xde, 0x19, 0xff, 0xba, 0x03, 0x88, 0xf0, 0xce, 0xff, 0xde, 0x19, 0xff, 0x30, 0x05, 0xee, 0x76,
	0x01, 0x00, 0x7f, 0xff, 0xde, 0x19, 0x82, 0xde, 0x19, 0x00, 0x6c, 0xff, 0x28, 0x08, 0xd5, 0x7c,
	0x01, 0x00, 0x00, 0x83, 0x76, 0x01, 0x83, 0x0c, 0x4f, 0x03, 0x00, 0x80, 0x00, 0x80, 0xff, 0xd4,
	0x19, 0xff, 0x6c, 0x01, 0xd5, 0xe8, 0x02, 0x8b, 0x6c, 0x01, 0x01, 0xff, 0xff, 0xff, 0xca, 0x19,
	0x03, 0x00, 0x00, 0xe6, 0x03, 0xff, 0xde, 0x02, 0xe3, 0xde, 0x02, 0x00, 0x08, 0x90, 0xde, 0x02,
	0xff, 0xc0, 0x19, 0xff, 0x6c, 0x01, 0xd1, 0xde, 0x02, 0x00, 0x08, 0x90, 0xde, 0x02, 0xf1, 0xb6,
	0x19, 0x02, 0x52, 0x05, 0x71, 0xff, 0xde, 0x02, 0xe2, 0xde, 0x02, 0x00, 0x10, 0x90, 0xde, 0x02,
	0xff, 0xac, 0x19, 0xff, 0x6c, 0x01, 0xd1, 0xde, 0x02, 0x00, 0x10, 0x90, 0xde, 0x02, 0xfb, 0xa2,
	0x19, 0x01, 0xc3, 0x06, 0xff, 0xc6, 0x05, 0xe3, 0xe8, 0x02, 0x00, 0x18, 0x8e, 0xe8, 0x02, 0xff,
	0x98, 0x19, 0xff, 0x6c, 0x01, 0xd3, 0xe8, 0x02, 0x00, 0x18, 0x8e, 0xe8, 0x02, 0xf3, 0x8e, 0x19,
	0x01, 0x2f, 0x08, 0xff, 0xde, 0x02, 0xdd, 0xde, 0x02, 0x83, 0xb0, 0x40, 0x00, 0x01, 0x90, 0xde,
	0x02, 0xff, 0x84, 0x19, 0xff, 0x6c, 0x01, 0xcb, 0xde, 0x02, 0x85, 0x6c, 0x01, 0x8f, 0xde, 0x02,
	0xf1, 0x7a, 0x19, 0x01, 0x9b, 0x09, 0xff, 0xde, 0x02, 0xe3, 0xde, 0x02, 0x00, 0x09, 0x90, 0xde,
	0x02, 0xff, 0x70, 0x19, 0xff, 0x6c, 0x01, 0xd1, 0xde, 0x02, 0x00, 0x09, 0x90, 0xde, 0x02, 0xf1,
	0x66, 0x19, 0x02, 0x07, 0x0b, 0x75, 0xff, 0xde, 0x02, 0xe2, 0xde, 0x02, 0x00, 0x11, 0x90, 0xde,
	0x02, 0xff, 0x5c, 0x19, 0xff, 0x72, 0x01, 0xd7, 0xe4, 0x02, 0x00, 0x11, 0x8e, 0xe4, 0x02, 0xfb,
	0x52, 0x19, 0x00, 0x7a, 0xff, 0x52, 0x19, 0x82, 0x01, 0x00, 0xff, 0x52, 0x19, 0xff, 0x01, 0x00,
	0xf9, 0x01, 0x00, 0x93, 0x52, 0x19, 0x8f, 0x52, 0x19, 0x00, 0x70, 0xff, 0x52, 0x19, 0xea, 0x22,
	0x05, 0x00, 0x19, 0x90, 0xa4, 0x10, 0xff, 0x48, 0x19, 0xff, 0x6c, 0x01, 0xd1, 0x1c, 0x05, 0x00,
	0x19, 0x90, 0xa4, 0x10, 0xf1, 0x3e, 0x19, 0x00, 0x70, 0xff, 0x3e, 0x19, 0xde, 0xde, 0x02, 0x83,
	0x8e, 0x34, 0x00, 0x02, 0xff, 0x3e, 0x19, 0xff, 0x3e, 0x19, 0xde, 0xde, 0x02, 0x85, 0x6c, 0x01,
	0xff, 0x3e, 0x19, 0x81, 0x3e, 0x19, 0x00, 0xdc, 0xff, 0x3e, 0x19, 0xe4, 0xde, 0x02, 0x00, 0x0a,
	0xff, 0x3e, 0x19, 0xff, 0x3e, 0x19, 0xe4, 0xde, 0x02, 0x00, 0x0a, 0xff, 0x3e, 0x19, 0x82, 0x3e,
	0x19, 0x00, 0x48, 0xff, 0x3e, 0x19, 0xe4, 0xde, 0x02, 0x00, 0x12, 0xff, 0x3e, 0x19, 0xff, 0x3e,
	0x19, 0xe4, 0xde, 0x02, 0x00, 0x12, 0xff, 0x3e, 0x19, 0x8c, 0x3e, 0x19, 0x00, 0xb9, 0xff, 0x3e,
	0x19, 0xe4, 0xe8, 0x02, 0x00, 0x1a, 0xff, 0x3e, 0x19, 0xff, 0x3e, 0x19, 0xe4, 0xe8, 0x02, 0x00,
	0x1a, 0xff, 0x3e, 0x19, 0x82, 0x3e, 0x19, 0x00, 0x25, 0xff, 0x3e, 0x19, 0xde, 0xde, 0x02, 0x83,
	0x32, 0x26, 0x00, 0x03, 0xff, 0x3e, 0x19, 0xff, 0x3e, 0x19, 0xde, 0xde, 0x02, 0x85, 0x6c, 0x01,
	0xff, 0x3e, 0x19, 0x81, 0x3e, 0x19, 0x00, 0x91, 0xff, 0x3e, 0x19, 0xe4, 0xde, 0x02, 0x00, 0x0b,
	0xff, 0x3e, 0x19, 0xff, 0x3e, 0x19, 0xe4, 0xde, 0x02, 0x00, 0x0b, 0xff, 0x3e, 0x19, 0x82, 0x3e,
	0x19, 0x01, 0xfd, 0x0a, 0xff, 0x3e, 0x19, 0xe3, 0xde, 0x02, 0x00, 0x13, 0xff, 0x3e, 0x19, 0xff,
	0x3e, 0x19, 0xea, 0xe4, 0x02, 0x00, 0x13, 0xff, 0x3e, 0x19, 0x8a, 0x3e, 0x19, 0x00, 0x70, 0xff,
	0x3e, 0x19, 0x82, 0x01, 0x00, 0xff, 0x3e, 0x19, 0xff, 0x01, 0x00, 0xf9, 0x01, 0x00, 0x93, 0x3e,
	0x19, 0xff, 0x3e, 0x19, 0xfd, 0x22, 0x05, 0x00, 0x1b, 0xff, 0x3e, 0x19, 0xff, 0x3e, 0x19, 0xe4,
	0x1c, 0x05, 0x00, 0x1b, 0xff, 0x3e, 0x19, 0xff, 0x3e, 0x19, 0xe4, 0xde, 0x02, 0x00, 0x04, 0x82,
	0x72, 0x01, 0x00, 0x04, 0xff, 0x3e, 0x19, 0xff, 0x3e, 0x19, 0xde, 0xde, 0x02, 0x85, 0x6c, 0x01,
	0xff, 0x3e, 0x19, 0xff, 0x3e, 0x19, 0xe9, 0xde, 0x02, 0x00, 0x0c, 0xff, 0x3e, 0x19, 0xff, 0x3e,
	0x19, 0xe4, 0xde, 0x02, 0x00, 0x0c, 0xff, 0x3e, 0x19, 0xff, 0x3e, 0x19, 0xea, 0xde, 0x02, 0x00,
	0x14, 0xff, 0x3e, 0x19, 0xff, 0x3e, 0x19, 0xe4, 0xde, 0x02, 0x00, 0x14, 0xff, 0x3e, 0x19, 0xff,
	0x3e, 0x19, 0xf4, 0xe8, 0x02, 0x00, 0x1c, 0xff, 0x3e, 0x19, 0xff, 0x3e, 0x19, 0xe4, 0xe8, 0x02,
	0x00, 0x1c, 0xff, 0x3e, 0x19, 0xff, 0x3e, 0x19, 0xe4, 0xde, 0x02, 0x00, 0x05, 0x82, 0x72, 0x01,
	0x00, 0x05, 0xff, 0x3e, 0x19, 0xff, 0x3e, 0x19, 0xde, 0xde, 0x02, 0x85, 0x6c, 0x01, 0xff, 0x3e,
	0x19, 0xff, 0x3e, 0x19, 0xe9, 0xde, 0x02, 0x00, 0x0d, 0xff, 0x3e, 0x19, 0xff, 0x3e, 0x19, 0xe4,
	0xde, 0x02, 0x00, 0x0d, 0xff, 0x3e, 0x19, 0xff, 0x3e, 0x19, 0xea, 0xde, 0x02, 0x00, 0x15, 0xff,
	0x3e, 0x19, 0xff, 0x3e, 0x19, 0xea, 0xe4, 0x02, 0x00, 0x15, 0xff, 0x3e, 0x19, 0xff, 0x3e, 0x19,
	0x86, 0x10, 0x00, 0xff, 0x3e, 0x19, 0xff, 0x01, 0x00, 0xff, 0x01, 0x00, 0x81, 0x01, 0x00, 0x93,
	0x3e, 0x19, 0xff, 0x3e, 0x19, 0xfd, 0x22, 0x05, 0x00, 0x1d, 0xff, 0x3e, 0x19, 0xff, 0x3e, 0x19,
	0xe4, 0x1c, 0x05, 0x00, 0x1d, 0xff, 0x3e, 0x19, 0xff, 0x3e, 0x19, 0xe4, 0xde, 0x02, 0x84, 0x4e,
	0x4a, 0x00, 0x88, 0xff, 0x3e, 0x19, 0xff, 0x3e, 0x19, 0xdd, 0xde, 0x02, 0x85, 0x6c, 0x01, 0xff,
	0x3e, 0x19, 0xff, 0x3e, 0x19, 0xea, 0xba, 0x4b, 0x90, 0xde, 0x02, 0xff, 0x3e, 0x19, 0xff, 0x6c,
	0x01, 0xd1, 0xde, 0x02, 0x00, 0x08, 0x90, 0xde, 0x02, 0xff, 0x3e, 0x19, 0xff, 0x72, 0x01, 0xd8,
	0xba, 0x4b, 0x90, 0xde, 0x02, 0xff, 0x3e, 0x19, 0xff, 0x6c, 0x01, 0xd1, 0xde, 0x02, 0x00, 0x10,
	0x90, 0xde, 0x02, 0xff, 0x3e, 0x19, 0xff, 0x7c, 0x01, 0xe2, 0xba, 0x4b, 0x8e, 0xe8, 0x02, 0xff,
	0x3e, 0x19, 0xff, 0x6c, 0x01, 0xd3, 0xe8, 0x02, 0x00, 0x18, 0x8e, 0xe8, 0x02, 0xff, 0x3e, 0x19,
	0xff, 0x72, 0x01, 0xd3, 0xde, 0x02, 0x84, 0x4e, 0x4a, 0x90, 0xde, 0x02, 0xff, 0x3e, 0x19, 0xff,
	0x6c, 0x01, 0xcb, 0xde, 0x02, 0x85, 0x6c, 0x01, 0xff, 0x3e, 0x19, 0xff, 0x3e, 0x19, 0xea, 0xba,
	0x4b, 0x90, 0xde, 0x02, 0xff, 0x3e, 0x19, 0xff, 0x6c, 0x01, 0xd1, 0xde, 0x02, 0x00, 0x09, 0x90,
	0xde, 0x02, 0xff, 0x3e, 0x19, 0xff, 0x72, 0x01, 0xd8, 0xba, 0x4b, 0x90, 0xde, 0x02, 0xff, 0x3e,
	0x19, 0xff, 0x72, 0x01, 0xd8, 0xba, 0x4b, 0x8e, 0xe4, 0x02, 0xff, 0x3e, 0x19, 0xff, 0x3e, 0x19,
	0xff, 0x3e, 0x19, 0xff, 0x01, 0x00, 0xfb, 0x01, 0x00, 0x93, 0x3e, 0x19, 0xff, 0x3e, 0x19, 0xfe,
	0xba, 0x4b, 0x90, 0xa4, 0x10, 0xff, 0x3e, 0x19, 0xff, 0x6c, 0x01, 0xd1, 0x1c, 0x05, 0x00, 0x19,
	0x90, 0xa4, 0x10, 0xff, 0x3e, 0x19, 0xff, 0x72, 0x01, 0xd8, 0xba, 0x4b, 0xff, 0x3e, 0x19, 0xff,
	0x3e, 0x19, 0xde, 0xde, 0x02, 0x85, 0x6c, 0x01, 0xff, 0x3e, 0x19, 0xff, 0x3e, 0x19, 0xea, 0xba,
	0x4b, 0xff, 0x3e, 0x19, 0xff, 0x3e, 0x19, 0xe4, 0xde, 0x02, 0x00, 0x0a, 0xff, 0x3e, 0x19, 0xff,
	0x3e, 0x19, 0xea, 0xde, 0x02, 0x00, 0x12, 0xff, 0x3e, 0x19, 0xff, 0x3e, 0x19, 0xe4, 0xde, 0x02,
	0x00, 0x12, 0xff, 0x3e, 0x19, 0xff, 0x3e, 0x19, 0xf4, 0xe8, 0x02, 0x00, 0x1a, 0xff, 0x3e, 0x19,
	0xff, 0x3e, 0x19, 0xe4, 0xe8, 0x02, 0x00, 0x1a, 0xff, 0x3e, 0x19, 0xff, 0x3e, 0x19, 0xe4, 0xde,
	0x02, 0x84, 0x4e, 0x4a, 0xff, 0x3e, 0x19, 0xff, 0x3e, 0x19, 0xde, 0xde, 0x02, 0x85, 0x6c, 0x01,
	0xff, 0x3e, 0x19, 0xff, 0x3e, 0x19, 0xea, 0xba, 0x4b, 0xff, 0x3e, 0x19, 0xff, 0x3e, 0x19, 0xe4,
	0xde, 0x02, 0x00, 0x0b, 0xff, 0x3e, 0x19, 0xff, 0x3e, 0x19, 0xea, 0xde, 0x02, 0x00, 0x13, 0xff,
	0x3e, 0x19, 0xff, 0x3e, 0x19, 0xea, 0xe4, 0x02, 0x00, 0x13, 0xff, 0x3e, 0x19, 0xff, 0x3e, 0x19,
	0x86, 0x10, 0x00, 0xff, 0x3e, 0x19, 0xff, 0x01, 0x00, 0xff, 0x01, 0x00, 0x81, 0x01, 0x00, 0x93,
	0x3e, 0x19, 0xff, 0x3e, 0x19, 0xfe, 0xba, 0x4b, 0xff, 0x3e, 0x19, 0xff, 0x3e, 0x19, 0xe4, 0x1c,
	0x05, 0x00, 0x1b, 0xff, 0x3e, 0x19, 0xff, 0x3e, 0x19, 0xe4, 0xde, 0x02, 0x84, 0x4e, 0x4a, 0xff,
	0x3e, 0x19, 0xff, 0x3e, 0x19, 0xde, 0xde, 0x02, 0x85, 0x6c, 0x01, 0xff, 0x3e, 0x19, 0xff, 0x3e,
	0x19, 0xea, 0xba, 0x4b, 0xff, 0x3e, 0x19, 0xff, 0x3e, 0x19, 0xe4, 0xde, 0x02, 0x00, 0x0c, 0xff,
	0x3e, 0x19, 0xff, 0x3e, 0x19, 0xea, 0xde, 0x02, 0x00, 0x14, 0xff, 0x3e, 0x19, 0xff, 0x3e, 0x19,
	0xe4, 0xde, 0x02, 0x00, 0x14, 0xff, 0x3e, 0x19, 0xff, 0x3e, 0x19, 0xf4, 0xe8, 0x02, 0x00, 0x1c,
	0xff, 0x3e, 0x19, 0xff, 0x3e, 0x19, 0xe4, 0xe8, 0x02, 0x00, 0x1c, 0xff, 0x3e, 0x19, 0xff, 0x3e,
	0x19, 0xe4, 0xde, 0x02, 0x84, 0x4e, 0x4a, 0xff, 0x3e, 0x19, 0xff, 0x3e, 0x19, 0xde, 0xde, 0x02,
	0x85, 0x6c, 0x01, 0xff, 0x3e, 0x19, 0xff, 0x3e, 0x19, 0xea, 0xba, 0x4b, 0xff, 0x3e, 0x19, 0xff,
	0x3e, 0x19, 0xe4, 0xde, 0x02, 0x00, 0x0d, 0xff, 0x3e, 0x19, 0xff, 0x3e, 0x19, 0xea, 0xde, 0x02,
	0x00, 0x15, 0xff, 0x3e, 0x19, 0xff, 0x3e, 0x19, 0xea, 0xe4, 0x02, 0x00, 0x15, 0xff, 0x3e, 0x19,
	0xff, 0x3e, 0x19, 0x86, 0x10, 0x00, 0xff, 0x3e, 0x19, 0xff, 0x01, 0x00, 0xff, 0x01, 0x00, 0x81,
	0x01, 0x00, 0x93, 0x3e, 0x19, 0xff, 0x3e, 0x19, 0xfe, 0xba, 0x4b, 0xff, 0x3e, 0x19, 0xff, 0x3e,
	0x19, 0xe4, 0x1c, 0x05, 0x00, 0x1d, 0xff, 0x3e, 0x19, 0xff, 0x3e, 0x19, 0xe4, 0xde, 0x02, 0x84,
	0x4e, 0x4a, 0x00, 0x81, 0xff, 0x3e, 0x19, 0xff, 0x3e, 0x19, 0xdd, 0xde, 0x02, 0x85, 0x6c, 0x01,
	0xff, 0x3e, 0x19, 0xff, 0x3e, 0x19, 0xea, 0xba, 0x4b, 0x90, 0xde, 0x02, 0xff, 0x3e, 0x19, 0xff,
	0x6c, 0x01, 0xd1, 0xde, 0x02, 0x00, 0x08, 0x90, 0xde, 0x02, 0xff, 0x3e, 0x19, 0xff, 0x72, 0x01,
	0xd8, 0xba, 0x4b, 0x90, 0xde, 0x02, 0xff, 0x3e, 0x19, 0xff, 0x6c, 0x01, 0xd1, 0xde, 0x02, 0x00,
	0x10, 0x90, 0xde, 0x02, 0xff, 0x3e, 0x19, 0xff, 0x7c, 0x01, 0xe2, 0xba, 0x4b, 0x8e, 0xe8, 0x02,
	0xff, 0x3e, 0x19, 0xff, 0x6c, 0x01, 0xd3, 0xe8, 0x02, 0x00, 0x18, 0x8e, 0xe8, 0x02, 0xff, 0x3e,
	0x19, 0xff, 0x72, 0x01, 0xd3, 0xde, 0x02, 0x84, 0x4e, 0x4a, 0x90, 0xde, 0x02, 0xff, 0x3e, 0x19,
	0xff, 0x6c, 0x01, 0xcb, 0xde, 0x02, 0x85, 0x6c, 0x01, 0xff, 0x3e, 0x19, 0xff, 0x3e, 0x19, 0xea,
	0xba, 0x4b, 0x90, 0xde, 0x02, 0xff, 0x3e, 0x19, 0xff, 0x6c, 0x01, 0xd1, 0xde, 0x02, 0x00, 0x09,
	0x90, 0xde, 0x02, 0xff, 0x3e, 0x19, 0xff, 0x72, 0x01, 0xd8, 0xba, 0x4b, 0x90, 0xde, 0x02, 0xff,
	0x3e, 0x19, 0xff, 0x72, 0x01, 0xd8, 0xba, 0x4b, 0x8e, 0xe4, 0x02, 0xff, 0x3e, 0x19, 0xff, 0x3e,
	0x19, 0xff, 0x3e, 0x19, 0xff, 0x01, 0x00, 0xfb, 0x01, 0x00, 0x93, 0x3e, 0x19, 0xff, 0x3e, 0x19,
	0xfe, 0xba, 0x4b, 0x90, 0xa4, 0x10, 0xff, 0x3e, 0x19, 0xff, 0x6c, 0x01, 0xd1, 0x1c, 0x05, 0x00,
	0x19, 0x90, 0xa4, 0x10, 0xff, 0x3e, 0x19, 0xff, 0x72, 0x01, 0xd8, 0xba, 0x4b, 0xff, 0x3e, 0x19,
	0xff, 0x3e, 0x19, 0xde, 0xde, 0x02, 0x85, 0x6c, 0x01, 0xff, 0x3e, 0x19, 0xff, 0x3e, 0x19, 0xea,
	0xba, 0x4b, 0xff, 0x3e, 0x19, 0xff, 0x3e, 0x19, 0xe4, 0xde, 0x02, 0x00, 0x0a, 0xff, 0x3e, 0x19,
	0xff, 0x3e, 0x19, 0xea, 0xde, 0x02, 0x00, 0x12, 0xff, 0x3e, 0x19, 0xff, 0x3e, 0x19, 0xe4, 0xde,
	0x02, 0x00, 0x12, 0xff, 0x3e, 0x19, 0xff, 0x3e, 0x19, 0xf4, 0xe8, 0x02, 0x00, 0x1a, 0xff, 0x3e,
	0x19, 0xff, 0x3e, 0x19, 0xe4, 0xe8, 0x02, 0x00, 0x1a, 0xff, 0x3e, 0x19, 0xff, 0x3e, 0x19, 0xe4,
	0xde, 0x02, 0x84, 0x4e, 0x4a, 0xff, 0x3e, 0x19, 0xff, 0x3e, 0x19, 0xde, 0xde, 0x02, 0x85, 0x6c,
	0x01, 0xff, 0x3e, 0x19, 0xff, 0x3e, 0x19, 0xea, 0xba, 0x4b, 0xff, 0x3e, 0x19, 0xff, 0x3e, 0x19,
	0xe4, 0xde, 0x02, 0x00, 0x0b, 0xff, 0x3e, 0x19, 0xff, 0x3e, 0x19, 0xea, 0xde, 0x02, 0x00, 0x13,
	0xff, 0x3e, 0x19, 0xff, 0x3e, 0x19, 0xea, 0xe4, 0x02, 0x00, 0x13, 0xff, 0x3e, 0x19, 0xff, 0x3e,
	0x19, 0x86, 0x10, 0x00, 0xff, 0x3e, 0x19, 0xff, 0x01, 0x00, 0xff, 0x01, 0x00, 0x81, 0x01, 0x00,
	0x93, 0x3e, 0x19, 0xff, 0x3e, 0x19, 0xfe, 0xba, 0x4b, 0xff, 0x3e, 0x19, 0xff, 0x3e, 0x19, 0xe4,
	0x1c, 0x05, 0x00, 0x1b, 0xff, 0x3e, 0x19, 0xff, 0x3e, 0x19, 0xe4, 0xde, 0x02, 0x84, 0x4e, 0x4a,
	0xff, 0x3e, 0x19, 0xff, 0x3e, 0x19, 0xde, 0xde, 0x02, 0x85, 0x6c, 0x01, 0xff, 0x3e, 0x19, 0xff,
	0x3e, 0x19, 0xea, 0xba, 0x4b, 0xff, 0x3e, 0x19, 0xff, 0x3e, 0x19, 0xe4, 0xde, 0x02, 0x00, 0x0c,
	0xff, 0x3e, 0x19, 0xff, 0x3e, 0x19, 0xea, 0xde, 0x02, 0x00, 0x14, 0xff, 0x3e, 0x19, 0xff, 0x3e,
	0x19, 0xe4, 0xde, 0x02, 0x00, 0x14, 0xff, 0x3e, 0x19, 0xff, 0x3e, 0x19, 0xf4, 0xe8, 0x02, 0x00,
	0x1c, 0xff, 0x3e, 0x19, 0xff, 0x3e, 0x19, 0xe4, 0xe8, 0x02, 0x00, 0x1c, 0xff, 0x3e, 0x19, 0xff,
	0x3e, 0x19, 0xe4, 0xde, 0x02, 0x84, 0x4e, 0x4a, 0xff, 0x3e, 0x19, 0xff, 0x3e, 0x19, 0xde, 0xde,
	0x02, 0x85, 0x6c, 0x01, 0xff, 0x3e, 0x19, 0xff, 0x3e, 0x19, 0xea, 0xba, 0x4b, 0xff, 0x3e, 0x19,
	0xff, 0x3e, 0x19, 0xe4, 0xde, 0x02, 0x00, 0x0d, 0xff, 0x3e, 0x19, 0xff, 0x3e, 0x19, 0xea, 0xde,
	0x02, 0x00, 0x15, 0xff, 0x3e, 0x19, 0xff, 0x3e, 0x19, 0xea, 0xe4, 0x02, 0x00, 0x15, 0xff, 0x3e,
	0x19, 0xff, 0x3e, 0x19, 0x86, 0x10, 0x00, 0xff, 0x3e, 0x19, 0xff, 0x01, 0x00, 0xff, 0x01, 0x00,
	0x81, 0x01, 0x00, 0x93, 0x3e, 0x19, 0xff, 0x3e, 0x19, 0xfe, 0xba, 0x4b, 0xff, 0x3e, 0x19, 0xff,
	0x3e, 0x19, 0xe4, 0x1c, 0x05, 0x00, 0x1d, 0xff, 0x3e, 0x19, 0xff, 0x3e, 0x19, 0xe4, 0xde, 0x02,
	0x84, 0x4e, 0x4a, 0x00, 0x89, 0xff, 0x3e, 0x19, 0xff, 0x3e, 0x19, 0xdd, 0xde, 0x02, 0x85, 0x6c,
	0x01, 0xff, 0x3e, 0x19, 0xff, 0x3e, 0x19, 0xea, 0xba, 0x4b, 0x90, 0xde, 0x02, 0xff, 0x3e, 0x19,
	0xff, 0x6c, 0x01, 0xd1, 0xde, 0x02, 0x00, 0x08, 0x90, 0xde, 0x02, 0xff, 0x3e, 0x19, 0xff, 0x72,
	0x01, 0xd8, 0xba, 0x4b, 0x90, 0xde, 0x02, 0xff, 0x3e, 0x19, 0xff, 0x6c, 0x01, 0xd1, 0xde, 0x02,
	0x00, 0x10, 0x90, 0xde, 0x02, 0xff, 0x3e, 0x19, 0xff, 0x7c, 0x01, 0xe2, 0xba, 0x4b, 0x8e, 0xe8,
	0x02, 0xff, 0x3e, 0x19, 0xff, 0x6c, 0x01, 0xd3, 0xe8, 0x02, 0x00, 0x18, 0x8e, 0xe8, 0x02, 0xff,
	0x3e, 0x19, 0xff, 0x72, 0x01, 0xd3, 0xde, 0x02, 0x84, 0x4e, 0x4a, 0x90, 0xde, 0x02, 0xff, 0x3e,
	0x19, 0xff, 0x6c, 0x01, 0xcb, 0xde, 0x02, 0x85, 0x6c, 0x01, 0xff, 0x3e, 0x19, 0xff, 0x3e, 0x19,
	0xea, 0xba, 0x4b, 0x90, 0xde, 0x02, 0xff, 0x3e, 0x19, 0xff, 0x6c, 0x01, 0xd1, 0xde, 0x02, 0x00,
	0x09, 0x90, 0xde, 0x02, 0xff, 0x3e, 0x19, 0xff, 0x72, 0x01, 0xd8, 0xba, 0x4b, 0x90, 0xde, 0x02,
	0xff, 0x3e, 0x19, 0xff, 0x72, 0x01, 0xd8, 0xba, 0x4b, 0x8e, 0xe4, 0x02, 0xff, 0x3e, 0x19, 0xff,
	0x3e, 0x19, 0xff, 0x3e, 0x19, 0xff, 0x01, 0x00, 0xfb, 0x01, 0x00, 0x93, 0x3e, 0x19, 0xff, 0x3e,
	0x19, 0xfe, 0xba, 0x4b, 0x90, 0xa4, 0x10, 0xff, 0x3e, 0x19, 0xff, 0x6c, 0x01, 0xd1, 0x1c, 0x05,
	0x00, 0x19, 0x90, 0xa4, 0x10, 0xff, 0x3e, 0x19, 0xff, 0x72, 0x01, 0xd8, 0xba, 0x4b, 0xff, 0x3e,
	0x19, 0xff, 0x3e, 0x19, 0xde, 0xde, 0x02, 0x85, 0x6c, 0x01, 0xff, 0x3e, 0x19, 0xff, 0x3e, 0x19,
	0xea, 0xba, 0x4b, 0xff, 0x3e, 0x19, 0xff, 0x3e, 0x19, 0xe4, 0xde, 0x02, 0x00, 0x0a, 0xff, 0x3e,
	0x19, 0xff, 0x3e, 0x19, 0xea, 0xde, 0x02, 0x00, 0x12, 0xff, 0x3e, 0x19, 0xff, 0x3e, 0x19, 0xe4,
	0xde, 0x02, 0x00, 0x12, 0xff, 0x3e, 0x19, 0xff, 0x3e, 0x19, 0xf4, 0xe8, 0x02, 0x00, 0x1a, 0xff,
	0x3e, 0x19, 0xff, 0x3e, 0x19, 0xe4, 0xe8, 0x02, 0x00, 0x1a, 0xff, 0x3e, 0x19, 0xff, 0x3e, 0x19,
	0xe4, 0xde, 0x02, 0x84, 0x4e, 0x4a, 0xff, 0x3e, 0x19, 0xff, 0x3e, 0x19, 0xde, 0xde, 0x02, 0x85,
	0x6c, 0x01, 0xff, 0x3e, 0x19, 0xff, 0x3e, 0x19, 0xea, 0xba, 0x4b, 0xff, 0x3e, 0x19, 0xff, 0x3e,
	0x19, 0xe4, 0xde, 0x02, 0x00, 0x0b, 0xff, 0x3e, 0x19, 0xff, 0x3e, 0x19, 0xea, 0xde, 0x02, 0x00,
	0x13, 0xff, 0x3e, 0x19, 0xff, 0x3e, 0x19, 0xea, 0xe4, 0x02, 0x00, 0x13, 0xff, 0x3e, 0x19, 0xff,
	0x3e, 0x19, 0x86, 0x10, 0x00, 0xff, 0x3e, 0x19, 0xff, 0x01, 0x00, 0xff, 0x01, 0x00, 0x81, 0x01,
	0x00, 0x93, 0x3e, 0x19, 0xff, 0x3e, 0x19, 0xfe, 0xba, 0x4b, 0xff, 0x3e, 0x19, 0xff, 0x3e, 0x19,
	0xe4, 0x1c, 0x05, 0x00, 0x1b, 0xff, 0x3e, 0x19, 0xff, 0x3e, 0x19, 0xe4, 0xde, 0x02, 0x84, 0x4e,
	0x4a, 0xff, 0x3e, 0x19, 0xff, 0x3e, 0x19, 0xde, 0xde, 0x02, 0x85, 0x6c, 0x01, 0xff, 0x3e, 0x19,
	0xff, 0x3e, 0x19, 0xea, 0xba, 0x4b, 0xff, 0x3e, 0x19, 0xff, 0x3e, 0x19, 0xe4, 0xde, 0x02, 0x00,
	0x0c, 0xff, 0x3e, 0x19, 0xff, 0x3e, 0x19, 0xea, 0xde, 0x02, 0x00, 0x14, 0xff, 0x3e, 0x19, 0xff,
	0x3e, 0x19, 0xe4, 0xde, 0x02, 0x00, 0x14, 0xff, 0x3e, 0x19, 0xff, 0x3e, 0x19, 0xf4, 0xe8, 0x02,
	0x00, 0x1c, 0xff, 0x3e, 0x19, 0xff, 0x3e, 0x19, 0xe4, 0xe8, 0x02, 0x00, 0x1c, 0xff, 0x3e, 0x19,
	0xff, 0x3e, 0x19, 0xe4, 0xde, 0x02, 0x84, 0x4e, 0x4a, 0xff, 0x3e, 0x19, 0xff, 0x3e, 0x19, 0xde,
	0xde, 0x02, 0x85, 0x6c, 0x01, 0xff, 0x3e, 0x19, 0xff, 0x3e, 0x19, 0xea, 0xba, 0x4b, 0xff, 0x3e,
	0x19, 0xff, 0x3e, 0x19, 0xe4, 0xde, 0x02, 0x00, 0x0d, 0xff, 0x3e, 0x19, 0xff, 0x3e, 0x19, 0xea,
	0xde, 0x02, 0x00, 0x15, 0xff, 0x3e, 0x19, 0xff, 0x3e, 0x19, 0xea, 0xe4, 0x02, 0x00, 0x15, 0xff,
	0x3e, 0x19, 0xff, 0x3e, 0x19, 0x86, 0x10, 0x00, 0xff, 0x3e, 0x19, 0xff, 0x01, 0x00, 0xff, 0x01,
	0x00, 0x81, 0x01, 0x00, 0x93, 0x3e, 0x19, 0xff, 0x3e, 0x19, 0xfe, 0xba, 0x4b, 0xff, 0x3e, 0x19,
	0xff, 0x3e, 0x19, 0xe4, 0x1c, 0x05, 0x00, 0x1d, 0xff, 0x3e, 0x19, 0xff, 0x3e, 0x19, 0xe4, 0xde,
	0x02, 0x84, 0x4e, 0x4a, 0x00, 0x82, 0xff, 0x3e, 0x19, 0xff, 0x3e, 0x19, 0xdd, 0xde, 0x02, 0x85,
	0x6c, 0x01, 0xff, 0x3e, 0x19, 0xff, 0x3e, 0x19, 0xea, 0xba, 0x4b, 0x90, 0xde, 0x02, 0xff, 0x3e,
	0x19, 0xff, 0x6c, 0x01, 0xd1, 0xde, 0x02, 0x00, 0x08, 0x90, 0xde, 0x02, 0xff, 0x3e, 0x19, 0xff,
	0x72, 0x01, 0xd8, 0xba, 0x4b, 0x90, 0xde, 0x02, 0xff, 0x3e, 0x19, 0xff, 0x6c, 0x01, 0xd1, 0xde,
	0x02, 0x00, 0x10, 0x90, 0xde, 0x02, 0xff, 0x3e, 0x19, 0xff, 0x7c, 0x01, 0xe2, 0xba, 0x4b, 0x8e,
	0xe8, 0x02, 0xff, 0x3e, 0x19, 0xff, 0x6c, 0x01, 0xd3, 0xe8, 0x02, 0x00, 0x18, 0x8e, 0xe8, 0x02,
	0xff, 0x3e, 0x19, 0xff, 0x72, 0x01, 0xd3, 0xde, 0x02, 0x84, 0x4e, 0x4a, 0x90, 0xde, 0x02, 0xff,
	0x3e, 0x19, 0xff, 0x6c, 0x01, 0xcb, 0xde, 0x02, 0x85, 0x6c, 0x01, 0xff, 0x3e, 0x19, 0xff, 0x3e,
	0x19, 0xea, 0xba, 0x4b, 0x90, 0xde, 0x02, 0xff, 0x3e, 0x19, 0xff, 0x6c, 0x01, 0xd1, 0xde, 0x02,
	0x00, 0x09, 0x90, 0xde, 0x02, 0xff, 0x3e, 0x19, 0xff, 0x72, 0x01, 0xd8, 0xba, 0x4b, 0x90, 0xde,
	0x02, 0xff, 0x3e, 0x19, 0xff, 0x72, 0x01, 0xd8, 0xba, 0x4b, 0x8e, 0xe4, 0x02, 0xff, 0x3e, 0x19,
	0xff, 0x3e, 0x19, 0xff, 0x3e, 0x19, 0xff, 0x01, 0x00, 0xfb, 0x01, 0x00, 0x93, 0x3e, 0x19, 0xff,
	0x3e, 0x19, 0xfe, 0xba, 0x4b, 0x90, 0xa4, 0x10, 0xff, 0x3e, 0x19, 0xff, 0x6c, 0x01, 0xd1, 0x1c,
	0x05, 0x00, 0x19, 0x90, 0xa4, 0x10, 0xff, 0x3e, 0x19, 0xff, 0x72, 0x01, 0xd8, 0xba, 0x4b, 0xff,
	0x3e, 0x19, 0xff, 0x3e, 0x19, 0xde, 0xde, 0x02, 0x85, 0x6c, 0x01, 0xff, 0x3e, 0x19, 0xff, 0x3e,
	0x19, 0xea, 0xba, 0x4b, 0xff, 0x3e, 0x19, 0xff, 0x3e, 0x19, 0xe4, 0xde, 0x02, 0x00, 0x0a, 0xff,
	0x3e, 0x19, 0xff, 0x3e, 0x19, 0xea, 0xde, 0x02, 0x00, 0x12, 0xff, 0x3e, 0x19, 0xff, 0x3e, 0x19,
	0xe4, 0xde, 0x02, 0x00, 0x12, 0xff, 0x3e, 0x19, 0xff, 0x3e, 0x19, 0xf4, 0xe8, 0x02, 0x00, 0x1a,
	0xff, 0x3e, 0x19, 0xff, 0x3e, 0x19, 0xe4, 0xe8, 0x02, 0x00, 0x1a, 0xff, 0x3e, 0x19, 0xff, 0x3e,
	0x19, 0xe4, 0xde, 0x02, 0x84, 0x4e, 0x4a, 0xff, 0x3e, 0x19, 0xff, 0x3e, 0x19, 0xde, 0xde, 0x02,
	0x85, 0x6c, 0x01, 0xff, 0x3e, 0x19, 0xff, 0x3e, 0x19, 0xea, 0xba, 0x4b, 0xff, 0x3e, 0x19, 0xff,
	0x3e, 0x19, 0xe4, 0xde, 0x02, 0x00, 0x0b, 0xff, 0x3e, 0x19, 0xff, 0x3e, 0x19, 0xea, 0xde, 0x02,
	0x00, 0x13, 0xff, 0x3e, 0x19, 0xff, 0x3e, 0x19, 0xea, 0xe4, 0x02, 0x00, 0x13, 0xff, 0x3e, 0x19,
	0xff, 0x3e, 0x19, 0x86, 0x10, 0x00, 0xff, 0x3e, 0x19, 0xff, 0x01, 0x00, 0xff, 0x01, 0x00, 0x81,
	0x01, 0x00, 0x93, 0x3e, 0x19, 0xff, 0x3e, 0x19, 0xfe, 0xba, 0x4b, 0xff, 0x3e, 0x19, 0xff, 0x3e,
	0x19, 0xe4, 0x1c, 0x05, 0x00, 0x1b, 0xff, 0x3e, 0x19, 0xff, 0x3e, 0x19, 0xe4, 0xde, 0x02, 0x84,
	0x4e, 0x4a, 0xff, 0x3e, 0x19, 0xff, 0x3e, 0x19, 0xde, 0xde, 0x02, 0x85, 0x6c, 0x01, 0xff, 0x3e,
	0x19, 0xff, 0x3e, 0x19, 0xea, 0xba, 0x4b, 0xff, 0x3e, 0x19, 0xff, 0x3e, 0x19, 0xe4, 0xde, 0x02,
	0x00, 0x0c, 0xff, 0x3e, 0x19, 0xff, 0x3e, 0x19, 0xea, 0xde, 0x02, 0x00, 0x14, 0xff, 0x3e, 0x19,
	0xff, 0x3e, 0x19, 0xe4, 0xde, 0x02, 0x00, 0x14, 0xff, 0x3e, 0x19, 0xff, 0x3e, 0x19, 0xf4, 0xe8,
	0x02, 0x00, 0x1c, 0xff, 0x3e, 0x19, 0xff, 0x3e, 0x19, 0xe4, 0xe8, 0x02, 0x00, 0x1c, 0xff, 0x3e,
	0x19, 0xff, 0x3e, 0x19, 0xe4, 0xde, 0x02, 0x84, 0x4e, 0x4a, 0xff, 0x3e, 0x19, 0xff, 0x3e, 0x19,
	0xde, 0xde, 0x02, 0x85, 0x6c, 0x01, 0xff, 0x3e, 0x19, 0xff, 0x3e, 0x19, 0xea, 0xba, 0x4b, 0xff,
	0x3e, 0x19, 0xff, 0x3e, 0x19, 0xe4, 0xde, 0x02, 0x00, 0x0d, 0xff, 0x3e, 0x19, 0xff, 0x3e, 0x19,
	0xea, 0xde, 0x02, 0x00, 0x15, 0xff, 0x3e, 0x19, 0xff, 0x3e, 0x19, 0xea, 0xe4, 0x02, 0x00, 0x15,
	0xff, 0x3e, 0x19, 0xff, 0x3e, 0x19, 0x86, 0x10, 0x00, 0xff, 0x3e, 0x19, 0xff, 0x01, 0x00, 0xff,
	0x01, 0x00, 0x81, 0x01, 0x00, 0x93, 0x3e, 0x19, 0xff, 0x3e, 0x19, 0xfe, 0xba, 0x4b, 0xff, 0x3e,
	0x19, 0xff, 0x3e, 0x19, 0xe4, 0x1c, 0x05, 0x00, 0x1d, 0xff, 0x3e, 0x19, 0xff, 0x3e, 0x19, 0xe4,
	0xde, 0x02, 0x84, 0x4e, 0x4a, 0x00, 0x8a, 0xff, 0x3e, 0x19, 0xff, 0x3e, 0x19, 0xdd, 0xde, 0x02,
	0x85, 0x6c, 0x01, 0xff, 0x3e, 0x19, 0xff, 0x3e, 0x19, 0xea, 0xba, 0x4b, 0x90, 0xde, 0x02, 0xff,
	0x3e, 0x19, 0xff, 0x6c, 0x01, 0xd1, 0xde, 0x02, 0x00, 0x08, 0x90, 0xde, 0x02, 0xff, 0x3e, 0x19,
	0xff, 0x72, 0x01, 0xd8, 0xba, 0x4b, 0x90, 0xde, 0x02, 0xff, 0x3e, 0x19, 0xff, 0x6c, 0x01, 0xd1,
	0xde, 0x02, 0x00, 0x10, 0x90, 0xde, 0x02, 0xff, 0x3e, 0x19, 0xff, 0x7c, 0x01, 0xe2, 0xba, 0x4b,
	0x8e, 0xe8, 0x02, 0xff, 0x3e, 0x19, 0xff, 0x6c, 0x01, 0xd3, 0xe8, 0x02, 0x00, 0x18, 0x8e, 0xe8,
	0x02, 0xff, 0x3e, 0x19, 0xff, 0x72, 0x01, 0xd3, 0xde, 0x02, 0x84, 0x4e, 0x4a, 0x90, 0xde, 0x02,
	0xff, 0x3e, 0x19, 0xff, 0x6c, 0x01, 0xcb, 0xde, 0x02, 0x85, 0x6c, 0x01, 0xff, 0x3e, 0x19, 0xff,
	0x3e, 0x19, 0xea, 0xba, 0x4b, 0x90, 0xde, 0x02, 0xff, 0x3e, 0x19, 0xff, 0x6c, 0x01, 0xd1, 0xde,
	0x02, 0x00, 0x09, 0x90, 0xde, 0x02, 0xff, 0x3e, 0x19, 0xff, 0x72, 0x01, 0xd8, 0xba, 0x4b, 0x90,
	0xde, 0x02, 0xff, 0x3e, 0x19, 0xff, 0x72, 0x01, 0xd8, 0xba, 0x4b, 0x8e, 0xe4, 0x02, 0xff, 0x3e,
	0x19, 0xff, 0x3e, 0x19, 0xff, 0x3e, 0x19, 0xff, 0x01, 0x00, 0xfb, 0x01, 0x00, 0x93, 0x3e, 0x19,
	0xff, 0x3e, 0x19, 0xfe, 0xba, 0x4b, 0x90, 0xa4, 0x10, 0xff, 0x3e, 0x19, 0xff, 0x6c, 0x01, 0xd1,
	0x1c, 0x05, 0x00, 0x19, 0x90, 0xa4, 0x10, 0xff, 0x3e, 0x19, 0xff, 0x72, 0x01, 0xd8, 0xba, 0x4b,
	0xff, 0x3e, 0x19, 0xff, 0x3e, 0x19, 0xde, 0xde, 0x02, 0x85, 0x6c, 0x01, 0xff, 0x3e, 0x19, 0xff,
	0x3e, 0x19, 0xea, 0xba, 0x4b, 0xff, 0x3e, 0x19, 0xff, 0x3e, 0x19, 0xe4, 0xde, 0x02, 0x00, 0x0a,
	0xff, 0x3e, 0x19, 0xff, 0x3e, 0x19, 0xea, 0xde, 0x02, 0x00, 0x12, 0xff, 0x3e, 0x19, 0xff, 0x3e,
	0x19, 0xe4, 0xde, 0x02, 0x00, 0x12, 0xff, 0x3e, 0x19, 0xff, 0x3e, 0x19, 0xf4, 0xe8, 0x02, 0x00,
	0x1a, 0xff, 0x3e, 0x19, 0xff, 0x3e, 0x19, 0xe4, 0xe8, 0x02, 0x00, 0x1a, 0xff, 0x3e, 0x19, 0xff,
	0x3e, 0x19, 0xe4, 0xde, 0x02, 0x84, 0x4e, 0x4a, 0xff, 0x3e, 0x19, 0xff, 0x3e, 0x19, 0xde, 0xde,
	0x02, 0x85, 0x6c, 0x01, 0xff, 0x3e, 0x19, 0xff, 0x3e, 0x19, 0xea, 0xba, 0x4b, 0xff, 0x3e, 0x19,
	0xff, 0x3e, 0x19, 0xe4, 0xde, 0x02, 0x00, 0x0b, 0xff, 0x3e, 0x19, 0xff, 0x3e, 0x19, 0xea, 0xde,
	0x02, 0x00, 0x13, 0xff, 0x3e, 0x19, 0xff, 0x3e, 0x19, 0xea, 0xe4, 0x02, 0x00, 0x13, 0xff, 0x3e,
	0x19, 0xff, 0x3e, 0x19, 0x86, 0x10, 0x00, 0xff, 0x3e, 0x19, 0xff, 0x01, 0x00, 0xff, 0x01, 0x00,
	0x81, 0x01, 0x00, 0x93, 0x3e, 0x19, 0xff, 0x3e, 0x19, 0xfe, 0xba, 0x4b, 0xff, 0x3e, 0x19, 0xff,
	0x3e, 0x19, 0xe4, 0x1c, 0x05, 0x00, 0x1b, 0xff, 0x3e, 0x19, 0xff, 0x3e, 0x19, 0xe4, 0xde, 0x02,
	0x84, 0x4e, 0x4a, 0xff, 0x3e, 0x19, 0xff, 0x3e, 0x19, 0xde, 0xde, 0x02, 0x85, 0x6c, 0x01, 0xff,
	0x3e, 0x19, 0xff, 0x3e, 0x19, 0xea, 0xba, 0x4b, 0xff, 0x3e, 0x19, 0xff, 0x3e, 0x19, 0xe4, 0xde,
	0x02, 0x00, 0x0c, 0xff, 0x3e, 0x19, 0xff, 0x3e, 0x19, 0xea, 0xde, 0x02, 0x00, 0x14, 0xff, 0x3e,
	0x19, 0xff, 0x3e, 0x19, 0xe4, 0xde, 0x02, 0x00, 0x14, 0xff, 0x3e, 0x19, 0xff, 0x3e, 0x19, 0xf4,
	0xe8, 0x02, 0x00, 0x1c, 0xff, 0x3e, 0x19, 0xff, 0x3e, 0x19, 0xe4, 0xe8, 0x02, 0x00, 0x1c, 0xff,
	0x3e, 0x19, 0xff, 0x3e, 0x19, 0xe4, 0xde, 0x02, 0x84, 0x4e, 0x4a, 0xff, 0x3e, 0x19, 0xff, 0x3e,
	0x19, 0xde, 0xde, 0x02, 0x85, 0x6c, 0x01, 0xff, 0x3e, 0x19, 0xff, 0x3e, 0x19, 0xea, 0xba, 0x4b,
	0xff, 0x3e, 0x19, 0xff, 0x3e, 0x19, 0xe4, 0xde, 0x02, 0x00, 0x0d, 0xff, 0x3e, 0x19, 0xff, 0x3e,
	0x19, 0xea, 0xde, 0x02, 0x00, 0x15, 0xff, 0x3e, 0x19, 0xff, 0x3e, 0x19, 0xea, 0xe4, 0x02, 0x00,
	0x15, 0xff, 0x3e, 0x19, 0xff, 0x3e, 0x19, 0x86, 0x10, 0x00, 0xff, 0x3e, 0x19, 0xff, 0x01, 0x00,
	0xff, 0x01, 0x00, 0x81, 0x01, 0x00, 0x93, 0x3e, 0x19, 0xff, 0x3e, 0x19, 0xfe, 0xba, 0x4b, 0xff,
	0x3e, 0x19, 0xff, 0x3e, 0x19, 0xe4, 0x1c, 0x05, 0x00, 0x1d, 0xff, 0x3e, 0x19, 0xff, 0x3e, 0x19,
	0xe4, 0xde, 0x02, 0x84, 0x4e, 0x4a, 0x00, 0x83, 0xff, 0x3e, 0x19, 0xff, 0x3e, 0x19, 0xdd, 0xde,
	0x02, 0x85, 0x6c, 0x01, 0xff, 0x3e, 0x19, 0xff, 0x3e, 0x19, 0xea, 0xba, 0x4b, 0x90, 0xde, 0x02,
	0xff, 0x3e, 0x19, 0xff, 0x6c, 0x01, 0xd1, 0xde, 0x02, 0x00, 0x08, 0x90, 0xde, 0x02, 0xff, 0x3e,
	0x19, 0xff, 0x72, 0x01, 0xd8, 0xba, 0x4b, 0x90, 0xde, 0x02, 0xff, 0x3e, 0x19, 0xff, 0x6c, 0x01,
	0xd1, 0xde, 0x02, 0x00, 0x10, 0x90, 0xde, 0x02, 0xff, 0x3e, 0x19, 0xff, 0x7c, 0x01, 0xe2, 0xba,
	0x4b, 0x8e, 0xe8, 0x02, 0xff, 0x3e, 0x19, 0xff, 0x6c, 0x01, 0xd3, 0xe8, 0x02, 0x00, 0x18, 0x8e,
	0xe8, 0x02, 0xff, 0x3e, 0x19, 0xff, 0x72, 0x01, 0xd3, 0xde, 0x02, 0x84, 0x4e, 0x4a, 0x90, 0xde,
	0x02, 0xff, 0x3e, 0x19, 0xff, 0x6c, 0x01, 0xcb, 0xde, 0x02, 0x85, 0x6c, 0x01, 0xff, 0x3e, 0x19,
	0xff, 0x3e, 0x19, 0xea, 0xba, 0x4b, 0x90, 0xde, 0x02, 0xff, 0x3e, 0x19, 0xff, 0x6c, 0x01, 0xd1,
	0xde, 0x02, 0x00, 0x09, 0x90, 0xde, 0x02, 0xff, 0x3e, 0x19, 0xff, 0x72, 0x01, 0xd8, 0xba, 0x4b,
	0x90, 0xde, 0x02, 0xff, 0x3e, 0x19, 0xff, 0x72, 0x01, 0xd8, 0xba, 0x4b, 0x8e, 0xe4, 0x02, 0xff,
	0x3e, 0x19, 0xff, 0x3e, 0x19, 0xff, 0x3e, 0x19, 0xff, 0x01, 0x00, 0xfb, 0x01, 0x00, 0x93, 0x3e,
	0x19, 0xff, 0x3e, 0x19, 0xfe, 0xba, 0x4b, 0x90, 0xa4, 0x10, 0xff, 0x3e, 0x19, 0xff, 0x6c, 0x01,
	0xd1, 0x1c, 0x05, 0x00, 0x19, 0x90, 0xa4, 0x10, 0xff, 0x3e, 0x19, 0xff, 0x72, 0x01, 0xd8, 0xba,
	0x4b, 0xff, 0x3e, 0x19, 0xff, 0x3e, 0x19, 0xde, 0xde, 0x02, 0x85, 0x6c, 0x01, 0xff, 0x3e, 0x19,
	0xff, 0x3e, 0x19, 0xea, 0xba, 0x4b, 0xff, 0x3e, 0x19, 0xff, 0x3e, 0x19, 0xe4, 0xde, 0x02, 0x00,
	0x0a, 0xff, 0x3e, 0x19, 0xff, 0x3e, 0x19, 0xea, 0xde, 0x02, 0x00, 0x12, 0xff, 0x3e, 0x19, 0xff,
	0x3e, 0x19, 0xe4, 0xde, 0x02, 0x00, 0x12, 0xff, 0x3e, 0x19, 0xff, 0x3e, 0x19, 0xf4, 0xe8, 0x02,
	0x00, 0x1a, 0xff, 0x3e, 0x19, 0xff, 0x3e, 0x19, 0xe4, 0xe8, 0x02, 0x00, 0x1a, 0xff, 0x3e, 0x19,
	0xff, 0x3e, 0x19, 0xe4, 0xde, 0x02, 0x84, 0x4e, 0x4a, 0xff, 0x3e, 0x19, 0xff, 0x3e, 0x19, 0xde,
	0xde, 0x02, 0x85, 0x6c, 0x01, 0xff, 0x3e, 0x19, 0xff, 0x3e, 0x19, 0xea, 0xba, 0x4b, 0xff, 0x3e,
	0x19, 0xff, 0x3e, 0x19, 0xe4, 0xde, 0x02, 0x00, 0x0b, 0xff, 0x3e, 0x19, 0xff, 0x3e, 0x19, 0xea,
	0xde, 0x02, 0x00, 0x13, 0xff, 0x3e, 0x19, 0xff, 0x3e, 0x19, 0xea, 0xe4, 0x02, 0x00, 0x13, 0xff,
	0x3e, 0x19, 0xff, 0x3e, 0x19, 0x86, 0x10, 0x00, 0xff, 0x3e, 0x19, 0xff, 0x01, 0x00, 0xff, 0x01,
	0x00, 0x81, 0x01, 0x00, 0x93, 0x3e, 0x19, 0xff, 0x3e, 0x19, 0xfe, 0xba, 0x4b, 0xff, 0x3e, 0x19,
	0xff, 0x3e, 0x19, 0xe4, 0x1c, 0x05, 0x00, 0x1b, 0xff, 0x3e, 0x19, 0xff, 0x3e, 0x19, 0xe4, 0xde,
	0x02, 0x84, 0x4e, 0x4a, 0xff, 0x3e, 0x19, 0xff, 0x3e, 0x19, 0xde, 0xde, 0x02, 0x85, 0x6c, 0x01,
	0xff, 0x3e, 0x19, 0xff, 0x3e, 0x19, 0xea, 0xba, 0x4b, 0xff, 0x3e, 0x19, 0xff, 0x3e, 0x19, 0xe4,
	0xde, 0x02, 0x00, 0x0c, 0xff, 0x3e, 0x19, 0xff, 0x3e, 0x19, 0xea, 0xde, 0x02, 0x00, 0x14, 0xff,
	0x3e, 0x19, 0xff, 0x3e, 0x19, 0xe4, 0xde, 0x02, 0x00, 0x14, 0xff, 0x3e, 0x19, 0xff, 0x3e, 0x19,
	0xf4, 0xe8, 0x02, 0x00, 0x1c, 0xff, 0x3e, 0x19, 0xff, 0x3e, 0x19, 0xe4, 0xe8, 0x02, 0x00, 0x1c,
	0xff, 0x3e, 0x19, 0xff, 0x3e, 0x19, 0xe4, 0xde, 0x02, 0x84, 0x4e, 0x4a, 0xff, 0x3e, 0x19, 0xff,
	0x3e, 0x19, 0xde, 0xde, 0x02, 0x85, 0x6c, 0x01, 0xff, 0x3e, 0x19, 0xff, 0x3e, 0x19, 0xea, 0xba,
	0x4b, 0xff, 0x3e, 0x19, 0xff, 0x3e, 0x19, 0xe4, 0xde, 0x02, 0x00, 0x0d, 0xff, 0x3e, 0x19, 0xff,
	0x3e, 0x19, 0xea, 0xde, 0x02, 0x00, 0x15, 0xff, 0x3e, 0x19, 0xff, 0x3e, 0x19, 0xea, 0xe4, 0x02,
	0x00, 0x15, 0xff, 0x3e, 0x19, 0xff, 0x3e, 0x19, 0x86, 0x10, 0x00, 0xff, 0x3e, 0x19, 0xff, 0x01,
	0x00, 0xff, 0x01, 0x00, 0x81, 0x01, 0x00, 0x93, 0x3e, 0x19, 0xff, 0x3e, 0x19, 0xfe, 0xba, 0x4b,
	0xff, 0x3e, 0x19, 0xff, 0x3e, 0x19, 0xe4, 0x1c, 0x05, 0x00, 0x1d, 0xff, 0x3e, 0x19, 0xff, 0x3e,
	0x19, 0xe4, 0xde, 0x02, 0x84, 0x4e, 0x4a, 0x00, 0x8b, 0xff, 0x3e, 0x19, 0xff, 0x3e, 0x19, 0xdd,
	0xde, 0x02, 0x85, 0x6c, 0x01, 0xff, 0x3e, 0x19, 0xff, 0x3e, 0x19, 0xea, 0xba, 0x4b, 0x90, 0xde,
	0x02, 0xff, 0x3e, 0x19, 0xff, 0x6c, 0x01, 0xd1, 0xde, 0x02, 0x00, 0x08, 0x90, 0xde, 0x02, 0xff,
	0x3e, 0x19, 0xff, 0x72, 0x01, 0xd8, 0xba, 0x4b, 0x90, 0xde, 0x02, 0xff, 0x3e, 0x19, 0xff, 0x6c,
	0x01, 0xd1, 0xde, 0x02, 0x00, 0x10, 0x90, 0xde, 0x02, 0xff, 0x3e, 0x19, 0xff, 0x7c, 0x01, 0xe2,
	0xba, 0x4b, 0x8e, 0xe8, 0x02, 0xff, 0x3e, 0x19, 0xff, 0x6c, 0x01, 0xd3, 0xe8, 0x02, 0x00, 0x18,
	0x8e, 0xe8, 0x02, 0xff, 0x3e, 0x19, 0xff, 0x72, 0x01, 0xd3, 0xde, 0x02, 0x84, 0x4e, 0x4a, 0x90,
	0xde, 0x02, 0xff, 0x3e, 0x19, 0xff, 0x6c, 0x01, 0xcb, 0xde, 0x02, 0x85, 0x6c, 0x01, 0xff, 0x3e,
	0x19, 0xff, 0x3e, 0x19, 0xea, 0xba, 0x4b, 0x90, 0xde, 0x02, 0xff, 0x3e, 0x19, 0xff, 0x6c, 0x01,
	0xd1, 0xde, 0x02, 0x00, 0x09, 0x90, 0xde, 0x02, 0xff, 0x3e, 0x19, 0xff, 0x72, 0x01, 0xd8, 0xba,
	0x4b, 0x90, 0xde, 0x02, 0xff, 0x3e, 0x19, 0xff, 0x72, 0x01, 0xd8, 0xba, 0x4b, 0x8e, 0xe4, 0x02,
	0xff, 0x3e, 0x19, 0xff, 0x3e, 0x19, 0xff, 0x3e, 0x19, 0xff, 0x01, 0x00, 0xfb, 0x01, 0x00, 0x93,
	0x3e, 0x19, 0xff, 0x3e, 0x19, 0xfe, 0xba, 0x4b, 0x90, 0xa4, 0x10, 0xff, 0x3e, 0x19, 0xff, 0x6c,
	0x01, 0xd1, 0x1c, 0x05, 0x00, 0x19, 0x90, 0xa4, 0x10, 0xff, 0x3e, 0x19, 0xff, 0x72, 0x01, 0xd8,
	0xba, 0x4b, 0xff, 0x3e, 0x19, 0xff, 0x3e, 0x19, 0xde, 0xde, 0x02, 0x85, 0x6c, 0x01, 0xff, 0x3e,
	0x19, 0xff, 0x3e, 0x19, 0xea, 0xba, 0x4b, 0xff, 0x3e, 0x19, 0xff, 0x3e, 0x19, 0xe4, 0xde, 0x02,
	0x00, 0x0a, 0xff, 0x3e, 0x19, 0xff, 0x3e, 0x19, 0xea, 0xde, 0x02, 0x00, 0x12, 0xff, 0x3e, 0x19,
	0xff, 0x3e, 0x19, 0xe4, 0xde, 0x02, 0x00, 0x12, 0xff, 0x3e, 0x19, 0xff, 0x3e, 0x19, 0xf4, 0xe8,
	0x02, 0x00, 0x1a, 0xff, 0x3e, 0x19, 0xff, 0x3e, 0x19, 0xe4, 0xe8, 0x02, 0x00, 0x1a, 0xff, 0x3e,
	0x19, 0xff, 0x3e, 0x19, 0xe4, 0xde, 0x02, 0x84, 0x4e, 0x4a, 0xff, 0x3e, 0x19, 0xff, 0x3e, 0x19,
	0xde, 0xde, 0x02, 0x85, 0x6c, 0x01, 0xff, 0x3e, 0x19, 0xff, 0x3e, 0x19, 0xea, 0xba, 0x4b, 0xff,
	0x3e, 0x19, 0xff, 0x3e, 0x19, 0xe4, 0xde, 0x02, 0x00, 0x0b, 0xff, 0x3e, 0x19, 0xff, 0x3e, 0x19,
	0xea, 0xde, 0x02, 0x00, 0x13, 0xff, 0x3e, 0x19, 0xff, 0x3e, 0x19, 0xea, 0xe4, 0x02, 0x00, 0x13,
	0xff, 0x3e, 0x19, 0xff, 0x3e, 0x19, 0x86, 0x10, 0x00, 0xff, 0x3e, 0x19, 0xff, 0x01, 0x00, 0xff,
	0x01, 0x00, 0x81, 0x01, 0x00, 0x93, 0x3e, 0x19, 0xff, 0x3e, 0x19, 0xfe, 0xba, 0x4b, 0xff, 0x3e,
	0x19, 0xff, 0x3e, 0x19, 0xe4, 0x1c, 0x05, 0x00, 0x1b, 0xff, 0x3e, 0x19, 0xff, 0x3e, 0x19, 0xe4,
	0xde, 0x02, 0x84, 0x4e, 0x4a, 0xff, 0x3e, 0x19, 0xff, 0x3e, 0x19, 0xde, 0xde, 0x02, 0x85, 0x6c,
	0x01, 0xff, 0x3e, 0x19, 0xff, 0x3e, 0x19, 0xea, 0xba, 0x4b, 0xff, 0x3e, 0x19, 0xff, 0x3e, 0x19,
	0xe4, 0xde, 0x02, 0x00, 0x0c, 0xff, 0x3e, 0x19, 0xff, 0x3e, 0x19, 0xea, 0xde, 0x02, 0x00, 0x14,
	0xff, 0x3e, 0x19, 0xff, 0x3e, 0x19, 0xe4, 0xde, 0x02, 0x00, 0x14, 0xff, 0x3e, 0x19, 0xff, 0x3e,
	0x19, 0xf4, 0xe8, 0x02, 0x00, 0x1c, 0xff, 0x3e, 0x19, 0xff, 0x3e, 0x19, 0xe4, 0xe8, 0x02, 0x00,
	0x1c, 0xff, 0x3e, 0x19, 0xff, 0x3e, 0x19, 0xe4, 0xde, 0x02, 0x84, 0x4e, 0x4a, 0xff, 0x3e, 0x19,
	0xff, 0x3e, 0x19, 0xde, 0xde, 0x02, 0x85, 0x6c, 0x01, 0xff, 0x3e, 0x19, 0xff, 0x3e, 0x19, 0xea,
	0xba, 0x4b, 0xff, 0x3e, 0x19, 0xff, 0x3e, 0x19, 0xe4, 0xde, 0x02, 0x00, 0x0d, 0xff, 0x3e, 0x19,
	0xff, 0x3e, 0x19, 0xea, 0xde, 0x02, 0x00, 0x15, 0xff, 0x3e, 0x19, 0xff, 0x3e, 0x19, 0xea, 0xe4,
	0x02, 0x00, 0x15, 0xff, 0x3e, 0x19, 0xff, 0x3e, 0x19, 0x86, 0x10, 0x00, 0xff, 0x3e, 0x19, 0xff,
	0x01, 0x00, 0xff, 0x01, 0x00, 0x81, 0x01, 0x00, 0x93, 0x3e, 0x19, 0xff, 0x3e, 0x19, 0xfe, 0xba,
	0x4b, 0xff, 0x3e, 0x19, 0xff, 0x3e, 0x19, 0xe4, 0x1c, 0x05, 0x00, 0x1d, 0xff, 0x3e, 0x19, 0xff,
	0x3e, 0x19, 0xe4, 0xde, 0x02, 0x84, 0x4e, 0x4a, 0x00, 0x84, 0xff, 0x3e, 0x19, 0xff, 0x3e, 0x19,
	0xdd, 0xde, 0x02, 0x85, 0x6c, 0x01, 0xff, 0x3e, 0x19, 0xff, 0x3e, 0x19, 0xea, 0xba, 0x4b, 0x90,
	0xde, 0x02, 0xff, 0x3e, 0x19, 0xff, 0x6c, 0x01, 0xd1, 0xde, 0x02, 0x00, 0x08, 0x90, 0xde, 0x02,
	0xff, 0x3e, 0x19, 0xff, 0x72, 0x01, 0xd8, 0xba, 0x4b, 0x90, 0xde, 0x02, 0xff, 0x3e, 0x19, 0xff,
	0x6c, 0x01, 0xd1, 0xde, 0x02, 0x00, 0x10, 0x90, 0xde, 0x02, 0xff, 0x3e, 0x19, 0xff, 0x7c, 0x01,
	0xe2, 0xba, 0x4b, 0x8e, 0xe8, 0x02, 0xff, 0x3e, 0x19, 0xff, 0x6c, 0x01, 0xd3, 0xe8, 0x02, 0x00,
	0x18, 0x8e, 0xe8, 0x02, 0xff, 0x3e, 0x19, 0xff, 0x72, 0x01, 0xd3, 0xde, 0x02, 0x84, 0x4e, 0x4a,
	0x90, 0xde, 0x02, 0xff, 0x3e, 0x19, 0xff, 0x6c, 0x01, 0xcb, 0xde, 0x02, 0x85, 0x6c, 0x01, 0xff,
	0x3e, 0x19, 0xff, 0x3e, 0x19, 0xea, 0xba, 0x4b, 0x90, 0xde, 0x02, 0xff, 0x3e, 0x19, 0xff, 0x6c,
	0x01, 0xd1, 0xde, 0x02, 0x00, 0x09, 0x90, 0xde, 0x02, 0xff, 0x3e, 0x19, 0xff, 0x72, 0x01, 0xd8,
	0xba, 0x4b, 0x90, 0xde, 0x02, 0xff, 0x3e, 0x19, 0xff, 0x72, 0x01, 0xd8, 0xba, 0x4b, 0x8e, 0xe4,
	0x02, 0xff, 0x3e, 0x19, 0xff, 0x3e, 0x19, 0xff, 0x3e, 0x19, 0xff, 0x01, 0x00, 0xfb, 0x01, 0x00,
	0x93, 0x3e, 0x19, 0xff, 0x3e, 0x19, 0xfe, 0xba, 0x4b, 0x90, 0xa4, 0x10, 0xff, 0x3e, 0x19, 0xff,
	0x6c, 0x01, 0xd1, 0x1c, 0x05, 0x00, 0x19, 0x90, 0xa4, 0x10, 0xff, 0x3e, 0x19, 0xff, 0x72, 0x01,
	0xd8, 0xba, 0x4b, 0xff, 0x3e, 0x19, 0xff, 0x3e, 0x19, 0xde, 0xde, 0x02, 0x85, 0x6c, 0x01, 0xff,
	0x3e, 0x19, 0xff, 0x3e, 0x19, 0xea, 0xba, 0x4b, 0xff, 0x3e, 0x19, 0xff, 0x3e, 0x19, 0xe4, 0xde,
	0x02, 0x00, 0x0a, 0xff, 0x3e, 0x19, 0xff, 0x3e, 0x19, 0xea, 0xde, 0x02, 0x00, 0x12, 0xff, 0x3e,
	0x19, 0xff, 0x3e, 0x19, 0xe4, 0xde, 0x02, 0x00, 0x12, 0xff, 0x3e, 0x19, 0xff, 0x3e, 0x19, 0xf4,
	0xe8, 0x02, 0x00, 0x1a, 0xff, 0x3e, 0x19, 0xff, 0x3e, 0x19, 0xe4, 0xe8, 0x02, 0x00, 0x1a, 0xff,
	0x3e, 0x19, 0xff, 0x3e, 0x19, 0xe4, 0xde, 0x02, 0x84, 0x4e, 0x4a, 0xff, 0x3e, 0x19, 0xff, 0x3e,
	0x19, 0xde, 0xde, 0x02, 0x85, 0x6c, 0x01, 0xff, 0x3e, 0x19, 0xff, 0x3e, 0x19, 0xea, 0xba, 0x4b,
	0xff, 0x3e, 0x19, 0xff, 0x3e, 0x19, 0xe4, 0xde, 0x02, 0x00, 0x0b, 0xff, 0x3e, 0x19, 0xff, 0x3e,
	0x19, 0xea, 0xde, 0x02, 0x00, 0x13, 0xff, 0x3e, 0x19, 0xff, 0x3e, 0x19, 0xea, 0xe4, 0x02, 0x00,
	0x13, 0xff, 0x3e, 0x19, 0xff, 0x3e, 0x19, 0x86, 0x10, 0x00, 0xff, 0x3e, 0x19, 0xff, 0x01, 0x00,
	0xff, 0x01, 0x00, 0x81, 0x01, 0x00, 0x93, 0x3e, 0x19, 0xff, 0x3e, 0x19, 0xfe, 0xba, 0x4b, 0xff,
	0x3e, 0x19, 0xff, 0x3e, 0x19, 0xe4, 0x1c, 0x05, 0x00, 0x1b, 0xff, 0x3e, 0x19, 0xff, 0x3e, 0x19,
	0xe4, 0xde, 0x02, 0x84, 0x4e, 0x4a, 0xff, 0x3e, 0x19, 0xff, 0x3e, 0x19, 0xde, 0xde, 0x02, 0x85,
	0x6c, 0x01, 0xff, 0x3e, 0x19, 0xff, 0x3e, 0x19, 0xea, 0xba, 0x4b, 0xff, 0x3e, 0x19, 0xff, 0x3e,
	0x19, 0xe4, 0xde, 0x02, 0x00, 0x0c, 0xff, 0x3e, 0x19, 0xff, 0x3e, 0x19, 0xea, 0xde, 0x02, 0x00,
	0x14, 0xff, 0x3e, 0x19, 0xff, 0x3e, 0x19, 0xe4, 0xde, 0x02, 0x00, 0x14, 0xff, 0x3e, 0x19, 0xff,
	0x3e, 0x19, 0xf4, 0xe8, 0x02, 0x00, 0x1c, 0xff, 0x3e, 0x19, 0xff, 0x3e, 0x19, 0xe4, 0xe8, 0x02,
	0x00, 0x1c, 0xff, 0x3e, 0x19, 0xff, 0x3e, 0x19, 0xe4, 0xde, 0x02, 0x84, 0x4e, 0x4a, 0xff, 0x3e,
	0x19, 0xff, 0x3e, 0x19, 0xde, 0xde, 0x02, 0x85, 0x6c, 0x01, 0xff, 0x3e, 0x19, 0xff, 0x3e, 0x19,
	0xea, 0xba, 0x4b, 0xff, 0x3e, 0x19, 0xff, 0x3e, 0x19, 0xe4, 0xde, 0x02, 0x00, 0x0d, 0xff, 0x3e,
	0x19, 0xff, 0x3e, 0x19, 0xea, 0xde, 0x02, 0x00, 0x15, 0xff, 0x3e, 0x19, 0xff, 0x3e, 0x19, 0xea,
	0xe4, 0x02, 0x00, 0x15, 0xff, 0x3e, 0x19, 0xff, 0x3e, 0x19, 0x86, 0x10, 0x00, 0xff, 0x3e, 0x19,
	0xff, 0x01, 0x00, 0xff, 0x01, 0x00, 0x81, 0x01, 0x00, 0x93, 0x3e, 0x19, 0xff, 0x3e, 0x19, 0xfe,
	0xba, 0x4b, 0xff, 0x3e, 0x19, 0xff, 0x3e, 0x19, 0xe4, 0x1c, 0x05, 0x00, 0x1d, 0xff, 0x3e, 0x19,
	0xff, 0x3e, 0x19, 0xe4, 0xde, 0x02, 0x84, 0x4e, 0x4a, 0x00, 0x8c, 0xff, 0x3e, 0x19, 0xff, 0x3e,
	0x19, 0xdd, 0xde, 0x02, 0x85, 0x6c, 0x01, 0xff, 0x3e, 0x19, 0xff, 0x3e, 0x19, 0xea, 0xba, 0x4b,
	0x90, 0xde, 0x02, 0xff, 0x3e, 0x19, 0xff, 0x6c, 0x01, 0xd1, 0xde, 0x02, 0x00, 0x08, 0x90, 0xde,
	0x02, 0xff, 0x3e, 0x19, 0xff, 0x72, 0x01, 0xd8, 0xba, 0x4b, 0x90, 0xde, 0x02, 0xff, 0x3e, 0x19,
	0xff, 0x6c, 0x01, 0xd1, 0xde, 0x02, 0x00, 0x10, 0x90, 0xde, 0x02, 0xff, 0x3e, 0x19, 0xff, 0x7c,
	0x01, 0xe2, 0xba, 0x4b, 0x8e, 0xe8, 0x02, 0xff, 0x3e, 0x19, 0xff, 0x6c, 0x01, 0xd3, 0xe8, 0x02,
	0x00, 0x18, 0x8e, 0xe8, 0x02, 0xff, 0x3e, 0x19, 0xff, 0x72, 0x01, 0xd3, 0xde, 0x02, 0x84, 0x4e,
	0x4a, 0x90, 0xde, 0x02, 0xff, 0x3e, 0x19, 0xff, 0x6c, 0x01, 0xcb, 0xde, 0x02, 0x85, 0x6c, 0x01,
	0xff, 0x3e, 0x19, 0xff, 0x3e, 0x19, 0xea, 0xba, 0x4b, 0x90, 0xde, 0x02, 0xff, 0x3e, 0x19, 0xff,
	0x6c, 0x01, 0xd1, 0xde, 0x02, 0x00, 0x09, 0x90, 0xde, 0x02, 0xff, 0x3e, 0x19, 0xff, 0x72, 0x01,
	0xd8, 0xba, 0x4b, 0x90, 0xde, 0x02, 0xff, 0x3e, 0x19, 0xff, 0x72, 0x01, 0xd8, 0xba, 0x4b, 0x8e,
	0xe4, 0x02, 0xff, 0x3e, 0x19, 0xff, 0x3e, 0x19, 0xff, 0x3e, 0x19, 0xff, 0x01, 0x00, 0xfb, 0x01,
	0x00, 0x93, 0x3e, 0x19, 0xff, 0x3e, 0x19, 0xfe, 0xba, 0x4b, 0x90, 0xa4, 0x10, 0xff, 0x3e, 0x19,
	0xff, 0x6c, 0x01, 0xd1, 0x1c, 0x05, 0x00, 0x19, 0x90, 0xa4, 0x10, 0xff, 0x3e, 0x19, 0xff, 0x72,
	0x01, 0xd8, 0xba, 0x4b, 0xff, 0x3e, 0x19, 0xff, 0x3e, 0x19, 0xde, 0xde, 0x02, 0x85, 0x6c, 0x01,
	0xff, 0x3e, 0x19, 0xff, 0x3e, 0x19, 0xea, 0xba, 0x4b, 0xff, 0x3e, 0x19, 0xff, 0x3e, 0x19, 0xe4,
	0xde, 0x02, 0x00, 0x0a, 0xff, 0x3e, 0x19, 0xff, 0x3e, 0x19, 0xea, 0xde, 0x02, 0x00, 0x12, 0xff,
	0x3e, 0x19, 0xff, 0x3e, 0x19, 0xe4, 0xde, 0x02, 0x00, 0x12, 0xff, 0x3e, 0x19, 0xff, 0x3e, 0x19,
	0xf4, 0xe8, 0x02, 0x00, 0x1a, 0xff, 0x3e, 0x19, 0xff, 0x3e, 0x19, 0xe4, 0xe8, 0x02, 0x00, 0x1a,
	0xff, 0x3e, 0x19, 0xff, 0x3e, 0x19, 0xe4, 0xde, 0x02, 0x84, 0x4e, 0x4a, 0xff, 0x3e, 0x19, 0xff,
	0x3e, 0x19, 0xde, 0xde, 0x02, 0x85, 0x6c, 0x01, 0xff, 0x3e, 0x19, 0xff, 0x3e, 0x19, 0xea, 0xba,
	0x4b, 0xff, 0x3e, 0x19, 0xff, 0x3e, 0x19, 0xe4, 0xde, 0x02, 0x00, 0x0b, 0xff, 0x3e, 0x19, 0xff,
	0x3e, 0x19, 0xea, 0xde, 0x02, 0x00, 0x13, 0xff, 0x3e, 0x19, 0xff, 0x3e, 0x19, 0xea, 0xe4, 0x02,
	0x00, 0x13, 0xff, 0x3e, 0x19, 0xff, 0x3e, 0x19, 0x86, 0x10, 0x00, 0xff, 0x3e, 0x19, 0xff, 0x01,
	0x00, 0xff, 0x01, 0x00, 0x81, 0x01, 0x00, 0x93, 0x3e, 0x19, 0xff, 0x3e, 0x19, 0xfe, 0xba, 0x4b,
	0xff, 0x3e, 0x19, 0xff, 0x3e, 0x19, 0xe4, 0x1c, 0x05, 0x00, 0x1b, 0xff, 0x3e, 0x19, 0xff, 0x3e,
	0x19, 0xe4, 0xde, 0x02, 0x84, 0x4e, 0x4a, 0xff, 0x3e, 0x19, 0xff, 0x3e, 0x19, 0xde, 0xde, 0x02,
	0x85, 0x6c, 0x01, 0xff, 0x3e, 0x19, 0xff, 0x3e, 0x19, 0xea, 0xba, 0x4b, 0xff, 0x3e, 0x19, 0xff,
	0x3e, 0x19, 0xe4, 0xde, 0x02, 0x00, 0x0c, 0xff, 0x3e, 0x19, 0xff, 0x3e, 0x19, 0xea, 0xde, 0x02,
	0x00, 0x14, 0xff, 0x3e, 0x19, 0xff, 0x3e, 0x19, 0xe4, 0xde, 0x02, 0x00, 0x14, 0xff, 0x3e, 0x19,
	0xff, 0x3e, 0x19, 0xf4, 0xe8, 0x02, 0x00, 0x1c, 0xff, 0x3e, 0x19, 0xff, 0x3e, 0x19, 0xe4, 0xe8,
	0x02, 0x00, 0x1c, 0xff, 0x3e, 0x19, 0xff, 0x3e, 0x19, 0xe4, 0xde, 0x02, 0x84, 0x4e, 0x4a, 0xff,
	0x3e, 0x19, 0xff, 0x3e, 0x19, 0xde, 0xde, 0x02, 0x85, 0x6c, 0x01, 0xff, 0x3e, 0x19, 0xff, 0x3e,
	0x19, 0xea, 0xba, 0x4b, 0xff, 0x3e, 0x19, 0xff, 0x3e, 0x19, 0xe4, 0xde, 0x02, 0x00, 0x0d, 0xff,
	0x3e, 0x19, 0xff, 0x3e, 0x19, 0xea, 0xde, 0x02, 0x00, 0x15, 0xff, 0x3e, 0x19, 0xff, 0x3e, 0x19,
	0xea, 0xe4, 0x02, 0x00, 0x15, 0xff, 0x3e, 0x19, 0xff, 0x3e, 0x19, 0x86, 0x10, 0x00, 0xff, 0x3e,
	0x19, 0xff, 0x01, 0x00, 0xff, 0x01, 0x00, 0x81, 0x01, 0x00, 0x93, 0x3e, 0x19, 0xff, 0x3e, 0x19,
	0xfe, 0xba, 0x4b, 0xff, 0x3e, 0x19, 0xff, 0x3e, 0x19, 0xe4, 0x1c, 0x05, 0x00, 0x1d, 0xff, 0x3e,
	0x19, 0xff, 0x3e, 0x19, 0xe4, 0xde, 0x02, 0x84, 0x4e, 0x4a, 0x00, 0x85, 0xff, 0x3e, 0x19, 0xff,
	0x3e, 0x19, 0xdd, 0xde, 0x02, 0x85, 0x6c, 0x01, 0xff, 0x3e, 0x19, 0xff, 0x3e, 0x19, 0xea, 0xba,
	0x4b, 0x90, 0xde, 0x02, 0xff, 0x3e, 0x19, 0xff, 0x6c, 0x01, 0xd1, 0xde, 0x02, 0x00, 0x08, 0x90,
	0xde, 0x02, 0xff, 0x3e, 0x19, 0xff, 0x72, 0x01, 0xd8, 0xba, 0x4b, 0x90, 0xde, 0x02, 0xff, 0x3e,
	0x19, 0xff, 0x6c, 0x01, 0xd1, 0xde, 0x02, 0x00, 0x10, 0x90, 0xde, 0x02, 0xff, 0x3e, 0x19, 0xff,
	0x7c, 0x01, 0xe2, 0xba, 0x4b, 0x8e, 0xe8, 0x02, 0xff, 0x3e, 0x19, 0xff, 0x6c, 0x01, 0xd3, 0xe8,
	0x02, 0x00, 0x18, 0x8e, 0xe8, 0x02, 0xff, 0x3e, 0x19, 0xff, 0x72, 0x01, 0xd3, 0xde, 0x02, 0x84,
	0x4e, 0x4a, 0x90, 0xde, 0x02, 0xff, 0x3e, 0x19, 0xff, 0x6c, 0x01, 0xcb, 0xde, 0x02, 0x85, 0x6c,
	0x01, 0xff, 0x3e, 0x19, 0xff, 0x3e, 0x19, 0xea, 0xba, 0x4b, 0x90, 0xde, 0x02, 0xff, 0x3e, 0x19,
	0xff, 0x6c, 0x01, 0xd1, 0xde, 0x02, 0x00, 0x09, 0x90, 0xde, 0x02, 0xff, 0x3e, 0x19, 0xff, 0x72,
	0x01, 0xd8, 0xba, 0x4b, 0x90, 0xde, 0x02, 0xff, 0x3e, 0x19, 0xff, 0x72, 0x01, 0xd8, 0xba, 0x4b,
	0x8e, 0xe4, 0x02, 0xff, 0x3e, 0x19, 0xff, 0x3e, 0x19, 0xff, 0x3e, 0x19, 0xff, 0x01, 0x00, 0xfb,
	0x01, 0x00, 0x93, 0x3e, 0x19, 0xff, 0x3e, 0x19, 0xfe, 0xba, 0x4b, 0x90, 0xa4, 0x10, 0xff, 0x3e,
	0x19, 0xff, 0x6c, 0x01, 0xd1, 0x1c, 0x05, 0x00, 0x19, 0x90, 0xa4, 0x10, 0xff, 0x3e, 0x19, 0xff,
	0x72, 0x01, 0xd8, 0xba, 0x4b, 0xff, 0x3e, 0x19, 0xff, 0x3e, 0x19, 0xde, 0xde, 0x02, 0x85, 0x6c,
	0x01, 0xff, 0x3e, 0x19, 0xff, 0x3e, 0x19, 0xea, 0xba, 0x4b, 0xff, 0x3e, 0x19, 0xff, 0x3e, 0x19,
	0xe4, 0xde, 0x02, 0x00, 0x0a, 0xff, 0x3e, 0x19, 0xff, 0x3e, 0x19, 0xea, 0xde, 0x02, 0x00, 0x12,
	0xff, 0x3e, 0x19, 0xff, 0x3e, 0x19, 0xe4, 0xde, 0x02, 0x00, 0x12, 0xff, 0x3e, 0x19, 0xff, 0x3e,
	0x19, 0xf4, 0xe8, 0x02, 0x00, 0x1a, 0xff, 0x3e, 0x19, 0xff, 0x3e, 0x19, 0xe4, 0xe8, 0x02, 0x00,
	0x1a, 0xff, 0x3e, 0x19, 0xff, 0x3e, 0x19, 0xe4, 0xde, 0x02, 0x84, 0x4e, 0x4a, 0xff, 0x3e, 0x19,
	0xff, 0x3e, 0x19, 0xde, 0xde, 0x02, 0x85, 0x6c, 0x01, 0xff, 0x3e, 0x19, 0xff, 0x3e, 0x19, 0xea,
	0xba, 0x4b, 0xff, 0x3e, 0x19, 0xff, 0x3e, 0x19, 0xe4, 0xde, 0x02, 0x00, 0x0b, 0xff, 0x3e, 0x19,
	0xff, 0x3e, 0x19, 0xea, 0xde, 0x02, 0x00, 0x13, 0xff, 0x3e, 0x19, 0xff, 0x3e, 0x19, 0xea, 0xe4,
	0x02, 0x00, 0x13, 0xff, 0x3e, 0x19, 0xff, 0x3e, 0x19, 0x86, 0x10, 0x00, 0xff, 0x3e, 0x19, 0xff,
	0x01, 0x00, 0xff, 0x01, 0x00, 0x81, 0x01, 0x00, 0x93, 0x3e, 0x19, 0xff, 0x3e, 0x19, 0xfe, 0xba,
	0x4b, 0xff, 0x3e, 0x19, 0xff, 0x3e, 0x19, 0xe4, 0x1c, 0x05, 0x00, 0x1b, 0xff, 0x3e, 0x19, 0xff,
	0x3e, 0x19, 0xe4, 0xde, 0x02, 0x84, 0x4e, 0x4a, 0xff, 0x3e, 0x19, 0xff, 0x3e, 0x19, 0xde, 0xde,
	0x02, 0x85, 0x6c, 0x01, 0xff, 0x3e, 0x19, 0xff, 0x3e, 0x19, 0xea, 0xba, 0x4b, 0xff, 0x3e, 0x19,
	0xff, 0x3e, 0x19, 0xe4, 0xde, 0x02, 0x00, 0x0c, 0xff, 0x3e, 0x19, 0xff, 0x3e, 0x19, 0xea, 0xde,
	0x02, 0x00, 0x14, 0xff, 0x3e, 0x19, 0xff, 0x3e, 0x19, 0xe4, 0xde, 0x02, 0x00, 0x14, 0xff, 0x3e,
	0x19, 0xff, 0x3e, 0x19, 0xf4, 0xe8, 0x02, 0x00, 0x1c, 0xff, 0x3e, 0x19, 0xff, 0x3e, 0x19, 0xe4,
	0xe8, 0x02, 0x00, 0x1c, 0xff, 0x3e, 0x19, 0xff, 0x3e, 0x19, 0xe4, 0xde, 0x02, 0x84, 0x4e, 0x4a,
	0xff, 0x3e, 0x19, 0xff, 0x3e, 0x19, 0xde, 0xde, 0x02, 0x85, 0x6c, 0x01, 0xff, 0x3e, 0x19, 0xff,
	0x3e, 0x19, 0xea, 0xba, 0x4b, 0xff, 0x3e, 0x19, 0xff, 0x3e, 0x19, 0xe4, 0xde, 0x02, 0x00, 0x0d,
	0xff, 0x3e, 0x19, 0xff, 0x3e, 0x19, 0xea, 0xde, 0x02, 0x00, 0x15, 0xff, 0x3e, 0x19, 0xff, 0x3e,
	0x19, 0xea, 0xe4, 0x02, 0x00, 0x15, 0xff, 0x3e, 0x19, 0xff, 0x3e, 0x19, 0x86, 0x10, 0x00, 0xff,
	0x3e, 0x19, 0xff, 0x01, 0x00, 0xff, 0x01, 0x00, 0x81, 0x01, 0x00, 0x93, 0x3e, 0x19, 0xff, 0x3e,
	0x19, 0xfe, 0xba, 0x4b, 0xff, 0x3e, 0x19, 0xff, 0x3e, 0x19, 0xe4, 0x1c, 0x05, 0x00, 0x1d, 0xff,
	0x3e, 0x19, 0xff, 0x3e, 0x19, 0xe4, 0xde, 0x02, 0x84, 0x4e, 0x4a, 0x00, 0x8d, 0xff, 0x3e, 0x19,
	0xff, 0x3e, 0x19, 0xdd, 0xde, 0x02, 0x85, 0x6c, 0x01, 0xff, 0x3e, 0x19, 0xff, 0x3e, 0x19, 0xea,
	0xba, 0x4b, 0x90, 0xde, 0x02, 0xff, 0x3e, 0x19, 0xff, 0x6c, 0x01, 0xd1, 0xde, 0x02, 0x00, 0x08,
	0x90, 0xde, 0x02, 0xff, 0x3e, 0x19, 0xff, 0x72, 0x01, 0xd8, 0xba, 0x4b, 0x90, 0xde, 0x02, 0xff,
	0x3e, 0x19, 0xff, 0x6c, 0x01, 0xd1, 0xde, 0x02, 0x00, 0x10, 0x90, 0xde, 0x02, 0xff, 0x3e, 0x19,
	0xff, 0x7c, 0x01, 0xe2, 0xba, 0x4b, 0x8e, 0xe8, 0x02, 0xff, 0x3e, 0x19, 0xff, 0x6c, 0x01, 0xd3,
	0xe8, 0x02, 0x00, 0x18, 0x8e, 0xe8, 0x02, 0xff, 0x3e, 0x19, 0xff, 0x72, 0x01, 0xd3, 0xde, 0x02,
	0x84, 0x4e, 0x4a, 0x90, 0xde, 0x02, 0xff, 0x3e, 0x19, 0xff, 0x6c, 0x01, 0xcb, 0xde, 0x02, 0x85,
	0x6c, 0x01, 0xff, 0x3e, 0x19, 0xff, 0x3e, 0x19, 0xea, 0xba, 0x4b, 0x90, 0xde, 0x02, 0xff, 0x3e,
	0x19, 0xff, 0x6c, 0x01, 0xd1, 0xde, 0x02, 0x00, 0x09, 0x90, 0xde, 0x02, 0xff, 0x3e, 0x19, 0xff,
	0x72, 0x01, 0xd8, 0xba, 0x4b, 0x90, 0xde, 0x02, 0xff, 0x3e, 0x19, 0xff, 0x72, 0x01, 0xd8, 0xba,
	0x4b, 0x8e, 0xe4, 0x02, 0xff, 0x3e, 0x19, 0xff, 0x3e, 0x19, 0xff, 0x3e, 0x19, 0xff, 0x01, 0x00,
	0xfb, 0x01, 0x00, 0x93, 0x3e, 0x19, 0xff, 0x3e, 0x19, 0xfe, 0xba, 0x4b, 0x90, 0xa4, 0x10, 0xff,
	0x3e, 0x19, 0xff, 0x6c, 0x01, 0xd1, 0x1c, 0x05, 0x00, 0x19, 0x90, 0xa4, 0x10, 0xff, 0x3e, 0x19,
	0xff, 0x72, 0x01, 0xd8, 0xba, 0x4b, 0xff, 0x3e, 0x19, 0xff, 0x3e, 0x19, 0xde, 0xde, 0x02, 0x85,
	0x6c, 0x01, 0xff, 0x3e, 0x19, 0xff, 0x3e, 0x19, 0xea, 0xba, 0x4b, 0xff, 0x3e, 0x19, 0xff, 0x3e,
	0x19, 0xe4, 0xde, 0x02, 0x00, 0x0a, 0xff, 0x3e, 0x19, 0xff, 0x3e, 0x19, 0xea, 0xde, 0x02, 0x00,
	0x12, 0xff, 0x3e, 0x19, 0xff, 0x3e, 0x19, 0xe4, 0xde, 0x02, 0x00, 0x12, 0xff, 0x3e, 0x19, 0xff,
	0x3e, 0x19, 0xf4, 0xe8, 0x02, 0x00, 0x1a, 0xff, 0x3e, 0x19, 0xff, 0x3e, 0x19, 0xe4, 0xe8, 0x02,
	0x00, 0x1a, 0xff, 0x3e, 0x19, 0xff, 0x3e, 0x19, 0xe4, 0xde, 0x02, 0x84, 0x4e, 0x4a, 0xff, 0x3e,
	0x19, 0xff, 0x3e, 0x19, 0xde, 0xde, 0x02, 0x85, 0x6c, 0x01, 0xff, 0x3e, 0x19, 0xff, 0x3e, 0x19,
	0xea, 0xba, 0x4b, 0xff, 0x3e, 0x19, 0xff, 0x3e, 0x19, 0xe4, 0xde, 0x02, 0x00, 0x0b, 0xff, 0x3e,
	0x19, 0xff, 0x3e, 0x19, 0xea, 0xde, 0x02, 0x00, 0x13, 0xff, 0x3e, 0x19, 0xff, 0x3e, 0x19, 0xea,
	0xe4, 0x02, 0x00, 0x13, 0xff, 0x3e, 0x19, 0xff, 0x3e, 0x19, 0x86, 0x10, 0x00, 0xff, 0x3e, 0x19,
	0xff, 0x01, 0x00, 0xff, 0x01, 0x00, 0x81, 0x01, 0x00, 0x93, 0x3e, 0x19, 0xff, 0x3e, 0x19, 0xfe,
	0xba, 0x4b, 0xff, 0x3e, 0x19, 0xff, 0x3e, 0x19, 0xe4, 0x1c, 0x05, 0x00, 0x1b, 0xff, 0x3e, 0x19,
	0xff, 0x3e, 0x19, 0xe4, 0xde, 0x02, 0x84, 0x4e, 0x4a, 0xff, 0x3e, 0x19, 0xff, 0x3e, 0x19, 0xde,
	0xde, 0x02, 0x85, 0x6c, 0x01, 0xff, 0x3e, 0x19, 0xff, 0x3e, 0x19, 0xea, 0xba, 0x4b, 0xff, 0x3e,
	0x19, 0xff, 0x3e, 0x19, 0xe4, 0xde, 0x02, 0x00, 0x0c, 0xff, 0x3e, 0x19, 0xff, 0x3e, 0x19, 0xea,
	0xde, 0x02, 0x00, 0x14, 0xff, 0x3e, 0x19, 0xff, 0x3e, 0x19, 0xe4, 0xde, 0x02, 0x00, 0x14, 0xff,
	0x3e, 0x19, 0xff, 0x3e, 0x19, 0xf4, 0xe8, 0x02, 0x00, 0x1c, 0xff, 0x3e, 0x19, 0xff, 0x3e, 0x19,
	0xe4, 0xe8, 0x02, 0x00, 0x1c, 0xff, 0x3e, 0x19, 0xff, 0x3e, 0x19, 0xe4, 0xde, 0x02, 0x84, 0x4e,
	0x4a, 0xff, 0x3e, 0x19, 0xff, 0x3e, 0x19, 0xde, 0xde, 0x02, 0x85, 0x6c, 0x01, 0xff, 0x3e, 0x19,
	0xff, 0x3e, 0x19, 0xea, 0xba, 0x4b, 0xff, 0x3e, 0x19, 0xff, 0x3e, 0x19, 0xe4, 0xde, 0x02, 0x00,
	0x0d, 0xff, 0x3e, 0x19, 0xff, 0x3e, 0x19, 0xea, 0xde, 0x02, 0x00, 0x15, 0xff, 0x3e, 0x19, 0xff,
	0x3e, 0x19, 0xea, 0xe4, 0x02, 0x00, 0x15, 0xff, 0x3e, 0x19, 0xff, 0x3e, 0x19, 0x86, 0x10, 0x00,
	0xff, 0x3e, 0x19, 0xff, 0x01, 0x00, 0xff, 0x01, 0x00, 0x81, 0x01, 0x00, 0x93, 0x3e, 0x19, 0xff,
	0x3e, 0x19, 0xfe, 0xba, 0x4b, 0xff, 0x3e, 0x19, 0xff, 0x3e, 0x19, 0xe4, 0x1c, 0x05, 0x00, 0x1d,
	0xff, 0x3e, 0x19, 0xff, 0x3e, 0x19, 0xe4, 0xde, 0x02, 0x84, 0x4e, 0x4a, 0x00, 0x86, 0xff, 0x3e,
	0x19, 0xff, 0x3e, 0x19, 0xdd, 0xde, 0x02, 0x85, 0x6c, 0x01, 0xff, 0x3e, 0x19, 0xff, 0x3e, 0x19,
	0xea, 0xba, 0x4b, 0x90, 0xde, 0x02, 0xff, 0x3e, 0x19, 0xff, 0x6c, 0x01, 0xd1, 0xde, 0x02, 0x00,
	0x08, 0x90, 0xde, 0x02, 0xff, 0x3e, 0x19, 0xff, 0x72, 0x01, 0xd8, 0xba, 0x4b, 0x90, 0xde, 0x02,
	0xff, 0x3e, 0x19, 0xff, 0x6c, 0x01, 0xd1, 0xde, 0x02, 0x00, 0x10, 0x90, 0xde, 0x02, 0xff, 0x3e,
	0x19, 0xff, 0x7c, 0x01, 0xe2, 0xba, 0x4b, 0x8e, 0xe8, 0x02, 0xff, 0x3e, 0x19, 0xff, 0x6c, 0x01,
	0xd3, 0xe8, 0x02, 0x00, 0x18, 0x8e, 0xe8, 0x02, 0xff, 0x3e, 0x19, 0xff, 0x72, 0x01, 0xd3, 0xde,
	0x02, 0x84, 0x4e, 0x4a, 0x90, 0xde, 0x02, 0xff, 0x3e, 0x19, 0xff, 0x6c, 0x01, 0xcb, 0xde, 0x02,
	0x85, 0x6c, 0x01, 0xff, 0x3e, 0x19, 0xff, 0x3e, 0x19, 0xea, 0xba, 0x4b, 0x90, 0xde, 0x02, 0xff,
	0x3e, 0x19, 0xff, 0x6c, 0x01, 0xd1, 0xde, 0x02, 0x00, 0x09, 0x90, 0xde, 0x02, 0xff, 0x3e, 0x19,
	0xff, 0x72, 0x01, 0xd8, 0xba, 0x4b, 0x90, 0xde, 0x02, 0xff, 0x3e, 0x19, 0xff, 0x72, 0x01, 0xd8,
	0xba, 0x4b, 0x8e, 0xe4, 0x02, 0xff, 0x3e, 0x19, 0xff, 0x3e, 0x19, 0xff, 0x3e, 0x19, 0xff, 0x01,
	0x00, 0xfb, 0x01, 0x00, 0x93, 0x3e, 0x19, 0xff, 0x3e, 0x19, 0xfe, 0xba, 0x4b, 0x90, 0xa4, 0x10,
	0xff, 0x3e, 0x19, 0xff, 0x6c, 0x01, 0xd1, 0x1c, 0x05, 0x00, 0x19, 0x90, 0xa4, 0x10, 0xff, 0x3e,
	0x19, 0xff, 0x72, 0x01, 0xd8, 0xba, 0x4b, 0xff, 0x3e, 0x19, 0xff, 0x3e, 0x19, 0xde, 0xde, 0x02,
	0x85, 0x6c, 0x01, 0xff, 0x3e, 0x19, 0xff, 0x3e, 0x19, 0xea, 0xba, 0x4b, 0xff, 0x3e, 0x19, 0xff,
	0x3e, 0x19, 0xe4, 0xde, 0x02, 0x00, 0x0a, 0xff, 0x3e, 0x19, 0xff, 0x3e, 0x19, 0xea, 0xde, 0x02,
	0x00, 0x12, 0xff, 0x3e, 0x19, 0xff, 0x3e, 0x19, 0xe4, 0xde, 0x02, 0x00, 0x12, 0xff, 0x3e, 0x19,
	0xff, 0x3e, 0x19, 0xf4, 0xe8, 0x02, 0x00, 0x1a, 0xff, 0x3e, 0x19, 0xff, 0x3e, 0x19, 0xe4, 0xe8,
	0x02, 0x00, 0x1a, 0xff, 0x3e, 0x19, 0xff, 0x3e, 0x19, 0xe4, 0xde, 0x02, 0x84, 0x4e, 0x4a, 0xff,
	0x3e, 0x19, 0xff, 0x3e, 0x19, 0xde, 0xde, 0x02, 0x85, 0x6c, 0x01, 0xff, 0x3e, 0x19, 0xff, 0x3e,
	0x19, 0xea, 0xba, 0x4b, 0xff, 0x3e, 0x19, 0xff, 0x3e, 0x19, 0xe4, 0xde, 0x02, 0x00, 0x0b, 0xff,
	0x3e, 0x19, 0xff, 0x3e, 0x19, 0xea, 0xde, 0x02, 0x00, 0x13, 0xff, 0x3e, 0x19, 0xff, 0x3e, 0x19,
	0xea, 0xe4, 0x02, 0x00, 0x13, 0xff, 0x3e, 0x19, 0xff, 0x3e, 0x19, 0x86, 0x10, 0x00, 0xff, 0x3e,
	0x19, 0xff, 0x01, 0x00, 0xff, 0x01, 0x00, 0x81, 0x01, 0x00, 0x93, 0x3e, 0x19, 0xff, 0x3e, 0x19,
	0xfe, 0xba, 0x4b, 0xff, 0x3e, 0x19, 0xff, 0x3e, 0x19, 0xe4, 0x1c, 0x05, 0x00, 0x1b, 0xff, 0x3e,
	0x19, 0xff, 0x3e, 0x19, 0xe4, 0xde, 0x02, 0x84, 0x4e, 0x4a, 0xff, 0x3e, 0x19, 0xff, 0x3e, 0x19,
	0xde, 0xde, 0x02, 0x85, 0x6c, 0x01, 0xff, 0x3e, 0x19, 0xff, 0x3e, 0x19, 0xea, 0xba, 0x4b, 0xff,
	0x3e, 0x19, 0xff, 0x3e, 0x19, 0xe4, 0xde, 0x02, 0x00, 0x0c, 0xff, 0x3e, 0x19, 0xff, 0x3e, 0x19,
	0xea, 0xde, 0x02, 0x00, 0x14, 0xff, 0x3e, 0x19, 0xff, 0x3e, 0x19, 0xe4, 0xde, 0x02, 0x00, 0x14,
	0xff, 0x3e, 0x19, 0xff, 0x3e, 0x19, 0xf4, 0xe8, 0x02, 0x00, 0x1c, 0xff, 0x3e, 0x19, 0xff, 0x3e,
	0x19, 0xe4, 0xe8, 0x02, 0x00, 0x1c, 0xff, 0x3e, 0x19, 0xff, 0x3e, 0x19, 0xe4, 0xde, 0x02, 0x84,
	0x4e, 0x4a, 0xff, 0x3e, 0x19, 0xff, 0x3e, 0x19, 0xde, 0xde, 0x02, 0x85, 0x6c, 0x01, 0xff, 0x3e,
	0x19, 0xff, 0x3e, 0x19, 0xea, 0xba, 0x4b, 0xff, 0x3e, 0x19, 0xff, 0x3e, 0x19, 0xe4, 0xde, 0x02,
	0x00, 0x0d, 0xff, 0x3e, 0x19, 0xff, 0x3e, 0x19, 0xea, 0xde, 0x02, 0x00, 0x15, 0xff, 0x3e, 0x19,
	0xff, 0x3e, 0x19, 0xea, 0xe4, 0x02, 0x00, 0x15, 0xff, 0x3e, 0x19, 0xff, 0x3e, 0x19, 0x86, 0x10,
	0x00, 0xff, 0x3e, 0x19, 0xff, 0x01, 0x00, 0xff, 0x01, 0x00, 0x81, 0x01, 0x00, 0x93, 0x3e, 0x19,
	0xff, 0x3e, 0x19, 0xfe, 0xba, 0x4b, 0xff, 0x3e, 0x19, 0xff, 0x3e, 0x19, 0xe4, 0x1c, 0x05, 0x00,
	0x1d, 0xff, 0x3e, 0x19, 0xff, 0x3e, 0x19, 0xe4, 0xde, 0x02, 0x84, 0x4e, 0x4a, 0x00, 0x8e, 0xff,
	0x3e, 0x19, 0xff, 0x3e, 0x19, 0xdd, 0xde, 0x02, 0x85, 0x6c, 0x01, 0xff, 0x3e, 0x19, 0xff, 0x3e,
	0x19, 0xea, 0xba, 0x4b, 0x90, 0xde, 0x02, 0xff, 0x3e, 0x19, 0xff, 0x6c, 0x01, 0xd1, 0xde, 0x02,
	0x00, 0x08, 0x90, 0xde, 0x02, 0xff, 0x3e, 0x19, 0xff, 0x72, 0x01, 0xd8, 0xba, 0x4b, 0x90, 0xde,
	0x02, 0xff, 0x3e, 0x19, 0xff, 0x6c, 0x01, 0xd1, 0xde, 0x02, 0x00, 0x10, 0x90, 0xde, 0x02, 0xff,
	0x3e, 0x19, 0xff, 0x7c, 0x01, 0xe2, 0xba, 0x4b, 0x8e, 0xe8, 0x02, 0xff, 0x3e, 0x19, 0xff, 0x6c,
	0x01, 0xd3, 0xe8, 0x02, 0x00, 0x18, 0x8e, 0xe8, 0x02, 0xff, 0x3e, 0x19, 0xff, 0x72, 0x01, 0xd3,
	0xde, 0x02, 0x84, 0x4e, 0x4a, 0x90, 0xde, 0x02, 0xff, 0x3e, 0x19, 0xff, 0x6c, 0x01, 0xcb, 0xde,
	0x02, 0x85, 0x6c, 0x01, 0xff, 0x3e, 0x19, 0xff, 0x3e, 0x19, 0xea, 0xba, 0x4b, 0x90, 0xde, 0x02,
	0xff, 0x3e, 0x19, 0xff, 0x6c, 0x01, 0xd1, 0xde, 0x02, 0x00, 0x09, 0x90, 0xde, 0x02, 0xff, 0x3e,
	0x19, 0xff, 0x72, 0x01, 0xd8, 0xba, 0x4b, 0x90, 0xde, 0x02, 0xff, 0x3e, 0x19, 0xff, 0x72, 0x01,
	0xd8, 0xba, 0x4b, 0x8e, 0xe4, 0x02, 0xff, 0x3e, 0x19, 0xff, 0x3e, 0x19, 0xff, 0x3e, 0x19, 0xff,
	0x01, 0x00, 0xfb, 0x01, 0x00, 0x93, 0x3e, 0x19, 0xff, 0x3e, 0x19, 0xfe, 0xba, 0x4b, 0x90, 0xa4,
	0x10, 0xff, 0x3e, 0x19, 0xff, 0x6c, 0x01, 0xd1, 0x1c, 0x05, 0x00, 0x19, 0x90, 0xa4, 0x10, 0xff,
	0x3e, 0x19, 0xff, 0x72, 0x01, 0xd8, 0xba, 0x4b, 0xff, 0x3e, 0x19, 0xff, 0x3e, 0x19, 0xde, 0xde,
	0x02, 0x85, 0x6c, 0x01, 0xff, 0x3e, 0x19, 0xff, 0x3e, 0x19, 0xea, 0xba, 0x4b, 0xff, 0x3e, 0x19,
	0xff, 0x3e, 0x19, 0xe4, 0xde, 0x02, 0x00, 0x0a, 0xff, 0x3e, 0x19, 0xff, 0x3e, 0x19, 0xea, 0xde,
	0x02, 0x00, 0x12, 0xff, 0x3e, 0x19, 0xff, 0x3e, 0x19, 0xe4, 0xde, 0x02, 0x00, 0x12, 0xff, 0x3e,
	0x19, 0xff, 0x3e, 0x19, 0xf4, 0xe8, 0x02, 0x00, 0x1a, 0xff, 0x3e, 0x19, 0xff, 0x3e, 0x19, 0xe4,
	0xe8, 0x02, 0x00, 0x1a, 0xff, 0x3e, 0x19, 0xff, 0x3e, 0x19, 0xe4, 0xde, 0x02, 0x84, 0x4e, 0x4a,
	0xff, 0x3e, 0x19, 0xff, 0x3e, 0x19, 0xde, 0xde, 0x02, 0x85, 0x6c, 0x01, 0xff, 0x3e, 0x19, 0xff,
	0x3e, 0x19, 0xea, 0xba, 0x4b, 0xff, 0x3e, 0x19, 0xff, 0x3e, 0x19, 0xe4, 0xde, 0x02, 0x00, 0x0b,
	0xff, 0x3e, 0x19, 0xff, 0x3e, 0x19, 0xea, 0xde, 0x02, 0x00, 0x13, 0xff, 0x3e, 0x19, 0xff, 0x3e,
	0x19, 0xea, 0xe4, 0x02, 0x00, 0x13, 0xff, 0x3e, 0x19, 0xff, 0x3e, 0x19, 0x86, 0x10, 0x00, 0xff,
	0x3e, 0x19, 0xff, 0x01, 0x00, 0xff, 0x01, 0x00, 0x81, 0x01, 0x00, 0x93, 0x3e, 0x19, 0xff, 0x3e,
	0x19, 0xfe, 0xba, 0x4b, 0xff, 0x3e, 0x19, 0xff, 0x3e, 0x19, 0xe4, 0x1c, 0x05, 0x00, 0x1b, 0xff,
	0x3e, 0x19, 0xff, 0x3e, 0x19, 0xe4, 0xde, 0x02, 0x84, 0x4e, 0x4a, 0xff, 0x3e, 0x19, 0xff, 0x3e,
	0x19, 0xde, 0xde, 0x02, 0x85, 0x6c, 0x01, 0xff, 0x3e, 0x19, 0xff, 0x3e, 0x19, 0xea, 0xba, 0x4b,
	0xff, 0x3e, 0x19, 0xff, 0x3e, 0x19, 0xe4, 0xde, 0x02, 0x00, 0x0c, 0xff, 0x3e, 0x19, 0xff, 0x3e,
	0x19, 0xea, 0xde, 0x02, 0x00, 0x14, 0xff, 0x3e, 0x19, 0xff, 0x3e, 0x19, 0xe4, 0xde, 0x02, 0x00,
	0x14, 0xff, 0x3e, 0x19, 0xff, 0x3e, 0x19, 0xf4, 0xe8, 0x02, 0x00, 0x1c, 0xff, 0x3e, 0x19, 0xff,
	0x3e, 0x19, 0xe4, 0xe8, 0x02, 0x00, 0x1c, 0xff, 0x3e, 0x19, 0xff, 0x3e, 0x19, 0xe4, 0xde, 0x02,
	0x84, 0x4e, 0x4a, 0xff, 0x3e, 0x19, 0xff, 0x3e, 0x19, 0xde, 0xde, 0x02, 0x85, 0x6c, 0x01, 0xff,
	0x3e, 0x19, 0xff, 0x3e, 0x19, 0xea, 0xba, 0x4b, 0xff, 0x3e, 0x19, 0xff, 0x3e, 0x19, 0xe4, 0xde,
	0x02, 0x00, 0x0d, 0xff, 0x3e, 0x19, 0xff, 0x3e, 0x19, 0xea, 0xde, 0x02, 0x00, 0x15, 0xff, 0x3e,
	0x19, 0xff, 0x3e, 0x19, 0xea, 0xe4, 0x02, 0x00, 0x15, 0xff, 0x3e, 0x19, 0xff, 0x3e, 0x19, 0x86,
	0x10, 0x00, 0xff, 0x3e, 0x19, 0xff, 0x01, 0x00, 0xff, 0x01, 0x00, 0x81, 0x01, 0x00, 0x93, 0x3e,
	0x19, 0xff, 0x3e, 0x19, 0xfe, 0xba, 0x4b, 0xff, 0x3e, 0x19, 0xff, 0x3e, 0x19, 0xe4, 0x1c, 0x05,
	0x00, 0x1d, 0xff, 0x3e, 0x19, 0xff, 0x3e, 0x19, 0xe4, 0xde, 0x02, 0x84, 0x4e, 0x4a, 0x00, 0x87,
	0xff, 0x3e, 0x19, 0xff, 0x3e, 0x19, 0xdd, 0xde, 0x02, 0x85, 0x6c, 0x01, 0xff, 0x3e, 0x19, 0xff,
	0x3e, 0x19, 0xea, 0xba, 0x4b, 0x90, 0xde, 0x02, 0xff, 0x3e, 0x19, 0xff, 0x6c, 0x01, 0xd1, 0xde,
	0x02, 0x00, 0x08, 0x90, 0xde, 0x02, 0xff, 0x3e, 0x19, 0xff, 0x72, 0x01, 0xd8, 0xba, 0x4b, 0x90,
	0xde, 0x02, 0xff, 0x3e, 0x19, 0xff, 0x6c, 0x01, 0xd1, 0xde, 0x02, 0x00, 0x10, 0x90, 0xde, 0x02,
	0xff, 0x3e, 0x19, 0xff, 0x7c, 0x01, 0xe2, 0xba, 0x4b, 0x8e, 0xe8, 0x02, 0xff, 0x3e, 0x19, 0xff,
	0x6c, 0x01, 0xd3, 0xe8, 0x02, 0x00, 0x18, 0x8e, 0xe8, 0x02, 0xff, 0x3e, 0x19, 0xff, 0x72, 0x01,
	0xd3, 0xde, 0x02, 0x84, 0x4e, 0x4a, 0x90, 0xde, 0x02, 0xff, 0x3e, 0x19, 0xff, 0x6c, 0x01, 0xcb,
	0xde, 0x02, 0x85, 0x6c, 0x01, 0xff, 0x3e, 0x19, 0xff, 0x3e, 0x19, 0xea, 0xba, 0x4b, 0x90, 0xde,
	0x02, 0xff, 0x3e, 0x19, 0xff, 0x6c, 0x01, 0xd1, 0xde, 0x02, 0x00, 0x09, 0x90, 0xde, 0x02, 0xff,
	0x3e, 0x19, 0xff, 0x72, 0x01, 0xd8, 0xba, 0x4b, 0x90, 0xde, 0x02, 0xff, 0x3e, 0x19, 0xff, 0x72,
	0x01, 0xd8, 0xba, 0x4b, 0x8e, 0xe4, 0x02, 0xff, 0x3e, 0x19, 0xff, 0x3e, 0x19, 0xff, 0x3e, 0x19,
	0xff, 0x01, 0x00, 0xfb, 0x01, 0x00, 0x93, 0x3e, 0x19, 0xff, 0x3e, 0x19, 0xfe, 0xba, 0x4b, 0x90,
	0xa4, 0x10, 0xff, 0x3e, 0x19, 0xff, 0x6c, 0x01, 0xd1, 0x1c, 0x05, 0x00, 0x19, 0x90, 0xa4, 0x10,
	0xff, 0x3e, 0x19, 0xff, 0x72, 0x01, 0xd8, 0xba, 0x4b, 0xff, 0x3e, 0x19, 0xff, 0x3e, 0x19, 0xde,
	0xde, 0x02, 0x85, 0x6c, 0x01, 0xff, 0x3e, 0x19, 0xff, 0x3e, 0x19, 0xea, 0xba, 0x4b, 0xff, 0x3e,
	0x19, 0xff, 0x3e, 0x19, 0xe4, 0xde, 0x02, 0x00, 0x0a, 0xff, 0x3e, 0x19, 0xff, 0x3e, 0x19, 0xea,
	0xde, 0x02, 0x00, 0x12, 0xff, 0x3e, 0x19, 0xff, 0x3e, 0x19, 0xe4, 0xde, 0x02, 0x00, 0x12, 0xff,
	0x3e, 0x19, 0xff, 0x3e, 0x19, 0xf4, 0xe8, 0x02, 0x00, 0x1a, 0xff, 0x3e, 0x19, 0xff, 0x3e, 0x19,
	0xe4, 0xe8, 0x02, 0x00, 0x1a, 0xff, 0x3e, 0x19, 0xff, 0x3e, 0x19, 0xe4, 0xde, 0x02, 0x84, 0x4e,
	0x4a, 0xff, 0x3e, 0x19, 0xff, 0x3e, 0x19, 0xde, 0xde, 0x02, 0x85, 0x6c, 0x01, 0xff, 0x3e, 0x19,
	0xff, 0x3e, 0x19, 0xea, 0xba, 0x4b, 0xff, 0x3e, 0x19, 0xff, 0x3e, 0x19, 0xe4, 0xde, 0x02, 0x00,
	0x0b, 0xff, 0x3e, 0x19, 0xff, 0x3e, 0x19, 0xea, 0xde, 0x02, 0x00, 0x13, 0xff, 0x3e, 0x19, 0xff,
	0x3e, 0x19, 0xea, 0xe4, 0x02, 0x00, 0x13, 0xff, 0x3e, 0x19, 0xff, 0x3e, 0x19, 0x86, 0x10, 0x00,
	0xff, 0x3e, 0x19, 0xff, 0x01, 0x00, 0xff, 0x01, 0x00, 0x81, 0x01, 0x00, 0x93, 0x3e, 0x19, 0xff,
	0x3e, 0x19, 0xfe, 0xba, 0x4b, 0xff, 0x3e, 0x19, 0xff, 0x3e, 0x19, 0xe4, 0x1c, 0x05, 0x00, 0x1b,
	0xff, 0x3e, 0x19, 0xff, 0x3e, 0x19, 0xe4, 0xde, 0x02, 0x84, 0x4e, 0x4a, 0xff, 0x3e, 0x19, 0xff,
	0x3e, 0x19, 0xde, 0xde, 0x02, 0x85, 0x6c, 0x01, 0xff, 0x3e, 0x19, 0xff, 0x3e, 0x19, 0xea, 0xba,
	0x4b, 0xff, 0x3e, 0x19, 0xff, 0x3e, 0x19, 0xe4, 0xde, 0x02, 0x00, 0x0c, 0xff, 0x3e, 0x19, 0xff,
	0x3e, 0x19, 0xea, 0xde, 0x02, 0x00, 0x14, 0xff, 0x3e, 0x19, 0xff, 0x3e, 0x19, 0xe4, 0xde, 0x02,
	0x00, 0x14, 0xff, 0x3e, 0x19, 0xff, 0x3e, 0x19, 0xf4, 0xe8, 0x02, 0x00, 0x1c, 0xff, 0x3e, 0x19,
	0xff, 0x3e, 0x19, 0xe4, 0xe8, 0x02, 0x00, 0x1c, 0xff, 0x3e, 0x19, 0xff, 0x3e, 0x19, 0xe4, 0xde,
	0x02, 0x84, 0x4e, 0x4a, 0xff, 0x3e, 0x19, 0xff, 0x3e, 0x19, 0xde, 0xde, 0x02, 0x85, 0x6c, 0x01,
	0xff, 0x3e, 0x19, 0xff, 0x3e, 0x19, 0xea, 0xba, 0x4b, 0xff, 0x3e, 0x19, 0xff, 0x3e, 0x19, 0xe4,
	0xde, 0x02, 0x00, 0x0d, 0xff, 0x3e, 0x19, 0xff, 0x3e, 0x19, 0xea, 0xde, 0x02, 0x00, 0x15, 0xff,
	0x3e, 0x19, 0xff, 0x3e, 0x19, 0xea, 0xe4, 0x02, 0x00, 0x15, 0xff, 0x3e, 0x19, 0xff, 0x3e, 0x19,
	0x86, 0x10, 0x00, 0xff, 0x3e, 0x19, 0xff, 0x01, 0x00, 0xff, 0x01, 0x00, 0x81, 0x01, 0x00, 0x93,
	0x3e, 0x19, 0xff, 0x3e, 0x19, 0xfe, 0xba, 0x4b, 0xff, 0x3e, 0x19, 0xff, 0x3e, 0x19, 0xe4, 0x1c,
	0x05, 0x00, 0x1d, 0xff, 0x3e, 0x19, 0xff, 0x3e, 0x19, 0xe4, 0xde, 0x02, 0x84, 0x4e, 0x4a, 0x00,
	0x8f, 0xff, 0x3e, 0x19, 0xff, 0x3e, 0x19, 0xdd, 0xde, 0x02, 0x85, 0x6c, 0x01, 0xff, 0x3e, 0x19,
	0xff, 0x3e, 0x19, 0xea, 0xba, 0x4b, 0x90, 0xde, 0x02, 0xff, 0x3e, 0x19, 0xff, 0x6c, 0x01, 0xd1,
	0xde, 0x02, 0x00, 0x08, 0x90, 0xde, 0x02, 0xff, 0x3e, 0x19, 0xff, 0x72, 0x01, 0xd8, 0xba, 0x4b,
	0x90, 0xde, 0x02, 0xff, 0x3e, 0x19, 0xff, 0x6c, 0x01, 0xd1, 0xde, 0x02, 0x00, 0x10, 0x90, 0xde,
	0x02, 0xff, 0x3e, 0x19, 0xff, 0x7c, 0x01, 0xe2, 0xba, 0x4b, 0x8e, 0xe8, 0x02, 0xff, 0x3e, 0x19,
	0xff, 0x6c, 0x01, 0xd3, 0xe8, 0x02, 0x00, 0x18, 0x8e, 0xe8, 0x02, 0xff, 0x3e, 0x19, 0xff, 0x72,
	0x01, 0xd3, 0xde, 0x02, 0x84, 0x4e, 0x4a, 0x90, 0xde, 0x02, 0xff, 0x3e, 0x19, 0xff, 0x6c, 0x01,
	0xcb, 0xde, 0x02, 0x85, 0x6c, 0x01, 0xff, 0x3e, 0x19, 0xff, 0x3e, 0x19, 0xea, 0xba, 0x4b, 0x90,
	0xde, 0x02, 0xff, 0x3e, 0x19, 0xff, 0x6c, 0x01, 0xd1, 0xde, 0x02, 0x00, 0x09, 0x90, 0xde, 0x02,
	0xff, 0x3e, 0x19, 0xff, 0x72, 0x01, 0xd8, 0xba, 0x4b, 0x90, 0xde, 0x02, 0xff, 0x3e, 0x19, 0xff,
	0x72, 0x01, 0xd8, 0xba, 0x4b, 0x8e, 0xe4, 0x02, 0xff, 0x3e, 0x19, 0xff, 0x3e, 0x19, 0xff, 0x3e,
	0x19, 0xff, 0x01, 0x00, 0xfb, 0x01, 0x00, 0x93, 0x3e, 0x19, 0xff, 0x3e, 0x19, 0xfe, 0xba, 0x4b,
	0x90, 0xa4, 0x10, 0xff, 0x3e, 0x19, 0xff, 0x6c, 0x01, 0xd1, 0x1c, 0x05, 0x00, 0x19, 0x90, 0xa4,
	0x10, 0xff, 0x3e, 0x19, 0xff, 0x72, 0x01, 0xd8, 0xba, 0x4b, 0xff, 0x3e, 0x19, 0xff, 0x3e, 0x19,
	0xde, 0xde, 0x02, 0x85, 0x6c, 0x01, 0xff, 0x3e, 0x19, 0xff, 0x3e, 0x19, 0xea, 0xba, 0x4b, 0xff,
	0x3e, 0x19, 0xff, 0x3e, 0x19, 0xe4, 0xde, 0x02, 0x00, 0x0a, 0xff, 0x3e, 0x19, 0xff, 0x3e, 0x19,
	0xea, 0xde, 0x02, 0x00, 0x12, 0xff, 0x3e, 0x19, 0xff, 0x3e, 0x19, 0xe4, 0xde, 0x02, 0x00, 0x12,
	0xff, 0x3e, 0x19, 0xff, 0x3e, 0x19, 0xf4, 0xe8, 0x02, 0x00, 0x1a, 0xff, 0x3e, 0x19, 0xff, 0x3e,
	0x19, 0xe4, 0xe8, 0x02, 0x00, 0x1a, 0xff, 0x3e, 0x19, 0xff, 0x3e, 0x19, 0xe4, 0xde, 0x02, 0x84,
	0x4e, 0x4a, 0xff, 0x3e, 0x19, 0xff, 0x3e, 0x19, 0xde, 0xde, 0x02, 0x85, 0x6c, 0x01, 0xff, 0x3e,
	0x19, 0xff, 0x3e, 0x19, 0xea, 0xba, 0x4b, 0xff, 0x3e, 0x19, 0xff, 0x3e, 0x19, 0xe4, 0xde, 0x02,
	0x00, 0x0b, 0xff, 0x3e, 0x19, 0xff, 0x3e, 0x19, 0xea, 0xde, 0x02, 0x00, 0x13, 0xff, 0x3e, 0x19,
	0xff, 0x3e, 0x19, 0xea, 0xe4, 0x02, 0x00, 0x13, 0xff, 0x3e, 0x19, 0xff, 0x3e, 0x19, 0x86, 0x10,
	0x00, 0xff, 0x3e, 0x19, 0xff, 0x01, 0x00, 0xff, 0x01, 0x00, 0x81, 0x01, 0x00, 0x93, 0x3e, 0x19,
	0xff, 0x3e, 0x19, 0xfe, 0xba, 0x4b, 0xff, 0x3e, 0x19, 0xff, 0x3e, 0x19, 0xe4, 0x1c, 0x05, 0x00,
	0x1b, 0xff, 0x3e, 0x19, 0xff, 0x3e, 0x19, 0xe4, 0xde, 0x02, 0x84, 0x4e, 0x4a, 0xff, 0x3e, 0x19,
	0xff, 0x3e, 0x19, 0xde, 0xde, 0x02, 0x85, 0x6c, 0x01, 0xff, 0x3e, 0x19, 0xff, 0x3e, 0x19, 0xea,
	0xba, 0x4b, 0xff, 0x3e, 0x19, 0xff, 0x3e, 0x19, 0xe4, 0xde, 0x02, 0x00, 0x0c, 0xff, 0x3e, 0x19,
	0xff, 0x3e, 0x19, 0xea, 0xde, 0x02, 0x00, 0x14, 0xff, 0x3e, 0x19, 0xff, 0x3e, 0x19, 0xe4, 0xde,
	0x02, 0x00, 0x14, 0xff, 0x3e, 0x19, 0xff, 0x3e, 0x19, 0xf4, 0xe8, 0x02, 0x00, 0x1c, 0xff, 0x3e,
	0x19, 0xff, 0x3e, 0x19, 0xe4, 0xe8, 0x02, 0x00, 0x1c, 0xff, 0x3e, 0x19, 0xff, 0x3e, 0x19, 0xe4,
	0xde, 0x02, 0x84, 0x4e, 0x4a, 0xff, 0x3e, 0x19, 0xff, 0x3e, 0x19, 0xde, 0xde, 0x02, 0x85, 0x6c,
	0x01, 0xff, 0x3e, 0x19, 0xff, 0x3e, 0x19, 0xea, 0xba, 0x4b, 0xff, 0x3e, 0x19, 0xff, 0x3e, 0x19,
	0xe4, 0xde, 0x02, 0x00, 0x0d, 0xff, 0x3e, 0x19, 0xff, 0x3e, 0x19, 0xea, 0xde, 0x02, 0x00, 0x15,
	0xff, 0x3e, 0x19, 0xff, 0x3e, 0x19, 0xea, 0xe4, 0x02, 0x00, 0x15, 0xff, 0x3e, 0x19, 0xff, 0x3e,
	0x19, 0x86, 0x10, 0x00, 0xff, 0x3e, 0x19, 0xff, 0x01, 0x00, 0xff, 0x01, 0x00, 0x81, 0x01, 0x00,
	0x93, 0x3e, 0x19, 0xff, 0x3e, 0x19, 0xfe, 0xba, 0x4b, 0xff, 0x3e, 0x19, 0xff, 0x3e, 0x19, 0xe4,
	0x1c, 0x05, 0x00, 0x1d, 0xff, 0x3e, 0x19, 0x84, 0x3e, 0x19, 0x00, 0x64, 0xff, 0x00, 0x08, 0xd4,
	0x72, 0x01, 0x00, 0xff, 0x85, 0x16, 0x43, 0x00, 0xe0, 0xff, 0x36, 0x19, 0xff, 0x64, 0x01, 0xd3,
	0x64, 0x01, 0x02, 0xaa, 0x55, 0x55, 0x82, 0x64, 0x01, 0x00, 0x55, 0x8e, 0x64, 0x01, 0xf1, 0x2e,
	0x19, 0x01, 0xd4, 0x03, 0xff, 0xce, 0x02, 0xd5, 0x6a, 0x01, 0x02, 0x55, 0xaa, 0xaa, 0x82, 0x6a,
	0x01, 0x00, 0xaa, 0x8e, 0x6a, 0x01, 0xff, 0x26, 0x19, 0xff, 0x64, 0x01, 0xc3, 0x64, 0x01, 0x02,
	0x00, 0xff, 0xff, 0x82, 0x64, 0x01, 0x00, 0xff, 0x8e, 0x64, 0x01, 0xf1, 0x1e, 0x19, 0x02, 0x38,
	0x05, 0x69, 0xff, 0xce, 0x02, 0xdd, 0x9c, 0x05, 0x00, 0xe8, 0xff, 0x16, 0x19, 0xff, 0x64, 0x01,
	0xdc, 0x9c, 0x05, 0x8e, 0x64, 0x01, 0xfb, 0x0e, 0x19, 0x01, 0xa1, 0x06, 0xff, 0xa6, 0x05, 0xde,
	0xa6, 0x05, 0x8c, 0x74, 0x01, 0xff, 0x06, 0x19, 0xff, 0x64, 0x01, 0xce, 0xa6, 0x05, 0x8e, 0x64,
	0x01, 0xf1, 0xfe, 0x18, 0x01, 0x05, 0x08, 0xff, 0xce, 0x02, 0xde, 0xa6, 0x05, 0x00, 0xe2, 0xff,
	0xf6, 0x18, 0xff, 0x64, 0x01, 0xdc, 0xa6, 0x05, 0x8e, 0x64, 0x01, 0xf1, 0xee, 0x18, 0x01, 0x69,
	0x09, 0xff, 0xce, 0x02, 0xde, 0x9c, 0x05, 0x8e, 0x6a, 0x01, 0xff, 0xe6, 0x18, 0xff, 0x64, 0x01,
	0xcc, 0x9c, 0x05, 0x8e, 0x64, 0x01, 0xf1, 0xde, 0x18, 0x02, 0xcd, 0x0a, 0x6d, 0xff, 0xce, 0x02,
	0xdd, 0x9c, 0x05, 0x00, 0xea, 0xff, 0xd6, 0x18, 0xff, 0xd6, 0x18, 0xe2, 0xa2, 0x05, 0x8c, 0x6a,
	0x01, 0xfb, 0xce, 0x18, 0x00, 0x38, 0xff, 0xce, 0x18, 0x82, 0x01, 0x00, 0xff, 0xce, 0x18, 0xff,
	0x01, 0x00, 0xf9, 0x01, 0x00, 0x93, 0xce, 0x18, 0x8f, 0xce, 0x18, 0x00, 0x68, 0xff, 0xce, 0x18,
	0xe5, 0xe0, 0x07, 0x8c, 0xa8, 0x03, 0xff, 0xc6, 0x18, 0xff, 0x64, 0x01, 0xce, 0xe0, 0x07, 0x8e,
	0x64, 0x01, 0xf1, 0xbe, 0x18, 0x00, 0x68, 0xff, 0xbe, 0x18, 0xdf, 0xe0, 0x07, 0x00, 0xe4, 0xff,
	0xbe, 0x18, 0xff, 0x64, 0x01, 0xdc, 0xda, 0x07, 0x8e, 0x64, 0x01, 0xf1, 0xbe, 0x18, 0x00, 0xcc,
	0xff, 0xbe, 0x18, 0xdf, 0x9c, 0x05, 0x8e, 0x6a, 0x01, 0xff, 0xbe, 0x18, 0xff, 0x64, 0x01, 0xcc,
	0x9c, 0x05, 0x8e, 0x64, 0x01, 0xf1, 0xbe, 0x18, 0x00, 0x30, 0xff, 0xbe, 0x18, 0xdf, 0x9c, 0x05,
	0x00, 0xec, 0xff, 0xbe, 0x18, 0xff, 0x64, 0x01, 0xdc, 0x9c, 0x05, 0x8e, 0x64, 0x01, 0xfb, 0xbe,
	0x18, 0x00, 0x99, 0xff, 0xbe, 0x18, 0xdf, 0xa6, 0x05, 0x8c, 0x74, 0x01, 0xff, 0xbe, 0x18, 0xff,
	0x64, 0x01, 0xce, 0xa6, 0x05, 0x8e, 0x64, 0x01, 0xf1, 0xbe, 0x18, 0x01, 0xfd, 0x07, 0xff, 0xce,
	0x02, 0xde, 0xa6, 0x05, 0x00, 0xe6, 0xff, 0xbe, 0x18, 0xff, 0x64, 0x01, 0xdc, 0xa6, 0x05, 0x8e,
	0x64, 0x01, 0xf1, 0xbe, 0x18, 0x00, 0x61, 0xff, 0xbe, 0x18, 0xdf, 0x9c, 0x05, 0x8e, 0x6a, 0x01,
	0xff, 0xbe, 0x18, 0xff, 0x64, 0x01, 0xcc, 0x9c, 0x05, 0x8e, 0x64, 0x01, 0xf1, 0xbe, 0x18, 0x00,
	0xc5, 0xff, 0xbe, 0x18, 0xdf, 0x9c, 0x05, 0x00, 0xee, 0xff, 0xbe, 0x18, 0xff, 0xbe, 0x18, 0xe2,
	0xa2, 0x05, 0x8c, 0x6a, 0x01, 0xfb, 0xbe, 0x18, 0x00, 0x30, 0xff, 0xbe, 0x18, 0x82, 0x01, 0x00,
	0xff, 0xbe, 0x18, 0xff, 0x01, 0x00, 0xf9, 0x01, 0x00, 0x93, 0xbe, 0x18, 0xff, 0xbe, 0x18, 0xf8,
	0xe0, 0x07, 0x8c, 0xa8, 0x03, 0xff, 0xbe, 0x18, 0xff, 0x64, 0x01, 0xce, 0xe0, 0x07, 0x8e, 0x64,
	0x01, 0xf3, 0xbe, 0x18, 0x00, 0x5c, 0xff, 0xe0, 0x07, 0xd0, 0x6a, 0x01, 0x81, 0xec, 0x32, 0x00,
	0xa0, 0xff, 0xaa, 0x4a, 0xff, 0xc6, 0x02, 0xd0, 0x5c, 0x01, 0x04, 0x01, 0x5e, 0x01, 0x80, 0xa1,
	0x8e, 0x5c, 0x01, 0xf1, 0xae, 0x18, 0x01, 0xc4, 0x03, 0xff, 0xbe, 0x02, 0xd1, 0x62, 0x01, 0x04,
	0x02, 0x5e, 0x01, 0x80, 0xa2, 0xff, 0x8a, 0x4a, 0xff, 0xbe, 0x02, 0xd0, 0x5c, 0x01, 0x04, 0x03,
	0x5e, 0x01, 0x80, 0xa3, 0x8e, 0x5c, 0x01, 0xf1, 0x9e, 0x18, 0x02, 0x20, 0x05, 0x61, 0xff, 0xbe,
	0x02, 0xd0, 0x62, 0x01, 0x04, 0x04, 0x5e, 0x01, 0x80, 0xa4, 0xff, 0x6a, 0x4a, 0xff, 0xbe, 0x02,
	0xd0, 0x5c, 0x01, 0x04, 0x05, 0x5e, 0x01, 0x80, 0xa5, 0x8e, 0x5c, 0x01, 0xfb, 0x8e, 0x18, 0x01,
	0x81, 0x06, 0xff, 0x86, 0x05, 0xd1, 0x6c, 0x01, 0x04, 0x06, 0x5e, 0x01, 0x80, 0xa6, 0xff, 0x4a,
	0x4a, 0xff, 0xc8, 0x02, 0xd0, 0x5c, 0x01, 0x04, 0x07, 0x5e, 0x01, 0x80, 0xa7, 0x8e, 0x5c, 0x01,
	0xf1, 0x7e, 0x18, 0x01, 0xdd, 0x07, 0xff, 0xbe, 0x02, 0xd1, 0x62, 0x01, 0x04, 0x08, 0x5e, 0x01,
	0x80, 0xa8, 0xff, 0x2a, 0x4a, 0xff, 0xbe, 0x02, 0xd0, 0x5c, 0x01, 0x04, 0x09, 0x5e, 0x01, 0x80,
	0xa9, 0x8e, 0x5c, 0x01, 0xf1, 0x6e, 0x18, 0x02, 0x39, 0x09, 0x5a, 0xff, 0xbe, 0x02, 0xd0, 0x62,
	0x01, 0x04, 0x0a, 0x5e, 0x01, 0x80, 0xaa, 0xff, 0x0a, 0x4a, 0xff, 0xbe, 0x02, 0xd0, 0x5c, 0x01,
	0x00, 0xad, 0x8e, 0x58, 0x01, 0xf1, 0x5a, 0x18, 0x02, 0x93, 0x0a, 0x65, 0xff, 0xba, 0x02, 0xd0,
	0x5e, 0x01, 0x04, 0x0e, 0x5e, 0x01, 0x80, 0xae, 0xff, 0xe6, 0x49, 0xff, 0x52, 0x18, 0xd6, 0x62,
	0x01, 0x04, 0x0f, 0x5e, 0x01, 0x80, 0xaf, 0x8c, 0x62, 0x01, 0xfb, 0x4a, 0x18, 0x02, 0xf6, 0x0b,
	0x00, 0xff, 0x4a, 0x18, 0x00, 0x00, 0xff, 0x4a, 0x18, 0xff, 0x01, 0x00, 0xfb, 0x01, 0x00, 0x93,
	0x4a, 0x18, 0x8f, 0x4a, 0x18, 0x00, 0x60, 0xff, 0x4a, 0x18, 0xd8, 0xa0, 0x03, 0x04, 0x1a, 0x5e,
	0x01, 0x80, 0xba, 0xff, 0xc6, 0x49, 0xff, 0xfc, 0x04, 0xd0, 0x5c, 0x01, 0x04, 0x1b, 0x5e, 0x01,
	0x80, 0xbb, 0x8e, 0x5c, 0x01, 0xf1, 0x3a, 0x18, 0x00, 0x60, 0xff, 0x3a, 0x18, 0xd2, 0x62, 0x01,
	0x04, 0x1c, 0x5e, 0x01, 0x80, 0xbc, 0xff, 0x3a, 0x18, 0xff, 0xbe, 0x02, 0xd0, 0x5c, 0x01, 0x04,
	0x1d, 0x5e, 0x01, 0x80, 0xbd, 0xff, 0x3a, 0x18, 0x03, 0x38, 0x00, 0x00, 0xbc, 0xff, 0x3a, 0x18,
	0xd2, 0x62, 0x01, 0x04, 0x1e, 0x5e, 0x01, 0x80, 0xbe, 0xff, 0x3a, 0x18, 0xff, 0xbe, 0x02, 0xd0,
	0x5c, 0x01, 0x04, 0x1f, 0x5e, 0x01, 0x80, 0xbf, 0xff, 0x3a, 0x18, 0x03, 0x38, 0x00, 0x00, 0x18,
	0xff, 0x3a, 0x18, 0xd7, 0xb6, 0x1d, 0x00, 0x81, 0xff, 0x3a, 0x18, 0xff, 0x5c, 0x01, 0xd4, 0xb6,
	0x1d, 0x8e, 0x5c, 0x01, 0xfb, 0x3a, 0x18, 0x00, 0x79, 0xff, 0x3a, 0x18, 0xd7, 0xc0, 0x1d, 0x8c,
	0x6c, 0x01, 0xff, 0x3a, 0x18, 0xff, 0x5c, 0x01, 0xc6, 0xc0, 0x1d, 0x8e, 0x5c, 0x01, 0xf1, 0x3a,
	0x18, 0x00, 0xd5, 0xff, 0x3a, 0x18, 0xd7, 0xc0, 0x1d, 0x8e, 0x62, 0x01, 0xff, 0x3a, 0x18, 0xff,
	0x5c, 0x01, 0xc4, 0xc0, 0x1d, 0x8e, 0x5c, 0x01, 0xf1, 0x3a, 0x18, 0x01, 0x31, 0x09, 0xff, 0xbe,
	0x02, 0xd1, 0x62, 0x01, 0x82, 0xb6, 0x1d, 0x8e, 0x62, 0x01, 0xff, 0x3a, 0x18, 0xff, 0x5c, 0x01,
	0xc4, 0xb6, 0x1d, 0x8e, 0x5c, 0x01, 0xf1, 0x3e, 0x18, 0x00, 0x8d, 0xff, 0x3e, 0x18, 0xd7, 0xb6,
	0x1d, 0x8e, 0x62, 0x01, 0xff, 0x3e, 0x18, 0xff, 0x62, 0x01, 0xca, 0xbc, 0x1d, 0x8c, 0x62, 0x01,
	0xfb, 0x3e, 0x18, 0x00, 0xf0, 0xff, 0x3e, 0x18, 0x82, 0x01, 0x00, 0xff, 0x3e, 0x18, 0xff, 0x01,
	0x00, 0xf9, 0x01, 0x00, 0x93, 0x3e, 0x18, 0x8f, 0x3e, 0x18, 0x00, 0x5e, 0xff, 0x3e, 0x18, 0xd8,
	0xa0, 0x03, 0x82, 0xfa, 0x1f, 0x8e, 0xa8, 0x0e, 0xff, 0x3e, 0x18, 0xff, 0x5c, 0x01, 0xc0, 0xfa,
	0x1f, 0x8e, 0x58, 0x01, 0xf1, 0x3a, 0x18, 0x00, 0x5e, 0xff, 0x3a, 0x18, 0xd7, 0xfa, 0x1f, 0x8e,
	0x62, 0x01, 0xff, 0x3a, 0x18, 0xff, 0x5c, 0x01, 0xc4, 0xf4, 0x1f, 0x8e, 0x5c, 0x01, 0xf1, 0x3a,
	0x18, 0x00, 0xba, 0xff, 0x3a, 0x18, 0xd7, 0xb6, 0x1d, 0x8e, 0x62, 0x01, 0xff, 0x3a, 0x18, 0xff,
	0x5c, 0x01, 0xc4, 0xb6, 0x1d, 0x8e, 0x5c, 0x01, 0xf1, 0x3a, 0x18, 0x00, 0x16, 0xff, 0x3a, 0x18,
	0xd7, 0xb6, 0x1d, 0xff, 0x3a, 0x18, 0xff, 0xbe, 0x02, 0xd5, 0xb6, 0x1d, 0xff, 0x3a, 0x18, 0x8a,
	0x3a, 0x18, 0x00, 0x77, 0xff, 0x3a, 0x18, 0xd7, 0xc0, 0x1d, 0xff, 0x3a, 0x18, 0xff, 0xc8, 0x02,
	0xd5, 0xc0, 0x1d, 0xff, 0x3a, 0x18, 0x03, 0x38, 0x00, 0x00, 0xd3, 0xff, 0x3a, 0x18, 0xd7, 0xc0,
	0x1d, 0x00, 0x82, 0xff, 0x3a, 0x18, 0xff, 0x5c, 0x01, 0xd4, 0xc0, 0x1d, 0x8e, 0x5c, 0x01, 0xf1,
	0x3a, 0x18, 0x00, 0x2f, 0xff, 0x3a, 0x18, 0xd7, 0xb6, 0x1d, 0x8e, 0x62, 0x01, 0xff, 0x3a, 0x18,
	0xff, 0x5c, 0x01, 0xc4, 0xb6, 0x1d, 0x8e, 0x5c, 0x01, 0xf1, 0x3a, 0x18, 0x00, 0x8b, 0xff, 0x3a,
	0x18, 0xd7, 0xb6, 0x1d, 0x8e, 0x62, 0x01, 0xff, 0x3a, 0x18, 0xff, 0x62, 0x01, 0xca, 0xbc, 0x1d,
	0x8c, 0x62, 0x01, 0xfb, 0x3a, 0x18, 0x00, 0xee, 0xff, 0x3a, 0x18, 0x82, 0x01, 0x00, 0xff, 0x3a,
	0x18, 0xff, 0x01, 0x00, 0xf9, 0x01, 0x00, 0x93, 0x3a, 0x18, 0xff, 0x78, 0x30, 0xf0, 0xfa, 0x1f,
	0x8c, 0xa0, 0x03, 0xff, 0x3a, 0x18, 0xff, 0x5c, 0x01, 0xc6, 0xfa, 0x1f, 0x8e, 0x5c, 0x01, 0xff,
	0x78, 0x30, 0xff, 0x62, 0x01, 0xca, 0xfa, 0x1f, 0x8e, 0x62, 0x01, 0xff, 0x3e, 0x18, 0xff, 0x5c,
	0x01, 0xc4, 0xf4, 0x1f, 0x8e, 0x5c, 0x01, 0xf3, 0x78, 0x30, 0xff, 0xb0, 0x3d, 0xd1, 0x62, 0x01,
	0x82, 0xb6, 0x1d, 0x8e, 0x62, 0x01, 0xff, 0x3e, 0x18, 0xff, 0x5c, 0x01, 0xc0, 0xb6, 0x1d, 0x8e,
	0x58, 0x01, 0xff, 0x3a, 0x18, 0xff, 0x5e, 0x01, 0xca, 0xb6, 0x1d, 0x8e, 0x62, 0x01, 0xff, 0x3a,
	0x18, 0xff, 0x5c, 0x01, 0xc4, 0xb6, 0x1d, 0x8e, 0x5c, 0x01, 0xff, 0x3a, 0x18, 0xff, 0x6c, 0x01,
	0xd4, 0xc0, 0x1d, 0x8e, 0x00, 0x10, 0xff, 0x3a, 0x18, 0xff, 0x5c, 0x01, 0xc4, 0xc0, 0x1d, 0x8e,
	0x5c, 0x01, 0xff, 0x3a, 0x18, 0xff, 0x62, 0x01, 0xca, 0xc0, 0x1d, 0xff, 0x3a, 0x18, 0xff, 0xbe,
	0x02, 0xd5, 0xc0, 0x1d, 0xff, 0x3a, 0x18, 0xff, 0x3a, 0x18, 0xdb, 0xb6, 0x1d, 0xff, 0x3a, 0x18,
	0xff, 0xbe, 0x02, 0xd5, 0xb6, 0x1d, 0xff, 0x3a, 0x18, 0xff, 0x3a, 0x18, 0xdb, 0xb6, 0x1d, 0x00,
	0x83, 0xff, 0x3a, 0x18, 0xff, 0x3a, 0x18, 0xda, 0xbc, 0x1d, 0x8c, 0x62, 0x01, 0xff, 0x3a, 0x18,
	0xff, 0x3a, 0x18, 0xff, 0x3a, 0x18, 0xff, 0x01, 0x00, 0xfb, 0x01, 0x00, 0x93, 0x3a, 0x18, 0xff,
	0x3a, 0x18, 0xf0, 0xfa, 0x1f, 0x8c, 0xa0, 0x03, 0xff, 0x3a, 0x18, 0xff, 0x5c, 0x01, 0xc6, 0xfa,
	0x1f, 0x8e, 0x5c, 0x01, 0xff, 0x3a, 0x18, 0xff, 0x62, 0x01, 0xca, 0xfa, 0x1f, 0x8e, 0x62, 0x01,
	0xff, 0x3a, 0x18, 0xff, 0x5c, 0x01, 0xc4, 0xf4, 0x1f, 0x8e, 0x5c, 0x01, 0xff, 0xb2, 0x48, 0xff,
	0x62, 0x01, 0xca, 0xb6, 0x1d, 0x8e, 0x62, 0x01, 0xff, 0x3a, 0x18, 0xff, 0x5c, 0x01, 0xc4, 0xb6,
	0x1d, 0x8e, 0x5c, 0x01, 0xff, 0xb2, 0x48, 0xff, 0x62, 0x01, 0xca, 0xb6, 0x1d, 0x8e, 0x62, 0x01,
	0xff, 0x3e, 0x18, 0xff, 0x5c, 0x01, 0xc4, 0xb6, 0x1d, 0x8e, 0x5c, 0x01, 0xfd, 0xb2, 0x48, 0xff,
	0xc0, 0x1d, 0xd1, 0x6c, 0x01, 0x82, 0xc0, 0x1d, 0x8e, 0x04, 0x10, 0xff, 0x3e, 0x18, 0xff, 0x5c,
	0x01, 0xc0, 0xc0, 0x1d, 0x8e, 0x58, 0x01, 0xff, 0x3a, 0x18, 0xff, 0x5e, 0x01, 0xca, 0xc0, 0x1d,
	0x8e, 0x62, 0x01, 0xff, 0x3a, 0x18, 0xff, 0x5c, 0x01, 0xc4, 0xc0, 0x1d, 0x8e, 0x5c, 0x01, 0xff,
	0x3a, 0x18, 0xff, 0x62, 0x01, 0xca, 0xb6, 0x1d, 0x8e, 0x62, 0x01, 0xff, 0x3a, 0x18, 0xff, 0x5c,
	0x01, 0xc4, 0xb6, 0x1d, 0x8e, 0x5c, 0x01, 0xff, 0x3a, 0x18, 0xff, 0x62, 0x01, 0xca, 0xb6, 0x1d,
	0xff, 0x3a, 0x18, 0xff, 0x3a, 0x18, 0xdb, 0xbc, 0x1d, 0xff, 0x3a, 0x18, 0xff, 0x3a, 0x18, 0xff,
	0x3a, 0x18, 0xff, 0x01, 0x00, 0xff, 0x01, 0x00, 0x88, 0x01, 0x00, 0x93, 0x3a, 0x18, 0xff, 0x3a,
	0x18, 0xf0, 0xfa, 0x1f, 0xff, 0x3a, 0x18, 0xff, 0xfc, 0x04, 0xd5, 0xfa, 0x1f, 0xff, 0x3a, 0x18,
	0xff, 0x3a, 0x18, 0xdb, 0xfa, 0x1f, 0x00, 0x84, 0xff, 0x3a, 0x18, 0xff, 0x5c, 0x01, 0xd4, 0xf4,
	0x1f, 0x8e, 0x5c, 0x01, 0xff, 0x3a, 0x18, 0xff, 0x62, 0x01, 0xca, 0xb6, 0x1d, 0x8e, 0x62, 0x01,
	0xff, 0x3a, 0x18, 0xff, 0x5c, 0x01, 0xc4, 0xb6, 0x1d, 0x8e, 0x5c, 0x01, 0xff, 0x3a, 0x18, 0xff,
	0x62, 0x01, 0xca, 0xb6, 0x1d, 0x8e, 0x62, 0x01, 0xff, 0x3a, 0x18, 0xff, 0x5c, 0x01, 0xc4, 0xb6,
	0x1d, 0x8e, 0x5c, 0x01, 0xff, 0xec, 0x60, 0xff, 0x6c, 0x01, 0xd4, 0xc0, 0x1d, 0x8c, 0x6c, 0x01,
	0xff, 0x3a, 0x18, 0xff, 0x5c, 0x01, 0xc6, 0xc0, 0x1d, 0x8e, 0x5c, 0x01, 0xff, 0xec, 0x60, 0xff,
	0x62, 0x01, 0xca, 0xc0, 0x1d, 0x8e, 0x62, 0x01, 0xff, 0x3e, 0x18, 0xff, 0x5c, 0x01, 0xc4, 0xc0,
	0x1d, 0x8e, 0x5c, 0x01, 0xf3, 0xec, 0x60, 0xff, 0xb6, 0x1d, 0xd1, 0x62, 0x01, 0x82, 0xb6, 0x1d,
	0x8e, 0x62, 0x01, 0xff, 0x3e, 0x18, 0xff, 0x5c, 0x01, 0xc0, 0xb6, 0x1d, 0x8e, 0x58, 0x01, 0xff,
	0x3a, 0x18, 0xff, 0x5e, 0x01, 0xca, 0xb6, 0x1d, 0x8e, 0x62, 0x01, 0xff, 0x3a, 0x18, 0xff, 0x62,
	0x01, 0xca, 0xbc, 0x1d, 0x8c, 0x62, 0x01, 0xff, 0x3a, 0x18, 0xff, 0x3a, 0x18, 0xff, 0x3a, 0x18,
	0xff, 0x01, 0x00, 0xfb, 0x01, 0x00, 0x93, 0x3a, 0x18, 0xff, 0x3a, 0x18, 0xf0, 0xfa, 0x1f, 0x8e,
	0xa4, 0x0e, 0xff, 0x3a, 0x18, 0xff, 0x5c, 0x01, 0xc4, 0xfa, 0x1f, 0x8e, 0x5c, 0x01, 0xff, 0x3a,
	0x18, 0xff, 0x62, 0x01, 0xca, 0xfa, 0x1f, 0xff, 0x3a, 0x18, 0xff, 0xbe, 0x02, 0xd5, 0xf4, 0x1f,
	0xff, 0x3a, 0x18, 0xff, 0x3a, 0x18, 0xdb, 0xb6, 0x1d, 0xff, 0x3a, 0x18, 0xff, 0xbe, 0x02, 0xd5,
	0xb6, 0x1d, 0xff, 0x3a, 0x18, 0xff, 0x3a, 0x18, 0xdb, 0xb6, 0x1d, 0x00, 0x85, 0xff, 0x3a, 0x18,
	0xff, 0x5c, 0x01, 0xd4, 0xb6, 0x1d, 0x8e, 0x5c, 0x01, 0xff, 0x3a, 0x18, 0xff, 0x6c, 0x01, 0xd4,
	0xc0, 0x1d, 0x8c, 0x6c, 0x01, 0xff, 0x3a, 0x18, 0xff, 0x5c, 0x01, 0xc6, 0xc0, 0x1d, 0x8e, 0x5c,
	0x01, 0xff, 0x3a, 0x18, 0xff, 0x62, 0x01, 0xca, 0xc0, 0x1d, 0x8e, 0x62, 0x01, 0xff, 0x3a, 0x18,
	0xff, 0x5c, 0x01, 0xc4, 0xc0, 0x1d, 0x8e, 0x5c, 0x01, 0xff, 0x26, 0x79, 0xff, 0x62, 0x01, 0xca,
	0xb6, 0x1d, 0x8e, 0x62, 0x01, 0xff, 0x3a, 0x18, 0xff, 0x5c, 0x01, 0xc4, 0xb6, 0x1d, 0x8e, 0x5c,
	0x01, 0xff, 0x26, 0x79, 0xff, 0x62, 0x01, 0xca, 0xb6, 0x1d, 0x8e, 0x62, 0x01, 0xff, 0x3e, 0x18,
	0xff, 0x62, 0x01, 0xca, 0xbc, 0x1d, 0x8c, 0x62, 0x01, 0xff, 0x26, 0x79, 0xff, 0x3e, 0x18, 0xff,
	0x3e, 0x18, 0xff, 0x01, 0x00, 0xfb, 0x01, 0x00, 0x93, 0x3e, 0x18, 0xff, 0x26, 0x79, 0xf0, 0xfa,
	0x1f, 0x8e, 0xa8, 0x0e, 0xff, 0x3e, 0x18, 0xff, 0x5c, 0x01, 0xc0, 0xfa, 0x1f, 0x8e, 0x58, 0x01,
	0xff, 0x26, 0x79, 0xff, 0x5e, 0x01, 0xca, 0xfa, 0x1f, 0x8e, 0x62, 0x01, 0xff, 0x3a, 0x18, 0xff,
	0x5c, 0x01, 0xc4, 0xf4, 0x1f, 0x8e, 0x5c, 0x01, 0xff, 0x26, 0x79, 0xff, 0x62, 0x01, 0xca, 0xb6,
	0x1d, 0x8e, 0x62, 0x01, 0xff, 0x3a, 0x18, 0xff, 0x5c, 0x01, 0xc4, 0xb6, 0x1d, 0x8e, 0x5c, 0x01,
	0xff, 0xec, 0x60, 0xff, 0x62, 0x01, 0xca, 0xb6, 0x1d, 0xff, 0x3a, 0x18, 0xff, 0xbe, 0x02, 0xd5,
	0xb6, 0x1d, 0xff, 0x3a, 0x18, 0x8a, 0x3a, 0x18, 0xff, 0xec, 0x60, 0xd3, 0x6c, 0x01, 0x82, 0xc0,
	0x1d, 0xff, 0x3a, 0x18, 0xff, 0xc8, 0x02, 0xd5, 0xc0, 0x1d, 0xff, 0x3a, 0x18, 0xff, 0xb2, 0x48,
	0xdb, 0xc0, 0x1d, 0x00, 0x86, 0xff, 0x3a, 0x18, 0xff, 0x5c, 0x01, 0xd4, 0xc0, 0x1d, 0x8e, 0x5c,
	0x01, 0xff, 0xb2, 0x48, 0xff, 0x62, 0x01, 0xca, 0xb6, 0x1d, 0x8e, 0x62, 0x01, 0xff, 0x3a, 0x18,
	0xff, 0x5c, 0x01, 0xc4, 0xb6, 0x1d, 0x8e, 0x5c, 0x01, 0xff, 0x78, 0x30, 0xff, 0x62, 0x01, 0xca,
	0xb6, 0x1d, 0x8e, 0x62, 0x01, 0xff, 0x3a, 0x18, 0xff, 0x62, 0x01, 0xca, 0xbc, 0x1d, 0x8c, 0x62,
	0x01, 0xff, 0x78, 0x30, 0xff, 0x3a, 0x18, 0xff, 0x3a, 0x18, 0xff, 0x01, 0x00, 0xfb, 0x01, 0x00,
	0x93, 0x3a, 0x18, 0xff, 0x78, 0x30, 0xf0, 0xfa, 0x1f, 0x8c, 0xa0, 0x03, 0xff, 0x3a, 0x18, 0xff,
	0x5c, 0x01, 0xc6, 0xfa, 0x1f, 0x8e, 0x5c, 0x01, 0xff, 0x78, 0x30, 0xff, 0x62, 0x01, 0xca, 0xfa,
	0x1f, 0x8e, 0x62, 0x01, 0xff, 0x3e, 0x18, 0xff, 0x5c, 0x01, 0xc4, 0xf4, 0x1f, 0x8e, 0x5c, 0x01,
	0xff, 0x26, 0x79, 0xff, 0x62, 0x01, 0xca, 0xb6, 0x1d, 0x8e, 0x62, 0x01, 0xff, 0x3e, 0x18, 0xff,
	0x5c, 0x01, 0xc0, 0xb6, 0x1d, 0x8e, 0x58, 0x01, 0xff, 0x3a, 0x18, 0xff, 0x5e, 0x01, 0xca, 0xb6,
	0x1d, 0x8e, 0x62, 0x01, 0xff, 0x3a, 0x18, 0xff, 0x5c, 0x01, 0xc4, 0xb6, 0x1d, 0x8e, 0x5c, 0x01,
	0xff, 0x3a, 0x18, 0xff, 0x6c, 0x01, 0xd4, 0xc0, 0x1d, 0x8e, 0x00, 0x10, 0xff, 0x3a, 0x18, 0xff,
	0x5c, 0x01, 0xc4, 0xc0, 0x1d, 0x8e, 0x5c, 0x01, 0xff, 0x3a, 0x18, 0xff, 0x62, 0x01, 0xca, 0xc0,
	0x1d, 0xff, 0x3a, 0x18, 0xff, 0xbe, 0x02, 0xd5, 0xc0, 0x1d, 0xff, 0x3a, 0x18, 0xff, 0x3a, 0x18,
	0xdb, 0xb6, 0x1d, 0xff, 0x3a, 0x18, 0xff, 0xbe, 0x02, 0xd5, 0xb6, 0x1d, 0xff, 0x3a, 0x18, 0xff,
	0x3a, 0x18, 0xdb, 0xb6, 0x1d, 0x00, 0x87, 0xff, 0x3a, 0x18, 0xff, 0x3a, 0x18, 0xda, 0xbc, 0x1d,
	0x8c, 0x62, 0x01, 0xff, 0x3a, 0x18, 0xff, 0x3a, 0x18, 0xff, 0x3a, 0x18, 0xff, 0x01, 0x00, 0xfb,
	0x01, 0x00, 0x93, 0x3a, 0x18, 0xff, 0x3a, 0x18, 0xf0, 0xfa, 0x1f, 0x8c, 0xa0, 0x03, 0xff, 0x3a,
	0x18, 0xff, 0x5c, 0x01, 0xc6, 0xfa, 0x1f, 0x8e, 0x5c, 0x01, 0xff, 0x3a, 0x18, 0xff, 0x62, 0x01,
	0xca, 0xfa, 0x1f, 0x8e, 0x62, 0x01, 0xff, 0x3a, 0x18, 0xff, 0x5c, 0x01, 0xc4, 0xf4, 0x1f, 0x8e,
	0x5c, 0x01, 0xff, 0xb2, 0x48, 0xff, 0x62, 0x01, 0xca, 0xb6, 0x1d, 0x8e, 0x62, 0x01, 0xff, 0x3a,
	0x18, 0xff, 0x5c, 0x01, 0xc4, 0xb6, 0x1d, 0x8e, 0x5c, 0x01, 0xff, 0xb2, 0x48, 0xff, 0x62, 0x01,
	0xca, 0xb6, 0x1d, 0x8e, 0x62, 0x01, 0xff, 0x3e, 0x18, 0xff, 0x5c, 0x01, 0xc4, 0xb6, 0x1d, 0x8e,
	0x5c, 0x01, 0xff, 0x26, 0x79, 0xff, 0x6c, 0x01, 0xd4, 0xc0, 0x1d, 0x8e, 0x04, 0x10, 0xff, 0x3e,
	0x18, 0xff, 0x5c, 0x01, 0xc0, 0xc0, 0x1d, 0x8e, 0x58, 0x01, 0xff, 0x3a, 0x18, 0xff, 0x5e, 0x01,
	0xca, 0xc0, 0x1d, 0x8e, 0x62, 0x01, 0xff, 0x3a, 0x18, 0xff, 0x5c, 0x01, 0xc4, 0xc0, 0x1d, 0x8e,
	0x5c, 0x01, 0xff, 0x3a, 0x18, 0xff, 0x62, 0x01, 0xca, 0xb6, 0x1d, 0x8e, 0x62, 0x01, 0xff, 0x3a,
	0x18, 0xff, 0x5c, 0x01, 0xc4, 0xb6, 0x1d, 0x8e, 0x5c, 0x01, 0xff, 0x3a, 0x18, 0xff, 0x62, 0x01,
	0xca, 0xb6, 0x1d, 0xff, 0x3a, 0x18, 0xff, 0x3a, 0x18, 0xdb, 0xbc, 0x1d, 0xff, 0x3a, 0x18, 0xff,
	0x3a, 0x18, 0xff, 0x3a, 0x18, 0xff, 0x01, 0x00, 0xff, 0x01, 0x00, 0x88, 0x01, 0x00, 0x93, 0x3a,
	0x18, 0xff, 0x3a, 0x18, 0xf0, 0xfa, 0x1f, 0xff, 0x3a, 0x18, 0xff, 0xfc, 0x04, 0xd5, 0xfa, 0x1f,
	0xff, 0x3a, 0x18, 0xff, 0x3a, 0x18, 0xdb, 0xfa, 0x1f, 0x00, 0x88, 0xff, 0x3a, 0x18, 0xff, 0x5c,
	0x01, 0xd4, 0xf4, 0x1f, 0x8e, 0x5c, 0x01, 0xff, 0x3a, 0x18, 0xff, 0x62, 0x01, 0xca, 0xb6, 0x1d,
	0x8e, 0x62, 0x01, 0xff, 0x3a, 0x18, 0xff, 0x5c, 0x01, 0xc4, 0xb6, 0x1d, 0x8e, 0x5c, 0x01, 0xff,
	0x3a, 0x18, 0xff, 0x62, 0x01, 0xca, 0xb6, 0x1d, 0x8e, 0x62, 0x01, 0xff, 0x3a, 0x18, 0xff, 0x5c,
	0x01, 0xc4, 0xb6, 0x1d, 0x8e, 0x5c, 0x01, 0xff, 0xec, 0x60, 0xff, 0x6c, 0x01, 0xd4, 0xc0, 0x1d,
	0x8c, 0x6c, 0x01, 0xff, 0x3a, 0x18, 0xff, 0x5c, 0x01, 0xc6, 0xc0, 0x1d, 0x8e, 0x5c, 0x01, 0xff,
	0xec, 0x60, 0xff, 0x62, 0x01, 0xca, 0xc0, 0x1d, 0x8e, 0x62, 0x01, 0xff, 0x3e, 0x18, 0xff, 0x5c,
	0x01, 0xc4, 0xc0, 0x1d, 0x8e, 0x5c, 0x01, 0xff, 0x26, 0x79, 0xff, 0x62, 0x01, 0xca, 0xb6, 0x1d,
	0x8e, 0x62, 0x01, 0xff, 0x3e, 0x18, 0xff, 0x5c, 0x01, 0xc0, 0xb6, 0x1d, 0x8e, 0x58, 0x01, 0xff,
	0x3a, 0x18, 0xff, 0x5e, 0x01, 0xca, 0xb6, 0x1d, 0x8e, 0x62, 0x01, 0xff, 0x3a, 0x18, 0xff, 0x62,
	0x01, 0xca, 0xbc, 0x1d, 0x8c, 0x62, 0x01, 0xff, 0x3a, 0x18, 0xff, 0x3a, 0x18, 0xff, 0x3a, 0x18,
	0xff, 0x01, 0x00, 0xfb, 0x01, 0x00, 0x93, 0x3a, 0x18, 0xff, 0x3a, 0x18, 0xf0, 0x9e, 0x1e, 0x8e,
	0xa4, 0x0e, 0xff, 0x3a, 0x18, 0xff, 0x5c, 0x01, 0xc4, 0x98, 0x1e, 0x8e, 0x5c, 0x01, 0xff, 0x3a,
	0x18, 0xff, 0x62, 0x01, 0xca, 0x98, 0x1e, 0xff, 0x3a, 0x18, 0xff, 0xbe, 0x02, 0xd5, 0x54, 0x1c,
	0xff, 0x3a, 0x18, 0xff, 0x3a, 0x18, 0xdb, 0x5a, 0x1c, 0xff, 0x3a, 0x18, 0xff, 0xbe, 0x02, 0xd5,
	0x54, 0x1c, 0x00, 0x89, 0xff, 0x3a, 0x18, 0xff, 0x3a, 0x18, 0xda, 0x5a, 0x1c, 0x8e, 0x62, 0x01,
	0xff, 0x3a, 0x18, 0xff, 0x5c, 0x01, 0xc4, 0x54, 0x1c, 0x8e, 0x5c, 0x01, 0xff, 0x3a, 0x18, 0xff,
	0x6c, 0x01, 0xd4, 0x64, 0x1c, 0x8c, 0x6c, 0x01, 0xff, 0x3a, 0x18, 0xff, 0x5c, 0x01, 0xc6, 0x5e,
	0x1c, 0x8e, 0x5c, 0x01, 0xff, 0x3a, 0x18, 0xff, 0x62, 0x01, 0xca, 0x64, 0x1c, 0x8e, 0x62, 0x01,
	0xff, 0x3a, 0x18, 0xff, 0x5c, 0x01, 0xc4, 0x54, 0x1c, 0x8e, 0x5c, 0x01, 0xff, 0x26, 0x79, 0xff,
	0x62, 0x01, 0xca, 0x5a, 0x1c, 0x8e, 0x62, 0x01, 0xff, 0x3a, 0x18, 0xff, 0x5c, 0x01, 0xc4, 0x54,
	0x1c, 0x8e, 0x5c, 0x01, 0xff, 0x26, 0x79, 0xff, 0x62, 0x01, 0xca, 0x5a, 0x1c, 0x8e, 0x62, 0x01,
	0xff, 0x3e, 0x18, 0xff, 0x62, 0x01, 0xca, 0x5a, 0x1c, 0x8c, 0x62, 0x01, 0xff, 0x26, 0x79, 0xff,
	0x3e, 0x18, 0xff, 0x3e, 0x18, 0xff, 0x01, 0x00, 0xfb, 0x01, 0x00, 0x93, 0x3e, 0x18, 0xff, 0x26,
	0x79, 0xec, 0x9e, 0x1e, 0x8e, 0xa4, 0x0e, 0xff, 0x3a, 0x18, 0xff, 0x58, 0x01, 0xc4, 0x98, 0x1e,
	0x8e, 0x5c, 0x01, 0xff, 0x26, 0x79, 0xff, 0x62, 0x01, 0xca, 0x98, 0x1e, 0x8e, 0x62, 0x01, 0xff,
	0x3a, 0x18, 0xff, 0x5c, 0x01, 0xbf, 0x5c, 0x01, 0x82, 0x4e, 0x3c, 0x8e, 0x5c, 0x01, 0xff, 0x26,
	0x79, 0xff, 0x62, 0x01, 0xca, 0x5a, 0x1c, 0x8e, 0x62, 0x01, 0xff, 0x3a, 0x18, 0xff, 0x5c, 0x01,
	0xc4, 0x54, 0x1c, 0xff, 0x3a, 0x18, 0xff, 0xec, 0x60, 0xdb, 0x5a, 0x1c, 0xff, 0x3a, 0x18, 0xff,
	0xbe, 0x02, 0xd5, 0x54, 0x1c, 0xff, 0x3a, 0x18, 0x8a, 0x3a, 0x18, 0xff, 0xec, 0x60, 0xd3, 0x6c,
	0x01, 0x82, 0x64, 0x1c, 0x00, 0x8a, 0xff, 0x3a, 0x18, 0xff, 0x5c, 0x01, 0xd4, 0x5e, 0x1c, 0x8e,
	0x5c, 0x01, 0xff, 0xb2, 0x48, 0xff, 0x62, 0x01, 0xca, 0x64, 0x1c, 0x8e, 0x62, 0x01, 0xff, 0x3a,
	0x18, 0xff, 0x5c, 0x01, 0xc4, 0x54, 0x1c, 0x8e, 0x5c, 0x01, 0xff, 0xb2, 0x48, 0xff, 0x62, 0x01,
	0xca, 0x5a, 0x1c, 0x8e, 0x62, 0x01, 0xff, 0x3a, 0x18, 0xff, 0x5c, 0x01, 0xc4, 0x54, 0x1c, 0x8e,
	0x5c, 0x01, 0xff, 0x78, 0x30, 0xff, 0x62, 0x01, 0xca, 0x5a, 0x1c, 0x8e, 0x62, 0x01, 0xff, 0x3a,
	0x18, 0xff, 0x62, 0x01, 0xca, 0x5a, 0x1c, 0x8c, 0x62, 0x01, 0xff, 0x78, 0x30, 0xff, 0x3a, 0x18,
	0xff, 0x3a, 0x18, 0xff, 0x01, 0x00, 0xfb, 0x01, 0x00, 0x93, 0x3a, 0x18, 0xff, 0x78, 0x30, 0xf0,
	0x9e, 0x1e, 0x8c, 0xa0, 0x03, 0xff, 0x3e, 0x18, 0xff, 0x5c, 0x01, 0xc6, 0x98, 0x1e, 0x8e, 0x5c,
	0x01, 0xf3, 0x78, 0x30, 0xff, 0xf2, 0x3a, 0xd1, 0x62, 0x01, 0x82, 0x98, 0x1e, 0x8e, 0x62, 0x01,
	0xff, 0x3e, 0x18, 0xff, 0x5c, 0x01, 0xc0, 0x54, 0x1c, 0x8e, 0x58, 0x01, 0xff, 0x3a, 0x18, 0xff,
	0x5e, 0x01, 0xca, 0x5a, 0x1c, 0x8e, 0x62, 0x01, 0xff, 0x3a, 0x18, 0xff, 0x5c, 0x01, 0xc4, 0x54,
	0x1c, 0x8e, 0x5c, 0x01, 0xff, 0x3a, 0x18, 0xff, 0x62, 0x01, 0xca, 0xae, 0x38, 0x8e, 0x62, 0x01,
	0xff, 0x3a, 0x18, 0xff, 0x5c, 0x01, 0xc4, 0x54, 0x1c, 0x8e, 0x5c, 0x01, 0xff, 0x3a, 0x18, 0xff,
	0x6c, 0x01, 0xd4, 0x64, 0x1c, 0xff, 0x3a, 0x18, 0xff, 0xc8, 0x02, 0xd5, 0x5e, 0x1c, 0xff, 0x3a,
	0x18, 0xff, 0x3a, 0x18, 0xdb, 0x64, 0x1c, 0xff, 0x3a, 0x18, 0xff, 0xbe, 0x02, 0xd5, 0x54, 0x1c,
	0x00, 0x8b, 0xff, 0x3a, 0x18, 0xff, 0x3a, 0x18, 0xda, 0x5a, 0x1c, 0x8e, 0x62, 0x01, 0xff, 0x3a,
	0x18, 0xff, 0x5c, 0x01, 0xc4, 0x54, 0x1c, 0x8e, 0x5c, 0x01, 0xff, 0x3a, 0x18, 0xff, 0x62, 0x01,
	0xca, 0x5a, 0x1c, 0x8e, 0x62, 0x01, 0xff, 0x3a, 0x18, 0xff, 0x62, 0x01, 0xca, 0x5a, 0x1c, 0x8c,
	0x62, 0x01, 0xff, 0x3a, 0x18, 0xff, 0x3a, 0x18, 0xff, 0x3a, 0x18, 0xff, 0x01, 0x00, 0xfb, 0x01,
	0x00, 0x93, 0x3a, 0x18, 0xff, 0x3a, 0x18, 0xf0, 0x9e, 0x1e, 0x8c, 0xa0, 0x03, 0xff, 0x3a, 0x18,
	0xff, 0x5c, 0x01, 0xc6, 0x98, 0x1e, 0x8e, 0x5c, 0x01, 0xff, 0xb2, 0x48, 0xff, 0x62, 0x01, 0xca,
	0x98, 0x1e, 0x8e, 0x62, 0x01, 0xff, 0x3a, 0x18, 0xff, 0x5c, 0x01, 0xc4, 0x54, 0x1c, 0x8e, 0x5c,
	0x01, 0xff, 0xb2, 0x48, 0xff, 0x62, 0x01, 0xca, 0x5a, 0x1c, 0x8e, 0x62, 0x01, 0xff, 0x3e, 0x18,
	0xff, 0x5c, 0x01, 0xc4, 0x54, 0x1c, 0x8e, 0x5c, 0x01, 0xf3, 0xb2, 0x48, 0x00, 0x5f, 0xff, 0xbe,
	0x02, 0xd1, 0x5a, 0x1c, 0x8e, 0x5e, 0x01, 0xff, 0x3a, 0x18, 0xff, 0x58, 0x01, 0xc4, 0x54, 0x1c,
	0x8e, 0x5c, 0x01, 0xff, 0x3a, 0x18, 0xff, 0x6c, 0x01, 0xd4, 0x64, 0x1c, 0x8e, 0x00, 0x10, 0xff,
	0x3a, 0x18, 0xff, 0x5c, 0x01, 0xbf, 0x5c, 0x01, 0x82, 0xb8, 0x38, 0x8e, 0x5c, 0x01, 0xff, 0x3a,
	0x18, 0xff, 0x62, 0x01, 0xca, 0x64, 0x1c, 0x8e, 0x62, 0x01, 0xff, 0x3a, 0x18, 0xff, 0x5c, 0x01,
	0xc4, 0x54, 0x1c, 0xff, 0x3a, 0x18, 0xff, 0x3a, 0x18, 0xdb, 0x5a, 0x1c, 0xff, 0x3a, 0x18, 0xff,
	0xbe, 0x02, 0xd5, 0x54, 0x1c, 0xff, 0x3a, 0x18, 0xff, 0x3a, 0x18, 0xdb, 0x5a, 0x1c, 0x00, 0x8c,
	0xff, 0x3a, 0x18, 0xff, 0x3a, 0x18, 0xda, 0x5a, 0x1c, 0x8c, 0x62, 0x01, 0xff, 0x3a, 0x18, 0xff,
	0x3a, 0x18, 0xff, 0x3a, 0x18, 0xff, 0x01, 0x00, 0xfb, 0x01, 0x00, 0x93, 0x3a, 0x18, 0xff, 0x3a,
	0x18, 0xf0, 0x9e, 0x1e, 0x8c, 0xa0, 0x03, 0xff, 0x3a, 0x18, 0xff, 0x5c, 0x01, 0xc6, 0x98, 0x1e,
	0x8e, 0x5c, 0x01, 0xff, 0x3a, 0x18, 0xff, 0x62, 0x01, 0xca, 0x98, 0x1e, 0x8e, 0x62, 0x01, 0xff,
	0x3a, 0x18, 0xff, 0x5c, 0x01, 0xc4, 0x54, 0x1c, 0x8e, 0x5c, 0x01, 0xff, 0x3a, 0x18, 0xff, 0x62,
	0x01, 0xca, 0x5a, 0x1c, 0x8e, 0x62, 0x01, 0xff, 0x3a, 0x18, 0xff, 0x5c, 0x01, 0xc4, 0x54, 0x1c,
	0x8e, 0x5c, 0x01, 0xff, 0xec, 0x60, 0xff, 0x62, 0x01, 0xca, 0x5a, 0x1c, 0x8e, 0x62, 0x01, 0xff,
	0x3e, 0x18, 0xff, 0x5c, 0x01, 0xc4, 0x54, 0x1c, 0x8e, 0x5c, 0x01, 0xff, 0x60, 0x91, 0xff, 0x6c,
	0x01, 0xd4, 0x64, 0x1c, 0x8e, 0x04, 0x10, 0xff, 0x3e, 0x18, 0xff, 0x5c, 0x01, 0xc0, 0x5e, 0x1c,
	0x8e, 0x58, 0x01, 0xff, 0x3a, 0x18, 0xff, 0x5e, 0x01, 0xca, 0x64, 0x1c, 0x8e, 0x62, 0x01, 0xff,
	0x3a, 0x18, 0xff, 0x5c, 0x01, 0xc4, 0x54, 0x1c, 0x8e, 0x5c, 0x01, 0xff, 0x3a, 0x18, 0xff, 0x62,
	0x01, 0xca, 0x5a, 0x1c, 0x8e, 0x62, 0x01, 0xff, 0x3a, 0x18, 0xff, 0x5c, 0x01, 0xbf, 0x5c, 0x01,
	0x82, 0x14, 0x3a, 0x8e, 0x5c, 0x01, 0xff, 0x3a, 0x18, 0xff, 0x62, 0x01, 0xca, 0xb6, 0x1d, 0xff,
	0x3a, 0x18, 0xff, 0x3a, 0x18, 0xdb, 0xbc, 0x1d, 0xff, 0x3a, 0x18, 0xff, 0x3a, 0x18, 0xff, 0x3a,
	0x18, 0xff, 0x01, 0x00, 0xff, 0x01, 0x00, 0x88, 0x01, 0x00, 0x93, 0x3a, 0x18, 0xff, 0x3a, 0x18,
	0xf0, 0xfa, 0x1f, 0xff, 0x3a, 0x18, 0xff, 0xfc, 0x04, 0xd5, 0xfa, 0x1f, 0xff, 0x3a, 0x18, 0xff,
	0x3a, 0x18, 0xdb, 0xfa, 0x1f, 0x00, 0x8d, 0xff, 0x3a, 0x18, 0xff, 0x5c, 0x01, 0xd4, 0xf4, 0x1f,
	0x8e, 0x5c, 0x01, 0xff, 0x3a, 0x18, 0xff, 0x62, 0x01, 0xca, 0xb6, 0x1d, 0x8e, 0x62, 0x01, 0xff,
	0x3a, 0x18, 0xff, 0x5c, 0x01, 0xc4, 0xb6, 0x1d, 0x8e, 0x5c, 0x01, 0xff, 0x3a, 0x18, 0xff, 0x62,
	0x01, 0xca, 0xb6, 0x1d, 0x8e, 0x62, 0x01, 0xff, 0x3a, 0x18, 0xff, 0x5c, 0x01, 0xc4, 0xb6, 0x1d,
	0x8e, 0x5c, 0x01, 0xff, 0x26, 0x79, 0xff, 0x6c, 0x01, 0xd4, 0xc0, 0x1d, 0x8c, 0x6c, 0x01, 0xff,
	0x3a, 0x18, 0xff, 0x5c, 0x01, 0xc6, 0xc0, 0x1d, 0x8e, 0x5c, 0x01, 0xff, 0x26, 0x79, 0xff, 0x62,
	0x01, 0xca, 0xc0, 0x1d, 0x8e, 0x62, 0x01, 0xff, 0x3e, 0x18, 0xff, 0x5c, 0x01, 0xc4, 0xc0, 0x1d,
	0x8e, 0x5c, 0x01, 0xff, 0x60, 0x91, 0xff, 0x62, 0x01, 0xca, 0xb6, 0x1d, 0x8e, 0x62, 0x01, 0xff,
	0x3e, 0x18, 0xff, 0x5c, 0x01, 0xc0, 0xb6, 0x1d, 0x8e, 0x58, 0x01, 0xff, 0x3a, 0x18, 0xff, 0x5e,
	0x01, 0xca, 0xb6, 0x1d, 0x8e, 0x62, 0x01, 0xff, 0x3a, 0x18, 0xff, 0x62, 0x01, 0xca, 0xbc, 0x1d,
	0x8c, 0x62, 0x01, 0xff, 0x3a, 0x18, 0xff, 0x3a, 0x18, 0xff, 0x3a, 0x18, 0xff, 0x01, 0x00, 0xfb,
	0x01, 0x00, 0x93, 0x3a, 0x18, 0xff, 0x3a, 0x18, 0xf0, 0xfa, 0x1f, 0x8e, 0xa4, 0x0e, 0xff, 0x3a,
	0x18, 0xff, 0x5c, 0x01, 0xc4, 0xfa, 0x1f, 0x8e, 0x5c, 0x01, 0xff, 0x3a, 0x18, 0xff, 0x62, 0x01,
	0xca, 0xfa, 0x1f, 0xff, 0x3a, 0x18, 0xff, 0xbe, 0x02, 0xd5, 0xf4, 0x1f, 0xff, 0x3a, 0x18, 0xff,
	0x3a, 0x18, 0xdb, 0xb6, 0x1d, 0xff, 0x3a, 0x18, 0xff, 0xbe, 0x02, 0xd5, 0xb6, 0x1d, 0xff, 0x3a,
	0x18, 0xff, 0x3a, 0x18, 0xdb, 0xb6, 0x1d, 0x00, 0x8e, 0xff, 0x3a, 0x18, 0xff, 0x5c, 0x01, 0xd4,
	0xb6, 0x1d, 0x8e, 0x5c, 0x01, 0xff, 0x3a, 0x18, 0xff, 0x6c, 0x01, 0xd4, 0xc0, 0x1d, 0x8c, 0x6c,
	0x01, 0xff, 0x3a, 0x18, 0xff, 0x5c, 0x01, 0xc6, 0xc0, 0x1d, 0x8e, 0x5c, 0x01, 0xff, 0x3a, 0x18,
	0xff, 0x62, 0x01, 0xca, 0xc0, 0x1d, 0x8e, 0x62, 0x01, 0xff, 0x3a, 0x18, 0xff, 0x5c, 0x01, 0xc4,
	0xc0, 0x1d, 0x8e, 0x5c, 0x01, 0xff, 0x60, 0x91, 0xff, 0x62, 0x01, 0xca, 0xb6, 0x1d, 0x8e, 0x62,
	0x01, 0xff, 0x3a, 0x18, 0xff, 0x5c, 0x01, 0xc4, 0xb6, 0x1d, 0x8e, 0x5c, 0x01, 0xff, 0x60, 0x91,
	0xff, 0x62, 0x01, 0xca, 0xb6, 0x1d, 0x8e, 0x62, 0x01, 0xff, 0x3e, 0x18, 0xff, 0x62, 0x01, 0xca,
	0xbc, 0x1d, 0x8c, 0x62, 0x01, 0xff, 0x60, 0x91, 0xff, 0x3e, 0x18, 0xff, 0x3e, 0x18, 0xff, 0x01,
	0x00, 0xfb, 0x01, 0x00, 0x93, 0x3e, 0x18, 0xff, 0x60, 0x91, 0xf0, 0xfa, 0x1f, 0x8e, 0xa8, 0x0e,
	0xff, 0x3e, 0x18, 0xff, 0x5c, 0x01, 0xc0, 0xfa, 0x1f, 0x8e, 0x58, 0x01, 0xff, 0x60, 0x91, 0xff,
	0x5e, 0x01, 0xca, 0xfa, 0x1f, 0x8e, 0x62, 0x01, 0xff, 0x3a, 0x18, 0xff, 0x5c, 0x01, 0xc4, 0xf4,
	0x1f, 0x8e, 0x5c, 0x01, 0xff, 0x26, 0x79, 0xff, 0x62, 0x01, 0xca, 0xb6, 0x1d, 0x8e, 0x62, 0x01,
	0xff, 0x3a, 0x18, 0xff, 0x5c, 0x01, 0xc4, 0xb6, 0x1d, 0x8e, 0x5c, 0x01, 0xff, 0x26, 0x79, 0xff,
	0x62, 0x01, 0xca, 0xb6, 0x1d, 0xff, 0x3a, 0x18, 0xff, 0xbe, 0x02, 0xd5, 0xb6, 0x1d, 0xff, 0x3a,
	0x18, 0x8a, 0x3a, 0x18, 0xff, 0xec, 0x60, 0xd3, 0x6c, 0x01, 0x82, 0xc0, 0x1d, 0xff, 0x3a, 0x18,
	0xff, 0xc8, 0x02, 0xd5, 0xc0, 0x1d, 0xff, 0x3a, 0x18, 0xff, 0xb2, 0x48, 0xdb, 0xc0, 0x1d, 0x00,
	0x8f, 0xff, 0x3a, 0x18, 0xff, 0x5c, 0x01, 0xd4, 0xc0, 0x1d, 0x8e, 0x5c, 0x01, 0xff, 0xb2, 0x48,
	0xff, 0x62, 0x01, 0xca, 0xb6, 0x1d, 0x8e, 0x62, 0x01, 0xff, 0x3a, 0x18, 0xff, 0x5c, 0x01, 0xc4,
	0xb6, 0x1d, 0x8e, 0x5c, 0x01, 0xff, 0x78, 0x30, 0xff, 0x62, 0x01, 0xca, 0xb6, 0x1d, 0x8e, 0x62,
	0x01, 0xff, 0x3a, 0x18, 0xff, 0x62, 0x01, 0xca, 0xbc, 0x1d, 0x8c, 0x62, 0x01, 0xff, 0x78, 0x30,
	0xff, 0x3a, 0x18, 0xff, 0x3a, 0x18, 0xff, 0x01, 0x00, 0xfb, 0x01, 0x00, 0x93, 0x3a, 0x18, 0xff,
	0x78, 0x30, 0xf0, 0xfa, 0x1f, 0x8c, 0xa0, 0x03, 0xff, 0x3a, 0x18, 0xff, 0x5c, 0x01, 0xc6, 0xfa,
	0x1f, 0x8e, 0x5c, 0x01, 0xff, 0x78, 0x30, 0xff, 0x62, 0x01, 0xca, 0xfa, 0x1f, 0x8e, 0x62, 0x01,
	0xff, 0x3e, 0x18, 0xff, 0x5c, 0x01, 0xc4, 0xf4, 0x1f, 0x8e, 0x5c, 0x01, 0xf3, 0x78, 0x30, 0xff,
	0xb0, 0x3d, 0xd1, 0x62, 0x01, 0x82, 0xb6, 0x1d, 0x8e, 0x62, 0x01, 0xff, 0x3e, 0x18, 0xff, 0x5c,
	0x01, 0xc0, 0xb6, 0x1d, 0x8e, 0x58, 0x01, 0xff, 0x3a, 0x18, 0xff, 0x5e, 0x01, 0xca, 0xb6, 0x1d,
	0x8e, 0x62, 0x01, 0xff, 0x3a, 0x18, 0xff, 0x5c, 0x01, 0xc4, 0xb6, 0x1d, 0x8e, 0x5c, 0x01, 0xff,
	0x3a, 0x18, 0xff, 0x6c, 0x01, 0xd4, 0xc0, 0x1d, 0x8e, 0x00, 0x10, 0xff, 0x3a, 0x18, 0xff, 0x5c,
	0x01, 0xc4, 0xc0, 0x1d, 0x8e, 0x5c, 0x01, 0xff, 0x3a, 0x18, 0xff, 0x62, 0x01, 0xca, 0xc0, 0x1d,
	0xff, 0x3a, 0x18, 0xff, 0xbe, 0x02, 0xd5, 0xc0, 0x1d, 0xff, 0x3a, 0x18, 0xff, 0x3a, 0x18, 0xdb,
	0xb6, 0x1d, 0xff, 0x3a, 0x18, 0xff, 0xbe, 0x02, 0xd5, 0xb6, 0x1d, 0xff, 0x3a, 0x18, 0xff, 0x3a,
	0x18, 0xdb, 0xb6, 0x1d, 0x00, 0x90, 0xff, 0x3a, 0x18, 0xff, 0x3a, 0x18, 0xda, 0xbc, 0x1d, 0x8c,
	0x62, 0x01, 0xff, 0x3a, 0x18, 0xff, 0x3a, 0x18, 0xff, 0x3a, 0x18, 0xff, 0x01, 0x00, 0xfb, 0x01,
	0x00, 0x93, 0x3a, 0x18, 0xff, 0x3a, 0x18, 0xf0, 0xfa, 0x1f, 0x8c, 0xa0, 0x03, 0xff, 0x3a, 0x18,
	0xff, 0x5c, 0x01, 0xc6, 0xfa, 0x1f, 0x8e, 0x5c, 0x01, 0xff, 0x3a, 0x18, 0xff, 0x62, 0x01, 0xca,
	0xfa, 0x1f, 0x8e, 0x62, 0x01, 0xff, 0x3a, 0x18, 0xff, 0x5c, 0x01, 0xc4, 0xf4, 0x1f, 0x8e, 0x5c,
	0x01, 0xff, 0xb2, 0x48, 0xff, 0x62, 0x01, 0xca, 0xb6, 0x1d, 0x8e, 0x62, 0x01, 0xff, 0x3a, 0x18,
	0xff, 0x5c, 0x01, 0xc4, 0xb6, 0x1d, 0x8e, 0x5c, 0x01, 0xff, 0xb2, 0x48, 0xff, 0x62, 0x01, 0xca,
	0xb6, 0x1d, 0x8e, 0x62, 0x01, 0xff, 0x3e, 0x18, 0xff, 0x5c, 0x01, 0xc4, 0xb6, 0x1d, 0x8e, 0x5c,
	0x01, 0xff, 0x26, 0x79, 0xff, 0x6c, 0x01, 0xd4, 0xc0, 0x1d, 0x8e, 0x04, 0x10, 0xff, 0x3e, 0x18,
	0xff, 0x5c, 0x01, 0xc0, 0xc0, 0x1d, 0x8e, 0x58, 0x01, 0xff, 0x3a, 0x18, 0xff, 0x5e, 0x01, 0xca,
	0xc0, 0x1d, 0x8e, 0x62, 0x01, 0xff, 0x3a, 0x18, 0xff, 0x5c, 0x01, 0xc4, 0xc0, 0x1d, 0x8e, 0x5c,
	0x01, 0xff, 0x3a, 0x18, 0xff, 0x62, 0x01, 0xca, 0xb6, 0x1d, 0x8e, 0x62, 0x01, 0xff, 0x3a, 0x18,
	0xff, 0x5c, 0x01, 0xc4, 0xb6, 0x1d, 0x8e, 0x5c, 0x01, 0xff, 0x3a, 0x18, 0xff, 0x62, 0x01, 0xca,
	0xb6, 0x1d, 0xff, 0x3a, 0x18, 0xff, 0x3a, 0x18, 0xdb, 0xbc, 0x1d, 0xff, 0x3a, 0x18, 0xff, 0x3a,
	0x18, 0xff, 0x3a, 0x18, 0xff, 0x01, 0x00, 0xff, 0x01, 0x00, 0x88, 0x01, 0x00, 0x93, 0x3a, 0x18,
	0xff, 0x3a, 0x18, 0xf0, 0xfa, 0x1f, 0xff, 0x3a, 0x18, 0xff, 0xfc, 0x04, 0xd5, 0xfa, 0x1f, 0xff,
	0x3a, 0x18, 0xff, 0x3a, 0x18, 0xdb, 0xfa, 0x1f, 0x00, 0x91, 0xff, 0x3a, 0x18, 0xff, 0x5c, 0x01,
	0xd4, 0xf4, 0x1f, 0x8e, 0x5c, 0x01, 0xff, 0x3a, 0x18, 0xff, 0x62, 0x01, 0xca, 0xb6, 0x1d, 0x8e,
	0x62, 0x01, 0xff, 0x3a, 0x18, 0xff, 0x5c, 0x01, 0xc4, 0xb6, 0x1d, 0x8e, 0x5c, 0x01, 0xff, 0x3a,
	0x18, 0xff, 0x62, 0x01, 0xca, 0xb6, 0x1d, 0x8e, 0x62, 0x01, 0xff, 0x3a, 0x18, 0xff, 0x5c, 0x01,
	0xc4, 0xb6, 0x1d, 0x8e, 0x5c, 0x01, 0xff, 0xec, 0x60, 0xff, 0x6c, 0x01, 0xd4, 0xc0, 0x1d, 0x8c,
	0x6c, 0x01, 0xff, 0x3a, 0x18, 0xff, 0x5c, 0x01, 0xc6, 0xc0, 0x1d, 0x8e, 0x5c, 0x01, 0xff, 0xec,
	0x60, 0xff, 0x62, 0x01, 0xca, 0xc0, 0x1d, 0x8e, 0x62, 0x01, 0xff, 0x3e, 0x18, 0xff, 0x5c, 0x01,
	0xc4, 0xc0, 0x1d, 0x8e, 0x5c, 0x01, 0xff, 0x26, 0x79, 0xff, 0x62, 0x01, 0xca, 0xb6, 0x1d, 0x8e,
	0x62, 0x01, 0xff, 0x3e, 0x18, 0xff, 0x5c, 0x01, 0xc0, 0xb6, 0x1d, 0x8e, 0x58, 0x01, 0xff, 0x3a,
	0x18, 0xff, 0x5e, 0x01, 0xca, 0xb6, 0x1d, 0x8e, 0x62, 0x01, 0xff, 0x3a, 0x18, 0xff, 0x62, 0x01,
	0xca, 0xbc, 0x1d, 0x8c, 0x62, 0x01, 0xff, 0x3a, 0x18, 0xff, 0x3a, 0x18, 0xff, 0x3a, 0x18, 0xff,
	0x01, 0x00, 0xfb, 0x01, 0x00, 0x93, 0x3a, 0x18, 0xff, 0x3a, 0x18, 0xf0, 0xfa, 0x1f, 0x8e, 0xa4,
	0x0e, 0xff, 0x3a, 0x18, 0xff, 0x5c, 0x01, 0xc4, 0xfa, 0x1f, 0x8e, 0x5c, 0x01, 0xff, 0x3a, 0x18,
	0xff, 0x62, 0x01, 0xca, 0xfa, 0x1f, 0xff, 0x3a, 0x18, 0xff, 0xbe, 0x02, 0xd5, 0xf4, 0x1f, 0xff,
	0x3a, 0x18, 0xff, 0x3a, 0x18, 0xdb, 0xb6, 0x1d, 0xff, 0x3a, 0x18, 0xff, 0xbe, 0x02, 0xd5, 0xb6,
	0x1d, 0xff, 0x3a, 0x18, 0xff, 0x3a, 0x18, 0xdb, 0xb6, 0x1d, 0x00, 0x92, 0xff, 0x3a, 0x18, 0xff,
	0x5c, 0x01, 0xd4, 0xb6, 0x1d, 0x8e, 0x5c, 0x01, 0xff, 0x3a, 0x18, 0xff, 0x6c, 0x01, 0xd4, 0xc0,
	0x1d, 0x8c, 0x6c, 0x01, 0xff, 0x3a, 0x18, 0xff, 0x5c, 0x01, 0xc6, 0xc0, 0x1d, 0x8e, 0x5c, 0x01,
	0xff, 0x3a, 0x18, 0xff, 0x62, 0x01, 0xca, 0xc0, 0x1d, 0x8e, 0x62, 0x01, 0xff, 0x3a, 0x18, 0xff,
	0x5c, 0x01, 0xc4, 0xc0, 0x1d, 0x8e, 0x5c, 0x01, 0xff, 0x26, 0x79, 0xff, 0x62, 0x01, 0xca, 0xb6,
	0x1d, 0x8e, 0x62, 0x01, 0xff, 0x3a, 0x18, 0xff, 0x5c, 0x01, 0xc4, 0xb6, 0x1d, 0x8e, 0x5c, 0x01,
	0xff, 0x26, 0x79, 0xff, 0x62, 0x01, 0xca, 0xb6, 0x1d, 0x8e, 0x62, 0x01, 0xff, 0x3e, 0x18, 0xff,
	0x62, 0x01, 0xca, 0xbc, 0x1d, 0x8c, 0x62, 0x01, 0xff, 0x26, 0x79, 0xff, 0x3e, 0x18, 0xff, 0x3e,
	0x18, 0xff, 0x01, 0x00, 0xfb, 0x01, 0x00, 0x93, 0x3e, 0x18, 0xff, 0x26, 0x79, 0xf0, 0xfa, 0x1f,
	0x8e, 0xa8, 0x0e, 0xff, 0x3e, 0x18, 0xff, 0x5c, 0x01, 0xc0, 0xfa, 0x1f, 0x8e, 0x58, 0x01, 0xff,
	0x26, 0x79, 0xff, 0x5e, 0x01, 0xca, 0xfa, 0x1f, 0x8e, 0x62, 0x01, 0xff, 0x3a, 0x18, 0xff, 0x5c,
	0x01, 0xc4, 0xf4, 0x1f, 0x8e, 0x5c, 0x01, 0xff, 0x26, 0x79, 0xff, 0x62, 0x01, 0xca, 0xb6, 0x1d,
	0x8e, 0x62, 0x01, 0xff, 0x3a, 0x18, 0xff, 0x5c, 0x01, 0xc4, 0xb6, 0x1d, 0x8e, 0x5c, 0x01, 0xff,
	0xec, 0x60, 0xff, 0x62, 0x01, 0xca, 0xb6, 0x1d, 0xff, 0x3a, 0x18, 0xff, 0xbe, 0x02, 0xd5, 0xb6,
	0x1d, 0xff, 0x3a, 0x18, 0x8a, 0x3a, 0x18, 0xff, 0xec, 0x60, 0xd3, 0x6c, 0x01, 0x82, 0xc0, 0x1d,
	0xff, 0x3a, 0x18, 0xff, 0xc8, 0x02, 0xd5, 0xc0, 0x1d, 0xff, 0x3a, 0x18, 0xff, 0xb2, 0x48, 0xdb,
	0xc0, 0x1d, 0x00, 0x93, 0xff, 0x3a, 0x18, 0xff, 0x5c, 0x01, 0xd4, 0xc0, 0x1d, 0x8e, 0x5c, 0x01,
	0xff, 0xb2, 0x48, 0xff, 0x62, 0x01, 0xca, 0xb6, 0x1d, 0x8e, 0x62, 0x01, 0xff, 0x3a, 0x18, 0xff,
	0x5c, 0x01, 0xc4, 0xb6, 0x1d, 0x8e, 0x5c, 0x01, 0xff, 0x78, 0x30, 0xff, 0x62, 0x01, 0xca, 0xb6,
	0x1d, 0x8e, 0x62, 0x01, 0xff, 0x3a, 0x18, 0xff, 0x62, 0x01, 0xca, 0xbc, 0x1d, 0x8c, 0x62, 0x01,
	0xff, 0x78, 0x30, 0xff, 0x3a, 0x18, 0xff, 0x3a, 0x18, 0xff, 0x01, 0x00, 0xfb, 0x01, 0x00, 0x93,
	0x3a, 0x18, 0xff, 0x78, 0x30, 0xf0, 0xfa, 0x1f, 0x8c, 0xa0, 0x03, 0xff, 0x3a, 0x18, 0xff, 0x5c,
	0x01, 0xc6, 0xfa, 0x1f, 0x8e, 0x5c, 0x01, 0xff, 0x78, 0x30, 0xff, 0x62, 0x01, 0xca, 0xfa, 0x1f,
	0x8e, 0x62, 0x01, 0xff, 0x3e, 0x18, 0xff, 0x5c, 0x01, 0xc4, 0xf4, 0x1f, 0x8e, 0x5c, 0x01, 0xff,
	0x26, 0x79, 0xff, 0x62, 0x01, 0xca, 0xb6, 0x1d, 0x8e, 0x62, 0x01, 0xff, 0x3e, 0x18, 0xff, 0x5c,
	0x01, 0xc0, 0xb6, 0x1d, 0x8e, 0x58, 0x01, 0xff, 0x3a, 0x18, 0xff, 0x5e, 0x01, 0xca, 0xb6, 0x1d,
	0x8e, 0x62, 0x01, 0xff, 0x3a, 0x18, 0xff, 0x5c, 0x01, 0xc4, 0xb6, 0x1d, 0x8e, 0x5c, 0x01, 0xff,
	0x3a, 0x18, 0xff, 0x6c, 0x01, 0xd4, 0xc0, 0x1d, 0x8e, 0x00, 0x10, 0xff, 0x3a, 0x18, 0xff, 0x5c,
	0x01, 0xc4, 0xc0, 0x1d, 0x8e, 0x5c, 0x01, 0xff, 0x3a, 0x18, 0xff, 0x62, 0x01, 0xca, 0xc0, 0x1d,
	0xff, 0x3a, 0x18, 0xff, 0xbe, 0x02, 0xd5, 0xc0, 0x1d, 0xff, 0x3a, 0x18, 0xff, 0x3a, 0x18, 0xdb,
	0xb6, 0x1d, 0xff, 0x3a, 0x18, 0xff, 0xbe, 0x02, 0xd5, 0xb6, 0x1d, 0xff, 0x3a, 0x18, 0xff, 0x3a,
	0x18, 0xdb, 0xb6, 0x1d, 0x00, 0x94, 0xff, 0x3a, 0x18, 0xff, 0x3a, 0x18, 0xda, 0xbc, 0x1d, 0x8c,
	0x62, 0x01, 0xff, 0x3a, 0x18, 0xff, 0x3a, 0x18, 0xff, 0x3a, 0x18, 0xff, 0x01, 0x00, 0xfb, 0x01,
	0x00, 0x93, 0x3a, 0x18, 0xff, 0x3a, 0x18, 0xf0, 0xfa, 0x1f, 0x8c, 0xa0, 0x03, 0xff, 0x3a, 0x18,
	0xff, 0x5c, 0x01, 0xc6, 0xfa, 0x1f, 0x8e, 0x5c, 0x01, 0xff, 0x3a, 0x18, 0xff, 0x62, 0x01, 0xca,
	0xfa, 0x1f, 0x8e, 0x62, 0x01, 0xff, 0x3a, 0x18, 0xff, 0x5c, 0x01, 0xc4, 0xf4, 0x1f, 0x8e, 0x5c,
	0x01, 0xff, 0xb2, 0x48, 0xff, 0x62, 0x01, 0xca, 0xb6, 0x1d, 0x8e, 0x62, 0x01, 0xff, 0x3a, 0x18,
	0xff, 0x5c, 0x01, 0xc4, 0xb6, 0x1d, 0x8e, 0x5c, 0x01, 0xff, 0xb2, 0x48, 0xff, 0x62, 0x01, 0xca,
	0xb6, 0x1d, 0x8e, 0x62, 0x01, 0xff, 0x3e, 0x18, 0xff, 0x5c, 0x01, 0xc4, 0xb6, 0x1d, 0x8e, 0x5c,
	0x01, 0xff, 0x26, 0x79, 0xff, 0x6c, 0x01, 0xd4, 0xc0, 0x1d, 0x8e, 0x04, 0x10, 0xff, 0x3e, 0x18,
	0xff, 0x5c, 0x01, 0xc0, 0xc0, 0x1d, 0x8e, 0x58, 0x01, 0xff, 0x3a, 0x18, 0xff, 0x5e, 0x01, 0xca,
	0xc0, 0x1d, 0x8e, 0x62, 0x01, 0xff, 0x3a, 0x18, 0xff, 0x5c, 0x01, 0xc4, 0xc0, 0x1d, 0x8e, 0x5c,
	0x01, 0xff, 0x3a, 0x18, 0xff, 0x62, 0x01, 0xca, 0xb6, 0x1d, 0x8e, 0x62, 0x01, 0xff, 0x3a, 0x18,
	0xff, 0x5c, 0x01, 0xc4, 0xb6, 0x1d, 0x8e, 0x5c, 0x01, 0xff, 0x3a, 0x18, 0xff, 0x62, 0x01, 0xca,
	0xb6, 0x1d, 0xff, 0x3a, 0x18, 0xff, 0x3a, 0x18, 0xdb, 0xbc, 0x1d, 0xff, 0x3a, 0x18, 0xff, 0x3a,
	0x18, 0xff, 0x3a, 0x18, 0xff, 0x01, 0x00, 0xff, 0x01, 0x00, 0x88, 0x01, 0x00, 0x93, 0x3a, 0x18,
	0xff, 0x3a, 0x18, 0xf0, 0xfa, 0x1f, 0xff, 0x3a, 0x18, 0xff, 0xfc, 0x04, 0xd5, 0xfa, 0x1f, 0xff,
	0x3a, 0x18, 0xff, 0x3a, 0x18, 0xdb, 0xfa, 0x1f, 0x00, 0x95, 0xff, 0x3a, 0x18, 0xff, 0x5c, 0x01,
	0xd4, 0xf4, 0x1f, 0x8e, 0x5c, 0x01, 0xff, 0x3a, 0x18, 0xff, 0x62, 0x01, 0xca, 0xb6, 0x1d, 0x8e,
	0x62, 0x01, 0xff, 0x3a, 0x18, 0xff, 0x5c, 0x01, 0xc4, 0xb6, 0x1d, 0x8e, 0x5c, 0x01, 0xff, 0x3a,
	0x18, 0xff, 0x62, 0x01, 0xca, 0xb6, 0x1d, 0x8e, 0x62, 0x01, 0xff, 0x3a, 0x18, 0xff, 0x5c, 0x01,
	0xc4, 0xb6, 0x1d, 0x8e, 0x5c, 0x01, 0xff, 0xec, 0x60, 0xff, 0x6c, 0x01, 0xd4, 0xc0, 0x1d, 0x8c,
	0x6c, 0x01, 0xff, 0x3a, 0x18, 0xff, 0x5c, 0x01, 0xc6, 0xc0, 0x1d, 0x8e, 0x5c, 0x01, 0xff, 0xec,
	0x60, 0xff, 0x62, 0x01, 0xca, 0xc0, 0x1d, 0x8e, 0x62, 0x01, 0xff, 0x3e, 0x18, 0xff, 0x5c, 0x01,
	0xc4, 0xc0, 0x1d, 0x8e, 0x5c, 0x01, 0xff, 0x26, 0x79, 0xff, 0x62, 0x01, 0xca, 0xb6, 0x1d, 0x8e,
	0x62, 0x01, 0xff, 0x3e, 0x18, 0xff, 0x5c, 0x01, 0xc0, 0xb6, 0x1d, 0x8e, 0x58, 0x01, 0xff, 0x3a,
	0x18, 0xff, 0x5e, 0x01, 0xca, 0xb6, 0x1d, 0x8e, 0x62, 0x01, 0xff, 0x3a, 0x18, 0xff, 0x62, 0x01,
	0xca, 0xbc, 0x1d, 0x8c, 0x62, 0x01, 0xff, 0x3a, 0x18, 0xff, 0x3a, 0x18, 0xff, 0x3a, 0x18, 0xff,
	0x01, 0x00, 0xfb, 0x01, 0x00, 0x93, 0x3a, 0x18, 0xff, 0x3a, 0x18, 0xf0, 0xfa, 0x1f, 0x8e, 0xa4,
	0x0e, 0xff, 0x3a, 0x18, 0xff, 0x5c, 0x01, 0xc4, 0xfa, 0x1f, 0x8e, 0x5c, 0x01, 0xff, 0x3a, 0x18,
	0xff, 0x62, 0x01, 0xca, 0xfa, 0x1f, 0xff, 0x3a, 0x18, 0xff, 0xbe, 0x02, 0xd5, 0xf4, 0x1f, 0xff,
	0x3a, 0x18, 0xff, 0x3a, 0x18, 0xdb, 0xb6, 0x1d, 0xff, 0x3a, 0x18, 0xff, 0xbe, 0x02, 0xd5, 0xb6,
	0x1d, 0xff, 0x3a, 0x18, 0xff, 0x3a, 0x18, 0xdb, 0xb6, 0x1d, 0x00, 0x96, 0xff, 0x3a, 0x18, 0xff,
	0x5c, 0x01, 0xd4, 0xb6, 0x1d, 0x8e, 0x5c, 0x01, 0xff, 0x3a, 0x18, 0xff, 0x6c, 0x01, 0xd4, 0xc0,
	0x1d, 0x8c, 0x6c, 0x01, 0xff, 0x3a, 0x18, 0xff, 0x5c, 0x01, 0xc6, 0xc0, 0x1d, 0x8e, 0x5c, 0x01,
	0xff, 0x3a, 0x18, 0xff, 0x62, 0x01, 0xca, 0xc0, 0x1d, 0x8e, 0x62, 0x01, 0xff, 0x3a, 0x18, 0xff,
	0x5c, 0x01, 0xc4, 0xc0, 0x1d, 0x8e, 0x5c, 0x01, 0xff, 0x26, 0x79, 0xff, 0x62, 0x01, 0xca, 0xb6,
	0x1d, 0x8e, 0x62, 0x01, 0xff, 0x3a, 0x18, 0xff, 0x5c, 0x01, 0xc4, 0xb6, 0x1d, 0x8e, 0x5c, 0x01,
	0xff, 0x26, 0x79, 0xff, 0x62, 0x01, 0xca, 0xb6, 0x1d, 0x8e, 0x62, 0x01, 0xff, 0x3e, 0x18, 0xff,
	0x62, 0x01, 0xca, 0xbc, 0x1d, 0x8c, 0x62, 0x01, 0xff, 0x26, 0x79, 0xff, 0x3e, 0x18, 0xff, 0x3e,
	0x18, 0xff, 0x01, 0x00, 0xfb, 0x01, 0x00, 0x93, 0x3e, 0x18, 0xff, 0x26, 0x79, 0xf0, 0xfa, 0x1f,
	0x8e, 0xa8, 0x0e, 0xff, 0x3e, 0x18, 0xff, 0x5c, 0x01, 0xc0, 0xfa, 0x1f, 0x8e, 0x58, 0x01, 0xff,
	0x26, 0x79, 0xff, 0x5e, 0x01, 0xca, 0xfa, 0x1f, 0x8e, 0x62, 0x01, 0xff, 0x3a, 0x18, 0xff, 0x5c,
	0x01, 0xc4, 0xf4, 0x1f, 0x8e, 0x5c, 0x01, 0xff, 0x26, 0x79, 0xff, 0x62, 0x01, 0xca, 0xb6, 0x1d,
	0x8e, 0x62, 0x01, 0xff, 0x3a, 0x18, 0xff, 0x5c, 0x01, 0xc4, 0xb6, 0x1d, 0x8e, 0x5c, 0x01, 0xff,
	0xec, 0x60, 0xff, 0x62, 0x01, 0xca, 0xb6, 0x1d, 0xff, 0x3a, 0x18, 0xff, 0xbe, 0x02, 0xd5, 0xb6,
	0x1d, 0xff, 0x3a, 0x18, 0x8a, 0x3a, 0x18, 0xff, 0xec, 0x60, 0xd3, 0x6c, 0x01, 0x82, 0xc0, 0x1d,
	0xff, 0x3a, 0x18, 0xff, 0xc8, 0x02, 0xd5, 0xc0, 0x1d, 0xff, 0x3a, 0x18, 0xff, 0xb2, 0x48, 0xdb,
	0xc0, 0x1d, 0x00, 0x97, 0xff, 0x3a, 0x18, 0xff, 0x5c, 0x01, 0xd4, 0xc0, 0x1d, 0x8e, 0x5c, 0x01,
	0xff, 0xb2, 0x48, 0xff, 0x62, 0x01, 0xca, 0xb6, 0x1d, 0x8e, 0x62, 0x01, 0xff, 0x3a, 0x18, 0xff,
	0x5c, 0x01, 0xc4, 0xb6, 0x1d, 0x8e, 0x5c, 0x01, 0xff, 0x78, 0x30, 0xff, 0x62, 0x01, 0xca, 0xb6,
	0x1d, 0x8e, 0x62, 0x01, 0xff, 0x3a, 0x18, 0xff, 0x62, 0x01, 0xca, 0xbc, 0x1d, 0x8c, 0x62, 0x01,
	0xff, 0x78, 0x30, 0xff, 0x3a, 0x18, 0xff, 0x3a, 0x18, 0xff, 0x01, 0x00, 0xfb, 0x01, 0x00, 0x93,
	0x3a, 0x18, 0xff, 0x78, 0x30, 0xf0, 0xfa, 0x1f, 0x8c, 0xa0, 0x03, 0xff, 0x3a, 0x18, 0xff, 0x5c,
	0x01, 0xc6, 0xfa, 0x1f, 0x8e, 0x5c, 0x01, 0xff, 0x78, 0x30, 0xff, 0x62, 0x01, 0xca, 0xfa, 0x1f,
	0x8e, 0x62, 0x01, 0xff, 0x3e, 0x18, 0xff, 0x5c, 0x01, 0xc4, 0xf4, 0x1f, 0x8e, 0x5c, 0x01, 0xff,
	0x26, 0x79, 0xff, 0x62, 0x01, 0xca, 0xb6, 0x1d, 0x8e, 0x62, 0x01, 0xff, 0x3e, 0x18, 0xff, 0x5c,
	0x01, 0xc0, 0xb6, 0x1d, 0x8e, 0x58, 0x01, 0xff, 0x3a, 0x18, 0xff, 0x5e, 0x01, 0xca, 0xb6, 0x1d,
	0x8e, 0x62, 0x01, 0xff, 0x3a, 0x18, 0xff, 0x5c, 0x01, 0xc4, 0xb6, 0x1d, 0x8e, 0x5c, 0x01, 0xff,
	0x3a, 0x18, 0xff, 0x6c, 0x01, 0xd4, 0xc0, 0x1d, 0x8e, 0x00, 0x10, 0xff, 0x3a, 0x18, 0xff, 0x5c,
	0x01, 0xc4, 0xc0, 0x1d, 0x8e, 0x5c, 0x01, 0xff, 0x3a, 0x18, 0xff, 0x62, 0x01, 0xca, 0xc0, 0x1d,
	0xff, 0x3a, 0x18, 0xff, 0xbe, 0x02, 0xd5, 0xc0, 0x1d, 0xff, 0x3a, 0x18, 0xff, 0x3a, 0x18, 0xdb,
	0xb6, 0x1d, 0xff, 0x3a, 0x18, 0xff, 0xbe, 0x02, 0xd5, 0xb6, 0x1d, 0xff, 0x3a, 0x18, 0xff, 0x3a,
	0x18, 0xdb, 0xb6, 0x1d, 0x00, 0x98, 0xff, 0x3a, 0x18, 0xff, 0x3a, 0x18, 0xda, 0xbc, 0x1d, 0x8c,
	0x62, 0x01, 0xff, 0x3a, 0x18, 0xff, 0x3a, 0x18, 0xff, 0x3a, 0x18, 0xff, 0x01, 0x00, 0xfb, 0x01,
	0x00, 0x93, 0x3a, 0x18, 0xff, 0x3a, 0x18, 0xf0, 0xfa, 0x1f, 0x8c, 0xa0, 0x03, 0xff, 0x3a, 0x18,
	0xff, 0x5c, 0x01, 0xc6, 0xfa, 0x1f, 0x8e, 0x5c, 0x01, 0xff, 0x3a, 0x18, 0xff, 0x62, 0x01, 0xca,
	0xfa, 0x1f, 0x8e, 0x62, 0x01, 0xff, 0x3a, 0x18, 0xff, 0x5c, 0x01, 0xc4, 0xf4, 0x1f, 0x8e, 0x5c,
	0x01, 0xff, 0xb2, 0x48, 0xff, 0x62, 0x01, 0xca, 0xb6, 0x1d, 0x8e, 0x62, 0x01, 0xff, 0x3a, 0x18,
	0xff, 0x5c, 0x01, 0xc4, 0xb6, 0x1d, 0x8e, 0x5c, 0x01, 0xff, 0xb2, 0x48, 0xff, 0x62, 0x01, 0xca,
	0xb6, 0x1d, 0x8e, 0x62, 0x01, 0xff, 0x3e, 0x18, 0xff, 0x5c, 0x01, 0xc4, 0xb6, 0x1d, 0x8e, 0x5c,
	0x01, 0xff, 0x26, 0x79, 0xff, 0x6c, 0x01, 0xd4, 0xc0, 0x1d, 0x8e, 0x04, 0x10, 0xff, 0x3e, 0x18,
	0xff, 0x5c, 0x01, 0xc0, 0xc0, 0x1d, 0x8e, 0x58, 0x01, 0xff, 0x3a, 0x18, 0xff, 0x5e, 0x01, 0xca,
	0xc0, 0x1d, 0x8e, 0x62, 0x01, 0xff, 0x3a, 0x18, 0xff, 0x5c, 0x01, 0xc4, 0xc0, 0x1d, 0x8e, 0x5c,
	0x01, 0xff, 0x3a, 0x18, 0xff, 0x62, 0x01, 0xca, 0xb6, 0x1d, 0x8e, 0x62, 0x01, 0xff, 0x3a, 0x18,
	0xff, 0x5c, 0x01, 0xc4, 0xb6, 0x1d, 0x8e, 0x5c, 0x01, 0xff, 0x3a, 0x18, 0xff, 0x62, 0x01, 0xca,
	0xb6, 0x1d, 0xff, 0x3a, 0x18, 0xff, 0x3a, 0x18, 0xdb, 0xbc, 0x1d, 0xff, 0x3a, 0x18, 0xff, 0x3a,
	0x18, 0xff, 0x3a, 0x18, 0xff, 0x01, 0x00, 0xff, 0x01, 0x00, 0x88, 0x01, 0x00, 0x93, 0x3a, 0x18,
	0xff, 0x3a, 0x18, 0xf0, 0xfa, 0x1f, 0xff, 0x3a, 0x18, 0xff, 0xfc, 0x04, 0xd5, 0xfa, 0x1f, 0xff,
	0x3a, 0x18, 0xff, 0x3a, 0x18, 0xdb, 0xfa, 0x1f, 0x00, 0x99, 0xff, 0x3a, 0x18, 0xff, 0x5c, 0x01,
	0xd4, 0xf4, 0x1f, 0x8e, 0x5c, 0x01, 0xff, 0x3a, 0x18, 0xff, 0x62, 0x01, 0xca, 0xb6, 0x1d, 0x8e,
	0x62, 0x01, 0xff, 0x3a, 0x18, 0xff, 0x5c, 0x01, 0xc4, 0xb6, 0x1d, 0x8e, 0x5c, 0x01, 0xff, 0x3a,
	0x18, 0xff, 0x62, 0x01, 0xca, 0xb6, 0x1d, 0x8e, 0x62, 0x01, 0xff, 0x3a, 0x18, 0xff, 0x5c, 0x01,
	0xc4, 0xb6, 0x1d, 0x8e, 0x5c, 0x01, 0xff, 0xec, 0x60, 0xff, 0x6c, 0x01, 0xd4, 0xc0, 0x1d, 0x8c,
	0x6c, 0x01, 0xff, 0x3a, 0x18, 0xff, 0x5c, 0x01, 0xc6, 0xc0, 0x1d, 0x8e, 0x5c, 0x01, 0xff, 0xec,
	0x60, 0xff, 0x62, 0x01, 0xca, 0xc0, 0x1d, 0x8e, 0x62, 0x01, 0xff, 0x3e, 0x18, 0xff, 0x5c, 0x01,
	0xc4, 0xc0, 0x1d, 0x8e, 0x5c, 0x01, 0xff, 0x26, 0x79, 0xff, 0x62, 0x01, 0xca, 0xb6, 0x1d, 0x8e,
	0x62, 0x01, 0xff, 0x3e, 0x18, 0xff, 0x5c, 0x01, 0xc0, 0xb6, 0x1d, 0x8e, 0x58, 0x01, 0xff, 0x3a,
	0x18, 0xff, 0x5e, 0x01, 0xca, 0xb6, 0x1d, 0x8e, 0x62, 0x01, 0xff, 0x3a, 0x18, 0xff, 0x62, 0x01,
	0xca, 0xbc, 0x1d, 0x8c, 0x62, 0x01, 0xff, 0x3a, 0x18, 0xff, 0x3a, 0x18, 0xff, 0x3a, 0x18, 0xff,
	0x01, 0x00, 0xfb, 0x01, 0x00, 0x93, 0x3a, 0x18, 0xff, 0x3a, 0x18, 0xf0, 0xfa, 0x1f, 0x8e, 0xa4,
	0x0e, 0xff, 0x3a, 0x18, 0xff, 0x5c, 0x01, 0xc4, 0xfa, 0x1f, 0x8e, 0x5c, 0x01, 0xff, 0x3a, 0x18,
	0xff, 0x62, 0x01, 0xca, 0xfa, 0x1f, 0xff, 0x3a, 0x18, 0xff, 0xbe, 0x02, 0xd5, 0xf4, 0x1f, 0xff,
	0x3a, 0x18, 0xff, 0x3a, 0x18, 0xdb, 0xb6, 0x1d, 0xff, 0x3a, 0x18, 0xff, 0xbe, 0x02, 0xd5, 0xb6,
	0x1d, 0xff, 0x3a, 0x18, 0xff, 0x3a, 0x18, 0xdb, 0xb6, 0x1d, 0x00, 0x9a, 0xff, 0x3a, 0x18, 0xff,
	0x5c, 0x01, 0xd4, 0xb6, 0x1d, 0x8e, 0x5c, 0x01, 0xff, 0x3a, 0x18, 0xff, 0x6c, 0x01, 0xd4, 0xc0,
	0x1d, 0x8c, 0x6c, 0x01, 0xff, 0x3a, 0x18, 0xff, 0x5c, 0x01, 0xc6, 0xc0, 0x1d, 0x8e, 0x5c, 0x01,
	0xff, 0x3a, 0x18, 0xff, 0x62, 0x01, 0xca, 0xc0, 0x1d, 0x8e, 0x62, 0x01, 0xff, 0x3a, 0x18, 0xff,
	0x5c, 0x01, 0xc4, 0xc0, 0x1d, 0x8e, 0x5c, 0x01, 0xff, 0x26, 0x79, 0xff, 0x62, 0x01, 0xca, 0xb6,
	0x1d, 0x8e, 0x62, 0x01, 0xff, 0x3a, 0x18, 0xff, 0x5c, 0x01, 0xc4, 0xb6, 0x1d, 0x8e, 0x5c, 0x01,
	0xff, 0x26, 0x79, 0xff, 0x62, 0x01, 0xca, 0xb6, 0x1d, 0x8e, 0x62, 0x01, 0xff, 0x3e, 0x18, 0xff,
	0x62, 0x01, 0xca, 0xbc, 0x1d, 0x8c, 0x62, 0x01, 0xff, 0x26, 0x79, 0xff, 0x3e, 0x18, 0xff, 0x3e,
	0x18, 0xff, 0x01, 0x00, 0xfb, 0x01, 0x00, 0x93, 0x3e, 0x18, 0xff, 0x26, 0x79, 0xf0, 0xfa, 0x1f,
	0x8e, 0xa8, 0x0e, 0xff, 0x3e, 0x18, 0xff, 0x5c, 0x01, 0xc0, 0xfa, 0x1f, 0x8e, 0x58, 0x01, 0xff,
	0x26, 0x79, 0xff, 0x5e, 0x01, 0xca, 0xfa, 0x1f, 0x8e, 0x62, 0x01, 0xff, 0x3a, 0x18, 0xff, 0x5c,
	0x01, 0xc4, 0xf4, 0x1f, 0x8e, 0x5c, 0x01, 0xff, 0x26, 0x79, 0xff, 0x62, 0x01, 0xca, 0xb6, 0x1d,
	0x8e, 0x62, 0x01, 0xff, 0x3a, 0x18, 0xff, 0x5c, 0x01, 0xc4, 0xb6, 0x1d, 0x8e, 0x5c, 0x01, 0xff,
	0xec, 0x60, 0xff, 0x62, 0x01, 0xca, 0xb6, 0x1d, 0xff, 0x3a, 0x18, 0xff, 0xbe, 0x02, 0xd5, 0xb6,
	0x1d, 0xff, 0x3a, 0x18, 0x8a, 0x3a, 0x18, 0xff, 0xec, 0x60, 0xd3, 0x6c, 0x01, 0x82, 0xc0, 0x1d,
	0xff, 0x3a, 0x18, 0xff, 0xc8, 0x02, 0xd5, 0xc0, 0x1d, 0xff, 0x3a, 0x18, 0xff, 0xb2, 0x48, 0xdb,
	0xc0, 0x1d, 0x00, 0x9b, 0xff, 0x3a, 0x18, 0xff, 0x5c, 0x01, 0xd4, 0xc0, 0x1d, 0x8e, 0x5c, 0x01,
	0xff, 0xb2, 0x48, 0xff, 0x62, 0x01, 0xca, 0xb6, 0x1d, 0x8e, 0x62, 0x01, 0xff, 0x3a, 0x18, 0xff,
	0x5c, 0x01, 0xc4, 0xb6, 0x1d, 0x8e, 0x5c, 0x01, 0xff, 0x78, 0x30, 0xff, 0x62, 0x01, 0xca, 0xb6,
	0x1d, 0x8e, 0x62, 0x01, 0xff, 0x3a, 0x18, 0xff, 0x62, 0x01, 0xca, 0xbc, 0x1d, 0x8c, 0x62, 0x01,
	0xff, 0x78, 0x30, 0xff, 0x3a, 0x18, 0xff, 0x3a, 0x18, 0xff, 0x01, 0x00, 0xfb, 0x01, 0x00, 0x93,
	0x3a, 0x18, 0xff, 0x78, 0x30, 0xf0, 0xfa, 0x1f, 0x8c, 0xa0, 0x03, 0xff, 0x3a, 0x18, 0xff, 0x5c,
	0x01, 0xc6, 0xfa, 0x1f, 0x8e, 0x5c, 0x01, 0xff, 0x78, 0x30, 0xff, 0x62, 0x01, 0xca, 0xfa, 0x1f,
	0x8e, 0x62, 0x01, 0xff, 0x3e, 0x18, 0xff, 0x5c, 0x01, 0xc4, 0xf4, 0x1f, 0x8e, 0x5c, 0x01, 0xff,
	0x26, 0x79, 0xff, 0x62, 0x01, 0xca, 0xb6, 0x1d, 0x8e, 0x62, 0x01, 0xff, 0x3e, 0x18, 0xff, 0x5c,
	0x01, 0xc0, 0xb6, 0x1d, 0x8e, 0x58, 0x01, 0xff, 0x3a, 0x18, 0xff, 0x5e, 0x01, 0xca, 0xb6, 0x1d,
	0x8e, 0x62, 0x01, 0xff, 0x3a, 0x18, 0xff, 0x5c, 0x01, 0xc4, 0xb6, 0x1d, 0x8e, 0x5c, 0x01, 0xff,
	0x3a, 0x18, 0xff, 0x6c, 0x01, 0xd4, 0xc0, 0x1d, 0x8e, 0x00, 0x10, 0xff, 0x3a, 0x18, 0xff, 0x5c,
	0x01, 0xc4, 0xc0, 0x1d, 0x8e, 0x5c, 0x01, 0xff, 0x3a, 0x18, 0xff, 0x62, 0x01, 0xca, 0xc0, 0x1d,
	0xff, 0x3a, 0x18, 0xff, 0xbe, 0x02, 0xd5, 0xc0, 0x1d, 0xff, 0x3a, 0x18, 0xff, 0x3a, 0x18, 0xdb,
	0xb6, 0x1d, 0xff, 0x3a, 0x18, 0xff, 0xbe, 0x02, 0xd5, 0xb6, 0x1d, 0xff, 0x3a, 0x18, 0xff, 0x3a,
	0x18, 0xdb, 0xb6, 0x1d, 0x00, 0x9c, 0xff, 0x3a, 0x18, 0xff, 0x3a, 0x18, 0xda, 0xbc, 0x1d, 0x8c,
	0x62, 0x01, 0xff, 0x3a, 0x18, 0xff, 0x3a, 0x18, 0xff, 0x3a, 0x18, 0xff, 0x01, 0x00, 0xfb, 0x01,
	0x00, 0x93, 0x3a, 0x18, 0xff, 0x3a, 0x18, 0xf0, 0xfa, 0x1f, 0x8c, 0xa0, 0x03, 0xff, 0x3a, 0x18,
	0xff, 0x5c, 0x01, 0xc6, 0xfa, 0x1f, 0x8e, 0x5c, 0x01, 0xff, 0x3a, 0x18, 0xff, 0x62, 0x01, 0xca,
	0xfa, 0x1f, 0x8e, 0x62, 0x01, 0xff, 0x3a, 0x18, 0xff, 0x5c, 0x01, 0xc4, 0xf4, 0x1f, 0x8e, 0x5c,
	0x01, 0xff, 0xb2, 0x48, 0xff, 0x62, 0x01, 0xca, 0xb6, 0x1d, 0x8e, 0x62, 0x01, 0xff, 0x3a, 0x18,
	0xff, 0x5c, 0x01, 0xc4, 0xb6, 0x1d, 0x8e, 0x5c, 0x01, 0xff, 0xb2, 0x48, 0xff, 0x62, 0x01, 0xca,
	0xb6, 0x1d, 0x8e, 0x62, 0x01, 0xff, 0x3e, 0x18, 0xff, 0x5c, 0x01, 0xc4, 0xb6, 0x1d, 0x8e, 0x5c,
	0x01, 0xff, 0x26, 0x79, 0xff, 0x6c, 0x01, 0xd4, 0xc0, 0x1d, 0x8e, 0x04, 0x10, 0xff, 0x3e, 0x18,
	0xff, 0x5c, 0x01, 0xc0, 0xc0, 0x1d, 0x8e, 0x58, 0x01, 0xff, 0x3a, 0x18, 0xff, 0x5e, 0x01, 0xca,
	0xc0, 0x1d, 0x8e, 0x62, 0x01, 0xff, 0x3a, 0x18, 0xff, 0x5c, 0x01, 0xc4, 0xc0, 0x1d, 0x8e, 0x5c,
	0x01, 0xff, 0x3a, 0x18, 0xff, 0x62, 0x01, 0xca, 0xb6, 0x1d, 0x8e, 0x62, 0x01, 0xff, 0x3a, 0x18,
	0xff, 0x5c, 0x01, 0xc4, 0xb6, 0x1d, 0x8e, 0x5c, 0x01, 0xff, 0x3a, 0x18, 0xff, 0x62, 0x01, 0xca,
	0xb6, 0x1d, 0xff, 0x3a, 0x18, 0xff, 0x3a, 0x18, 0xdb, 0xbc, 0x1d, 0xff, 0x3a, 0x18, 0xff, 0x3a,
	0x18, 0xff, 0x3a, 0x18, 0xff, 0x01, 0x00, 0xff, 0x01, 0x00, 0x88, 0x01, 0x00, 0x93, 0x3a, 0x18,
	0xff, 0x3a, 0x18, 0xf0, 0xfa, 0x1f, 0xff, 0x3a, 0x18, 0xff, 0xfc, 0x04, 0xd5, 0xfa, 0x1f, 0xff,
	0x3a, 0x18, 0xff, 0x3a, 0x18, 0xdb, 0xfa, 0x1f, 0x00, 0x9d, 0xff, 0x3a, 0x18, 0xff, 0x5c, 0x01,
	0xd4, 0xf4, 0x1f, 0x8e, 0x5c, 0x01, 0xff, 0x3a, 0x18, 0xff, 0x62, 0x01, 0xca, 0xb6, 0x1d, 0x8e,
	0x62, 0x01, 0xff, 0x3a, 0x18, 0xff, 0x5c, 0x01, 0xc4, 0xb6, 0x1d, 0x8e, 0x5c, 0x01, 0xff, 0x3a,
	0x18, 0xff, 0x62, 0x01, 0xca, 0xb6, 0x1d, 0x8e, 0x62, 0x01, 0xff, 0x3a, 0x18, 0xff, 0x5c, 0x01,
	0xc4, 0xb6, 0x1d, 0x8e, 0x5c, 0x01, 0xff, 0xec, 0x60, 0xff, 0x6c, 0x01, 0xd4, 0xc0, 0x1d, 0x8c,
	0x6c, 0x01, 0xff, 0x3a, 0x18, 0xff, 0x5c, 0x01, 0xc6, 0xc0, 0x1d, 0x8e, 0x5c, 0x01, 0xff, 0xec,
	0x60, 0xff, 0x62, 0x01, 0xca, 0xc0, 0x1d, 0x8e, 0x62, 0x01, 0xff, 0x3e, 0x18, 0xff, 0x5c, 0x01,
	0xc4, 0xc0, 0x1d, 0x8e, 0x5c, 0x01, 0xff, 0x26, 0x79, 0xff, 0x62, 0x01, 0xca, 0xb6, 0x1d, 0x8e,
	0x62, 0x01, 0xff, 0x3e, 0x18, 0xff, 0x5c, 0x01, 0xc0, 0xb6, 0x1d, 0x8e, 0x58, 0x01, 0xff, 0x3a,
	0x18, 0xff, 0x5e, 0x01, 0xca, 0xb6, 0x1d, 0x8e, 0x62, 0x01, 0xff, 0x3a, 0x18, 0xff, 0x62, 0x01,
	0xca, 0xbc, 0x1d, 0x8c, 0x62, 0x01, 0xff, 0x3a, 0x18, 0xff, 0x3a, 0x18, 0xff, 0x3a, 0x18, 0xff,
	0x01, 0x00, 0xfb, 0x01, 0x00, 0x93, 0x3a, 0x18, 0xff, 0x3a, 0x18, 0xf0, 0xfa, 0x1f, 0x8e, 0xa4,
	0x0e, 0xff, 0x3a, 0x18, 0xff, 0x5c, 0x01, 0xc4, 0xfa, 0x1f, 0x8e, 0x5c, 0x01, 0xff, 0x3a, 0x18,
	0xff, 0x62, 0x01, 0xca, 0xfa, 0x1f, 0xff, 0x3a, 0x18, 0xff, 0xbe, 0x02, 0xd5, 0xf4, 0x1f, 0xff,
	0x3a, 0x18, 0xff, 0x3a, 0x18, 0xdb, 0xb6, 0x1d, 0xff, 0x3a, 0x18, 0xff, 0xbe, 0x02, 0xd5, 0xb6,
	0x1d, 0xff, 0x3a, 0x18, 0xff, 0x3a, 0x18, 0xdb, 0xb6, 0x1d, 0x00, 0x9e, 0xff, 0x3a, 0x18, 0xff,
	0x5c, 0x01, 0xd4, 0xb6, 0x1d, 0x8e, 0x5c, 0x01, 0xff, 0x3a, 0x18, 0xff, 0x6c, 0x01, 0xd4, 0xc0,
	0x1d, 0x8c, 0x6c, 0x01, 0xff, 0x3a, 0x18, 0xff, 0x5c, 0x01, 0xc6, 0xc0, 0x1d, 0x8e, 0x5c, 0x01,
	0xff, 0x3a, 0x18, 0xff, 0x62, 0x01, 0xca, 0xc0, 0x1d, 0x8e, 0x62, 0x01, 0xff, 0x3a, 0x18, 0xff,
	0x5c, 0x01, 0xc4, 0xc0, 0x1d, 0x8e, 0x5c, 0x01, 0xff, 0x26, 0x79, 0xff, 0x62, 0x01, 0xca, 0xb6,
	0x1d, 0x8e, 0x62, 0x01, 0xff, 0x3a, 0x18, 0xff, 0x5c, 0x01, 0xc4, 0xb6, 0x1d, 0x8e, 0x5c, 0x01,
	0xff, 0x26, 0x79, 0xff, 0x62, 0x01, 0xca, 0xb6, 0x1d, 0x8e, 0x62, 0x01, 0xff, 0x3e, 0x18, 0xff,
	0x62, 0x01, 0xca, 0xbc, 0x1d, 0x8c, 0x62, 0x01, 0xff, 0x26, 0x79, 0xff, 0x3e, 0x18, 0xff, 0x3e,
	0x18, 0xff, 0x01, 0x00, 0xfb, 0x01, 0x00, 0x93, 0x3e, 0x18, 0xff, 0x26, 0x79, 0xf0, 0xfa, 0x1f,
	0x8e, 0xa8, 0x0e, 0xff, 0x3e, 0x18, 0xff, 0x5c, 0x01, 0xc0, 0xfa, 0x1f, 0x8e, 0x58, 0x01, 0xff,
	0x26, 0x79, 0xff, 0x5e, 0x01, 0xca, 0xfa, 0x1f, 0x8e, 0x62, 0x01, 0xff, 0x3a, 0x18, 0xff, 0x5c,
	0x01, 0xc4, 0xf4, 0x1f, 0x8e, 0x5c, 0x01, 0xff, 0x26, 0x79, 0xff, 0x62, 0x01, 0xca, 0xb6, 0x1d,
	0x8e, 0x62, 0x01, 0xff, 0x3a, 0x18, 0xff, 0x5c, 0x01, 0xc4, 0xb6, 0x1d, 0x8e, 0x5c, 0x01, 0xff,
	0xec, 0x60, 0xff, 0x62, 0x01, 0xca, 0xb6, 0x1d, 0xff, 0x3a, 0x18, 0xff, 0xbe, 0x02, 0xd5, 0xb6,
	0x1d, 0xff, 0x3a, 0x18, 0x8a, 0x3a, 0x18, 0xff, 0xec, 0x60, 0xd3, 0x6c, 0x01, 0x82, 0xc0, 0x1d,
	0xff, 0x3a, 0x18, 0xff, 0xc8, 0x02, 0xd5, 0xc0, 0x1d, 0xff, 0x3a, 0x18, 0xff, 0xb2, 0x48, 0xdb,
	0xc0, 0x1d, 0x00, 0x9f, 0xff, 0x3a, 0x18, 0xff, 0x5c, 0x01, 0xd4, 0xc0, 0x1d, 0x8e, 0x5c, 0x01,
	0xff, 0xb2, 0x48, 0xff, 0x62, 0x01, 0xca, 0xb6, 0x1d, 0x8e, 0x62, 0x01, 0xff, 0x3a, 0x18, 0xff,
	0x5c, 0x01, 0xc4, 0xb6, 0x1d, 0x8e, 0x5c, 0x01, 0xff, 0x78, 0x30, 0xff, 0x62, 0x01, 0xca, 0xb6,
	0x1d, 0x8e, 0x62, 0x01, 0xff, 0x3a, 0x18, 0xff, 0x62, 0x01, 0xca, 0xbc, 0x1d, 0x8c, 0x62, 0x01,
	0xff, 0x78, 0x30, 0xff, 0x3a, 0x18, 0xff, 0x3a, 0x18, 0xff, 0x01, 0x00, 0xfb, 0x01, 0x00, 0x93,
	0x3a, 0x18, 0xff, 0x78, 0x30, 0xf0, 0xfa, 0x1f, 0x8c, 0xa0, 0x03, 0xff, 0x3a, 0x18, 0xff, 0x5c,
	0x01, 0xc6, 0xfa, 0x1f, 0x8e, 0x5c, 0x01, 0xff, 0x78, 0x30, 0xff, 0x62, 0x01, 0xca, 0xfa, 0x1f,
	0x8e, 0x62, 0x01, 0xff, 0x3e, 0x18, 0xff, 0x5c, 0x01, 0xc4, 0xf4, 0x1f, 0x8e, 0x5c, 0x01, 0xff,
	0x26, 0x79, 0xff, 0x62, 0x01, 0xca, 0xb6, 0x1d, 0x8e, 0x62, 0x01, 0xff, 0x3e, 0x18, 0xff, 0x5c,
	0x01, 0xc0, 0xb6, 0x1d, 0x8e, 0x58, 0x01, 0xff, 0x3a, 0x18, 0xff, 0x5e, 0x01, 0xca, 0xb6, 0x1d,
	0x8e, 0x62, 0x01, 0xff, 0x3a, 0x18, 0xff, 0x5c, 0x01, 0xc4, 0xb6, 0x1d, 0x8e, 0x5c, 0x01, 0xff,
	0x3a, 0x18, 0xff, 0x6c, 0x01, 0xd4, 0xc0, 0x1d, 0x8e, 0x00, 0x10, 0xff, 0x3a, 0x18, 0xff, 0x5c,
	0x01, 0xc4, 0xc0, 0x1d, 0x8e, 0x5c, 0x01, 0xff, 0x3a, 0x18, 0xff, 0x62, 0x01, 0xca, 0xc0, 0x1d,
	0xff, 0x3a, 0x18, 0xff, 0xbe, 0x02, 0xd5, 0xc0, 0x1d, 0xff, 0x3a, 0x18, 0xff, 0x3a, 0x18, 0xdb,
	0xb6, 0x1d, 0xff, 0x3a, 0x18, 0xff, 0xbe, 0x02, 0xd5, 0xb6, 0x1d, 0xff, 0x3a, 0x18, 0x82, 0x3a,
	0x18, 0x00, 0x73, 0xff, 0xbe, 0x02, 0xd0, 0x62, 0x01, 0x01, 0xd6, 0x04, 0x81, 0xb8, 0x1d, 0x01,
	0x00, 0x20, 0x82, 0x41, 0x14, 0x06, 0x5e, 0x00, 0xd6, 0x83, 0xdb, 0x80, 0x80, 0xff, 0x48, 0x18,
	0xff, 0x48, 0x18, 0xe7, 0x70, 0x01, 0x00, 0x88, 0x8c, 0x70, 0x01, 0xfb, 0x56, 0x18, 0x00, 0xfc,
	0xff, 0x56, 0x18, 0x82, 0x01, 0x00, 0xff, 0x56, 0x18, 0xff, 0x01, 0x00, 0xf9, 0x01, 0x00, 0x93,
	0x56, 0x18, 0x8f, 0x56, 0x18, 0x00, 0x6e, 0xff, 0x56, 0x18, 0xea, 0xae, 0x03, 0x00, 0x90, 0x8c,
	0xae, 0x03, 0xff, 0x64, 0x18, 0xff, 0x6a, 0x01, 0xd3, 0x6a, 0x01, 0x00, 0x98, 0x8e, 0x6a, 0x01,
	0xf1, 0x72, 0x18, 0x02, 0x6e, 0x02, 0x6a, 0xff, 0xf8, 0x07, 0xdc, 0x70, 0x01, 0x00, 0x01, 0x82,
	0x70, 0x01, 0x00, 0x81, 0x8e, 0x70, 0x01, 0xff, 0x80, 0x18, 0xff, 0x6a, 0x01, 0xd1, 0x6a, 0x01,
	0x00, 0x89, 0x8e, 0x6a, 0x01, 0xf1, 0x8e, 0x18, 0x01, 0xd8, 0x03, 0xff, 0xda, 0x02, 0xe3, 0x70,
	0x01, 0x00, 0x91, 0x8e, 0x70, 0x01, 0xff, 0x9c, 0x18, 0xff, 0x6a, 0x01, 0xd1, 0x6a, 0x01, 0x00,
	0x99, 0x8e, 0x6a, 0x01, 0xf1, 0xae, 0x18, 0x02, 0x42, 0x05, 0x6f, 0xff, 0xda, 0x02, 0xdc, 0x70,
	0x01, 0x00, 0x02, 0x82, 0x70, 0x01, 0x00, 0x82, 0x8e, 0x70, 0x01, 0xff, 0xbc, 0x18, 0xff, 0x6a,
	0x01, 0xd1, 0x6a, 0x01, 0x00, 0x8a, 0x8e, 0x6a, 0x01, 0xfb, 0xca, 0x18, 0x01, 0xb1, 0x06, 0xff,
	0xbe, 0x05, 0xe3, 0x7a, 0x01, 0x00, 0x92, 0x8e, 0x90, 0x10, 0xff, 0xd8, 0x18, 0xff, 0x6a, 0x01,
	0xd1, 0x6a, 0x01, 0x00, 0x9a, 0x8e, 0x6a, 0x01, 0xf1, 0xe6, 0x18, 0x01, 0x1b, 0x08, 0xff, 0xda,
	0x02, 0xdd, 0x70, 0x01, 0x00, 0x03, 0x82, 0x70, 0x01, 0x00, 0x83, 0x8e, 0x70, 0x01, 0xff, 0xf4,
	0x18, 0xff, 0x6a, 0x01, 0xd1, 0x6a, 0x01, 0x00, 0x8b, 0x8e, 0x6a, 0x01, 0xf1, 0x02, 0x19, 0x01,
	0x85, 0x09, 0xff, 0xda, 0x02, 0xe3, 0x70, 0x01, 0x00, 0x93, 0x8e, 0x70, 0x01, 0xff, 0x10, 0x19,
	0xff, 0x6a, 0x01, 0xd1, 0x6a, 0x01, 0x00, 0x9b, 0x8e, 0x6a, 0x01, 0xf1, 0x1e, 0x19, 0x00, 0xef,
	0xff, 0x1e, 0x19, 0xde, 0x70, 0x01, 0x00, 0x04, 0x82, 0x70, 0x01, 0x00, 0x84, 0xff, 0x1e, 0x19,
	0xff, 0x1e, 0x19, 0xe8, 0x70, 0x01, 0x00, 0x8c, 0xff, 0x1e, 0x19, 0x88, 0x1e, 0x19, 0x02, 0x60,
	0x0c, 0x00, 0xff, 0x1e, 0x19, 0x00, 0x00, 0xff, 0x1e, 0x19, 0xff, 0x01, 0x00, 0xfb, 0x01, 0x00,
	0x93, 0x1e, 0x19, 0xff, 0x1e, 0x19, 0xfd, 0xae, 0x03, 0x00, 0x94, 0xff, 0x1e, 0x19, 0xff, 0x18,
	0x05, 0xe2, 0x6a, 0x01, 0x00, 0x9c, 0xff, 0x1e, 0x19, 0xff, 0x1e, 0x19, 0xe2, 0x70, 0x01, 0x00,
	0x05, 0x82, 0x70, 0x01, 0x00, 0x85, 0xff, 0x1e, 0x19, 0xff, 0xda, 0x02, 0xe2, 0x6a, 0x01, 0x00,
	0x8d, 0xff, 0x1e, 0x19, 0xff, 0x1e, 0x19, 0xe8, 0x70, 0x01, 0x00, 0x95, 0xff, 0x1e, 0x19, 0xff,
	0xda, 0x02, 0xe2, 0x6a, 0x01, 0x00, 0x9d, 0xff, 0x1e, 0x19, 0xff, 0x1e, 0x19, 0xe9, 0xca, 0x26,
	0x00, 0x81, 0xff, 0x1e, 0x19, 0xff, 0x6a, 0x01, 0xe2, 0xc4, 0x26, 0x8e, 0x6a, 0x01, 0xff, 0x1e,
	0x19, 0xff, 0x7a, 0x01, 0xe2, 0x90, 0x24, 0x8c, 0x7a, 0x01, 0xff, 0x1e, 0x19, 0xff, 0x6a, 0x01,
	0xd3, 0x6a, 0x01, 0x00, 0x98, 0x8e, 0x6a, 0x01, 0xff, 0x1e, 0x19, 0xff, 0x70, 0x01, 0xd8, 0x90,
	0x24, 0x8e, 0x70, 0x01, 0xff, 0x1e, 0x19, 0xff, 0x6a, 0x01, 0xd1, 0x6a, 0x01, 0x00, 0x89, 0x8e,
	0x6a, 0x01, 0xff, 0x1e, 0x19, 0xff, 0x70, 0x01, 0xd8, 0x90, 0x24, 0x8e, 0x70, 0x01, 0xff, 0x1e,
	0x19, 0xff, 0x6a, 0x01, 0xd1, 0x6a, 0x01, 0x00, 0x99, 0x8e, 0x6a, 0x01, 0xff, 0x1e, 0x19, 0xff,
	0x70, 0x01, 0xd8, 0x90, 0x24, 0x8e, 0x70, 0x01, 0xff, 0x1e, 0x19, 0xff, 0x70, 0x01, 0xd8, 0x96,
	0x24, 0x8c, 0x70, 0x01, 0xff, 0x1e, 0x19, 0xff, 0x1e, 0x19, 0xff, 0x1e, 0x19, 0xff, 0x01, 0x00,
	0xfb, 0x01, 0x00, 0x93, 0x1e, 0x19, 0xff, 0x1e, 0x19, 0xfe, 0xca, 0x26, 0x8e, 0x26, 0x0f, 0xff,
	0x1e, 0x19, 0xff, 0x6a, 0x01, 0xd1, 0x6a, 0x01, 0x00, 0x9a, 0x8e, 0x6a, 0x01, 0xff, 0x1e, 0x19,
	0xff, 0x70, 0x01, 0xd8, 0xca, 0x26, 0x8e, 0x70, 0x01, 0xff, 0x1e, 0x19, 0xff, 0x6a, 0x01, 0xd1,
	0x6a, 0x01, 0x00, 0x8b, 0x8e, 0x6a, 0x01, 0xff, 0x1e, 0x19, 0xff, 0x70, 0x01, 0xd8, 0xca, 0x26,
	0x8e, 0x70, 0x01, 0xff, 0x1e, 0x19, 0xff, 0x6a, 0x01, 0xd1, 0x6a, 0x01, 0x00, 0x9b, 0x8e, 0x6a,
	0x01, 0xff, 0x1e, 0x19, 0xff, 0x70, 0x01, 0xd8, 0xca, 0x26, 0xff, 0x1e, 0x19, 0xff, 0xda, 0x02,
	0xe2, 0x6a, 0x01, 0x00, 0x8c, 0xff, 0x1e, 0x19, 0xff, 0x1e, 0x19, 0xf3, 0x90, 0x24, 0xff, 0x1e,
	0x19, 0xff, 0xe4, 0x02, 0xe2, 0x6a, 0x01, 0x00, 0x9c, 0xff, 0x1e, 0x19, 0xff, 0x1e, 0x19, 0xe9,
	0x90, 0x24, 0xff, 0x1e, 0x19, 0xff, 0xda, 0x02, 0xe2, 0x6a, 0x01, 0x00, 0x8d, 0xff, 0x1e, 0x19,
	0xff, 0x1e, 0x19, 0xe9, 0x90, 0x24, 0xff, 0x1e, 0x19, 0xff, 0xda, 0x02, 0xe2, 0x6a, 0x01, 0x00,
	0x9d, 0xff, 0x1e, 0x19, 0xff, 0x1e, 0x19, 0xe9, 0x90, 0x24, 0x00, 0x82, 0xff, 0x1e, 0x19, 0xff,
	0x1e, 0x19, 0xe8, 0x96, 0x24, 0x8c, 0x70, 0x01, 0xff, 0x1e, 0x19, 0xff, 0x1e, 0x19, 0xff, 0x1e,
	0x19, 0xff, 0x01, 0x00, 0xfb, 0x01, 0x00, 0x93, 0x1e, 0x19, 0xff, 0x1e, 0x19, 0xfe, 0xca, 0x26,
	0x8c, 0xae, 0x03, 0xff, 0x1e, 0x19, 0xff, 0x6a, 0x01, 0xd3, 0x6a, 0x01, 0x00, 0x98, 0x8e, 0x6a,
	0x01, 0xff, 0x1e, 0x19, 0xff, 0x70, 0x01, 0xd8, 0xca, 0x26, 0x8e, 0x70, 0x01, 0xff, 0x1e, 0x19,
	0xff, 0x6a, 0x01, 0xd1, 0x6a, 0x01, 0x00, 0x89, 0x8e, 0x6a, 0x01, 0xff, 0x1e, 0x19, 0xff, 0x70,
	0x01, 0xd8, 0xca, 0x26, 0x8e, 0x70, 0x01, 0xff, 0x1e, 0x19, 0xff, 0x6a, 0x01, 0xd1, 0x6a, 0x01,
	0x00, 0x99, 0x8e, 0x6a, 0x01, 0xff, 0x1e, 0x19, 0xff, 0x70, 0x01, 0xd8, 0xca, 0x26, 0x8e, 0x70,
	0x01, 0xff, 0x1e, 0x19, 0xff, 0x6a, 0x01, 0xd1, 0x6a, 0x01, 0x00, 0x8a, 0x8e, 0x6a, 0x01, 0xff,
	0x1e, 0x19, 0xff, 0x7a, 0x01, 0xe2, 0x90, 0x24, 0x8e, 0x90, 0x10, 0xff, 0x1e, 0x19, 0xff, 0x6a,
	0x01, 0xd1, 0x6a, 0x01, 0x00, 0x9a, 0x8e, 0x6a, 0x01, 0xff, 0x1e, 0x19, 0xff, 0x70, 0x01, 0xd8,
	0x90, 0x24, 0x8e, 0x70, 0x01, 0xff, 0x1e, 0x19, 0xff, 0x6a, 0x01, 0xd1, 0x6a, 0x01, 0x00, 0x8b,
	0x8e, 0x6a, 0x01, 0xff, 0x1e, 0x19, 0xff, 0x70, 0x01, 0xd8, 0x90, 0x24, 0x8e, 0x70, 0x01, 0xff,
	0x1e, 0x19, 0xff, 0x6a, 0x01, 0xd1, 0x6a, 0x01, 0x00, 0x9b, 0x8e, 0x6a, 0x01, 0xff, 0x1e, 0x19,
	0xff, 0x70, 0x01, 0xd8, 0x90, 0x24, 0xff, 0x1e, 0x19, 0xff, 0x1e, 0x19, 0xe9, 0x96, 0x24, 0xff,
	0x1e, 0x19, 0xff, 0x1e, 0x19, 0xff, 0x1e, 0x19, 0xff, 0x01, 0x00, 0xff, 0x01, 0x00, 0x88, 0x01,
	0x00, 0x93, 0x1e, 0x19, 0xff, 0x1e, 0x19, 0xfe, 0xca, 0x26, 0xff, 0x1e, 0x19, 0xff, 0x18, 0x05,
	0xe2, 0x6a, 0x01, 0x00, 0x9c, 0xff, 0x1e, 0x19, 0xff, 0x1e, 0x19, 0xe9, 0xca, 0x26, 0xff, 0x1e,
	0x19, 0xff, 0xda, 0x02, 0xe2, 0x6a, 0x01, 0x00, 0x8d, 0xff, 0x1e, 0x19, 0xff, 0x1e, 0x19, 0xe9,
	0xca, 0x26, 0xff, 0x1e, 0x19, 0xff, 0xda, 0x02, 0xe2, 0x6a, 0x01, 0x00, 0x9d, 0xff, 0x1e, 0x19,
	0xff, 0x1e, 0x19, 0xe9, 0xca, 0x26, 0x00, 0x83, 0xff, 0x1e, 0x19, 0xff, 0x6a, 0x01, 0xe2, 0xc4,
	0x26, 0x8e, 0x6a, 0x01, 0xff, 0x1e, 0x19, 0xff, 0x7a, 0x01, 0xe2, 0x90, 0x24, 0x8c, 0x7a, 0x01,
	0xff, 0x1e, 0x19, 0xff, 0x6a, 0x01, 0xd3, 0x6a, 0x01, 0x00, 0x98, 0x8e, 0x6a, 0x01, 0xff, 0x1e,
	0x19, 0xff, 0x70, 0x01, 0xd8, 0x90, 0x24, 0x8e, 0x70, 0x01, 0xff, 0x1e, 0x19, 0xff, 0x6a, 0x01,
	0xd1, 0x6a, 0x01, 0x00, 0x89, 0x8e, 0x6a, 0x01, 0xff, 0x1e, 0x19, 0xff, 0x70, 0x01, 0xd8, 0x90,
	0x24, 0x8e, 0x70, 0x01, 0xff, 0x1e, 0x19, 0xff, 0x6a, 0x01, 0xd1, 0x6a, 0x01, 0x00, 0x99, 0x8e,
	0x6a, 0x01, 0xff, 0x1e, 0x19, 0xff, 0x70, 0x01, 0xd8, 0x90, 0x24, 0x8e, 0x70, 0x01, 0xff, 0x1e,
	0x19, 0xff, 0x70, 0x01, 0xd8, 0x96, 0x24, 0x8c, 0x70, 0x01, 0xff, 0x1e, 0x19, 0xff, 0x1e, 0x19,
	0xff, 0x1e, 0x19, 0xff, 0x01, 0x00, 0xfb, 0x01, 0x00, 0x93, 0x1e, 0x19, 0xff, 0x1e, 0x19, 0xfe,
	0xca, 0x26, 0x8e, 0x26, 0x0f, 0xff, 0x1e, 0x19, 0xff, 0x6a, 0x01, 0xd1, 0x6a, 0x01, 0x00, 0x9a,
	0x8e, 0x6a, 0x01, 0xff, 0x1e, 0x19, 0xff, 0x70, 0x01, 0xd8, 0xca, 0x26, 0x8e, 0x70, 0x01, 0xff,
	0x1e, 0x19, 0xff, 0x6a, 0x01, 0xd1, 0x6a, 0x01, 0x00, 0x8b, 0x8e, 0x6a, 0x01, 0xff, 0x1e, 0x19,
	0xff, 0x70, 0x01, 0xd8, 0xca, 0x26, 0x8e, 0x70, 0x01, 0xff, 0x1e, 0x19, 0xff, 0x6a, 0x01, 0xd1,
	0x6a, 0x01, 0x00, 0x9b, 0x8e, 0x6a, 0x01, 0xff, 0x1e, 0x19, 0xff, 0x70, 0x01, 0xd8, 0xca, 0x26,
	0xff, 0x1e, 0x19, 0xff, 0xda, 0x02, 0xe2, 0x6a, 0x01, 0x00, 0x8c, 0xff, 0x1e, 0x19, 0xff, 0x1e,
	0x19, 0xf3, 0x90, 0x24, 0xff, 0x1e, 0x19, 0xff, 0xe4, 0x02, 0xe2, 0x6a, 0x01, 0x00, 0x9c, 0xff,
	0x1e, 0x19, 0xff, 0x1e, 0x19, 0xe9, 0x90, 0x24, 0xff, 0x1e, 0x19, 0xff, 0xda, 0x02, 0xe2, 0x6a,
	0x01, 0x00, 0x8d, 0xff, 0x1e, 0x19, 0xff, 0x1e, 0x19, 0xe9, 0x90, 0x24, 0xff, 0x1e, 0x19, 0xff,
	0xda, 0x02, 0xe2, 0x6a, 0x01, 0x00, 0x9d, 0xff, 0x1e, 0x19, 0xff, 0x1e, 0x19, 0xe9, 0x90, 0x24,
	0x00, 0x84, 0xff, 0x1e, 0x19, 0xff, 0x1e, 0x19, 0xe8, 0x96, 0x24, 0x8c, 0x70, 0x01, 0xff, 0x1e,
	0x19, 0xff, 0x1e, 0x19, 0xff, 0x1e, 0x19, 0xff, 0x01, 0x00, 0xfb, 0x01, 0x00, 0x93, 0x1e, 0x19,
	0xff, 0x1e, 0x19, 0xfe, 0xca, 0x26, 0x8c, 0xae, 0x03, 0xff, 0x1e, 0x19, 0xff, 0x6a, 0x01, 0xd3,
	0x6a, 0x01, 0x00, 0x98, 0x8e, 0x6a, 0x01, 0xff, 0x1e, 0x19, 0xff, 0x70, 0x01, 0xd8, 0xca, 0x26,
	0x8e, 0x70, 0x01, 0xff, 0x1e, 0x19, 0xff, 0x6a, 0x01, 0xd1, 0x6a, 0x01, 0x00, 0x89, 0x8e, 0x6a,
	0x01, 0xff, 0x1e, 0x19, 0xff, 0x70, 0x01, 0xd8, 0xca, 0x26, 0x8e, 0x70, 0x01, 0xff, 0x1e, 0x19,
	0xff, 0x6a, 0x01, 0xd1, 0x6a, 0x01, 0x00, 0x99, 0x8e, 0x6a, 0x01, 0xff, 0x1e, 0x19, 0xff, 0x70,
	0x01, 0xd8, 0xca, 0x26, 0x8e, 0x70, 0x01, 0xff, 0x1e, 0x19, 0xff, 0x6a, 0x01, 0xd1, 0x6a, 0x01,
	0x00, 0x8a, 0x8e, 0x6a, 0x01, 0xff, 0x1e, 0x19, 0xff, 0x7a, 0x01, 0xe2, 0x90, 0x24, 0x8e, 0x90,
	0x10, 0xff, 0x1e, 0x19, 0xff, 0x6a, 0x01, 0xd1, 0x6a, 0x01, 0x00, 0x9a, 0x8e, 0x6a, 0x01, 0xff,
	0x1e, 0x19, 0xff, 0x70, 0x01, 0xd8, 0x90, 0x24, 0x8e, 0x70, 0x01, 0xff, 0x1e, 0x19, 0xff, 0x6a,
	0x01, 0xd1, 0x6a, 0x01, 0x00, 0x8b, 0x8e, 0x6a, 0x01, 0xff, 0x1e, 0x19, 0xff, 0x70, 0x01, 0xd8,
	0x90, 0x24, 0x8e, 0x70, 0x01, 0xff, 0x1e, 0x19, 0xff, 0x6a, 0x01, 0xd1, 0x6a, 0x01, 0x00, 0x9b,
	0x8e, 0x6a, 0x01, 0xff, 0x1e, 0x19, 0xff, 0x70, 0x01, 0xd8, 0x90, 0x24, 0xff, 0x1e, 0x19, 0xff,
	0x1e, 0x19, 0xe9, 0x96, 0x24, 0xff, 0x1e, 0x19, 0xff, 0x1e, 0x19, 0xff, 0x1e, 0x19, 0xff, 0x01,
	0x00, 0xff, 0x01, 0x00, 0x88, 0x01, 0x00, 0x93, 0x1e, 0x19, 0xff, 0x1e, 0x19, 0xfe, 0xca, 0x26,
	0xff, 0x1e, 0x19, 0xff, 0x18, 0x05, 0xe2, 0x6a, 0x01, 0x00, 0x9c, 0xff, 0x1e, 0x19, 0xff, 0x1e,
	0x19, 0xe9, 0xca, 0x26, 0xff, 0x1e, 0x19, 0xff, 0xda, 0x02, 0xe2, 0x6a, 0x01, 0x00, 0x8d, 0xff,
	0x1e, 0x19, 0xff, 0x1e, 0x19, 0xe9, 0xca, 0x26, 0xff, 0x1e, 0x19, 0xff, 0xda, 0x02, 0xe2, 0x6a,
	0x01, 0x00, 0x9d, 0xff, 0x1e, 0x19, 0xff, 0x1e, 0x19, 0xe9, 0xca, 0x26, 0x00, 0x85, 0xff, 0x1e,
	0x19, 0xff, 0x6a, 0x01, 0xe2, 0xc4, 0x26, 0x8e, 0x6a, 0x01, 0xff, 0x1e, 0x19, 0xff, 0x7a, 0x01,
	0xe2, 0x90, 0x24, 0x8c, 0x7a, 0x01, 0xff, 0x1e, 0x19, 0xff, 0x6a, 0x01, 0xd3, 0x6a, 0x01, 0x00,
	0x98, 0x8e, 0x6a, 0x01, 0xff, 0x1e, 0x19, 0xff, 0x70, 0x01, 0xd8, 0x90, 0x24, 0x8e, 0x70, 0x01,
	0xff, 0x1e, 0x19, 0xff, 0x6a, 0x01, 0xd1, 0x6a, 0x01, 0x00, 0x89, 0x8e, 0x6a, 0x01, 0xff, 0x1e,
	0x19, 0xff, 0x70, 0x01, 0xd8, 0x90, 0x24, 0x8e, 0x70, 0x01, 0xff, 0x1e, 0x19, 0xff, 0x6a, 0x01,
	0xd1, 0x6a, 0x01, 0x00, 0x99, 0x8e, 0x6a, 0x01, 0xff, 0x1e, 0x19, 0xff, 0x70, 0x01, 0xd8, 0x90,
	0x24, 0x8e, 0x70, 0x01, 0xff, 0x1e, 0x19, 0xff, 0x70, 0x01, 0xd8, 0x96, 0x24, 0x8c, 0x70, 0x01,
	0xff, 0x1e, 0x19, 0xff, 0x1e, 0x19, 0xff, 0x1e, 0x19, 0xff, 0x01, 0x00, 0xfb, 0x01, 0x00, 0x93,
	0x1e, 0x19, 0xff, 0x1e, 0x19, 0xfe, 0xca, 0x26, 0x8e, 0x26, 0x0f, 0xff, 0x1e, 0x19, 0xff, 0x6a,
	0x01, 0xd1, 0x6a, 0x01, 0x00, 0x9a, 0x8e, 0x6a, 0x01, 0xff, 0x1e, 0x19, 0xff, 0x70, 0x01, 0xd8,
	0xca, 0x26, 0x8e, 0x70, 0x01, 0xff, 0x1e, 0x19, 0xff, 0x6a, 0x01, 0xd1, 0x6a, 0x01, 0x00, 0x8b,
	0x8e, 0x6a, 0x01, 0xff, 0x1e, 0x19, 0xff, 0x70, 0x01, 0xd8, 0xca, 0x26, 0x8e, 0x70, 0x01, 0xff,
	0x1e, 0x19, 0xff, 0x6a, 0x01, 0xd1, 0x6a, 0x01, 0x00, 0x9b, 0x8e, 0x6a, 0x01, 0xff, 0x1e, 0x19,
	0xff, 0x70, 0x01, 0xd8, 0xca, 0x26, 0xff, 0x1e, 0x19, 0xff, 0xda, 0x02, 0xe2, 0x6a, 0x01, 0x00,
	0x8c, 0xff, 0x1e, 0x19, 0xff, 0x1e, 0x19, 0xf3, 0x90, 0x24, 0xff, 0x1e, 0x19, 0xff, 0xe4, 0x02,
	0xe2, 0x6a, 0x01, 0x00, 0x9c, 0xff, 0x1e, 0x19, 0xff, 0x1e, 0x19, 0xe9, 0x90, 0x24, 0xff, 0x1e,
	0x19, 0xff, 0xda, 0x02, 0xe2, 0x6a, 0x01, 0x00, 0x8d, 0xff, 0x1e, 0x19, 0xff, 0x1e, 0x19, 0xe9,
	0x90, 0x24, 0xff, 0x1e, 0x19, 0xff, 0xda, 0x02, 0xe2, 0x6a, 0x01, 0x00, 0x9d, 0xff, 0x1e, 0x19,
	0xff, 0x1e, 0x19, 0xe9, 0x90, 0x24, 0x00, 0x86, 0xff, 0x1e, 0x19, 0xff, 0x1e, 0x19, 0xe8, 0x96,
	0x24, 0x8c, 0x70, 0x01, 0xff, 0x1e, 0x19, 0xff, 0x1e, 0x19, 0xff, 0x1e, 0x19, 0xff, 0x01, 0x00,
	0xfb, 0x01, 0x00, 0x93, 0x1e, 0x19, 0xff, 0x1e, 0x19, 0xfe, 0xca, 0x26, 0x8c, 0xae, 0x03, 0xff,
	0x1e, 0x19, 0xff, 0x6a, 0x01, 0xd3, 0x6a, 0x01, 0x00, 0x98, 0x8e, 0x6a, 0x01, 0xff, 0x1e, 0x19,
	0xff, 0x70, 0x01, 0xd8, 0xca, 0x26, 0x8e, 0x70, 0x01, 0xff, 0x1e, 0x19, 0xff, 0x6a, 0x01, 0xd1,
	0x6a, 0x01, 0x00, 0x89, 0x8e, 0x6a, 0x01, 0xff, 0x1e, 0x19, 0xff, 0x70, 0x01, 0xd8, 0xca, 0x26,
	0x8e, 0x70, 0x01, 0xff, 0x1e, 0x19, 0xff, 0x6a, 0x01, 0xd1, 0x6a, 0x01, 0x00, 0x99, 0x8e, 0x6a,
	0x01, 0xff, 0x1e, 0x19, 0xff, 0x70, 0x01, 0xd8, 0xca, 0x26, 0x8e, 0x70, 0x01, 0xff, 0x1e, 0x19,
	0xff, 0x6a, 0x01, 0xd1, 0x6a, 0x01, 0x00, 0x8a, 0x8e, 0x6a, 0x01, 0xff, 0x1e, 0x19, 0xff, 0x7a,
	0x01, 0xe2, 0x90, 0x24, 0x8e, 0x90, 0x10, 0xff, 0x1e, 0x19, 0xff, 0x6a, 0x01, 0xd1, 0x6a, 0x01,
	0x00, 0x9a, 0x8e, 0x6a, 0x01, 0xff, 0x1e, 0x19, 0xff, 0x70, 0x01, 0xd8, 0x90, 0x24, 0x8e, 0x70,
	0x01, 0xff, 0x1e, 0x19, 0xff, 0x6a, 0x01, 0xd1, 0x6a, 0x01, 0x00, 0x8b, 0x8e, 0x6a, 0x01, 0xff,
	0x1e, 0x19, 0xff, 0x70, 0x01, 0xd8, 0x90, 0x24, 0x8e, 0x70, 0x01, 0xff, 0x1e, 0x19, 0xff, 0x6a,
	0x01, 0xd1, 0x6a, 0x01, 0x00, 0x9b, 0x8e, 0x6a, 0x01, 0xff, 0x1e, 0x19, 0xff, 0x70, 0x01, 0xd8,
	0x90, 0x24, 0xff, 0x1e, 0x19, 0xff, 0x1e, 0x19, 0xe9, 0x96, 0x24, 0xff, 0x1e, 0x19, 0xff, 0x1e,
	0x19, 0xff, 0x1e, 0x19, 0xff, 0x01, 0x00, 0xff, 0x01, 0x00, 0x88, 0x01, 0x00, 0x93, 0x1e, 0x19,
	0xff, 0x1e, 0x19, 0xfe, 0xca, 0x26, 0xff, 0x1e, 0x19, 0xff, 0x18, 0x05, 0xe2, 0x6a, 0x01, 0x00,
	0x9c, 0xff, 0x1e, 0x19, 0xff, 0x1e, 0x19, 0xe9, 0xca, 0x26, 0xff, 0x1e, 0x19, 0xff, 0xda, 0x02,
	0xe2, 0x6a, 0x01, 0x00, 0x8d, 0xff, 0x1e, 0x19, 0xff, 0x1e, 0x19, 0xe9, 0xca, 0x26, 0xff, 0x1e,
	0x19, 0xff, 0xda, 0x02, 0xe2, 0x6a, 0x01, 0x00, 0x9d, 0xff, 0x1e, 0x19, 0xff, 0x1e, 0x19, 0xe9,
	0xca, 0x26, 0x00, 0x87, 0xff, 0x1e, 0x19, 0xff, 0x6a, 0x01, 0xe2, 0xc4, 0x26, 0x8e, 0x6a, 0x01,
	0xff, 0x1e, 0x19, 0xff, 0x7a, 0x01, 0xe2, 0x90, 0x24, 0x8c, 0x7a, 0x01, 0xff, 0x1e, 0x19, 0xff,
	0x6a, 0x01, 0xd3, 0x6a, 0x01, 0x00, 0x98, 0x8e, 0x6a, 0x01, 0xff, 0x1e, 0x19, 0xff, 0x70, 0x01,
	0xd8, 0x90, 0x24, 0x8e, 0x70, 0x01, 0xff, 0x1e, 0x19, 0xff, 0x6a, 0x01, 0xd1, 0x6a, 0x01, 0x00,
	0x89, 0x8e, 0x6a, 0x01, 0xff, 0x1e, 0x19, 0xff, 0x70, 0x01, 0xd8, 0x90, 0x24, 0x8e, 0x70, 0x01,
	0xff, 0x1e, 0x19, 0xff, 0x6a, 0x01, 0xd1, 0x6a, 0x01, 0x00, 0x99, 0x8e, 0x6a, 0x01, 0xff, 0x1e,
	0x19, 0xff, 0x70, 0x01, 0xd8, 0x90, 0x24, 0x8e, 0x70, 0x01, 0xff, 0x1e, 0x19, 0xff, 0x70, 0x01,
	0xd8, 0x96, 0x24, 0x8c, 0x70, 0x01, 0xff, 0x1e, 0x19, 0xff, 0x1e, 0x19, 0xff, 0x1e, 0x19, 0xff,
	0x01, 0x00, 0xfb, 0x01, 0x00, 0x93, 0x1e, 0x19, 0xff, 0x1e, 0x19, 0xfe, 0xca, 0x26, 0x8e, 0x26,
	0x0f, 0xff, 0x1e, 0x19, 0xff, 0x6a, 0x01, 0xd1, 0x6a, 0x01, 0x00, 0x9a, 0x8e, 0x6a, 0x01, 0xff,
	0x1e, 0x19, 0xff, 0x70, 0x01, 0xd8, 0xca, 0x26, 0x8e, 0x70, 0x01, 0xff, 0x1e, 0x19, 0xff, 0x6a,
	0x01, 0xd1, 0x6a, 0x01, 0x00, 0x8b, 0x8e, 0x6a, 0x01, 0xff, 0x1e, 0x19, 0xff, 0x70, 0x01, 0xd8,
	0xca, 0x26, 0x8e, 0x70, 0x01, 0xff, 0x1e, 0x19, 0xff, 0x6a, 0x01, 0xd1, 0x6a, 0x01, 0x00, 0x9b,
	0x8e, 0x6a, 0x01, 0xff, 0x1e, 0x19, 0xff, 0x70, 0x01, 0xd8, 0xca, 0x26, 0xff, 0x1e, 0x19, 0xff,
	0xda, 0x02, 0xe2, 0x6a, 0x01, 0x00, 0x8c, 0xff, 0x1e, 0x19, 0xff, 0x1e, 0x19, 0xf3, 0x90, 0x24,
	0xff, 0x1e, 0x19, 0xff, 0xe4, 0x02, 0xe2, 0x6a, 0x01, 0x00, 0x9c, 0xff, 0x1e, 0x19, 0xff, 0x1e,
	0x19, 0xe9, 0x90, 0x24, 0xff, 0x1e, 0x19, 0xff, 0xda, 0x02, 0xe2, 0x6a, 0x01, 0x00, 0x8d, 0xff,
	0x1e, 0x19, 0xff, 0x1e, 0x19, 0xe9, 0x90, 0x24, 0xff, 0x1e, 0x19, 0xff, 0xda, 0x02, 0xe2, 0x6a,
	0x01, 0x00, 0x9d, 0xff, 0x1e, 0x19, 0xff, 0x1e, 0x19, 0xe9, 0x90, 0x24, 0x00, 0x88, 0xff, 0x1e,
	0x19, 0xff, 0x1e, 0x19, 0xe8, 0x96, 0x24, 0x8c, 0x70, 0x01, 0xff, 0x1e, 0x19, 0xff, 0x1e, 0x19,
	0xff, 0x1e, 0x19, 0xff, 0x01, 0x00, 0xfb, 0x01, 0x00, 0x93, 0x1e, 0x19, 0xff, 0x1e, 0x19, 0xfe,
	0xca, 0x26, 0x8c, 0xae, 0x03, 0xff, 0x1e, 0x19, 0xff, 0x6a, 0x01, 0xd3, 0x6a, 0x01, 0x00, 0x98,
	0x8e, 0x6a, 0x01, 0xff, 0x1e, 0x19, 0xff, 0x70, 0x01, 0xd8, 0xca, 0x26, 0x8e, 0x70, 0x01, 0xff,
	0x1e, 0x19, 0xff, 0x6a, 0x01, 0xd1, 0x6a, 0x01, 0x00, 0x89, 0x8e, 0x6a, 0x01, 0xff, 0x1e, 0x19,
	0xff, 0x70, 0x01, 0xd8, 0xca, 0x26, 0x8e, 0x70, 0x01, 0xff, 0x1e, 0x19, 0xff, 0x6a, 0x01, 0xd1,
	0x6a, 0x01, 0x00, 0x99, 0x8e, 0x6a, 0x01, 0xff, 0x1e, 0x19, 0xff, 0x70, 0x01, 0xd8, 0xca, 0x26,
	0x8e, 0x70, 0x01, 0xff, 0x1e, 0x19, 0xff, 0x6a, 0x01, 0xd1, 0x6a, 0x01, 0x00, 0x8a, 0x8e, 0x6a,
	0x01, 0xff, 0x1e, 0x19, 0xff, 0x7a, 0x01, 0xe2, 0x90, 0x24, 0x8e, 0x90, 0x10, 0xff, 0x1e, 0x19,
	0xff, 0x6a, 0x01, 0xd1, 0x6a, 0x01, 0x00, 0x9a, 0x8e, 0x6a, 0x01, 0xff, 0x1e, 0x19, 0xff, 0x70,
	0x01, 0xd8, 0x90, 0x24, 0x8e, 0x70, 0x01, 0xff, 0x1e, 0x19, 0xff, 0x6a, 0x01, 0xd1, 0x6a, 0x01,
	0x00, 0x8b, 0x8e, 0x6a, 0x01, 0xff, 0x1e, 0x19, 0xff, 0x70, 0x01, 0xd8, 0x90, 0x24, 0x8e, 0x70,
	0x01, 0xff, 0x1e, 0x19, 0xff, 0x6a, 0x01, 0xd1, 0x6a, 0x01, 0x00, 0x9b, 0x8e, 0x6a, 0x01, 0xff,
	0x1e, 0x19, 0xff, 0x70, 0x01, 0xd8, 0x90, 0x24, 0xff, 0x1e, 0x19, 0xff, 0x1e, 0x19, 0xe9, 0x96,
	0x24, 0xff, 0x1e, 0x19, 0xff, 0x1e, 0x19, 0xff, 0x1e, 0x19, 0xff, 0x01, 0x00, 0xff, 0x01, 0x00,
	0x88, 0x01, 0x00, 0x93, 0x1e, 0x19, 0xff, 0x1e, 0x19, 0xfe, 0xca, 0x26, 0xff, 0x1e, 0x19, 0xff,
	0x18, 0x05, 0xe2, 0x6a, 0x01, 0x00, 0x9c, 0xff, 0x1e, 0x19, 0xff, 0x1e, 0x19, 0xe9, 0xca, 0x26,
	0xff, 0x1e, 0x19, 0xff, 0xda, 0x02, 0xe2, 0x6a, 0x01, 0x00, 0x8d, 0xff, 0x1e, 0x19, 0xff, 0x1e,
	0x19, 0xe9, 0xca, 0x26, 0xff, 0x1e, 0x19, 0xff, 0xda, 0x02, 0xe2, 0x6a, 0x01, 0x00, 0x9d, 0xff,
	0x1e, 0x19, 0xff, 0x1e, 0x19, 0xe9, 0xca, 0x26, 0x00, 0x89, 0xff, 0x1e, 0x19, 0xff, 0x6a, 0x01,
	0xe2, 0xc4, 0x26, 0x8e, 0x6a, 0x01, 0xff, 0x1e, 0x19, 0xff, 0x7a, 0x01, 0xe2, 0x90, 0x24, 0x8c,
	0x7a, 0x01, 0xff, 0x1e, 0x19, 0xff, 0x6a, 0x01, 0xd3, 0x6a, 0x01, 0x00, 0x98, 0x8e, 0x6a, 0x01,
	0xff, 0x1e, 0x19, 0xff, 0x70, 0x01, 0xd8, 0x90, 0x24, 0x8e, 0x70, 0x01, 0xff, 0x1e, 0x19, 0xff,
	0x6a, 0x01, 0xd1, 0x6a, 0x01, 0x00, 0x89, 0x8e, 0x6a, 0x01, 0xff, 0x1e, 0x19, 0xff, 0x70, 0x01,
	0xd8, 0x90, 0x24, 0x8e, 0x70, 0x01, 0xff, 0x1e, 0x19, 0xff, 0x6a, 0x01, 0xd1, 0x6a, 0x01, 0x00,
	0x99, 0x8e, 0x6a, 0x01, 0xff, 0x1e, 0x19, 0xff, 0x70, 0x01, 0xd8, 0x90, 0x24, 0x8e, 0x70, 0x01,
	0xff, 0x1e, 0x19, 0xff, 0x70, 0x01, 0xd8, 0x96, 0x24, 0x8c, 0x70, 0x01, 0xff, 0x1e, 0x19, 0xff,
	0x1e, 0x19, 0xff, 0x1e, 0x19, 0xff, 0x01, 0x00, 0xfb, 0x01, 0x00, 0x93, 0x1e, 0x19, 0xff, 0x1e,
	0x19, 0xfe, 0xca, 0x26, 0x8e, 0x26, 0x0f, 0xff, 0x1e, 0x19, 0xff, 0x6a, 0x01, 0xd1, 0x6a, 0x01,
	0x00, 0x9a, 0x8e, 0x6a, 0x01, 0xff, 0x1e, 0x19, 0xff, 0x70, 0x01, 0xd8, 0xca, 0x26, 0x8e, 0x70,
	0x01, 0xff, 0x1e, 0x19, 0xff, 0x6a, 0x01, 0xd1, 0x6a, 0x01, 0x00, 0x8b, 0x8e, 0x6a, 0x01, 0xff,
	0x1e, 0x19, 0xff, 0x70, 0x01, 0xd8, 0xca, 0x26, 0x8e, 0x70, 0x01, 0xff, 0x1e, 0x19, 0xff, 0x6a,
	0x01, 0xd1, 0x6a, 0x01, 0x00, 0x9b, 0x8e, 0x6a, 0x01, 0xff, 0x1e, 0x19, 0xff, 0x70, 0x01, 0xd8,
	0xca, 0x26, 0xff, 0x1e, 0x19, 0xff, 0xda, 0x02, 0xe2, 0x6a, 0x01, 0x00, 0x8c, 0xff, 0x1e, 0x19,
	0xff, 0x1e, 0x19, 0xf3, 0x90, 0x24, 0xff, 0x1e, 0x19, 0xff, 0xe4, 0x02, 0xe2, 0x6a, 0x01, 0x00,
	0x9c, 0xff, 0x1e, 0x19, 0xff, 0x1e, 0x19, 0xe9, 0x90, 0x24, 0xff, 0x1e, 0x19, 0xff, 0xda, 0x02,
	0xe2, 0x6a, 0x01, 0x00, 0x8d, 0xff, 0x1e, 0x19, 0xff, 0x1e, 0x19, 0xe9, 0x90, 0x24, 0xff, 0x1e,
	0x19, 0xff, 0xda, 0x02, 0xe2, 0x6a, 0x01, 0x00, 0x9d, 0xff, 0x1e, 0x19, 0xff, 0x1e, 0x19, 0xe9,
	0x90, 0x24, 0x00, 0x8a, 0xff, 0x1e, 0x19, 0xff, 0x1e, 0x19, 0xe8, 0x96, 0x24, 0x8c, 0x70, 0x01,
	0xff, 0x1e, 0x19, 0xff, 0x1e, 0x19, 0xff, 0x1e, 0x19, 0xff, 0x01, 0x00, 0xfb, 0x01, 0x00, 0x93,
	0x1e, 0x19, 0xff, 0x1e, 0x19, 0xfe, 0xca, 0x26, 0x8c, 0xae, 0x03, 0xff, 0x1e, 0x19, 0xff, 0x6a,
	0x01, 0xd3, 0x6a, 0x01, 0x00, 0x98, 0x8e, 0x6a, 0x01, 0xff, 0x1e, 0x19, 0xff, 0x70, 0x01, 0xd8,
	0xca, 0x26, 0x8e, 0x70, 0x01, 0xff, 0x1e, 0x19, 0xff, 0x6a, 0x01, 0xd1, 0x6a, 0x01, 0x00, 0x89,
	0x8e, 0x6a, 0x01, 0xff, 0x1e, 0x19, 0xff, 0x70, 0x01, 0xd8, 0xca, 0x26, 0x8e, 0x70, 0x01, 0xff,
	0x1e, 0x19, 0xff, 0x6a, 0x01, 0xd1, 0x6a, 0x01, 0x00, 0x99, 0x8e, 0x6a, 0x01, 0xff, 0x1e, 0x19,
	0xff, 0x70, 0x01, 0xd8, 0xca, 0x26, 0x8e, 0x70, 0x01, 0xff, 0x1e, 0x19, 0xff, 0x6a, 0x01, 0xd1,
	0x6a, 0x01, 0x00, 0x8a, 0x8e, 0x6a, 0x01, 0xff, 0x1e, 0x19, 0xff, 0x7a, 0x01, 0xe2, 0x90, 0x24,
	0x8e, 0x90, 0x10, 0xff, 0x1e, 0x19, 0xff, 0x6a, 0x01, 0xd1, 0x6a, 0x01, 0x00, 0x9a, 0x8e, 0x6a,
	0x01, 0xff, 0x1e, 0x19, 0xff, 0x70, 0x01, 0xd8, 0x90, 0x24, 0x8e, 0x70, 0x01, 0xff, 0x1e, 0x19,
	0xff, 0x6a, 0x01, 0xd1, 0x6a, 0x01, 0x00, 0x8b, 0x8e, 0x6a, 0x01, 0xff, 0x1e, 0x19, 0xff, 0x70,
	0x01, 0xd8, 0x90, 0x24, 0x8e, 0x70, 0x01, 0xff, 0x1e, 0x19, 0xff, 0x6a, 0x01, 0xd1, 0x6a, 0x01,
	0x00, 0x9b, 0x8e, 0x6a, 0x01, 0xff, 0x1e, 0x19, 0xff, 0x70, 0x01, 0xd8, 0x90, 0x24, 0xff, 0x1e,
	0x19, 0xff, 0x1e, 0x19, 0xe9, 0x96, 0x24, 0xff, 0x1e, 0x19, 0xff, 0x1e, 0x19, 0xff, 0x1e, 0x19,
	0xff, 0x01, 0x00, 0xff, 0x01, 0x00, 0x88, 0x01, 0x00, 0x93, 0x1e, 0x19, 0xff, 0x1e, 0x19, 0xfe,
	0xca, 0x26, 0xff, 0x1e, 0x19, 0xff, 0x18, 0x05, 0xe2, 0x6a, 0x01, 0x00, 0x9c, 0xff, 0x1e, 0x19,
	0xff, 0x1e, 0x19, 0xe9, 0xca, 0x26, 0xff, 0x1e, 0x19, 0xff, 0xda, 0x02, 0xe2, 0x6a, 0x01, 0x00,
	0x8d, 0xff, 0x1e, 0x19, 0xff, 0x1e, 0x19, 0xe9, 0xca, 0x26, 0xff, 0x1e, 0x19, 0xff, 0xda, 0x02,
	0xe2, 0x6a, 0x01, 0x00, 0x9d, 0xff, 0x1e, 0x19, 0xff, 0x1e, 0x19, 0xe9, 0xca, 0x26, 0x00, 0x8b,
	0xff, 0x1e, 0x19, 0xff, 0x6a, 0x01, 0xe2, 0xc4, 0x26, 0x8e, 0x6a, 0x01, 0xff, 0x1e, 0x19, 0xff,
	0x7a, 0x01, 0xe2, 0x90, 0x24, 0x8c, 0x7a, 0x01, 0xff, 0x1e, 0x19, 0xff, 0x6a, 0x01, 0xd3, 0x6a,
	0x01, 0x00, 0x98, 0x8e, 0x6a, 0x01, 0xff, 0x1e, 0x19, 0xff, 0x70, 0x01, 0xd8, 0x90, 0x24, 0x8e,
	0x70, 0x01, 0xff, 0x1e, 0x19, 0xff, 0x6a, 0x01, 0xd1, 0x6a, 0x01, 0x00, 0x89, 0x8e, 0x6a, 0x01,
	0xff, 0x1e, 0x19, 0xff, 0x70, 0x01, 0xd8, 0x90, 0x24, 0x8e, 0x70, 0x01, 0xff, 0x1e, 0x19, 0xff,
	0x6a, 0x01, 0xd1, 0x6a, 0x01, 0x00, 0x99, 0x8e, 0x6a, 0x01, 0xff, 0x1e, 0x19, 0xff, 0x70, 0x01,
	0xd8, 0x90, 0x24, 0x8e, 0x70, 0x01, 0xff, 0x1e, 0x19, 0xff, 0x70, 0x01, 0xd8, 0x96, 0x24, 0x8c,
	0x70, 0x01, 0xff, 0x1e, 0x19, 0xff, 0x1e, 0x19, 0xff, 0x1e, 0x19, 0xff, 0x01, 0x00, 0xfb, 0x01,
	0x00, 0x93, 0x1e, 0x19, 0xff, 0x1e, 0x19, 0xfe, 0xca, 0x26, 0x8e, 0x26, 0x0f, 0xff, 0x1e, 0x19,
	0xff, 0x6a, 0x01, 0xd1, 0x6a, 0x01, 0x00, 0x9a, 0x8e, 0x6a, 0x01, 0xff, 0x1e, 0x19, 0xff, 0x70,
	0x01, 0xd8, 0xca, 0x26, 0x8e, 0x70, 0x01, 0xff, 0x1e, 0x19, 0xff, 0x6a, 0x01, 0xd1, 0x6a, 0x01,
	0x00, 0x8b, 0x8e, 0x6a, 0x01, 0xff, 0x1e, 0x19, 0xff, 0x70, 0x01, 0xd8, 0xca, 0x26, 0x8e, 0x70,
	0x01, 0xff, 0x1e, 0x19, 0xff, 0x6a, 0x01, 0xd1, 0x6a, 0x01, 0x00, 0x9b, 0x8e, 0x6a, 0x01, 0xff,
	0x1e, 0x19, 0xff, 0x70, 0x01, 0xd8, 0xca, 0x26, 0xff, 0x1e, 0x19, 0xff, 0xda, 0x02, 0xe2, 0x6a,
	0x01, 0x00, 0x8c, 0xff, 0x1e, 0x19, 0xff, 0x1e, 0x19, 0xf3, 0x90, 0x24, 0xff, 0x1e, 0x19, 0xff,
	0xe4, 0x02, 0xe2, 0x6a, 0x01, 0x00, 0x9c, 0xff, 0x1e, 0x19, 0xff, 0x1e, 0x19, 0xe9, 0x90, 0x24,
	0xff, 0x1e, 0x19, 0xff, 0xda, 0x02, 0xe2, 0x6a, 0x01, 0x00, 0x8d, 0xff, 0x1e, 0x19, 0xff, 0x1e,
	0x19, 0xe9, 0x90, 0x24, 0xff, 0x1e, 0x19, 0xff, 0xda, 0x02, 0xe2, 0x6a, 0x01, 0x00, 0x9d, 0xff,
	0x1e, 0x19, 0xff, 0x1e, 0x19, 0xe9, 0x90, 0x24, 0x00, 0x8c, 0xff, 0x1e, 0x19, 0xff, 0x1e, 0x19,
	0xe8, 0x96, 0x24, 0x8c, 0x70, 0x01, 0xff, 0x1e, 0x19, 0xff, 0x1e, 0x19, 0xff, 0x1e, 0x19, 0xff,
	0x01, 0x00, 0xfb, 0x01, 0x00, 0x93, 0x1e, 0x19, 0xff, 0x1e, 0x19, 0xfe, 0xca, 0x26, 0x8c, 0xae,
	0x03, 0xff, 0x1e, 0x19, 0xff, 0x6a, 0x01, 0xd3, 0x6a, 0x01, 0x00, 0x98, 0x8e, 0x6a, 0x01, 0xff,
	0x1e, 0x19, 0xff, 0x70, 0x01, 0xd8, 0xca, 0x26, 0x8e, 0x70, 0x01, 0xff, 0x1e, 0x19, 0xff, 0x6a,
	0x01, 0xd1, 0x6a, 0x01, 0x00, 0x89, 0x8e, 0x6a, 0x01, 0xff, 0x1e, 0x19, 0xff, 0x70, 0x01, 0xd8,
	0xca, 0x26, 0x8e, 0x70, 0x01, 0xff, 0x1e, 0x19, 0xff, 0x6a, 0x01, 0xd1, 0x6a, 0x01, 0x00, 0x99,
	0x8e, 0x6a, 0x01, 0xff, 0x1e, 0x19, 0xff, 0x70, 0x01, 0xd8, 0xca, 0x26, 0x8e, 0x70, 0x01, 0xff,
	0x1e, 0x19, 0xff, 0x6a, 0x01, 0xd1, 0x6a, 0x01, 0x00, 0x8a, 0x8e, 0x6a, 0x01, 0xff, 0x1e, 0x19,
	0xff, 0x7a, 0x01, 0xe2, 0x90, 0x24, 0x8e, 0x90, 0x10, 0xff, 0x1e, 0x19, 0xff, 0x6a, 0x01, 0xd1,
	0x6a, 0x01, 0x00, 0x9a, 0x8e, 0x6a, 0x01, 0xff, 0x1e, 0x19, 0xff, 0x70, 0x01, 0xd8, 0x90, 0x24,
	0x8e, 0x70, 0x01, 0xff, 0x1e, 0x19, 0xff, 0x6a, 0x01, 0xd1, 0x6a, 0x01, 0x00, 0x8b, 0x8e, 0x6a,
	0x01, 0xff, 0x1e, 0x19, 0xff, 0x70, 0x01, 0xd8, 0x90, 0x24, 0x8e, 0x70, 0x01, 0xff, 0x1e, 0x19,
	0xff, 0x6a, 0x01, 0xd1, 0x6a, 0x01, 0x00, 0x9b, 0x8e, 0x6a, 0x01, 0xff, 0x1e, 0x19, 0xff, 0x70,
	0x01, 0xd8, 0x90, 0x24, 0xff, 0x1e, 0x19, 0xff, 0x1e, 0x19, 0xe9, 0x96, 0x24, 0xff, 0x1e, 0x19,
	0xff, 0x1e, 0x19, 0xff, 0x1e, 0x19, 0xff, 0x01, 0x00, 0xff, 0x01, 0x00, 0x88, 0x01, 0x00, 0x93,
	0x1e, 0x19, 0xff, 0x1e, 0x19, 0xfe, 0xca, 0x26, 0xff, 0x1e, 0x19, 0xff, 0x18, 0x05, 0xe2, 0x6a,
	0x01, 0x00, 0x9c, 0xff, 0x1e, 0x19, 0xff, 0x1e, 0x19, 0xe9, 0xca, 0x26, 0xff, 0x1e, 0x19, 0xff,
	0xda, 0x02, 0xe2, 0x6a, 0x01, 0x00, 0x8d, 0xff, 0x1e, 0x19, 0xff, 0x1e, 0x19, 0xe9, 0xca, 0x26,
	0xff, 0x1e, 0x19, 0xff, 0xda, 0x02, 0xe2, 0x6a, 0x01, 0x00, 0x9d, 0xff, 0x1e, 0x19, 0xff, 0x1e,
	0x19, 0xe9, 0xca, 0x26, 0x00, 0x8d, 0xff, 0x1e, 0x19, 0xff, 0x6a, 0x01, 0xe2, 0xc4, 0x26, 0x8e,
	0x6a, 0x01, 0xff, 0x1e, 0x19, 0xff, 0x7a, 0x01, 0xe2, 0x90, 0x24, 0x8c, 0x7a, 0x01, 0xff, 0x1e,
	0x19, 0xff, 0x6a, 0x01, 0xd3, 0x6a, 0x01, 0x00, 0x98, 0x8e, 0x6a, 0x01, 0xff, 0x1e, 0x19, 0xff,
	0x70, 0x01, 0xd8, 0x90, 0x24, 0x8e, 0x70, 0x01, 0xff, 0x1e, 0x19, 0xff, 0x6a, 0x01, 0xd1, 0x6a,
	0x01, 0x00, 0x89, 0x8e, 0x6a, 0x01, 0xff, 0x1e, 0x19, 0xff, 0x70, 0x01, 0xd8, 0x90, 0x24, 0x8e,
	0x70, 0x01, 0xff, 0x1e, 0x19, 0xff, 0x6a, 0x01, 0xd1, 0x6a, 0x01, 0x00, 0x99, 0x8e, 0x6a, 0x01,
	0xff, 0x1e, 0x19, 0xff, 0x70, 0x01, 0xd8, 0x90, 0x24, 0x8e, 0x70, 0x01, 0xff, 0x1e, 0x19, 0xff,
	0x70, 0x01, 0xd8, 0x96, 0x24, 0x8c, 0x70, 0x01, 0xff, 0x1e, 0x19, 0xff, 0x1e, 0x19, 0xff, 0x1e,
	0x19, 0xff, 0x01, 0x00, 0xfb, 0x01, 0x00, 0x93, 0x1e, 0x19, 0xff, 0x1e, 0x19, 0xfe, 0xca, 0x26,
	0x8e, 0x26, 0x0f, 0xff, 0x1e, 0x19, 0xff, 0x6a, 0x01, 0xd1, 0x6a, 0x01, 0x00, 0x9a, 0x8e, 0x6a,
	0x01, 0xff, 0x1e, 0x19, 0xff, 0x70, 0x01, 0xd8, 0xca, 0x26, 0x8e, 0x70, 0x01, 0xff, 0x1e, 0x19,
	0xff, 0x6a, 0x01, 0xd1, 0x6a, 0x01, 0x00, 0x8b, 0x8e, 0x6a, 0x01, 0xff, 0x1e, 0x19, 0xff, 0x70,
	0x01, 0xd8, 0xca, 0x26, 0x8e, 0x70, 0x01, 0xff, 0x1e, 0x19, 0xff, 0x6a, 0x01, 0xd1, 0x6a, 0x01,
	0x00, 0x9b, 0x8e, 0x6a, 0x01, 0xff, 0x1e, 0x19, 0xff, 0x70, 0x01, 0xd8, 0xca, 0x26, 0xff, 0x1e,
	0x19, 0xff, 0xda, 0x02, 0xe2, 0x6a, 0x01, 0x00, 0x8c, 0xff, 0x1e, 0x19, 0xff, 0x1e, 0x19, 0xf3,
	0x90, 0x24, 0xff, 0x1e, 0x19, 0xff, 0xe4, 0x02, 0xe2, 0x6a, 0x01, 0x00, 0x9c, 0xff, 0x1e, 0x19,
	0xff, 0x1e, 0x19, 0xe9, 0x90, 0x24, 0xff, 0x1e, 0x19, 0xff, 0xda, 0x02, 0xe2, 0x6a, 0x01, 0x00,
	0x8d, 0xff, 0x1e, 0x19, 0xff, 0x1e, 0x19, 0xe9, 0x90, 0x24, 0xff, 0x1e, 0x19, 0xff, 0xda, 0x02,
	0xe2, 0x6a, 0x01, 0x00, 0x9d, 0xff, 0x1e, 0x19, 0xff, 0x1e, 0x19, 0xe9, 0x90, 0x24, 0x00, 0x8e,
	0xff, 0x1e, 0x19, 0xff, 0x1e, 0x19, 0xe8, 0x96, 0x24, 0x8c, 0x70, 0x01, 0xff, 0x1e, 0x19, 0xff,
	0x1e, 0x19, 0xff, 0x1e, 0x19, 0xff, 0x01, 0x00, 0xfb, 0x01, 0x00, 0x93, 0x1e, 0x19, 0xff, 0x1e,
	0x19, 0xfe, 0xca, 0x26, 0x8c, 0xae, 0x03, 0xff, 0x1e, 0x19, 0xff, 0x6a, 0x01, 0xd3, 0x6a, 0x01,
	0x00, 0x98, 0x8e, 0x6a, 0x01, 0xff, 0x1e, 0x19, 0xff, 0x70, 0x01, 0xd8, 0xca, 0x26, 0x8e, 0x70,
	0x01, 0xff, 0x1e, 0x19, 0xff, 0x6a, 0x01, 0xd1, 0x6a, 0x01, 0x00, 0x89, 0x8e, 0x6a, 0x01, 0xff,
	0x1e, 0x19, 0xff, 0x70, 0x01, 0xd8, 0xca, 0x26, 0x8e, 0x70, 0x01, 0xff, 0x1e, 0x19, 0xff, 0x6a,
	0x01, 0xd1, 0x6a, 0x01, 0x00, 0x99, 0x8e, 0x6a, 0x01, 0xff, 0x1e, 0x19, 0xff, 0x70, 0x01, 0xd8,
	0xca, 0x26, 0x8e, 0x70, 0x01, 0xff, 0x1e, 0x19, 0xff, 0x6a, 0x01, 0xd1, 0x6a, 0x01, 0x00, 0x8a,
	0x8e, 0x6a, 0x01, 0xff, 0x1e, 0x19, 0xff, 0x7a, 0x01, 0xe2, 0x90, 0x24, 0x8e, 0x90, 0x10, 0xff,
	0x1e, 0x19, 0xff, 0x6a, 0x01, 0xd1, 0x6a, 0x01, 0x00, 0x9a, 0x8e, 0x6a, 0x01, 0xff, 0x1e, 0x19,
	0xff, 0x70, 0x01, 0xd8, 0x90, 0x24, 0x8e, 0x70, 0x01, 0xff, 0x1e, 0x19, 0xff, 0x6a, 0x01, 0xd1,
	0x6a, 0x01, 0x00, 0x8b, 0x8e, 0x6a, 0x01, 0xff, 0x1e, 0x19, 0xff, 0x70, 0x01, 0xd8, 0x90, 0x24,
	0x8e, 0x70, 0x01, 0xff, 0x1e, 0x19, 0xff, 0x6a, 0x01, 0xd1, 0x6a, 0x01, 0x00, 0x9b, 0x8e, 0x6a,
	0x01, 0xff, 0x1e, 0x19, 0xff, 0x70, 0x01, 0xd8, 0x90, 0x24, 0xff, 0x1e, 0x19, 0xff, 0x1e, 0x19,
	0xe9, 0x96, 0x24, 0xff, 0x1e, 0x19, 0xff, 0x1e, 0x19, 0xff, 0x1e, 0x19, 0xff, 0x01, 0x00, 0xff,
	0x01, 0x00, 0x88, 0x01, 0x00, 0x93, 0x1e, 0x19, 0xff, 0x1e, 0x19, 0xfe, 0xca, 0x26, 0xff, 0x1e,
	0x19, 0xff, 0x18, 0x05, 0xe2, 0x6a, 0x01, 0x00, 0x9c, 0xff, 0x1e, 0x19, 0xff, 0x1e, 0x19, 0xe9,
	0xca, 0x26, 0xff, 0x1e, 0x19, 0xff, 0xda, 0x02, 0xe2, 0x6a, 0x01, 0x00, 0x8d, 0xff, 0x1e, 0x19,
	0xff, 0x1e, 0x19, 0xe9, 0xca, 0x26, 0xff, 0x1e, 0x19, 0xff, 0xda, 0x02, 0xe2, 0x6a, 0x01, 0x00,
	0x9d, 0xff, 0x1e, 0x19, 0xff, 0x1e, 0x19, 0xe9, 0xca, 0x26, 0x00, 0x8f, 0xff, 0x1e, 0x19, 0xff,
	0x6a, 0x01, 0xe2, 0xc4, 0x26, 0x8e, 0x6a, 0x01, 0xff, 0x1e, 0x19, 0xff, 0x7a, 0x01, 0xe2, 0x90,
	0x24, 0x8c, 0x7a, 0x01, 0xff, 0x1e, 0x19, 0xff, 0x6a, 0x01, 0xd3, 0x6a, 0x01, 0x00, 0x98, 0x8e,
	0x6a, 0x01, 0xff, 0x1e, 0x19, 0xff, 0x70, 0x01, 0xd8, 0x90, 0x24, 0x8e, 0x70, 0x01, 0xff, 0x1e,
	0x19, 0xff, 0x6a, 0x01, 0xd1, 0x6a, 0x01, 0x00, 0x89, 0x8e, 0x6a, 0x01, 0xff, 0x1e, 0x19, 0xff,
	0x70, 0x01, 0xd8, 0x90, 0x24, 0x8e, 0x70, 0x01, 0xff, 0x1e, 0x19, 0xff, 0x6a, 0x01, 0xd1, 0x6a,
	0x01, 0x00, 0x99, 0x8e, 0x6a, 0x01, 0xff, 0x1e, 0x19, 0xff, 0x70, 0x01, 0xd8, 0x90, 0x24, 0x8e,
	0x70, 0x01, 0xff, 0x1e, 0x19, 0xff, 0x70, 0x01, 0xd8, 0x96, 0x24, 0x8c, 0x70, 0x01, 0xff, 0x1e,
	0x19, 0xff, 0x1e, 0x19, 0xff, 0x1e, 0x19, 0xff, 0x01, 0x00, 0xfb, 0x01, 0x00, 0x93, 0x1e, 0x19,
	0xff, 0x1e, 0x19, 0xfe, 0xca, 0x26, 0x8e, 0x26, 0x0f, 0xff, 0x1e, 0x19, 0xff, 0x6a, 0x01, 0xd1,
	0x6a, 0x01, 0x00, 0x9a, 0x8e, 0x6a, 0x01, 0xff, 0x1e, 0x19, 0xff, 0x70, 0x01, 0xd8, 0xca, 0x26,
	0x8e, 0x70, 0x01, 0xff, 0x1e, 0x19, 0xff, 0x6a, 0x01, 0xd1, 0x6a, 0x01, 0x00, 0x8b, 0x8e, 0x6a,
	0x01, 0xff, 0x1e, 0x19, 0xff, 0x70, 0x01, 0xd8, 0xca, 0x26, 0x8e, 0x70, 0x01, 0xff, 0x1e, 0x19,
	0xff, 0x6a, 0x01, 0xd1, 0x6a, 0x01, 0x00, 0x9b, 0x8e, 0x6a, 0x01, 0xff, 0x1e, 0x19, 0xff, 0x70,
	0x01, 0xd8, 0xca, 0x26, 0xff, 0x1e, 0x19, 0xff, 0xda, 0x02, 0xe2, 0x6a, 0x01, 0x00, 0x8c, 0xff,
	0x1e, 0x19, 0xff, 0x1e, 0x19, 0xf3, 0x90, 0x24, 0xff, 0x1e, 0x19, 0xff, 0xe4, 0x02, 0xe2, 0x6a,
	0x01, 0x00, 0x9c, 0xff, 0x1e, 0x19, 0xff, 0x1e, 0x19, 0xe9, 0x90, 0x24, 0xff, 0x1e, 0x19, 0xff,
	0xda, 0x02, 0xe2, 0x6a, 0x01, 0x00, 0x8d, 0xff, 0x1e, 0x19, 0xff, 0x1e, 0x19, 0xe9, 0x90, 0x24,
	0xff, 0x1e, 0x19, 0xff, 0xda, 0x02, 0xe2, 0x6a, 0x01, 0x00, 0x9d, 0xff, 0x1e, 0x19, 0xff, 0x1e,
	0x19, 0xe9, 0x90, 0x24, 0x00, 0x90, 0xff, 0x1e, 0x19, 0xff, 0x1e, 0x19, 0xe8, 0x96, 0x24, 0x8c,
	0x70, 0x01, 0xff, 0x1e, 0x19, 0xff, 0x1e, 0x19, 0xff, 0x1e, 0x19, 0xff, 0x01, 0x00, 0xfb, 0x01,
	0x00, 0x93, 0x1e, 0x19, 0xff, 0x1e, 0x19, 0xfe, 0xca, 0x26, 0x8c, 0xae, 0x03, 0xff, 0x1e, 0x19,
	0xff, 0x6a, 0x01, 0xd3, 0x6a, 0x01, 0x00, 0x98, 0x8e, 0x6a, 0x01, 0xff, 0x1e, 0x19, 0xff, 0x70,
	0x01, 0xd8, 0xca, 0x26, 0x8e, 0x70, 0x01, 0xff, 0x1e, 0x19, 0xff, 0x6a, 0x01, 0xd1, 0x6a, 0x01,
	0x00, 0x89, 0x8e, 0x6a, 0x01, 0xff, 0x1e, 0x19, 0xff, 0x70, 0x01, 0xd8, 0xca, 0x26, 0x8e, 0x70,
	0x01, 0xff, 0x1e, 0x19, 0xff, 0x6a, 0x01, 0xd1, 0x6a, 0x01, 0x00, 0x99, 0x8e, 0x6a, 0x01, 0xff,
	0x1e, 0x19, 0xff, 0x70, 0x01, 0xd8, 0xca, 0x26, 0x8e, 0x70, 0x01, 0xff, 0x1e, 0x19, 0xff, 0x6a,
	0x01, 0xd1, 0x6a, 0x01, 0x00, 0x8a, 0x8e, 0x6a, 0x01, 0xff, 0x1e, 0x19, 0xff, 0x7a, 0x01, 0xe2,
	0x90, 0x24, 0x8e, 0x90, 0x10, 0xff, 0x1e, 0x19, 0xff, 0x6a, 0x01, 0xd1, 0x6a, 0x01, 0x00, 0x9a,
	0x8e, 0x6a, 0x01, 0xff, 0x1e, 0x19, 0xff, 0x70, 0x01, 0xd8, 0x90, 0x24, 0x8e, 0x70, 0x01, 0xff,
	0x1e, 0x19, 0xff, 0x6a, 0x01, 0xd1, 0x6a, 0x01, 0x00, 0x8b, 0x8e, 0x6a, 0x01, 0xff, 0x1e, 0x19,
	0xff, 0x70, 0x01, 0xd8, 0x90, 0x24, 0x8e, 0x70, 0x01, 0xff, 0x1e, 0x19, 0xff, 0x6a, 0x01, 0xd1,
	0x6a, 0x01, 0x00, 0x9b, 0x8e, 0x6a, 0x01, 0xff, 0x1e, 0x19, 0xff, 0x70, 0x01, 0xd8, 0x90, 0x24,
	0xff, 0x1e, 0x19, 0xff, 0x1e, 0x19, 0xe9, 0x96, 0x24, 0xff, 0x1e, 0x19, 0xff, 0x1e, 0x19, 0xff,
	0x1e, 0x19, 0xff, 0x01, 0x00, 0xff, 0x01, 0x00, 0x88, 0x01, 0x00, 0x93, 0x1e, 0x19, 0xff, 0x1e,
	0x19, 0xfe, 0xca, 0x26, 0xff, 0x1e, 0x19, 0xff, 0x18, 0x05, 0xe2, 0x6a, 0x01, 0x00, 0x9c, 0xff,
	0x1e, 0x19, 0xff, 0x1e, 0x19, 0xe9, 0xca, 0x26, 0xff, 0x1e, 0x19, 0xff, 0xda, 0x02, 0xe2, 0x6a,
	0x01, 0x00, 0x8d, 0xff, 0x1e, 0x19, 0xff, 0x1e, 0x19, 0xe9, 0xca, 0x26, 0xff, 0x1e, 0x19, 0xff,
	0xda, 0x02, 0xe2, 0x6a, 0x01, 0x00, 0x9d, 0xff, 0x1e, 0x19, 0xff, 0x1e, 0x19, 0xe9, 0xca, 0x26,
	0x00, 0x91, 0xff, 0x1e, 0x19, 0xff, 0x6a, 0x01, 0xe2, 0xc4, 0x26, 0x8e, 0x6a, 0x01, 0xff, 0x1e,
	0x19, 0xff, 0x7a, 0x01, 0xe2, 0x90, 0x24, 0x8c, 0x7a, 0x01, 0xff, 0x1e, 0x19, 0xff, 0x6a, 0x01,
	0xd3, 0x6a, 0x01, 0x00, 0x98, 0x8e, 0x6a, 0x01, 0xff, 0x1e, 0x19, 0xff, 0x70, 0x01, 0xd8, 0x90,
	0x24, 0x8e, 0x70, 0x01, 0xff, 0x1e, 0x19, 0xff, 0x6a, 0x01, 0xd1, 0x6a, 0x01, 0x00, 0x89, 0x8e,
	0x6a, 0x01, 0xff, 0x1e, 0x19, 0xff, 0x70, 0x01, 0xd8, 0x90, 0x24, 0x8e, 0x70, 0x01, 0xff, 0x1e,
	0x19, 0xff, 0x6a, 0x01, 0xd1, 0x6a, 0x01, 0x00, 0x99, 0x8e, 0x6a, 0x01, 0xff, 0x1e, 0x19, 0xff,
	0x70, 0x01, 0xd8, 0x90, 0x24, 0x8e, 0x70, 0x01, 0xff, 0x1e, 0x19, 0xff, 0x70, 0x01, 0xd8, 0x96,
	0x24, 0x8c, 0x70, 0x01, 0xff, 0x1e, 0x19, 0xff, 0x1e, 0x19, 0xff, 0x1e, 0x19, 0xff, 0x01, 0x00,
	0xfb, 0x01, 0x00, 0x93, 0x1e, 0x19, 0xff, 0x1e, 0x19, 0xfe, 0xca, 0x26, 0x8e, 0x26, 0x0f, 0xff,
	0x1e, 0x19, 0xff, 0x6a, 0x01, 0xd1, 0x6a, 0x01, 0x00, 0x9a, 0x8e, 0x6a, 0x01, 0xff, 0x1e, 0x19,
	0xff, 0x70, 0x01, 0xd8, 0xca, 0x26, 0x8e, 0x70, 0x01, 0xff, 0x1e, 0x19, 0xff, 0x6a, 0x01, 0xd1,
	0x6a, 0x01, 0x00, 0x8b, 0x8e, 0x6a, 0x01, 0xff, 0x1e, 0x19, 0xff, 0x70, 0x01, 0xd8, 0xca, 0x26,
	0x8e, 0x70, 0x01, 0xff, 0x1e, 0x19, 0xff, 0x6a, 0x01, 0xd1, 0x6a, 0x01, 0x00, 0x9b, 0x8e, 0x6a,
	0x01, 0xff, 0x1e, 0x19, 0xff, 0x70, 0x01, 0xd8, 0xca, 0x26, 0xff, 0x1e, 0x19, 0xff, 0xda, 0x02,
	0xe2, 0x6a, 0x01, 0x00, 0x8c, 0xff, 0x1e, 0x19, 0xff, 0x1e, 0x19, 0xf3, 0x90, 0x24, 0xff, 0x1e,
	0x19, 0xff, 0xe4, 0x02, 0xe2, 0x6a, 0x01, 0x00, 0x9c, 0xff, 0x1e, 0x19, 0xff, 0x1e, 0x19, 0xe9,
	0x90, 0x24, 0xff, 0x1e, 0x19, 0xff, 0xda, 0x02, 0xe2, 0x6a, 0x01, 0x00, 0x8d, 0xff, 0x1e, 0x19,
	0xff, 0x1e, 0x19, 0xe9, 0x90, 0x24, 0xff, 0x1e, 0x19, 0xff, 0xda, 0x02, 0xe2, 0x6a, 0x01, 0x00,
	0x9d, 0xff, 0x1e, 0x19, 0xff, 0x1e, 0x19, 0xe9, 0x90, 0x24, 0x00, 0x92, 0xff, 0x1e, 0x19, 0xff,
	0x1e, 0x19, 0xe8, 0x96, 0x24, 0x8c, 0x70, 0x01, 0xff, 0x1e, 0x19, 0xff, 0x1e, 0x19, 0xff, 0x1e,
	0x19, 0xff, 0x01, 0x00, 0xfb, 0x01, 0x00, 0x93, 0x1e, 0x19, 0xff, 0x1e, 0x19, 0xfe, 0xca, 0x26,
	0x8c, 0xae, 0x03, 0xff, 0x1e, 0x19, 0xff, 0x6a, 0x01, 0xd3, 0x6a, 0x01, 0x00, 0x98, 0x8e, 0x6a,
	0x01, 0xff, 0x1e, 0x19, 0xff, 0x70, 0x01, 0xd8, 0xca, 0x26, 0x8e, 0x70, 0x01, 0xff, 0x1e, 0x19,
	0xff, 0x6a, 0x01, 0xd1, 0x6a, 0x01, 0x00, 0x89, 0x8e, 0x6a, 0x01, 0xff, 0x1e, 0x19, 0xff, 0x70,
	0x01, 0xd8, 0xca, 0x26, 0x8e, 0x70, 0x01, 0xff, 0x1e, 0x19, 0xff, 0x6a, 0x01, 0xd1, 0x6a, 0x01,
	0x00, 0x99, 0x8e, 0x6a, 0x01, 0xff, 0x1e, 0x19, 0xff, 0x70, 0x01, 0xd8, 0xca, 0x26, 0x8e, 0x70,
	0x01, 0xff, 0x1e, 0x19, 0xff, 0x6a, 0x01, 0xd1, 0x6a, 0x01, 0x00, 0x8a, 0x8e, 0x6a, 0x01, 0xff,
	0x1e, 0x19, 0xff, 0x7a, 0x01, 0xe2, 0x90, 0x24, 0x8e, 0x90, 0x10, 0xff, 0x1e, 0x19, 0xff, 0x6a,
	0x01, 0xd1, 0x6a, 0x01, 0x00, 0x9a, 0x8e, 0x6a, 0x01, 0xff, 0x1e, 0x19, 0xff, 0x70, 0x01, 0xd8,
	0x90, 0x24, 0x8e, 0x70, 0x01, 0xff, 0x1e, 0x19, 0xff, 0x6a, 0x01, 0xd1, 0x6a, 0x01, 0x00, 0x8b,
	0x8e, 0x6a, 0x01, 0xff, 0x1e, 0x19, 0xff, 0x70, 0x01, 0xd8, 0x90, 0x24, 0x8e, 0x70, 0x01, 0xff,
	0x1e, 0x19, 0xff, 0x6a, 0x01, 0xd1, 0x6a, 0x01, 0x00, 0x9b, 0x8e, 0x6a, 0x01, 0xff, 0x1e, 0x19,
	0xff, 0x70, 0x01, 0xd8, 0x90, 0x24, 0xff, 0x1e, 0x19, 0xff, 0x1e, 0x19, 0xe9, 0x96, 0x24, 0xff,
	0x1e, 0x19, 0xff, 0x1e, 0x19, 0xff, 0x1e, 0x19, 0xff, 0x01, 0x00, 0xff, 0x01, 0x00, 0x88, 0x01,
	0x00, 0x93, 0x1e, 0x19, 0xff, 0x1e, 0x19, 0xfe, 0xca, 0x26, 0xff, 0x1e, 0x19, 0xff, 0x18, 0x05,
	0xe2, 0x6a, 0x01, 0x00, 0x9c, 0xff, 0x1e, 0x19, 0xff, 0x1e, 0x19, 0xe9, 0xca, 0x26, 0xff, 0x1e,
	0x19, 0xff, 0xda, 0x02, 0xe2, 0x6a, 0x01, 0x00, 0x8d, 0xff, 0x1e, 0x19, 0xff, 0x1e, 0x19, 0xe9,
	0xca, 0x26, 0xff, 0x1e, 0x19, 0xff, 0xda, 0x02, 0xe2, 0x6a, 0x01, 0x00, 0x9d, 0xff, 0x1e, 0x19,
	0xff, 0x1e, 0x19, 0xe9, 0xca, 0x26, 0x00, 0x93, 0xff, 0x1e, 0x19, 0xff, 0x6a, 0x01, 0xe2, 0xc4,
	0x26, 0x8e, 0x6a, 0x01, 0xff, 0x1e, 0x19, 0xff, 0x7a, 0x01, 0xe2, 0x90, 0x24, 0x8c, 0x7a, 0x01,
	0xff, 0x1e, 0x19, 0xff, 0x6a, 0x01, 0xd3, 0x6a, 0x01, 0x00, 0x98, 0x8e, 0x6a, 0x01, 0xff, 0x1e,
	0x19, 0xff, 0x70, 0x01, 0xd8, 0x90, 0x24, 0x8e, 0x70, 0x01, 0xff, 0x1e, 0x19, 0xff, 0x6a, 0x01,
	0xd1, 0x6a, 0x01, 0x00, 0x89, 0x8e, 0x6a, 0x01, 0xff, 0x1e, 0x19, 0xff, 0x70, 0x01, 0xd8, 0x90,
	0x24, 0x8e, 0x70, 0x01, 0xff, 0x1e, 0x19, 0xff, 0x6a, 0x01, 0xd1, 0x6a, 0x01, 0x00, 0x99, 0x8e,
	0x6a, 0x01, 0xff, 0x1e, 0x19, 0xff, 0x70, 0x01, 0xd8, 0x90, 0x24, 0x8e, 0x70, 0x01, 0xff, 0x1e,
	0x19, 0xff, 0x70, 0x01, 0xd8, 0x96, 0x24, 0x8c, 0x70, 0x01, 0xff, 0x1e, 0x19, 0xff, 0x1e, 0x19,
	0xff, 0x1e, 0x19, 0xff, 0x01, 0x00, 0xfb, 0x01, 0x00, 0x93, 0x1e, 0x19, 0xff, 0x1e, 0x19, 0xfe,
	0xca, 0x26, 0x8e, 0x26, 0x0f, 0xff, 0x1e, 0x19, 0xff, 0x6a, 0x01, 0xd1, 0x6a, 0x01, 0x00, 0x9a,
	0x8e, 0x6a, 0x01, 0xff, 0x1e, 0x19, 0xff, 0x70, 0x01, 0xd8, 0xca, 0x26, 0x8e, 0x70, 0x01, 0xff,
	0x1e, 0x19, 0xff, 0x6a, 0x01, 0xd1, 0x6a, 0x01, 0x00, 0x8b, 0x8e, 0x6a, 0x01, 0xff, 0x1e, 0x19,
	0xff, 0x70, 0x01, 0xd8, 0xca, 0x26, 0x8e, 0x70, 0x01, 0xff, 0x1e, 0x19, 0xff, 0x6a, 0x01, 0xd1,
	0x6a, 0x01, 0x00, 0x9b, 0x8e, 0x6a, 0x01, 0xff, 0x1e, 0x19, 0xff, 0x70, 0x01, 0xd8, 0xca, 0x26,
	0xff, 0x1e, 0x19, 0xff, 0xda, 0x02, 0xe2, 0x6a, 0x01, 0x00, 0x8c, 0xff, 0x1e, 0x19, 0xff, 0x1e,
	0x19, 0xf3, 0x90, 0x24, 0xff, 0x1e, 0x19, 0xff, 0xe4, 0x02, 0xe2, 0x6a, 0x01, 0x00, 0x9c, 0xff,
	0x1e, 0x19, 0xff, 0x1e, 0x19, 0xe9, 0x90, 0x24, 0xff, 0x1e, 0x19, 0xff, 0xda, 0x02, 0xe2, 0x6a,
	0x01, 0x00, 0x8d, 0xff, 0x1e, 0x19, 0xff, 0x1e, 0x19, 0xe9, 0x90, 0x24, 0xff, 0x1e, 0x19, 0xff,
	0xda, 0x02, 0xe2, 0x6a, 0x01, 0x00, 0x9d, 0xff, 0x1e, 0x19, 0xff, 0x1e, 0x19, 0xe9, 0x90, 0x24,
	0x00, 0x94, 0xff, 0x1e, 0x19, 0xff, 0x1e, 0x19, 0xe8, 0x96, 0x24, 0x8c, 0x70, 0x01, 0xff, 0x1e,
	0x19, 0xff, 0x1e, 0x19, 0xff, 0x1e, 0x19, 0xff, 0x01, 0x00, 0xfb, 0x01, 0x00, 0x93, 0x1e, 0x19,
	0xff, 0x1e, 0x19, 0xfe, 0xca, 0x26, 0x8c, 0xae, 0x03, 0xff, 0x1e, 0x19, 0xff, 0x6a, 0x01, 0xd3,
	0x6a, 0x01, 0x00, 0x98, 0x8e, 0x6a, 0x01, 0xff, 0x1e, 0x19, 0xff, 0x70, 0x01, 0xd8, 0xca, 0x26,
	0x8e, 0x70, 0x01, 0xff, 0x1e, 0x19, 0xff, 0x6a, 0x01, 0xd1, 0x6a, 0x01, 0x00, 0x89, 0x8e, 0x6a,
	0x01, 0xff, 0x1e, 0x19, 0xff, 0x70, 0x01, 0xd8, 0xca, 0x26, 0x8e, 0x70, 0x01, 0xff, 0x1e, 0x19,
	0xff, 0x6a, 0x01, 0xd1, 0x6a, 0x01, 0x00, 0x99, 0x8e, 0x6a, 0x01, 0xff, 0x1e, 0x19, 0xff, 0x70,
	0x01, 0xd8, 0xca, 0x26, 0x8e, 0x70, 0x01, 0xff, 0x1e, 0x19, 0xff, 0x6a, 0x01, 0xd1, 0x6a, 0x01,
	0x00, 0x8a, 0x8e, 0x6a, 0x01, 0xff, 0x1e, 0x19, 0xff, 0x7a, 0x01, 0xe2, 0x90, 0x24, 0x8e, 0x90,
	0x10, 0xff, 0x1e, 0x19, 0xff, 0x6a, 0x01, 0xd1, 0x6a, 0x01, 0x00, 0x9a, 0x8e, 0x6a, 0x01, 0xff,
	0x1e, 0x19, 0xff, 0x70, 0x01, 0xd8, 0x90, 0x24, 0x8e, 0x70, 0x01, 0xff, 0x1e, 0x19, 0xff, 0x6a,
	0x01, 0xd1, 0x6a, 0x01, 0x00, 0x8b, 0x8e, 0x6a, 0x01, 0xff, 0x1e, 0x19, 0xff, 0x70, 0x01, 0xd8,
	0x90, 0x24, 0x8e, 0x70, 0x01, 0xff, 0x1e, 0x19, 0xff, 0x6a, 0x01, 0xd1, 0x6a, 0x01, 0x00, 0x9b,
	0x8e, 0x6a, 0x01, 0xff, 0x1e, 0x19, 0xff, 0x70, 0x01, 0xd8, 0x90, 0x24, 0xff, 0x1e, 0x19, 0xff,
	0x1e, 0x19, 0xe9, 0x96, 0x24, 0xff, 0x1e, 0x19, 0xff, 0x1e, 0x19, 0xff, 0x1e, 0x19, 0xff, 0x01,
	0x00, 0xff, 0x01, 0x00, 0x88, 0x01, 0x00, 0x93, 0x1e, 0x19, 0xff, 0x1e, 0x19, 0xfe, 0xca, 0x26,
	0xff, 0x1e, 0x19, 0xff, 0x18, 0x05, 0xe2, 0x6a, 0x01, 0x00, 0x9c, 0xff, 0x1e, 0x19, 0xff, 0x1e,
	0x19, 0xe9, 0xca, 0x26, 0xff, 0x1e, 0x19, 0xff, 0xda, 0x02, 0xe2, 0x6a, 0x01, 0x00, 0x8d, 0xff,
	0x1e, 0x19, 0xff, 0x1e, 0x19, 0xe9, 0xca, 0x26, 0xff, 0x1e, 0x19, 0xff, 0xda, 0x02, 0xe2, 0x6a,
	0x01, 0x00, 0x9d, 0xff, 0x1e, 0x19, 0xff, 0x1e, 0x19, 0xe9, 0xca, 0x26, 0x00, 0x95, 0xff, 0x1e,
	0x19, 0xff, 0x6a, 0x01, 0xe2, 0xc4, 0x26, 0x8e, 0x6a, 0x01, 0xff, 0x1e, 0x19, 0xff, 0x7a, 0x01,
	0xe2, 0x90, 0x24, 0x8c, 0x7a, 0x01, 0xff, 0x1e, 0x19, 0xff, 0x6a, 0x01, 0xd3, 0x6a, 0x01, 0x00,
	0x98, 0x8e, 0x6a, 0x01, 0xff, 0x1e, 0x19, 0xff, 0x70, 0x01, 0xd8, 0x90, 0x24, 0x8e, 0x70, 0x01,
	0xff, 0x1e, 0x19, 0xff, 0x6a, 0x01, 0xd1, 0x6a, 0x01, 0x00, 0x89, 0x8e, 0x6a, 0x01, 0xff, 0x1e,
	0x19, 0xff, 0x70, 0x01, 0xd8, 0x90, 0x24, 0x8e, 0x70, 0x01, 0xff, 0x1e, 0x19, 0xff, 0x6a, 0x01,
	0xd1, 0x6a, 0x01, 0x00, 0x99, 0x8e, 0x6a, 0x01, 0xff, 0x1e, 0x19, 0xff, 0x70, 0x01, 0xd8, 0x90,
	0x24, 0x8e, 0x70, 0x01, 0xff, 0x1e, 0x19, 0xff, 0x70, 0x01, 0xd8, 0x96, 0x24, 0x8c, 0x70, 0x01,
	0xff, 0x1e, 0x19, 0xff, 0x1e, 0x19, 0xff, 0x1e, 0x19, 0xff, 0x01, 0x00, 0xfb, 0x01, 0x00, 0x93,
	0x1e, 0x19, 0xff, 0x1e, 0x19, 0xfe, 0xca, 0x26, 0x8e, 0x26, 0x0f, 0xff, 0x1e, 0x19, 0xff, 0x6a,
	0x01, 0xd1, 0x6a, 0x01, 0x00, 0x9a, 0x8e, 0x6a, 0x01, 0xff, 0x1e, 0x19, 0xff, 0x70, 0x01, 0xd8,
	0xca, 0x26, 0x8e, 0x70, 0x01, 0xff, 0x1e, 0x19, 0xff, 0x6a, 0x01, 0xd1, 0x6a, 0x01, 0x00, 0x8b,
	0x8e, 0x6a, 0x01, 0xff, 0x1e, 0x19, 0xff, 0x70, 0x01, 0xd8, 0xca, 0x26, 0x8e, 0x70, 0x01, 0xff,
	0x1e, 0x19, 0xff, 0x6a, 0x01, 0xd1, 0x6a, 0x01, 0x00, 0x9b, 0x8e, 0x6a, 0x01, 0xff, 0x1e, 0x19,
	0xff, 0x70, 0x01, 0xd8, 0xca, 0x26, 0xff, 0x1e, 0x19, 0xff, 0xda, 0x02, 0xe2, 0x6a, 0x01, 0x00,
	0x8c, 0xff, 0x1e, 0x19, 0xff, 0x1e, 0x19, 0xf3, 0x90, 0x24, 0xff, 0x1e, 0x19, 0xff, 0xe4, 0x02,
	0xe2, 0x6a, 0x01, 0x00, 0x9c, 0xff, 0x1e, 0x19, 0xff, 0x1e, 0x19, 0xe9, 0x90, 0x24, 0xff, 0x1e,
	0x19, 0xff, 0xda, 0x02, 0xe2, 0x6a, 0x01, 0x00, 0x8d, 0xff, 0x1e, 0x19, 0xff, 0x1e, 0x19, 0xe9,
	0x90, 0x24, 0xff, 0x1e, 0x19, 0xff, 0xda, 0x02, 0xe2, 0x6a, 0x01, 0x00, 0x9d, 0xff, 0x1e, 0x19,
	0xff, 0x1e, 0x19, 0xe9, 0x90, 0x24, 0x00, 0x96, 0xff, 0x1e, 0x19, 0xff, 0x1e, 0x19, 0xe8, 0x96,
	0x24, 0x8c, 0x70, 0x01, 0xff, 0x1e, 0x19, 0xff, 0x1e, 0x19, 0xff, 0x1e, 0x19, 0xff, 0x01, 0x00,
	0xfb, 0x01, 0x00, 0x93, 0x1e, 0x19, 0xff, 0x1e, 0x19, 0xfe, 0xca, 0x26, 0x8c, 0xae, 0x03, 0xff,
	0x1e, 0x19, 0xff, 0x6a, 0x01, 0xd3, 0x6a, 0x01, 0x00, 0x98, 0x8e, 0x6a, 0x01, 0xff, 0x1e, 0x19,
	0xff, 0x70, 0x01, 0xd8, 0xca, 0x26, 0x8e, 0x70, 0x01, 0xff, 0x1e, 0x19, 0xff, 0x6a, 0x01, 0xd1,
	0x6a, 0x01, 0x00, 0x89, 0x8e, 0x6a, 0x01, 0xff, 0x1e, 0x19, 0xff, 0x70, 0x01, 0xd8, 0xca, 0x26,
	0x8e, 0x70, 0x01, 0xff, 0x1e, 0x19, 0xff, 0x6a, 0x01, 0xd1, 0x6a, 0x01, 0x00, 0x99, 0x8e, 0x6a,
	0x01, 0xff, 0x1e, 0x19, 0xff, 0x70, 0x01, 0xd8, 0xca, 0x26, 0x8e, 0x70, 0x01, 0xff, 0x1e, 0x19,
	0xff, 0x6a, 0x01, 0xd1, 0x6a, 0x01, 0x00, 0x8a, 0x8e, 0x6a, 0x01, 0xff, 0x1e, 0x19, 0xff, 0x7a,
	0x01, 0xe2, 0x90, 0x24, 0x8e, 0x90, 0x10, 0xff, 0x1e, 0x19, 0xff, 0x6a, 0x01, 0xd1, 0x6a, 0x01,
	0x00, 0x9a, 0x8e, 0x6a, 0x01, 0xff, 0x1e, 0x19, 0xff, 0x70, 0x01, 0xd8, 0x90, 0x24, 0x8e, 0x70,
	0x01, 0xff, 0x1e, 0x19, 0xff, 0x6a, 0x01, 0xd1, 0x6a, 0x01, 0x00, 0x8b, 0x8e, 0x6a, 0x01, 0xff,
	0x1e, 0x19, 0xff, 0x70, 0x01, 0xd8, 0x90, 0x24, 0x8e, 0x70, 0x01, 0xff, 0x1e, 0x19, 0xff, 0x6a,
	0x01, 0xd1, 0x6a, 0x01, 0x00, 0x9b, 0x8e, 0x6a, 0x01, 0xff, 0x1e, 0x19, 0xff, 0x70, 0x01, 0xd8,
	0x90, 0x24, 0xff, 0x1e, 0x19, 0xff, 0x1e, 0x19, 0xe9, 0x96, 0x24, 0xff, 0x1e, 0x19, 0xff, 0x1e,
	0x19, 0xff, 0x1e, 0x19, 0xff, 0x01, 0x00, 0xff, 0x01, 0x00, 0x88, 0x01, 0x00, 0x93, 0x1e, 0x19,
	0xff, 0x1e, 0x19, 0xfe, 0xca, 0x26, 0xff, 0x1e, 0x19, 0xff, 0x18, 0x05, 0xe2, 0x6a, 0x01, 0x00,
	0x9c, 0xff, 0x1e, 0x19, 0xff, 0x1e, 0x19, 0xe9, 0xca, 0x26, 0xff, 0x1e, 0x19, 0xff, 0xda, 0x02,
	0xe2, 0x6a, 0x01, 0x00, 0x8d, 0xff, 0x1e, 0x19, 0xff, 0x1e, 0x19, 0xe9, 0xca, 0x26, 0xff, 0x1e,
	0x19, 0xff, 0xda, 0x02, 0xe2, 0x6a, 0x01, 0x00, 0x9d, 0xff, 0x1e, 0x19, 0xff, 0x1e, 0x19, 0xe9,
	0xca, 0x26, 0x00, 0x97, 0xff, 0x1e, 0x19, 0xff, 0x6a, 0x01, 0xe2, 0xc4, 0x26, 0x8e, 0x6a, 0x01,
	0xff, 0x1e, 0x19, 0xff, 0x7a, 0x01, 0xe2, 0x90, 0x24, 0x8c, 0x7a, 0x01, 0xff, 0x1e, 0x19, 0xff,
	0x6a, 0x01, 0xd3, 0x6a, 0x01, 0x00, 0x98, 0x8e, 0x6a, 0x01, 0xff, 0x1e, 0x19, 0xff, 0x70, 0x01,
	0xd8, 0x90, 0x24, 0x8e, 0x70, 0x01, 0xff, 0x1e, 0x19, 0xff, 0x6a, 0x01, 0xd1, 0x6a, 0x01, 0x00,
	0x89, 0x8e, 0x6a, 0x01, 0xff, 0x1e, 0x19, 0xff, 0x70, 0x01, 0xd8, 0x90, 0x24, 0x8e, 0x70, 0x01,
	0xff, 0x1e, 0x19, 0xff, 0x6a, 0x01, 0xd1, 0x6a, 0x01, 0x00, 0x99, 0x8e, 0x6a, 0x01, 0xff, 0x1e,
	0x19, 0xff, 0x70, 0x01, 0xd8, 0x90, 0x24, 0x8e, 0x70, 0x01, 0xff, 0x1e, 0x19, 0xff, 0x70, 0x01,
	0xd8, 0x96, 0x24, 0x8c, 0x70, 0x01, 0xff, 0x1e, 0x19, 0xff, 0x1e, 0x19, 0xff, 0x1e, 0x19, 0xff,
	0x01, 0x00, 0xfb, 0x01, 0x00, 0x93, 0x1e, 0x19, 0xff, 0x1e, 0x19, 0xfe, 0xca, 0x26, 0x8e, 0x26,
	0x0f, 0xff, 0x1e, 0x19, 0xff, 0x6a, 0x01, 0xd1, 0x6a, 0x01, 0x00, 0x9a, 0x8e, 0x6a, 0x01, 0xff,
	0x1e, 0x19, 0xff, 0x70, 0x01, 0xd8, 0xca, 0x26, 0x8e, 0x70, 0x01, 0xff, 0x1e, 0x19, 0xff, 0x6a,
	0x01, 0xd1, 0x6a, 0x01, 0x00, 0x8b, 0x8e, 0x6a, 0x01, 0xff, 0x1e, 0x19, 0xff, 0x70, 0x01, 0xd8,
	0xca, 0x26, 0x8e, 0x70, 0x01, 0xff, 0x1e, 0x19, 0xff, 0x6a, 0x01, 0xd1, 0x6a, 0x01, 0x00, 0x9b,
	0x8e, 0x6a, 0x01, 0xff, 0x1e, 0x19, 0xff, 0x70, 0x01, 0xd8, 0xca, 0x26, 0xff, 0x1e, 0x19, 0xff,
	0xda, 0x02, 0xe2, 0x6a, 0x01, 0x00, 0x8c, 0xff, 0x1e, 0x19, 0xff, 0x1e, 0x19, 0xf3, 0x90, 0x24,
	0xff, 0x1e, 0x19, 0xff, 0xe4, 0x02, 0xe2, 0x6a, 0x01, 0x00, 0x9c, 0xff, 0x1e, 0x19, 0xff, 0x1e,
	0x19, 0xe9, 0x90, 0x24, 0xff, 0x1e, 0x19, 0xff, 0xda, 0x02, 0xe2, 0x6a, 0x01, 0x00, 0x8d, 0xff,
	0x1e, 0x19, 0xff, 0x1e, 0x19, 0xe9, 0x90, 0x24, 0xff, 0x1e, 0x19, 0xff, 0xda, 0x02, 0xe2, 0x6a,
	0x01, 0x00, 0x9d, 0xff, 0x1e, 0x19, 0xff, 0x1e, 0x19, 0xe9, 0x90, 0x24, 0x00, 0x98, 0xff, 0x1e,
	0x19, 0xff, 0x1e, 0x19, 0xe8, 0x96, 0x24, 0x8c, 0x70, 0x01, 0xff, 0x1e, 0x19, 0xff, 0x1e, 0x19,
	0xff, 0x1e, 0x19, 0xff, 0x01, 0x00, 0xfb, 0x01, 0x00, 0x93, 0x1e, 0x19, 0xff, 0x1e, 0x19, 0xfe,
	0xca, 0x26, 0x8c, 0xae, 0x03, 0xff, 0x1e, 0x19, 0xff, 0x6a, 0x01, 0xd3, 0x6a, 0x01, 0x00, 0x98,
	0x8e, 0x6a, 0x01, 0xff, 0x1e, 0x19, 0xff, 0x70, 0x01, 0xd8, 0xca, 0x26, 0x8e, 0x70, 0x01, 0xff,
	0x1e, 0x19, 0xff, 0x6a, 0x01, 0xd1, 0x6a, 0x01, 0x00, 0x89, 0x8e, 0x6a, 0x01, 0xff, 0x1e, 0x19,
	0xff, 0x70, 0x01, 0xd8, 0xca, 0x26, 0x8e, 0x70, 0x01, 0xff, 0x1e, 0x19, 0xff, 0x6a, 0x01, 0xd1,
	0x6a, 0x01, 0x00, 0x99, 0x8e, 0x6a, 0x01, 0xff, 0x1e, 0x19, 0xff, 0x70, 0x01, 0xd8, 0xca, 0x26,
	0x8e, 0x70, 0x01, 0xff, 0x1e, 0x19, 0xff, 0x6a, 0x01, 0xd1, 0x6a, 0x01, 0x00, 0x8a, 0x8e, 0x6a,
	0x01, 0xff, 0x1e, 0x19, 0xff, 0x7a, 0x01, 0xe2, 0x90, 0x24, 0x8e, 0x90, 0x10, 0xff, 0x1e, 0x19,
	0xff, 0x6a, 0x01, 0xd1, 0x6a, 0x01, 0x00, 0x9a, 0x8e, 0x6a, 0x01, 0xff, 0x1e, 0x19, 0xff, 0x70,
	0x01, 0xd8, 0x90, 0x24, 0x8e, 0x70, 0x01, 0xff, 0x1e, 0x19, 0xff, 0x6a, 0x01, 0xd1, 0x6a, 0x01,
	0x00, 0x8b, 0x8e, 0x6a, 0x01, 0xff, 0x1e, 0x19, 0xff, 0x70, 0x01, 0xd8, 0x90, 0x24, 0x8e, 0x70,
	0x01, 0xff, 0x1e, 0x19, 0xff, 0x6a, 0x01, 0xd1, 0x6a, 0x01, 0x00, 0x9b, 0x8e, 0x6a, 0x01, 0xff,
	0x1e, 0x19, 0xff, 0x70, 0x01, 0xd8, 0x90, 0x24, 0xff, 0x1e, 0x19, 0xff, 0x1e, 0x19, 0xe9, 0x96,
	0x24, 0xff, 0x1e, 0x19, 0xff, 0x1e, 0x19, 0xff, 0x1e, 0x19, 0xff, 0x01, 0x00, 0xff, 0x01, 0x00,
	0x88, 0x01, 0x00, 0x93, 0x1e, 0x19, 0xff, 0x1e, 0x19, 0xfe, 0xca, 0x26, 0xff, 0x1e, 0x19, 0xff,
	0x18, 0x05, 0xe2, 0x6a, 0x01, 0x00, 0x9c, 0xff, 0x1e, 0x19, 0xff, 0x1e, 0x19, 0xe9, 0xca, 0x26,
	0xff, 0x1e, 0x19, 0xff, 0xda, 0x02, 0xe2, 0x6a, 0x01, 0x00, 0x8d, 0xff, 0x1e, 0x19, 0xff, 0x1e,
	0x19, 0xe9, 0xca, 0x26, 0xff, 0x1e, 0x19, 0xff, 0xda, 0x02, 0xe2, 0x6a, 0x01, 0x00, 0x9d, 0xff,
	0x1e, 0x19, 0xff, 0x1e, 0x19, 0xe9, 0xca, 0x26, 0x00, 0x99, 0xff, 0x1e, 0x19, 0xff, 0x6a, 0x01,
	0xe2, 0xc4, 0x26, 0x8e, 0x6a, 0x01, 0xff, 0x1e, 0x19, 0xff, 0x7a, 0x01, 0xe2, 0x90, 0x24, 0x8c,
	0x7a, 0x01, 0xff, 0x1e, 0x19, 0xff, 0x6a, 0x01, 0xd3, 0x6a, 0x01, 0x00, 0x98, 0x8e, 0x6a, 0x01,
	0xff, 0x1e, 0x19, 0xff, 0x70, 0x01, 0xd8, 0x90, 0x24, 0x8e, 0x70, 0x01, 0xff, 0x1e, 0x19, 0xff,
	0x6a, 0x01, 0xd1, 0x6a, 0x01, 0x00, 0x89, 0x8e, 0x6a, 0x01, 0xff, 0x1e, 0x19, 0xff, 0x70, 0x01,
	0xd8, 0x90, 0x24, 0x8e, 0x70, 0x01, 0xff, 0x1e, 0x19, 0xff, 0x6a, 0x01, 0xd1, 0x6a, 0x01, 0x00,
	0x99, 0x8e, 0x6a, 0x01, 0xff, 0x1e, 0x19, 0xff, 0x70, 0x01, 0xd8, 0x90, 0x24, 0x8e, 0x70, 0x01,
	0xff, 0x1e, 0x19, 0xff, 0x70, 0x01, 0xd8, 0x96, 0x24, 0x8c, 0x70, 0x01, 0xff, 0x1e, 0x19, 0xff,
	0x1e, 0x19, 0xff, 0x1e, 0x19, 0xff, 0x01, 0x00, 0xfb, 0x01, 0x00, 0x93, 0x1e, 0x19, 0xff, 0x1e,
	0x19, 0xfe, 0xca, 0x26, 0x8e, 0x26, 0x0f, 0xff, 0x1e, 0x19, 0xff, 0x6a, 0x01, 0xd1, 0x6a, 0x01,
	0x00, 0x9a, 0x8e, 0x6a, 0x01, 0xff, 0x1e, 0x19, 0xff, 0x70, 0x01, 0xd8, 0xca, 0x26, 0x8e, 0x70,
	0x01, 0xff, 0x1e, 0x19, 0xff, 0x6a, 0x01, 0xd1, 0x6a, 0x01, 0x00, 0x8b, 0x8e, 0x6a, 0x01, 0xff,
	0x1e, 0x19, 0xff, 0x70, 0x01, 0xd8, 0xca, 0x26, 0x8e, 0x70, 0x01, 0xff, 0x1e, 0x19, 0xff, 0x6a,
	0x01, 0xd1, 0x6a, 0x01, 0x00, 0x9b, 0x8e, 0x6a, 0x01, 0xff, 0x1e, 0x19, 0xff, 0x70, 0x01, 0xd8,
	0xca, 0x26, 0xff, 0x1e, 0x19, 0xff, 0xda, 0x02, 0xe2, 0x6a, 0x01, 0x00, 0x8c, 0xff, 0x1e, 0x19,
	0xff, 0x1e, 0x19, 0xf3, 0x90, 0x24, 0xff, 0x1e, 0x19, 0xff, 0xe4, 0x02, 0xe2, 0x6a, 0x01, 0x00,
	0x9c, 0xff, 0x1e, 0x19, 0xff, 0x1e, 0x19, 0xe9, 0x90, 0x24, 0xff, 0x1e, 0x19, 0xff, 0xda, 0x02,
	0xe2, 0x6a, 0x01, 0x00, 0x8d, 0xff, 0x1e, 0x19, 0xff, 0x1e, 0x19, 0xe9, 0x90, 0x24, 0xff, 0x1e,
	0x19, 0xff, 0xda, 0x02, 0xe2, 0x6a, 0x01, 0x00, 0x9d, 0xff, 0x1e, 0x19, 0xff, 0x1e, 0x19, 0xe9,
	0x90, 0x24, 0x00, 0x9a, 0xff, 0x1e, 0x19, 0xff, 0x1e, 0x19, 0xe8, 0x96, 0x24, 0x8c, 0x70, 0x01,
	0xff, 0x1e, 0x19, 0xff, 0x1e, 0x19, 0xff, 0x1e, 0x19, 0xff, 0x01, 0x00, 0xfb, 0x01, 0x00, 0x93,
	0x1e, 0x19, 0xff, 0x1e, 0x19, 0xfe, 0xca, 0x26, 0x8c, 0xae, 0x03, 0xff, 0x1e, 0x19, 0xff, 0x6a,
	0x01, 0xd3, 0x6a, 0x01, 0x00, 0x98, 0x8e, 0x6a, 0x01, 0xff, 0x1e, 0x19, 0xff, 0x70, 0x01, 0xd8,
	0xca, 0x26, 0x8e, 0x70, 0x01, 0xff, 0x1e, 0x19, 0xff, 0x6a, 0x01, 0xd1, 0x6a, 0x01, 0x00, 0x89,
	0x8e, 0x6a, 0x01, 0xff, 0x1e, 0x19, 0xff, 0x70, 0x01, 0xd8, 0xca, 0x26, 0x8e, 0x70, 0x01, 0xff,
	0x1e, 0x19, 0xff, 0x6a, 0x01, 0xd1, 0x6a, 0x01, 0x00, 0x99, 0x8e, 0x6a, 0x01, 0xff, 0x1e, 0x19,
	0xff, 0x70, 0x01, 0xd8, 0xca, 0x26, 0x8e, 0x70, 0x01, 0xff, 0x1e, 0x19, 0xff, 0x6a, 0x01, 0xd1,
	0x6a, 0x01, 0x00, 0x8a, 0x8e, 0x6a, 0x01, 0xff, 0x1e, 0x19, 0xff, 0x7a, 0x01, 0xe2, 0x90, 0x24,
	0x8e, 0x90, 0x10, 0xff, 0x1e, 0x19, 0xff, 0x6a, 0x01, 0xd1, 0x6a, 0x01, 0x00, 0x9a, 0x8e, 0x6a,
	0x01, 0xff, 0x1e, 0x19, 0xff, 0x70, 0x01, 0xd8, 0x90, 0x24, 0x8e, 0x70, 0x01, 0xff, 0x1e, 0x19,
	0xff, 0x6a, 0x01, 0xd1, 0x6a, 0x01, 0x00, 0x8b, 0x8e, 0x6a, 0x01, 0xff, 0x1e, 0x19, 0xff, 0x70,
	0x01, 0xd8, 0x90, 0x24, 0x8e, 0x70, 0x01, 0xff, 0x1e, 0x19, 0xff, 0x6a, 0x01, 0xd1, 0x6a, 0x01,
	0x00, 0x9b, 0x8e, 0x6a, 0x01, 0xff, 0x1e, 0x19, 0xff, 0x70, 0x01, 0xd8, 0x90, 0x24, 0xff, 0x1e,
	0x19, 0xff, 0x1e, 0x19, 0xe9, 0x96, 0x24, 0xff, 0x1e, 0x19, 0xff, 0x1e, 0x19, 0xff, 0x1e, 0x19,
	0xff, 0x01, 0x00, 0xff, 0x01, 0x00, 0x88, 0x01, 0x00, 0x93, 0x1e, 0x19, 0xff, 0x1e, 0x19, 0xfe,
	0xca, 0x26, 0xff, 0x1e, 0x19, 0xff, 0x18, 0x05, 0xe2, 0x6a, 0x01, 0x00, 0x9c, 0xff, 0x1e, 0x19,
	0xff, 0x1e, 0x19, 0xe9, 0xca, 0x26, 0xff, 0x1e, 0x19, 0xff, 0xda, 0x02, 0xe2, 0x6a, 0x01, 0x00,
	0x8d, 0xff, 0x1e, 0x19, 0xff, 0x1e, 0x19, 0xe9, 0xca, 0x26, 0xff, 0x1e, 0x19, 0xff, 0xda, 0x02,
	0xe2, 0x6a, 0x01, 0x00, 0x9d, 0xff, 0x1e, 0x19, 0xff, 0x1e, 0x19, 0xe9, 0xca, 0x26, 0x00, 0x9b,
	0xff, 0x1e, 0x19, 0xff, 0x6a, 0x01, 0xe2, 0xc4, 0x26, 0x8e, 0x6a, 0x01, 0xff, 0x1e, 0x19, 0xff,
	0x7a, 0x01, 0xe2, 0x90, 0x24, 0x8c, 0x7a, 0x01, 0xff, 0x1e, 0x19, 0xff, 0x6a, 0x01, 0xd3, 0x6a,
	0x01, 0x00, 0x98, 0x8e, 0x6a, 0x01, 0xff, 0x1e, 0x19, 0xff, 0x70, 0x01, 0xd8, 0x90, 0x24, 0x8e,
	0x70, 0x01, 0xff, 0x1e, 0x19, 0xff, 0x6a, 0x01, 0xd1, 0x6a, 0x01, 0x00, 0x89, 0x8e, 0x6a, 0x01,
	0xff, 0x1e, 0x19, 0xff, 0x70, 0x01, 0xd8, 0x90, 0x24, 0x8e, 0x70, 0x01, 0xff, 0x1e, 0x19, 0xff,
	0x6a, 0x01, 0xd1, 0x6a, 0x01, 0x00, 0x99, 0x8e, 0x6a, 0x01, 0xff, 0x1e, 0x19, 0xff, 0x70, 0x01,
	0xd8, 0x90, 0x24, 0x8e, 0x70, 0x01, 0xff, 0x1e, 0x19, 0xff, 0x70, 0x01, 0xd8, 0x96, 0x24, 0x8c,
	0x70, 0x01, 0xff, 0x1e, 0x19, 0xff, 0x1e, 0x19, 0xff, 0x1e, 0x19, 0xff, 0x01, 0x00, 0xfb, 0x01,
	0x00, 0x93, 0x1e, 0x19, 0xff, 0x1e, 0x19, 0xfe, 0xca, 0x26, 0x8e, 0x26, 0x0f, 0xff, 0x1e, 0x19,
	0xff, 0x6a, 0x01, 0xd1, 0x6a, 0x01, 0x00, 0x9a, 0x8e, 0x6a, 0x01, 0xff, 0x1e, 0x19, 0xff, 0x70,
	0x01, 0xd8, 0xca, 0x26, 0x8e, 0x70, 0x01, 0xff, 0x1e, 0x19, 0xff, 0x6a, 0x01, 0xd1, 0x6a, 0x01,
	0x00, 0x8b, 0x8e, 0x6a, 0x01, 0xff, 0x1e, 0x19, 0xff, 0x70, 0x01, 0xd8, 0xca, 0x26, 0x8e, 0x70,
	0x01, 0xff, 0x1e, 0x19, 0xff, 0x6a, 0x01, 0xd1, 0x6a, 0x01, 0x00, 0x9b, 0x8e, 0x6a, 0x01, 0xff,
	0x1e, 0x19, 0xff, 0x70, 0x01, 0xd8, 0xca, 0x26, 0xff, 0x1e, 0x19, 0xff, 0xda, 0x02, 0xe2, 0x6a,
	0x01, 0x00, 0x8c, 0xff, 0x1e, 0x19, 0xff, 0x1e, 0x19, 0xf3, 0x90, 0x24, 0xff, 0x1e, 0x19, 0xff,
	0xe4, 0x02, 0xe2, 0x6a, 0x01, 0x00, 0x9c, 0xff, 0x1e, 0x19, 0xff, 0x1e, 0x19, 0xe9, 0x90, 0x24,
	0xff, 0x1e, 0x19, 0xff, 0xda, 0x02, 0xe2, 0x6a, 0x01, 0x00, 0x8d, 0xff, 0x1e, 0x19, 0xff, 0x1e,
	0x19, 0xe9, 0x90, 0x24, 0xff, 0x1e, 0x19, 0xff, 0xda, 0x02, 0xe2, 0x6a, 0x01, 0x00, 0x9d, 0xff,
	0x1e, 0x19, 0xff, 0x1e, 0x19, 0xe9, 0x90, 0x24, 0x00, 0x9c, 0xff, 0x1e, 0x19, 0xff, 0x1e, 0x19,
	0xe8, 0x96, 0x24, 0x8c, 0x70, 0x01, 0xff, 0x1e, 0x19, 0xff, 0x1e, 0x19, 0xff, 0x1e, 0x19, 0xff,
	0x01, 0x00, 0xfb, 0x01, 0x00, 0x93, 0x1e, 0x19, 0xff, 0x1e, 0x19, 0xfe, 0xca, 0x26, 0x8c, 0xae,
	0x03, 0xff, 0x1e, 0x19, 0xff, 0x6a, 0x01, 0xd3, 0x6a, 0x01, 0x00, 0x98, 0x8e, 0x6a, 0x01, 0xff,
	0x1e, 0x19, 0xff, 0x70, 0x01, 0xd8, 0xca, 0x26, 0x8e, 0x70, 0x01, 0xff, 0x1e, 0x19, 0xff, 0x6a,
	0x01, 0xd1, 0x6a, 0x01, 0x00, 0x89, 0x8e, 0x6a, 0x01, 0xff, 0x1e, 0x19, 0xff, 0x70, 0x01, 0xd8,
	0xca, 0x26, 0x8e, 0x70, 0x01, 0xff, 0x1e, 0x19, 0xff, 0x6a, 0x01, 0xd1, 0x6a, 0x01, 0x00, 0x99,
	0x8e, 0x6a, 0x01, 0xff, 0x1e, 0x19, 0xff, 0x70, 0x01, 0xd8, 0xca, 0x26, 0x8e, 0x70, 0x01, 0xff,
	0x1e, 0x19, 0xff, 0x6a, 0x01, 0xd1, 0x6a, 0x01, 0x00, 0x8a, 0x8e, 0x6a, 0x01, 0xff, 0x1e, 0x19,
	0xff, 0x7a, 0x01, 0xe2, 0x90, 0x24, 0x8e, 0x90, 0x10, 0xff, 0x1e, 0x19, 0xff, 0x6a, 0x01, 0xd1,
	0x6a, 0x01, 0x00, 0x9a, 0x8e, 0x6a, 0x01, 0xff, 0x1e, 0x19, 0xff, 0x70, 0x01, 0xd8, 0x90, 0x24,
	0x8e, 0x70, 0x01, 0xff, 0x1e, 0x19, 0xff, 0x6a, 0x01, 0xd1, 0x6a, 0x01, 0x00, 0x8b, 0x8e, 0x6a,
	0x01, 0xff, 0x1e, 0x19, 0xff, 0x70, 0x01, 0xd8, 0x90, 0x24, 0x8e, 0x70, 0x01, 0xff, 0x1e, 0x19,
	0xff, 0x6a, 0x01, 0xd1, 0x6a, 0x01, 0x00, 0x9b, 0x8e, 0x6a, 0x01, 0xff, 0x1e, 0x19, 0xff, 0x70,
	0x01, 0xd8, 0x90, 0x24, 0xff, 0x1e, 0x19, 0xff, 0x1e, 0x19, 0xe9, 0x96, 0x24, 0xff, 0x1e, 0x19,
	0xff, 0x1e, 0x19, 0xff, 0x1e, 0x19, 0xff, 0x01, 0x00, 0xff, 0x01, 0x00, 0x88, 0x01, 0x00, 0x93,
	0x1e, 0x19, 0xff, 0x1e, 0x19, 0xfe, 0xca, 0x26, 0xff, 0x1e, 0x19, 0xff, 0x18, 0x05, 0xe2, 0x6a,
	0x01, 0x00, 0x9c, 0xff, 0x1e, 0x19, 0xff, 0x1e, 0x19, 0xe9, 0xca, 0x26, 0xff, 0x1e, 0x19, 0xff,
	0xda, 0x02, 0xe2, 0x6a, 0x01, 0x00, 0x8d, 0xff, 0x1e, 0x19, 0xff, 0x1e, 0x19, 0xe9, 0xca, 0x26,
	0xff, 0x1e, 0x19, 0xff, 0xda, 0x02, 0xe2, 0x6a, 0x01, 0x00, 0x9d, 0xff, 0x1e, 0x19, 0xff, 0x1e,
	0x19, 0xe9, 0xca, 0x26, 0x00, 0x9d, 0xff, 0x1e, 0x19, 0xff, 0x6a, 0x01, 0xe2, 0xc4, 0x26, 0x8e,
	0x6a, 0x01, 0xff, 0x1e, 0x19, 0xff, 0x7a, 0x01, 0xe2, 0x90, 0x24, 0x8c, 0x7a, 0x01, 0xff, 0x1e,
	0x19, 0xff, 0x6a, 0x01, 0xd3, 0x6a, 0x01, 0x00, 0x98, 0x8e, 0x6a, 0x01, 0xff, 0x1e, 0x19, 0xff,
	0x70, 0x01, 0xd8, 0x90, 0x24, 0x8e, 0x70, 0x01, 0xff, 0x1e, 0x19, 0xff, 0x6a, 0x01, 0xd1, 0x6a,
	0x01, 0x00, 0x89, 0x8e, 0x6a, 0x01, 0xff, 0x1e, 0x19, 0xff, 0x70, 0x01, 0xd8, 0x90, 0x24, 0x8e,
	0x70, 0x01, 0xff, 0x1e, 0x19, 0xff, 0x6a, 0x01, 0xd1, 0x6a, 0x01, 0x00, 0x99, 0x8e, 0x6a, 0x01,
	0xff, 0x1e, 0x19, 0xff, 0x70, 0x01, 0xd8, 0x90, 0x24, 0x8e, 0x70, 0x01, 0xff, 0x1e, 0x19, 0xff,
	0x70, 0x01, 0xd8, 0x96, 0x24, 0x8c, 0x70, 0x01, 0xff, 0x1e, 0x19, 0xff, 0x1e, 0x19, 0xff, 0x1e,
	0x19, 0xff, 0x01, 0x00, 0xfb, 0x01, 0x00, 0x93, 0x1e, 0x19, 0xff, 0x1e, 0x19, 0xfe, 0xca, 0x26,
	0x8e, 0x26, 0x0f, 0xff, 0x1e, 0x19, 0xff, 0x6a, 0x01, 0xd1, 0x6a, 0x01, 0x00, 0x9a, 0x8e, 0x6a,
	0x01, 0xff, 0x1e, 0x19, 0xff, 0x70, 0x01, 0xd8, 0xca, 0x26, 0x8e, 0x70, 0x01, 0xff, 0x1e, 0x19,
	0xff, 0x6a, 0x01, 0xd1, 0x6a, 0x01, 0x00, 0x8b, 0x8e, 0x6a, 0x01, 0xff, 0x1e, 0x19, 0xff, 0x70,
	0x01, 0xd8, 0xca, 0x26, 0x8e, 0x70, 0x01, 0xff, 0x1e, 0x19, 0xff, 0x6a, 0x01, 0xd1, 0x6a, 0x01,
	0x00, 0x9b, 0x8e, 0x6a, 0x01, 0xff, 0x1e, 0x19, 0xff, 0x70, 0x01, 0xd8, 0xca, 0x26, 0xff, 0x1e,
	0x19, 0xff, 0xda, 0x02, 0xe2, 0x6a, 0x01, 0x00, 0x8c, 0xff, 0x1e, 0x19, 0xff, 0x1e, 0x19, 0xf3,
	0x90, 0x24, 0xff, 0x1e, 0x19, 0xff, 0xe4, 0x02, 0xe2, 0x6a, 0x01, 0x00, 0x9c, 0xff, 0x1e, 0x19,
	0xff, 0x1e, 0x19, 0xe9, 0x90, 0x24, 0xff, 0x1e, 0x19, 0xff, 0xda, 0x02, 0xe2, 0x6a, 0x01, 0x00,
	0x8d, 0xff, 0x1e, 0x19, 0xff, 0x1e, 0x19, 0xe9, 0x90, 0x24, 0xff, 0x1e, 0x19, 0xff, 0xda, 0x02,
	0xe2, 0x6a, 0x01, 0x00, 0x9d, 0xff, 0x1e, 0x19, 0xff, 0x1e, 0x19, 0xe9, 0x90, 0x24, 0x00, 0x9e,
	0xff, 0x1e, 0x19, 0xff, 0x1e, 0x19, 0xe8, 0x96, 0x24, 0x8c, 0x70, 0x01, 0xff, 0x1e, 0x19, 0xff,
	0x1e, 0x19, 0xff, 0x1e, 0x19, 0xff, 0x01, 0x00, 0xfb, 0x01, 0x00, 0x93, 0x1e, 0x19, 0xff, 0x1e,
	0x19, 0xfe, 0xca, 0x26, 0x8c, 0xae, 0x03, 0xff, 0x1e, 0x19, 0xff, 0x6a, 0x01, 0xd3, 0x6a, 0x01,
	0x00, 0x98, 0x8e, 0x6a, 0x01, 0xff, 0x1e, 0x19, 0xff, 0x70, 0x01, 0xd8, 0xca, 0x26, 0x8e, 0x70,
	0x01, 0xff, 0x1e, 0x19, 0xff, 0x6a, 0x01, 0xd1, 0x6a, 0x01, 0x00, 0x89, 0x8e, 0x6a, 0x01, 0xff,
	0x1e, 0x19, 0xff, 0x70, 0x01, 0xd8, 0xca, 0x26, 0x8e, 0x70, 0x01, 0xff, 0x1e, 0x19, 0xff, 0x6a,
	0x01, 0xd1, 0x6a, 0x01, 0x00, 0x99, 0x8e, 0x6a, 0x01, 0xff, 0x1e, 0x19, 0xff, 0x70, 0x01, 0xd8,
	0xca, 0x26, 0x8e, 0x70, 0x01, 0xff, 0x1e, 0x19, 0xff, 0x6a, 0x01, 0xd1, 0x6a, 0x01, 0x00, 0x8a,
	0x8e, 0x6a, 0x01, 0xff, 0x1e, 0x19, 0xff, 0x7a, 0x01, 0xe2, 0x90, 0x24, 0x8e, 0x90, 0x10, 0xff,
	0x1e, 0x19, 0xff, 0x6a, 0x01, 0xd1, 0x6a, 0x01, 0x00, 0x9a, 0x8e, 0x6a, 0x01, 0xff, 0x1e, 0x19,
	0xff, 0x70, 0x01, 0xd8, 0x90, 0x24, 0x8e, 0x70, 0x01, 0xff, 0x1e, 0x19, 0xff, 0x6a, 0x01, 0xd1,
	0x6a, 0x01, 0x00, 0x8b, 0x8e, 0x6a, 0x01, 0xff, 0x1e, 0x19, 0xff, 0x70, 0x01, 0xd8, 0x90, 0x24,
	0x8e, 0x70, 0x01, 0xff, 0x1e, 0x19, 0xff, 0x6a, 0x01, 0xd1, 0x6a, 0x01, 0x00, 0x9b, 0x8e, 0x6a,
	0x01, 0xff, 0x1e, 0x19, 0xff, 0x70, 0x01, 0xd8, 0x90, 0x24, 0xff, 0x1e, 0x19, 0xff, 0x1e, 0x19,
	0xe9, 0x96, 0x24, 0xff, 0x1e, 0x19, 0xff, 0x1e, 0x19, 0xff, 0x1e, 0x19, 0xff, 0x01, 0x00, 0xff,
	0x01, 0x00, 0x88, 0x01, 0x00, 0x93, 0x1e, 0x19, 0xff, 0x1e, 0x19, 0xfe, 0xca, 0x26, 0xff, 0x1e,
	0x19, 0xff, 0x18, 0x05, 0xe2, 0x6a, 0x01, 0x00, 0x9c, 0xff, 0x1e, 0x19, 0xff, 0x1e, 0x19, 0xe9,
	0xca, 0x26, 0xff, 0x1e, 0x19, 0xff, 0xda, 0x02, 0xe2, 0x6a, 0x01, 0x00, 0x8d, 0xff, 0x1e, 0x19,
	0xff, 0x1e, 0x19, 0xe9, 0xca, 0x26, 0xff, 0x1e, 0x19, 0xff, 0xda, 0x02, 0xe2, 0x6a, 0x01, 0x00,
	0x9d, 0xff, 0x1e, 0x19, 0xff, 0x1e, 0x19, 0xe9, 0xca, 0x26, 0x00, 0x9f, 0xff, 0x1e, 0x19, 0xff,
	0x6a, 0x01, 0xe2, 0xc4, 0x26, 0x8e, 0x6a, 0x01, 0xff, 0x1e, 0x19, 0xff, 0x7a, 0x01, 0xe2, 0x90,
	0x24, 0x8c, 0x7a, 0x01, 0xff, 0x1e, 0x19, 0xff, 0x6a, 0x01, 0xd3, 0x6a, 0x01, 0x00, 0x98, 0x8e,
	0x6a, 0x01, 0xff, 0x1e, 0x19, 0xff, 0x70, 0x01, 0xd8, 0x90, 0x24, 0x8e, 0x70, 0x01, 0xff, 0x1e,
	0x19, 0xff, 0x6a, 0x01, 0xd1, 0x6a, 0x01, 0x00, 0x89, 0x8e, 0x6a, 0x01, 0xff, 0x1e, 0x19, 0xff,
	0x70, 0x01, 0xd8, 0x90, 0x24, 0x8e, 0x70, 0x01, 0xff, 0x1e, 0x19, 0xff, 0x6a, 0x01, 0xd1, 0x6a,
	0x01, 0x00, 0x99, 0x8e, 0x6a, 0x01, 0xff, 0x1e, 0x19, 0xff, 0x70, 0x01, 0xd8, 0x90, 0x24, 0x8e,
	0x70, 0x01, 0xff, 0x1e, 0x19, 0xff, 0x70, 0x01, 0xd8, 0x96, 0x24, 0x8c, 0x70, 0x01, 0xff, 0x1e,
	0x19, 0xff, 0x1e, 0x19, 0xff, 0x1e, 0x19, 0xff, 0x01, 0x00, 0xfb, 0x01, 0x00, 0x93, 0x1e, 0x19,
	0xff, 0x1e, 0x19, 0xfe, 0xca, 0x26, 0x8e, 0x26, 0x0f, 0xff, 0x1e, 0x19, 0xff, 0x6a, 0x01, 0xd1,
	0x6a, 0x01, 0x00, 0x9a, 0x8e, 0x6a, 0x01, 0xff, 0x1e, 0x19, 0xff, 0x70, 0x01, 0xd8, 0xca, 0x26,
	0x8e, 0x70, 0x01, 0xff, 0x1e, 0x19, 0xff, 0x6a, 0x01, 0xd1, 0x6a, 0x01, 0x00, 0x8b, 0x8e, 0x6a,
	0x01, 0xff, 0x1e, 0x19, 0xff, 0x70, 0x01, 0xd8, 0xca, 0x26, 0x8e, 0x70, 0x01, 0xff, 0x1e, 0x19,
	0xff, 0x6a, 0x01, 0xd1, 0x6a, 0x01, 0x00, 0x9b, 0x8e, 0x6a, 0x01, 0xff, 0x1e, 0x19, 0xff, 0x70,
	0x01, 0xd8, 0xca, 0x26, 0xff, 0x1e, 0x19, 0xff, 0xda, 0x02, 0xe2, 0x6a, 0x01, 0x00, 0x8c, 0xff,
	0x1e, 0x19, 0xff, 0x1e, 0x19, 0xf3, 0x90, 0x24, 0xff, 0x1e, 0x19, 0xff, 0xe4, 0x02, 0xe2, 0x6a,
	0x01, 0x00, 0x9c, 0xff, 0x1e, 0x19, 0xff, 0x1e, 0x19, 0xe9, 0x90, 0x24, 0xff, 0x1e, 0x19, 0xff,
	0xda, 0x02, 0xe2, 0x6a, 0x01, 0x00, 0x8d, 0xff, 0x1e, 0x19, 0xff, 0x1e, 0x19, 0xe9, 0x90, 0x24,
	0xff, 0x1e, 0x19, 0xff, 0xda, 0x02, 0xe2, 0x6a, 0x01, 0x00, 0x9d, 0xff, 0x1e, 0x19, 0x82, 0x1e,
	0x19, 0x00, 0x6d, 0xff, 0xda, 0x02, 0xdd, 0x42, 0x20, 0x00, 0xa0, 0xff, 0x18, 0x19, 0xff, 0x18,
	0x19, 0xdb, 0x6a, 0x01, 0x00, 0x7f, 0x82, 0x6a, 0x01, 0x00, 0x7f, 0x8c, 0x6a, 0x01, 0xfb, 0x12,
	0x19, 0x00, 0x5a, 0xff, 0x12, 0x19, 0x82, 0x01, 0x00, 0xff, 0x12, 0x19, 0xff, 0x01, 0x00, 0xf9,
	0x01, 0x00, 0x93, 0x12, 0x19, 0x8f, 0x12, 0x19, 0x00, 0x68, 0xff, 0x12, 0x19, 0xde, 0xa8, 0x03,
	0x00, 0x80, 0x82, 0xa8, 0x03, 0x00, 0x80, 0x8c, 0xa8, 0x03, 0xff, 0x0c, 0x19, 0xff, 0x64, 0x01,
	0xc7, 0x64, 0x01, 0x00, 0xff, 0x82, 0x64, 0x01, 0x00, 0xff, 0x8e, 0x64, 0x01, 0xf1, 0x06, 0x19,
	0x02, 0x68, 0x02, 0x64, 0xff, 0xe0, 0x07, 0xdd, 0xe0, 0x07, 0x00, 0xa1, 0xff, 0x00, 0x19, 0xff,
	0x64, 0x01, 0xdc, 0xda, 0x07, 0x8e, 0x64, 0x01, 0xf1, 0xfa, 0x18, 0x01, 0xcc, 0x03, 0xff, 0xce,
	0x02, 0xde, 0x9c, 0x05, 0x8e, 0x6a, 0x01, 0xff, 0xf4, 0x18, 0xff, 0x64, 0x01, 0xcc, 0x9c, 0x05,
	0x8e, 0x64, 0x01, 0xf1, 0xee, 0x18, 0x02, 0x30, 0x05, 0x69, 0xff, 0xce, 0x02, 0xdd, 0x9c, 0x05,
	0x00, 0xa2, 0xff, 0xe8, 0x18, 0xff, 0x64, 0x01, 0xdc, 0x9c, 0x05, 0x8e, 0x64, 0x01, 0xfb, 0xe2,
	0x18, 0x01, 0x99, 0x06, 0xff, 0xa6, 0x05, 0xde, 0xa6, 0x05, 0x8c, 0x74, 0x01, 0xff, 0xdc, 0x18,
	0xff, 0x64, 0x01, 0xce, 0xa6, 0x05, 0x8e, 0x64, 0x01, 0xf1, 0xd6, 0x18, 0x01, 0xfd, 0x07, 0xff,
	0xce, 0x02, 0xde, 0xa6, 0x05, 0x00, 0xa3, 0xff, 0xd0, 0x18, 0xff, 0x64, 0x01, 0xdc, 0xa6, 0x05,
	0x8e, 0x64, 0x01, 0xf1, 0xca, 0x18, 0x01, 0x61, 0x09, 0xff, 0xce, 0x02, 0xde, 0x9c, 0x05, 0x8e,
	0x6a, 0x01, 0xff, 0xc4, 0x18, 0xff, 0x64, 0x01, 0xcc, 0x9c, 0x05, 0x8e, 0x64, 0x01, 0xf1, 0xbe,
	0x18, 0x00, 0xc5, 0xff, 0xbe, 0x18, 0xdf, 0x9c, 0x05, 0x00, 0xa4, 0xff, 0xbe, 0x18, 0xff, 0xbe,
	0x18, 0xe2, 0xa2, 0x05, 0x8c, 0x6a, 0x01, 0xfb, 0xbe, 0x18, 0x00, 0x30, 0xff, 0xbe, 0x18, 0x82,
	0x01, 0x00, 0xff, 0xbe, 0x18, 0xff, 0x01, 0x00, 0xf9, 0x01, 0x00, 0x93, 0xbe, 0x18, 0xff, 0xbe,
	0x18, 0xf8, 0xe0, 0x07, 0x8c, 0xa8, 0x03, 0xff, 0xbe, 0x18, 0xff, 0x64, 0x01, 0xce, 0xe0, 0x07,
	0x8e, 0x64, 0x01, 0xff, 0xbe, 0x18, 0xff, 0x6a, 0x01, 0xd2, 0xe0, 0x07, 0x00, 0xa5, 0xff, 0xbe,
	0x18, 0xff, 0x64, 0x01, 0xdc, 0xda, 0x07, 0x8e, 0x64, 0x01, 0xff, 0xbe, 0x18, 0xff, 0x6a, 0x01,
	0xd2, 0x9c, 0x05, 0x8e, 0x6a, 0x01, 0xff, 0xbe, 0x18, 0xff, 0x64, 0x01, 0xcc, 0x9c, 0x05, 0x8e,
	0x64, 0x01, 0xff, 0xbe, 0x18, 0xff, 0x6a, 0x01, 0xd2, 0x9c, 0x05, 0x00, 0xa6, 0xff, 0xbe, 0x18,
	0xff, 0x64, 0x01, 0xdc, 0x9c, 0x05, 0x8e, 0x64, 0x01, 0xff, 0xbe, 0x18, 0xff, 0x74, 0x01, 0xdc,
	0xa6, 0x05, 0x8c, 0x74, 0x01, 0xff, 0xbe, 0x18, 0xff, 0x64, 0x01, 0xce, 0xa6, 0x05, 0x8e, 0x64,
	0x01, 0xff, 0xbe, 0x18, 0xff, 0x6a, 0x01, 0xd2, 0xa6, 0x05, 0x00, 0xa7, 0xff, 0xbe, 0x18, 0xff,
	0x64, 0x01, 0xdc, 0xa6, 0x05, 0x8e, 0x64, 0x01, 0xff, 0xbe, 0x18, 0xff, 0x6a, 0x01, 0xd2, 0x9c,
	0x05, 0x8e, 0x6a, 0x01, 0xff, 0xbe, 0x18, 0xff, 0x64, 0x01, 0xcc, 0x9c, 0x05, 0x8e, 0x64, 0x01,
	0xff, 0xbe, 0x18, 0xff, 0x6a, 0x01, 0xd2, 0x9c, 0x05, 0x00, 0xa8, 0xff, 0xbe, 0x18, 0xff, 0xbe,
	0x18, 0xe2, 0xa2, 0x05, 0x8c, 0x6a, 0x01, 0xff, 0xbe, 0x18, 0xff, 0xbe, 0x18, 0xff, 0xbe, 0x18,
	0xff, 0x01, 0x00, 0xfb, 0x01, 0x00, 0x93, 0xbe, 0x18, 0xff, 0xbe, 0x18, 0xf8, 0xe0, 0x07, 0x8c,
	0xa8, 0x03, 0xff, 0xbe, 0x18, 0xff, 0x64, 0x01, 0xce, 0xe0, 0x07, 0x8e, 0x64, 0x01, 0xff, 0xbe,
	0x18, 0xff, 0x6a, 0x01, 0xd2, 0xe0, 0x07, 0x00, 0xa9, 0xff, 0xbe, 0x18, 0xff, 0x64, 0x01, 0xdc,
	0xda, 0x07, 0x8e, 0x64, 0x01, 0xff, 0xbe, 0x18, 0xff, 0x6a, 0x01, 0xd2, 0x9c, 0x05, 0x8e, 0x6a,
	0x01, 0xff, 0xbe, 0x18, 0xff, 0x64, 0x01, 0xcc, 0x9c, 0x05, 0x8e, 0x64, 0x01, 0xff, 0xbe, 0x18,
	0xff, 0x6a, 0x01, 0xd2, 0x9c, 0x05, 0x00, 0xaa, 0xff, 0xbe, 0x18, 0xff, 0x64, 0x01, 0xdc, 0x9c,
	0x05, 0x8e, 0x64, 0x01, 0xff, 0xbe, 0x18, 0xff, 0x74, 0x01, 0xdc, 0xa6, 0x05, 0x8c, 0x74, 0x01,
	0xff, 0xbe, 0x18, 0xff, 0x64, 0x01, 0xce, 0xa6, 0x05, 0x8e, 0x64, 0x01, 0xff, 0xbe, 0x18, 0xff,
	0x6a, 0x01, 0xd2, 0xa6, 0x05, 0x00, 0xab, 0xff, 0xbe, 0x18, 0xff, 0x64, 0x01, 0xdc, 0xa6, 0x05,
	0x8e, 0x64, 0x01, 0xff, 0xbe, 0x18, 0xff, 0x6a, 0x01, 0xd2, 0x9c, 0x05, 0x8e, 0x6a, 0x01, 0xff,
	0xbe, 0x18, 0xff, 0x64, 0x01, 0xcc, 0x9c, 0x05, 0x8e, 0x64, 0x01, 0xff, 0xbe, 0x18, 0xff, 0x6a,
	0x01, 0xd2, 0x9c, 0x05, 0x00, 0xac, 0xff, 0xbe, 0x18, 0xff, 0xbe, 0x18, 0xe2, 0xa2, 0x05, 0x8c,
	0x6a, 0x01, 0xff, 0xbe, 0x18, 0xff, 0xbe, 0x18, 0xff, 0xbe, 0x18, 0xff, 0x01, 0x00, 0xfb, 0x01,
	0x00, 0x93, 0xbe, 0x18, 0xff, 0xbe, 0x18, 0xf8, 0xe0, 0x07, 0x8c, 0xa8, 0x03, 0xff, 0xbe, 0x18,
	0xff, 0x64, 0x01, 0xce, 0xe0, 0x07, 0x8e, 0x64, 0x01, 0xff, 0xbe, 0x18, 0xff, 0x6a, 0x01, 0xd2,
	0xe0, 0x07, 0x00, 0xad, 0xff, 0xbe, 0x18, 0xff, 0x64, 0x01, 0xdc, 0xda, 0x07, 0x8e, 0x64, 0x01,
	0xff, 0xbe, 0x18, 0xff, 0x6a, 0x01, 0xd2, 0x9c, 0x05, 0x8e, 0x6a, 0x01, 0xff, 0xbe, 0x18, 0xff,
	0x64, 0x01, 0xcc, 0x9c, 0x05, 0x8e, 0x64, 0x01, 0xff, 0xbe, 0x18, 0xff, 0x6a, 0x01, 0xd2, 0x9c,
	0x05, 0x00, 0xae, 0xff, 0xbe, 0x18, 0xff, 0x64, 0x01, 0xdc, 0x9c, 0x05, 0x8e, 0x64, 0x01, 0xff,
	0xbe, 0x18, 0xff, 0x74, 0x01, 0xdc, 0xa6, 0x05, 0x8c, 0x74, 0x01, 0xff, 0xbe, 0x18, 0xff, 0x64,
	0x01, 0xce, 0xa6, 0x05, 0x8e, 0x64, 0x01, 0xff, 0xbe, 0x18, 0xff, 0x6a, 0x01, 0xd2, 0xa6, 0x05,
	0x00, 0xaf, 0xff, 0xbe, 0x18, 0xff, 0x64, 0x01, 0xdc, 0xa6, 0x05, 0x8e, 0x64, 0x01, 0xff, 0xbe,
	0x18, 0xff, 0x6a, 0x01, 0xd2, 0x9c, 0x05, 0x8e, 0x6a, 0x01, 0xff, 0xbe, 0x18, 0xff, 0x64, 0x01,
	0xcc, 0x9c, 0x05, 0x8e, 0x64, 0x01, 0xff, 0xbe, 0x18, 0xff, 0x6a, 0x01, 0xd2, 0x9c, 0x05, 0x00,
	0xb0, 0xff, 0xbe, 0x18, 0xff, 0xbe, 0x18, 0xe2, 0xa2, 0x05, 0x8c, 0x6a, 0x01, 0xff, 0xbe, 0x18,
	0xff, 0xbe, 0x18, 0xff, 0xbe, 0x18, 0xff, 0x01, 0x00, 0xfb, 0x01, 0x00, 0x93, 0xbe, 0x18, 0xff,
	0xbe, 0x18, 0xf8, 0xe0, 0x07, 0x8c, 0xa8, 0x03, 0xff, 0xbe, 0x18, 0xff, 0x64, 0x01, 0xce, 0xe0,
	0x07, 0x8e, 0x64, 0x01, 0xff, 0xbe, 0x18, 0xff, 0x6a, 0x01, 0xd2, 0xe0, 0x07, 0x00, 0xb1, 0xff,
	0xbe, 0x18, 0xff, 0x64, 0x01, 0xdc, 0xda, 0x07, 0x8e, 0x64, 0x01, 0xff, 0xbe, 0x18, 0xff, 0x6a,
	0x01, 0xd2, 0x9c, 0x05, 0x8e, 0x6a, 0x01, 0xff, 0xbe, 0x18, 0xff, 0x64, 0x01, 0xcc, 0x9c, 0x05,
	0x8e, 0x64, 0x01, 0xff, 0xbe, 0x18, 0xff, 0x6a, 0x01, 0xd2, 0x9c, 0x05, 0x00, 0xb2, 0xff, 0xbe,
	0x18, 0xff, 0x64, 0x01, 0xdc, 0x9c, 0x05, 0x8e, 0x64, 0x01, 0xff, 0xbe, 0x18, 0xff, 0x74, 0x01,
	0xdc, 0xa6, 0x05, 0x8c, 0x74, 0x01, 0xff, 0xbe, 0x18, 0xff, 0x64, 0x01, 0xce, 0xa6, 0x05, 0x8e,
	0x64, 0x01, 0xff, 0xbe, 0x18, 0xff, 0x6a, 0x01, 0xd2, 0xa6, 0x05, 0x00, 0xb3, 0xff, 0xbe, 0x18,
	0xff, 0x64, 0x01, 0xdc, 0xa6, 0x05, 0x8e, 0x64, 0x01, 0xff, 0xbe, 0x18, 0xff, 0x6a, 0x01, 0xd2,
	0x9c, 0x05, 0x8e, 0x6a, 0x01, 0xff, 0xbe, 0x18, 0xff, 0x64, 0x01, 0xcc, 0x9c, 0x05, 0x8e, 0x64,
	0x01, 0xff, 0xbe, 0x18, 0xff, 0x6a, 0x01, 0xd2, 0x9c, 0x05, 0x00, 0xb4, 0xff, 0xbe, 0x18, 0xff,
	0xbe, 0x18, 0xe2, 0xa2, 0x05, 0x8c, 0x6a, 0x01, 0xff, 0xbe, 0x18, 0xff, 0xbe, 0x18, 0xff, 0xbe,
	0x18, 0xff, 0x01, 0x00, 0xfb, 0x01, 0x00, 0x93, 0xbe, 0x18, 0xff, 0xbe, 0x18, 0xf8, 0xe0, 0x07,
	0x8c, 0xa8, 0x03, 0xff, 0xbe, 0x18, 0xff, 0x64, 0x01, 0xce, 0xe0, 0x07, 0x8e, 0x64, 0x01, 0xff,
	0xbe, 0x18, 0xff, 0x6a, 0x01, 0xd2, 0xe0, 0x07, 0x00, 0xb5, 0xff, 0xbe, 0x18, 0xff, 0x64, 0x01,
	0xdc, 0xda, 0x07, 0x8e, 0x64, 0x01, 0xff, 0xbe, 0x18, 0xff, 0x6a, 0x01, 0xd2, 0x9c, 0x05, 0x8e,
	0x6a, 0x01, 0xff, 0xbe, 0x18, 0xff, 0x64, 0x01, 0xcc, 0x9c, 0x05, 0x8e, 0x64, 0x01, 0xff, 0xbe,
	0x18, 0xff, 0x6a, 0x01, 0xd2, 0x9c, 0x05, 0x00, 0xb6, 0xff, 0xbe, 0x18, 0xff, 0x64, 0x01, 0xdc,
	0x9c, 0x05, 0x8e, 0x64, 0x01, 0xff, 0xbe, 0x18, 0xff, 0x74, 0x01, 0xdc, 0xa6, 0x05, 0x8c, 0x74,
	0x01, 0xff, 0xbe, 0x18, 0xff, 0x64, 0x01, 0xce, 0xa6, 0x05, 0x8e, 0x64, 0x01, 0xff, 0xbe, 0x18,
	0xff, 0x6a, 0x01, 0xd2, 0xa6, 0x05, 0x00, 0xb7, 0xff, 0xbe, 0x18, 0xff, 0x64, 0x01, 0xdc, 0xa6,
	0x05, 0x8e, 0x64, 0x01, 0xff, 0xbe, 0x18, 0xff, 0x6a, 0x01, 0xd2, 0x9c, 0x05, 0x8e, 0x6a, 0x01,
	0xff, 0xbe, 0x18, 0xff, 0x64, 0x01, 0xcc, 0x9c, 0x05, 0x8e, 0x64, 0x01, 0xff, 0xbe, 0x18, 0xff,
	0x6a, 0x01, 0xd2, 0x9c, 0x05, 0x00, 0xb8, 0xff, 0xbe, 0x18, 0xff, 0xbe, 0x18, 0xe2, 0xa2, 0x05,
	0x8c, 0x6a, 0x01, 0xff, 0xbe, 0x18, 0xff, 0xbe, 0x18, 0xff, 0xbe, 0x18, 0xff, 0x01, 0x00, 0xfb,
	0x01, 0x00, 0x93, 0xbe, 0x18, 0xff, 0xbe, 0x18, 0xf8, 0xe0, 0x07, 0x8c, 0xa8, 0x03, 0xff, 0xbe,
	0x18, 0xff, 0x64, 0x01, 0xce, 0xe0, 0x07, 0x8e, 0x64, 0x01, 0xff, 0xbe, 0x18, 0xff, 0x6a, 0x01,
	0xd2, 0xe0, 0x07, 0x00, 0xb9, 0xff, 0xbe, 0x18, 0xff, 0x64, 0x01, 0xdc, 0xda, 0x07, 0x8e, 0x64,
	0x01, 0xff, 0xbe, 0x18, 0xff, 0x6a, 0x01, 0xd2, 0x9c, 0x05, 0x8e, 0x6a, 0x01, 0xff, 0xbe, 0x18,
	0xff, 0x64, 0x01, 0xcc, 0x9c, 0x05, 0x8e, 0x64, 0x01, 0xff, 0xbe, 0x18, 0xff, 0x6a, 0x01, 0xd2,
	0x9c, 0x05, 0x00, 0xba, 0xff, 0xbe, 0x18, 0xff, 0x64, 0x01, 0xdc, 0x9c, 0x05, 0x8e, 0x64, 0x01,
	0xff, 0xbe, 0x18, 0xff, 0x74, 0x01, 0xdc, 0xa6, 0x05, 0x8c, 0x74, 0x01, 0xff, 0xbe, 0x18, 0xff,
	0x64, 0x01, 0xce, 0xa6, 0x05, 0x8e, 0x64, 0x01, 0xff, 0xbe, 0x18, 0xff, 0x6a, 0x01, 0xd2, 0xa6,
	0x05, 0x00, 0xbb, 0xff, 0xbe, 0x18, 0xff, 0x64, 0x01, 0xdc, 0xa6, 0x05, 0x8e, 0x64, 0x01, 0xff,
	0xbe, 0x18, 0xff, 0x6a, 0x01, 0xd2, 0x9c, 0x05, 0x8e, 0x6a, 0x01, 0xff, 0xbe, 0x18, 0xff, 0x64,
	0x01, 0xcc, 0x9c, 0x05, 0x8e, 0x64, 0x01, 0xff, 0xbe, 0x18, 0xff, 0x6a, 0x01, 0xd2, 0x9c, 0x05,
	0x00, 0xbc, 0xff, 0xbe, 0x18, 0xff, 0xbe, 0x18, 0xe2, 0xa2, 0x05, 0x8c, 0x6a, 0x01, 0xff, 0xbe,
	0x18, 0xff, 0xbe, 0x18, 0xff, 0xbe, 0x18, 0xff, 0x01, 0x00, 0xfb, 0x01, 0x00, 0x93, 0xbe, 0x18,
	0xff, 0xbe, 0x18, 0xf8, 0xe0, 0x07, 0x8c, 0xa8, 0x03, 0xff, 0xbe, 0x18, 0xff, 0x64, 0x01, 0xce,
	0xe0, 0x07, 0x8e, 0x64, 0x01, 0xff, 0xbe, 0x18, 0xff, 0x6a, 0x01, 0xd2, 0xe0, 0x07, 0x00, 0xbd,
	0xff, 0xbe, 0x18, 0xff, 0x64, 0x01, 0xdc, 0xda, 0x07, 0x8e, 0x64, 0x01, 0xff, 0xbe, 0x18, 0xff,
	0x6a, 0x01, 0xd2, 0x9c, 0x05, 0x8e, 0x6a, 0x01, 0xff, 0xbe, 0x18, 0xff, 0x64, 0x01, 0xcc, 0x9c,
	0x05, 0x8e, 0x64, 0x01, 0xff, 0xbe, 0x18, 0xff, 0x6a, 0x01, 0xd2, 0x9c, 0x05, 0x00, 0xbe, 0xff,
	0xbe, 0x18, 0xff, 0x64, 0x01, 0xdc, 0x9c, 0x05, 0x8e, 0x64, 0x01, 0xff, 0xbe, 0x18, 0xff, 0x74,
	0x01, 0xdc, 0xa6, 0x05, 0x8c, 0x74, 0x01, 0xff, 0xbe, 0x18, 0xff, 0x64, 0x01, 0xce, 0xa6, 0x05,
	0x8e, 0x64, 0x01, 0xff, 0xbe, 0x18, 0xff, 0x6a, 0x01, 0xd2, 0xa6, 0x05, 0x00, 0xbf, 0xff, 0xbe,
	0x18, 0xff, 0x64, 0x01, 0xdc, 0xa6, 0x05, 0x8e, 0x64, 0x01, 0xff, 0xbe, 0x18, 0xff, 0x6a, 0x01,
	0xd2, 0x9c, 0x05, 0x8e, 0x6a, 0x01, 0xff, 0xbe, 0x18, 0xff, 0x64, 0x01, 0xcc, 0x9c, 0x05, 0x8e,
	0x64, 0x01, 0xf3, 0xbe, 0x18, 0x00, 0x67, 0xff, 0xce, 0x02, 0xd0, 0x6a, 0x01, 0x07, 0x00, 0x5e,
	0x3c, 0xc3, 0xe0, 0x81, 0x01, 0x80, 0xff, 0xb8, 0x18, 0xff, 0xb8, 0x18, 0xdb, 0x64, 0x01, 0x01,
	0xff, 0xff, 0xff, 0xb2, 0x18, 0x87, 0xb2, 0x18, 0x00, 0x2a, 0xff, 0xb2, 0x18, 0x82, 0x01, 0x00,
	0xff, 0xb2, 0x18, 0xff, 0x01, 0x00, 0xf9, 0x01, 0x00, 0x93, 0xb2, 0x18, 0x8f, 0xb2, 0x18, 0x00,
	0x62, 0xff, 0xb2, 0x18, 0xd8, 0xa2, 0x03, 0x04, 0x01, 0x5e, 0x3c, 0xc3, 0xe1, 0x8e, 0x06, 0x05,
	0xff, 0xac, 0x18, 0xff, 0x5e, 0x01, 0xc7, 0x5e, 0x01, 0x8d, 0x00, 0x05, 0xf3, 0xa6, 0x18, 0x02,
	0x62, 0x02, 0x5e, 0xff, 0xc8, 0x07, 0xd0, 0x64, 0x01, 0x04, 0x02, 0x5e, 0x3c, 0xc3, 0xe2, 0x90,
	0xc2, 0x02, 0xff, 0xa0, 0x18, 0xff, 0x5e, 0x01, 0xc5, 0x5e, 0x01, 0x8f, 0xc2, 0x02, 0xf1, 0x9a,
	0x18, 0x01, 0xc0, 0x03, 0xff, 0xc2, 0x02, 0xd1, 0x64, 0x01, 0x04, 0x03, 0x5e, 0x3c, 0xc3, 0xe3,
	0x90, 0xc2, 0x02, 0xff, 0x94, 0x18, 0xff, 0x5e, 0x01, 0xc5, 0x5e, 0x01, 0x8f, 0xc2, 0x02, 0xf1,
	0x8e, 0x18, 0x02, 0x1e, 0x05, 0x63, 0xff, 0xc2, 0x02, 0xd0, 0x64, 0x01, 0x04, 0x04, 0x5e, 0x3c,
	0xc3, 0xe4, 0x90, 0xc2, 0x02, 0xff, 0x88, 0x18, 0xff, 0x5e, 0x01, 0xc5, 0x5e, 0x01, 0x8f, 0xc2,
	0x02, 0xfb, 0x82, 0x18, 0x01, 0x81, 0x06, 0xff, 0x8e, 0x05, 0xd1, 0x6e, 0x01, 0x04, 0x05, 0x5e,
	0x3c, 0xc3, 0xe5, 0x90, 0x18, 0x10, 0xff, 0x7c, 0x18, 0xff, 0x5e, 0x01, 0xc5, 0x5e, 0x01, 0x8d,
	0xcc, 0x02, 0xf3, 0x76, 0x18, 0x01, 0xdf, 0x07, 0xff, 0xc2, 0x02, 0xd1, 0x64, 0x01, 0x04, 0x06,
	0x5e, 0x3c, 0xc3, 0xe6, 0x90, 0xc2, 0x02, 0xff, 0x70, 0x18, 0xff, 0x5e, 0x01, 0xc5, 0x5e, 0x01,
	0x8f, 0xc2, 0x02, 0xf1, 0x6a, 0x18, 0x01, 0x3d, 0x09, 0xff, 0xc2, 0x02, 0xd1, 0x64, 0x01, 0x04,
	0x07, 0x5e, 0x3c, 0xc3, 0xe7, 0x90, 0xc2, 0x02, 0xff, 0x64, 0x18, 0xff, 0x5e, 0x01, 0xc5, 0x5e,
	0x01, 0x8f, 0xc2, 0x02, 0xf1, 0x5e, 0x18, 0x00, 0x9b, 0xff, 0x5e, 0x18, 0xd2, 0x64, 0x01, 0x04,
	0x08, 0x5e, 0x3c, 0xc3, 0xe8, 0xff, 0x5e, 0x18, 0xff, 0x5e, 0x18, 0xde, 0x64, 0x01, 0xff, 0x5e,
	0x18, 0x89, 0x5e, 0x18, 0x00, 0x00, 0xff, 0x5e, 0x18, 0x82, 0x01, 0x00, 0xff, 0x5e, 0x18, 0xff,
	0x01, 0x00, 0xf9, 0x01, 0x00, 0x93, 0x5e, 0x18, 0xff, 0x5e, 0x18, 0xeb, 0xa2, 0x03, 0x04, 0x09,
	0x5e, 0x3c, 0xc3, 0xe9, 0xff, 0x5e, 0x18, 0xff, 0x5e, 0x18, 0xd8, 0x5e, 0x01, 0xff, 0x5e, 0x18,
	0xff, 0x5e, 0x18, 0xd7, 0x64, 0x01, 0x81, 0xd4, 0x00, 0x00, 0xfa, 0xff, 0x5e, 0x18, 0xff, 0x5e,
	0x18, 0xd8, 0x5e, 0x01, 0xff, 0x5e, 0x18, 0xff, 0x5e, 0x18, 0xd7, 0x64, 0x01, 0x04, 0x1b, 0x5e,
	0x3c, 0xc3, 0xfb, 0xff, 0x5e, 0x18, 0xff, 0x5e, 0x18, 0xd8, 0x5e, 0x01, 0xff, 0x5e, 0x18, 0xff,
	0x5e, 0x18, 0xd7, 0x64, 0x01, 0x04, 0x1c, 0x5e, 0x3c, 0xc3, 0xfc, 0xff, 0x5e, 0x18, 0xff, 0x5e,
	0x18, 0xd8, 0x5e, 0x01, 0xff, 0x5e, 0x18, 0xff, 0x5e, 0x18, 0xe1, 0x6e, 0x01, 0x04, 0x1d, 0x5e,
	0x3c, 0xc3, 0xfd, 0xff, 0x5e, 0x18, 0xff, 0x5e, 0x18, 0xd8, 0x5e, 0x01, 0xff, 0x5e, 0x18, 0xff,
	0x5e, 0x18, 0xd7, 0x64, 0x01, 0x04, 0x1e, 0x5e, 0x3c, 0xc3, 0xfe, 0xff, 0x5e, 0x18, 0xff, 0x5e,
	0x18, 0xd8, 0x5e, 0x01, 0xff, 0x5e, 0x18, 0xff, 0x5e, 0x18, 0xd7, 0x64, 0x01, 0x04, 0x1f, 0x5e,
	0x3c, 0xc3, 0xff, 0xff, 0x5e, 0x18, 0xff, 0x5e, 0x18, 0xd8, 0x5e, 0x01, 0xff, 0x5e, 0x18, 0xff,
	0x5e, 0x18, 0xdc, 0x58, 0x2f, 0x00, 0x83, 0xff, 0x5e, 0x18, 0xff, 0x5e, 0x18, 0xdd, 0x64, 0x01,
	0xff, 0x5e, 0x18, 0xff, 0x5e, 0x18, 0xff, 0x5e, 0x18, 0xff, 0x01, 0x00, 0xff, 0x01, 0x00, 0x89,
	0x01, 0x00, 0x93, 0x5e, 0x18, 0xff, 0x5e, 0x18, 0xf0, 0x5e, 0x2f, 0x8e, 0x06, 0x05, 0xff, 0x5e,
	0x18, 0xff, 0x5e, 0x01, 0xc7, 0x5e, 0x01, 0xff, 0x5e, 0x18, 0xff, 0x5e, 0x18, 0xdc, 0x5e, 0x2f,
	0x90, 0xc2, 0x02, 0xff, 0x5e, 0x18, 0xff, 0x5e, 0x01, 0xc5, 0x5e, 0x01, 0xff, 0x5e, 0x18, 0xff,
	0x5e, 0x18, 0xdc, 0x5e, 0x2f, 0x90, 0xc2, 0x02, 0xff, 0x5e, 0x18, 0xff, 0x5e, 0x01, 0xc5, 0x5e,
	0x01, 0xff, 0x5e, 0x18, 0xff, 0x5e, 0x18, 0xdc, 0x5e, 0x2f, 0x90, 0xc2, 0x02, 0xff, 0x5e, 0x18,
	0xff, 0x5e, 0x01, 0xc5, 0x5e, 0x01, 0xff, 0x5e, 0x18, 0xff, 0x5e, 0x18, 0xe6, 0x5e, 0x2f, 0x90,
	0x18, 0x10, 0xff, 0x5e, 0x18, 0xff, 0x5e, 0x01, 0xc5, 0x5e, 0x01, 0xff, 0x5e, 0x18, 0xff, 0x5e,
	0x18, 0xdc, 0x5e, 0x2f, 0x90, 0xc2, 0x02, 0xff, 0x5e, 0x18, 0xff, 0x5e, 0x01, 0xc5, 0x5e, 0x01,
	0xff, 0x5e, 0x18, 0xff, 0x5e, 0x18, 0xdc, 0x5e, 0x2f, 0x90, 0xc2, 0x02, 0xff, 0x5e, 0x18, 0xff,
	0x5e, 0x01, 0xc5, 0x5e, 0x01, 0xff, 0x5e, 0x18, 0xff, 0x5e, 0x18, 0xdc, 0x58, 0x2f, 0xff, 0x5e,
	0x18, 0xff, 0x5e, 0x18, 0xde, 0x64, 0x01, 0xff, 0x5e, 0x18, 0xff, 0x5e, 0x18, 0xff, 0x5e, 0x18,
	0xff, 0x01, 0x00, 0xff, 0x01, 0x00, 0x89, 0x01, 0x00, 0x93, 0x5e, 0x18, 0xff, 0x5e, 0x18, 0xf0,
	0x5e, 0x2f, 0xff, 0x5e, 0x18, 0xff, 0x5e, 0x18, 0xd8, 0x5e, 0x01, 0xff, 0x5e, 0x18, 0xff, 0x5e,
	0x18, 0xdc, 0x5e, 0x2f, 0xff, 0x5e, 0x18, 0xff, 0x5e, 0x18, 0xd8, 0x5e, 0x01, 0xff, 0x5e, 0x18,
	0xff, 0x5e, 0x18, 0xdc, 0x5e, 0x2f, 0xff, 0x5e, 0x18, 0xff, 0x5e, 0x18, 0xd8, 0x5e, 0x01, 0xff,
	0x5e, 0x18, 0xff, 0x5e, 0x18, 0xdc, 0x5e, 0x2f, 0xff, 0x5e, 0x18, 0xff, 0x5e, 0x18, 0xd8, 0x5e,
	0x01, 0xff, 0x5e, 0x18, 0xff, 0x5e, 0x18, 0xe6, 0x5e, 0x2f, 0xff, 0x5e, 0x18, 0xff, 0x5e, 0x18,
	0xd8, 0x5e, 0x01, 0xff, 0x5e, 0x18, 0xff, 0x5e, 0x18, 0xdc, 0x5e, 0x2f, 0xff, 0x5e, 0x18, 0xff,
	0x5e, 0x18, 0xd8, 0x5e, 0x01, 0xff, 0x5e, 0x18, 0xff, 0x5e, 0x18, 0xdc, 0x5e, 0x2f, 0xff, 0x5e,
	0x18, 0xff, 0x5e, 0x18, 0xd8, 0x5e, 0x01, 0xff, 0x5e, 0x18, 0xff, 0x5e, 0x18, 0xdc, 0x58, 0x2f,
	0x00, 0x85, 0xff, 0x5e, 0x18, 0xff, 0x5e, 0x18, 0xdd, 0x64, 0x01, 0xff, 0x5e, 0x18, 0xff, 0x5e,
	0x18, 0xff, 0x5e, 0x18, 0xff, 0x01, 0x00, 0xff, 0x01, 0x00, 0x89, 0x01, 0x00, 0x93, 0x5e, 0x18,
	0xff, 0x5e, 0x18, 0xf0, 0x5e, 0x2f, 0x8e, 0x06, 0x05, 0xff, 0x5e, 0x18, 0xff, 0x5e, 0x01, 0xc7,
	0x5e, 0x01, 0xff, 0x5e, 0x18, 0xff, 0x5e, 0x18, 0xdc, 0x5e, 0x2f, 0x90, 0xc2, 0x02, 0xff, 0x5e,
	0x18, 0xff, 0x5e, 0x01, 0xc5, 0x5e, 0x01, 0xff, 0x5e, 0x18, 0xff, 0x5e, 0x18, 0xdc, 0x5e, 0x2f,
	0x90, 0xc2, 0x02, 0xff, 0x5e, 0x18, 0xff, 0x5e, 0x01, 0xc5, 0x5e, 0x01, 0xff, 0x5e, 0x18, 0xff,
	0x5e, 0x18, 0xdc, 0x5e, 0x2f, 0x90, 0xc2, 0x02, 0xff, 0x5e, 0x18, 0xff, 0x5e, 0x01, 0xc5, 0x5e,
	0x01, 0xff, 0x5e, 0x18, 0xff, 0x5e, 0x18, 0xe6, 0x5e, 0x2f, 0x90, 0x18, 0x10, 0xff, 0x5e, 0x18,
	0xff, 0x5e, 0x01, 0xc5, 0x5e, 0x01, 0xff, 0x5e, 0x18, 0xff, 0x5e, 0x18, 0xdc, 0x5e, 0x2f, 0x90,
	0xc2, 0x02, 0xff, 0x5e, 0x18, 0xff, 0x5e, 0x01, 0xc5, 0x5e, 0x01, 0xff, 0x5e, 0x18, 0xff, 0x5e,
	0x18, 0xdc, 0x5e, 0x2f, 0x90, 0xc2, 0x02, 0xff, 0x5e, 0x18, 0xff, 0x5e, 0x01, 0xc5, 0x5e, 0x01,
	0xff, 0x5e, 0x18, 0xff, 0x5e, 0x18, 0xdc, 0x58, 0x2f, 0xff, 0x5e, 0x18, 0xff, 0x5e, 0x18, 0xde,
	0x64, 0x01, 0xff, 0x5e, 0x18, 0xff, 0x5e, 0x18, 0xff, 0x5e, 0x18, 0xff, 0x01, 0x00, 0xff, 0x01,
	0x00, 0x89, 0x01, 0x00, 0x93, 0x5e, 0x18, 0xff, 0x5e, 0x18, 0xf0, 0x5e, 0x2f, 0xff, 0x5e, 0x18,
	0xff, 0x5e, 0x18, 0xd8, 0x5e, 0x01, 0xff, 0x5e, 0x18, 0xff, 0x5e, 0x18, 0xdc, 0x5e, 0x2f, 0xff,
	0x5e, 0x18, 0xff, 0x5e, 0x18, 0xd8, 0x5e, 0x01, 0xff, 0x5e, 0x18, 0xff, 0x5e, 0x18, 0xdc, 0x5e,
	0x2f, 0xff, 0x5e, 0x18, 0xff, 0x5e, 0x18, 0xd8, 0x5e, 0x01, 0xff, 0x5e, 0x18, 0xff, 0x5e, 0x18,
	0xdc, 0x5e, 0x2f, 0xff, 0x5e, 0x18, 0xff, 0x5e, 0x18, 0xd8, 0x5e, 0x01, 0xff, 0x5e, 0x18, 0xff,
	0x5e, 0x18, 0xe6, 0x5e, 0x2f, 0xff, 0x5e, 0x18, 0xff, 0x5e, 0x18, 0xd8, 0x5e, 0x01, 0xff, 0x5e,
	0x18, 0xff, 0x5e, 0x18, 0xdc, 0x5e, 0x2f, 0xff, 0x5e, 0x18, 0xff, 0x5e, 0x18, 0xd8, 0x5e, 0x01,
	0xff, 0x5e, 0x18, 0xff, 0x5e, 0x18, 0xdc, 0x5e, 0x2f, 0xff, 0x5e, 0x18, 0xff, 0x5e, 0x18, 0xd8,
	0x5e, 0x01, 0xff, 0x5e, 0x18, 0xff, 0x5e, 0x18, 0xdc, 0x58, 0x2f, 0x00, 0x87, 0xff, 0x5e, 0x18,
	0xff, 0x5e, 0x18, 0xdd, 0x64, 0x01, 0xff, 0x5e, 0x18, 0xff, 0x5e, 0x18, 0xff, 0x5e, 0x18, 0xff,
	0x01, 0x00, 0xff, 0x01, 0x00, 0x89, 0x01, 0x00, 0x93, 0x5e, 0x18, 0xff, 0x5e, 0x18, 0xf0, 0x5e,
	0x2f, 0x8e, 0x06, 0x05, 0xff, 0x5e, 0x18, 0xff, 0x5e, 0x01, 0xc7, 0x5e, 0x01, 0xff, 0x5e, 0x18,
	0xff, 0x5e, 0x18, 0xdc, 0x5e, 0x2f, 0x90, 0xc2, 0x02, 0xff, 0x5e, 0x18, 0xff, 0x5e, 0x01, 0xc5,
	0x5e, 0x01, 0xff, 0x5e, 0x18, 0xff, 0x5e, 0x18, 0xdc, 0x5e, 0x2f, 0x90, 0xc2, 0x02, 0xff, 0x5e,
	0x18, 0xff, 0x5e, 0x01, 0xc5, 0x5e, 0x01, 0xff, 0x5e, 0x18, 0xff, 0x5e, 0x18, 0xdc, 0x5e, 0x2f,
	0x90, 0xc2, 0x02, 0xff, 0x5e, 0x18, 0xff, 0x5e, 0x01, 0xc5, 0x5e, 0x01, 0xff, 0x5e, 0x18, 0xff,
	0x5e, 0x18, 0xe6, 0x5e, 0x2f, 0x90, 0x18, 0x10, 0xff, 0x5e, 0x18, 0xff, 0x5e, 0x01, 0xc5, 0x5e,
	0x01, 0xff, 0x5e, 0x18, 0xff, 0x5e, 0x18, 0xdc, 0x5e, 0x2f, 0x90, 0xc2, 0x02, 0xff, 0x5e, 0x18,
	0xff, 0x5e, 0x01, 0xc5, 0x5e, 0x01, 0xff, 0x5e, 0x18, 0xff, 0x5e, 0x18, 0xdc, 0x5e, 0x2f, 0x90,
	0xc2, 0x02, 0xff, 0x5e, 0x18, 0xff, 0x5e, 0x01, 0xc5, 0x5e, 0x01, 0xff, 0x5e, 0x18, 0xff, 0x5e,
	0x18, 0xdc, 0x58, 0x2f, 0xff, 0x5e, 0x18, 0xff, 0x5e, 0x18, 0xde, 0x64, 0x01, 0xff, 0x5e, 0x18,
	0xff, 0x5e, 0x18, 0xff, 0x5e, 0x18, 0xff, 0x01, 0x00, 0xff, 0x01, 0x00, 0x89, 0x01, 0x00, 0x93,
	0x5e, 0x18, 0xff, 0x5e, 0x18, 0xf0, 0x5e, 0x2f, 0xff, 0x5e, 0x18, 0xff, 0x5e, 0x18, 0xd8, 0x5e,
	0x01, 0xff, 0x5e, 0x18, 0xff, 0x5e, 0x18, 0xdc, 0x5e, 0x2f, 0xff, 0x5e, 0x18, 0xff, 0x5e, 0x18,
	0xd8, 0x5e, 0x01, 0xff, 0x5e, 0x18, 0xff, 0x5e, 0x18, 0xdc, 0x5e, 0x2f, 0xff, 0x5e, 0x18, 0xff,
	0x5e, 0x18, 0xd8, 0x5e, 0x01, 0xff, 0x5e, 0x18, 0xff, 0x5e, 0x18, 0xdc, 0x5e, 0x2f, 0xff, 0x5e,
	0x18, 0xff, 0x5e, 0x18, 0xd8, 0x5e, 0x01, 0xff, 0x5e, 0x18, 0xff, 0x5e, 0x18, 0xe6, 0x5e, 0x2f,
	0xff, 0x5e, 0x18, 0xff, 0x5e, 0x18, 0xd8, 0x5e, 0x01, 0xff, 0x5e, 0x18, 0xff, 0x5e, 0x18, 0xdc,
	0x5e, 0x2f, 0xff, 0x5e, 0x18, 0xff, 0x5e, 0x18, 0xd8, 0x5e, 0x01, 0xff, 0x5e, 0x18, 0xff, 0x5e,
	0x18, 0xdc, 0x5e, 0x2f, 0xff, 0x5e, 0x18, 0xff, 0x5e, 0x18, 0xd8, 0x5e, 0x01, 0xff, 0x5e, 0x18,
	0xff, 0x5e, 0x18, 0xdc, 0x58, 0x2f, 0x00, 0x89, 0xff, 0x5e, 0x18, 0xff, 0x5e, 0x18, 0xdd, 0x64,
	0x01, 0xff, 0x5e, 0x18, 0xff, 0x5e, 0x18, 0xff, 0x5e, 0x18, 0xff, 0x01, 0x00, 0xff, 0x01, 0x00,
	0x89, 0x01, 0x00, 0x93, 0x5e, 0x18, 0xff, 0x5e, 0x18, 0xf0, 0x5e, 0x2f, 0x8e, 0x06, 0x05, 0xff,
	0x5e, 0x18, 0xff, 0x5e, 0x01, 0xc7, 0x5e, 0x01, 0xff, 0x5e, 0x18, 0xff, 0x5e, 0x18, 0xdc, 0x5e,
	0x2f, 0x90, 0xc2, 0x02, 0xff, 0x5e, 0x18, 0xff, 0x5e, 0x01, 0xc5, 0x5e, 0x01, 0xff, 0x5e, 0x18,
	0xff, 0x5e, 0x18, 0xdc, 0x5e, 0x2f, 0x90, 0xc2, 0x02, 0xff, 0x5e, 0x18, 0xff, 0x5e, 0x01, 0xc5,
	0x5e, 0x01, 0xff, 0x5e, 0x18, 0xff, 0x5e, 0x18, 0xdc, 0x5e, 0x2f, 0x90, 0xc2, 0x02, 0xff, 0x5e,
	0x18, 0xff, 0x5e, 0x01, 0xc5, 0x5e, 0x01, 0xff, 0x5e, 0x18, 0xff, 0x5e, 0x18, 0xe6, 0x5e, 0x2f,
	0x90, 0x18, 0x10, 0xff, 0x5e, 0x18, 0xff, 0x5e, 0x01, 0xc5, 0x5e, 0x01, 0xff, 0x5e, 0x18, 0xff,
	0x5e, 0x18, 0xdc, 0x5e, 0x2f, 0x90, 0xc2, 0x02, 0xff, 0x5e, 0x18, 0xff, 0x5e, 0x01, 0xc5, 0x5e,
	0x01, 0xff, 0x5e, 0x18, 0xff, 0x5e, 0x18, 0xdc, 0x5e, 0x2f, 0x90, 0xc2, 0x02, 0xff, 0x5e, 0x18,
	0xff, 0x5e, 0x01, 0xc5, 0x5e, 0x01, 0xff, 0x5e, 0x18, 0xff, 0x5e, 0x18, 0xdc, 0x58, 0x2f, 0xff,
	0x5e, 0x18, 0xff, 0x5e, 0x18, 0xde, 0x64, 0x01, 0xff, 0x5e, 0x18, 0xff, 0x5e, 0x18, 0xff, 0x5e,
	0x18, 0xff, 0x01, 0x00, 0xff, 0x01, 0x00, 0x89, 0x01, 0x00, 0x93, 0x5e, 0x18, 0xff, 0x5e, 0x18,
	0xf0, 0x5e, 0x2f, 0xff, 0x5e, 0x18, 0xff, 0x5e, 0x18, 0xd8, 0x5e, 0x01, 0xff, 0x5e, 0x18, 0xff,
	0x5e, 0x18, 0xdc, 0x5e, 0x2f, 0xff, 0x5e, 0x18, 0xff, 0x5e, 0x18, 0xd8, 0x5e, 0x01, 0xff, 0x5e,
	0x18, 0xff, 0x5e, 0x18, 0xdc, 0x5e, 0x2f, 0xff, 0x5e, 0x18, 0xff, 0x5e, 0x18, 0xd8, 0x5e, 0x01,
	0xff, 0x5e, 0x18, 0xff, 0x5e, 0x18, 0xdc, 0x5e, 0x2f, 0xff, 0x5e, 0x18, 0xff, 0x5e, 0x18, 0xd8,
	0x5e, 0x01, 0xff, 0x5e, 0x18, 0xff, 0x5e, 0x18, 0xe6, 0x5e, 0x2f, 0xff, 0x5e, 0x18, 0xff, 0x5e,
	0x18, 0xd8, 0x5e, 0x01, 0xff, 0x5e, 0x18, 0xff, 0x5e, 0x18, 0xdc, 0x5e, 0x2f, 0xff, 0x5e, 0x18,
	0xff, 0x5e, 0x18, 0xd8, 0x5e, 0x01, 0xff, 0x5e, 0x18, 0xff, 0x5e, 0x18, 0xdc, 0x5e, 0x2f, 0xff,
	0x5e, 0x18, 0xff, 0x5e, 0x18, 0xd8, 0x5e, 0x01, 0xff, 0x5e, 0x18, 0xff, 0x5e, 0x18, 0xdc, 0x58,
	0x2f, 0x00, 0x8b, 0xff, 0x5e, 0x18, 0xff, 0x5e, 0x18, 0xdd, 0x64, 0x01, 0xff, 0x5e, 0x18, 0xff,
	0x5e, 0x18, 0xff, 0x5e, 0x18, 0xff, 0x01, 0x00, 0xff, 0x01, 0x00, 0x89, 0x01, 0x00, 0x93, 0x5e,
	0x18, 0xff, 0x5e, 0x18, 0xf0, 0x5e, 0x2f, 0x8e, 0x06, 0x05, 0xff, 0x5e, 0x18, 0xff, 0x5e, 0x01,
	0xc7, 0x5e, 0x01, 0xff, 0x5e, 0x18, 0xff, 0x5e, 0x18, 0xdc, 0x5e, 0x2f, 0x90, 0xc2, 0x02, 0xff,
	0x5e, 0x18, 0xff, 0x5e, 0x01, 0xc5, 0x5e, 0x01, 0xff, 0x5e, 0x18, 0xff, 0x5e, 0x18, 0xdc, 0x5e,
	0x2f, 0x90, 0xc2, 0x02, 0xff, 0x5e, 0x18, 0xff, 0x5e, 0x01, 0xc5, 0x5e, 0x01, 0xff, 0x5e, 0x18,
	0xff, 0x5e, 0x18, 0xdc, 0x5e, 0x2f, 0x90, 0xc2, 0x02, 0xff, 0x5e, 0x18, 0xff, 0x5e, 0x01, 0xc5,
	0x5e, 0x01, 0xff, 0x5e, 0x18, 0xff, 0x5e, 0x18, 0xe6, 0x5e, 0x2f, 0x90, 0x18, 0x10, 0xff, 0x5e,
	0x18, 0xff, 0x5e, 0x01, 0xc5, 0x5e, 0x01, 0xff, 0x5e, 0x18, 0xff, 0x5e, 0x18, 0xdc, 0x5e, 0x2f,
	0x90, 0xc2, 0x02, 0xff, 0x5e, 0x18, 0xff, 0x5e, 0x01, 0xc5, 0x5e, 0x01, 0xff, 0x5e, 0x18, 0xff,
	0x5e, 0x18, 0xdc, 0x5e, 0x2f, 0x90, 0xc2, 0x02, 0xff, 0x5e, 0x18, 0xff, 0x5e, 0x01, 0xc5, 0x5e,
	0x01, 0xff, 0x5e, 0x18, 0xff, 0x5e, 0x18, 0xdc, 0x58, 0x2f, 0xff, 0x5e, 0x18, 0xff, 0x5e, 0x18,
	0xde, 0x64, 0x01, 0xff, 0x5e, 0x18, 0xff, 0x5e, 0x18, 0xff, 0x5e, 0x18, 0xff, 0x01, 0x00, 0xff,
	0x01, 0x00, 0x89, 0x01, 0x00, 0x93, 0x5e, 0x18, 0xff, 0x5e, 0x18, 0xf0, 0x5e, 0x2f, 0xff, 0x5e,
	0x18, 0xff, 0x5e, 0x18, 0xd8, 0x5e, 0x01, 0xff, 0x5e, 0x18, 0xff, 0x5e, 0x18, 0xdc, 0x5e, 0x2f,
	0xff, 0x5e, 0x18, 0xff, 0x5e, 0x18, 0xd8, 0x5e, 0x01, 0xff, 0x5e, 0x18, 0xff, 0x5e, 0x18, 0xdc,
	0x5e, 0x2f, 0xff, 0x5e, 0x18, 0xff, 0x5e, 0x18, 0xd8, 0x5e, 0x01, 0xff, 0x5e, 0x18, 0xff, 0x5e,
	0x18, 0xdc, 0x5e, 0x2f, 0xff, 0x5e, 0x18, 0xff, 0x5e, 0x18, 0xd8, 0x5e, 0x01, 0xff, 0x5e, 0x18,
	0xff, 0x5e, 0x18, 0xe6, 0x5e, 0x2f, 0xff, 0x5e, 0x18, 0xff, 0x5e, 0x18, 0xd8, 0x5e, 0x01, 0xff,
	0x5e, 0x18, 0xff, 0x5e, 0x18, 0xdc, 0x5e, 0x2f, 0xff, 0x5e, 0x18, 0xff, 0x5e, 0x18, 0xd8, 0x5e,
	0x01, 0xff, 0x5e, 0x18, 0xff, 0x5e, 0x18, 0xdc, 0x5e, 0x2f, 0xff, 0x5e, 0x18, 0xff, 0x5e, 0x18,
	0xd8, 0x5e, 0x01, 0xff, 0x5e, 0x18, 0xff, 0x5e, 0x18, 0xdc, 0x58, 0x2f, 0x00, 0x8d, 0xff, 0x5e,
	0x18, 0xff, 0x5e, 0x18, 0xdd, 0x64, 0x01, 0xff, 0x5e, 0x18, 0xff, 0x5e, 0x18, 0xff, 0x5e, 0x18,
	0xff, 0x01, 0x00, 0xff, 0x01, 0x00, 0x89, 0x01, 0x00, 0x93, 0x5e, 0x18, 0xff, 0x5e, 0x18, 0xf0,
	0x5e, 0x2f, 0x8e, 0x06, 0x05, 0xff, 0x5e, 0x18, 0xff, 0x5e, 0x01, 0xc7, 0x5e, 0x01, 0xff, 0x5e,
	0x18, 0xff, 0x5e, 0x18, 0xdc, 0x5e, 0x2f, 0x90, 0xc2, 0x02, 0xff, 0x5e, 0x18, 0xff, 0x5e, 0x01,
	0xc5, 0x5e, 0x01, 0xff, 0x5e, 0x18, 0xff, 0x5e, 0x18, 0xdc, 0x5e, 0x2f, 0x90, 0xc2, 0x02, 0xff,
	0x5e, 0x18, 0xff, 0x5e, 0x01, 0xc5, 0x5e, 0x01, 0xff, 0x5e, 0x18, 0xff, 0x5e, 0x18, 0xdc, 0x5e,
	0x2f, 0x90, 0xc2, 0x02, 0xff, 0x5e, 0x18, 0xff, 0x5e, 0x01, 0xc5, 0x5e, 0x01, 0xff, 0x5e, 0x18,
	0xff, 0x5e, 0x18, 0xe6, 0x5e, 0x2f, 0x90, 0x18, 0x10, 0xff, 0x5e, 0x18, 0xff, 0x5e, 0x01, 0xc5,
	0x5e, 0x01, 0xff, 0x5e, 0x18, 0xff, 0x5e, 0x18, 0xdc, 0x5e, 0x2f, 0x90, 0xc2, 0x02, 0xff, 0x5e,
	0x18, 0xff, 0x5e, 0x01, 0xc5, 0x5e, 0x01, 0xff, 0x5e, 0x18, 0xff, 0x5e, 0x18, 0xdc, 0x5e, 0x2f,
	0x90, 0xc2, 0x02, 0xff, 0x5e, 0x18, 0xff, 0x5e, 0x01, 0xc5, 0x5e, 0x01, 0xff, 0x5e, 0x18, 0xff,
	0x5e, 0x18, 0xdc, 0x58, 0x2f, 0xff, 0x5e, 0x18, 0xff, 0x5e, 0x18, 0xde, 0x64, 0x01, 0xff, 0x5e,
	0x18, 0xff, 0x5e, 0x18, 0xff, 0x5e, 0x18, 0xff, 0x01, 0x00, 0xff, 0x01, 0x00, 0x89, 0x01, 0x00,
	0x93, 0x5e, 0x18, 0xff, 0x5e, 0x18, 0xf0, 0x5e, 0x2f, 0xff, 0x5e, 0x18, 0xff, 0x5e, 0x18, 0xd8,
	0x5e, 0x01, 0xff, 0x5e, 0x18, 0xff, 0x5e, 0x18, 0xdc, 0x5e, 0x2f, 0xff, 0x5e, 0x18, 0xff, 0x5e,
	0x18, 0xd8, 0x5e, 0x01, 0xff, 0x5e, 0x18, 0xff, 0x5e, 0x18, 0xdc, 0x5e, 0x2f, 0xff, 0x5e, 0x18,
	0xff, 0x5e, 0x18, 0xd8, 0x5e, 0x01, 0xff, 0x5e, 0x18, 0xff, 0x5e, 0x18, 0xdc, 0x5e, 0x2f, 0xff,
	0x5e, 0x18, 0xff, 0x5e, 0x18, 0xd8, 0x5e, 0x01, 0xff, 0x5e, 0x18, 0xff, 0x5e, 0x18, 0xe6, 0x5e,
	0x2f, 0xff, 0x5e, 0x18, 0xff, 0x5e, 0x18, 0xd8, 0x5e, 0x01, 0xff, 0x5e, 0x18, 0xff, 0x5e, 0x18,
	0xdc, 0x5e, 0x2f, 0xff, 0x5e, 0x18, 0xff, 0x5e, 0x18, 0xd8, 0x5e, 0x01, 0xff, 0x5e, 0x18, 0xff,
	0x5e, 0x18, 0xdc, 0x5e, 0x2f, 0xff, 0x5e, 0x18, 0xff, 0x5e, 0x18, 0xd8, 0x5e, 0x01, 0xff, 0x5e,
	0x18, 0xff, 0x5e, 0x18, 0xdc, 0x58, 0x2f, 0x00, 0x8f, 0xff, 0x5e, 0x18, 0xff, 0x5e, 0x18, 0xdd,
	0x64, 0x01, 0xff, 0x5e, 0x18, 0xff, 0x5e, 0x18, 0xff, 0x5e, 0x18, 0xff, 0x01, 0x00, 0xff, 0x01,
	0x00, 0x89, 0x01, 0x00, 0x93, 0x5e, 0x18, 0xff, 0x5e, 0x18, 0xf0, 0x5e, 0x2f, 0x8e, 0x06, 0x05,
	0xff, 0x5e, 0x18, 0xff, 0x5e, 0x01, 0xc7, 0x5e, 0x01, 0xff, 0x5e, 0x18, 0xff, 0x5e, 0x18, 0xdc,
	0x5e, 0x2f, 0x90, 0xc2, 0x02, 0xff, 0x5e, 0x18, 0xff, 0x5e, 0x01, 0xc5, 0x5e, 0x01, 0xff, 0x5e,
	0x18, 0xff, 0x5e, 0x18, 0xdc, 0x5e, 0x2f, 0x90, 0xc2, 0x02, 0xff, 0x5e, 0x18, 0xff, 0x5e, 0x01,
	0xc5, 0x5e, 0x01, 0xff, 0x5e, 0x18, 0xff, 0x5e, 0x18, 0xdc, 0x5e, 0x2f, 0x90, 0xc2, 0x02, 0xff,
	0x5e, 0x18, 0xff, 0x5e, 0x01, 0xc5, 0x5e, 0x01, 0xff, 0x5e, 0x18, 0xff, 0x5e, 0x18, 0xe6, 0x5e,
	0x2f, 0x90, 0x18, 0x10, 0xff, 0x5e, 0x18, 0xff, 0x5e, 0x01, 0xc5, 0x5e, 0x01, 0xff, 0x5e, 0x18,
	0xff, 0x5e, 0x18, 0xdc, 0x5e, 0x2f, 0x90, 0xc2, 0x02, 0xff, 0x5e, 0x18, 0xff, 0x5e, 0x01, 0xc5,
	0x5e, 0x01, 0xff, 0x5e, 0x18, 0xff, 0x5e, 0x18, 0xdc, 0x5e, 0x2f, 0x90, 0xc2, 0x02, 0xff, 0x5e,
	0x18, 0xff, 0x5e, 0x01, 0xc5, 0x5e, 0x01, 0xff, 0x5e, 0x18, 0xff, 0x5e, 0x18, 0xdc, 0x58, 0x2f,
	0xff, 0x5e, 0x18, 0xff, 0x5e, 0x18, 0xde, 0x64, 0x01, 0xff, 0x5e, 0x18, 0xff, 0x5e, 0x18, 0xff,
	0x5e, 0x18, 0xff, 0x01, 0x00, 0xff, 0x01, 0x00, 0x89, 0x01, 0x00, 0x93, 0x5e, 0x18, 0xff, 0x5e,
	0x18, 0xf0, 0x5e, 0x2f, 0xff, 0x5e, 0x18, 0xff, 0x5e, 0x18, 0xd8, 0x5e, 0x01, 0xff, 0x5e, 0x18,
	0xff, 0x5e, 0x18, 0xdc, 0x5e, 0x2f, 0xff, 0x5e, 0x18, 0xff, 0x5e, 0x18, 0xd8, 0x5e, 0x01, 0xff,
	0x5e, 0x18, 0xff, 0x5e, 0x18, 0xdc, 0x5e, 0x2f, 0xff, 0x5e, 0x18, 0xff, 0x5e, 0x18, 0xd8, 0x5e,
	0x01, 0xff, 0x5e, 0x18, 0xff, 0x5e, 0x18, 0xdc, 0x5e, 0x2f, 0xff, 0x5e, 0x18, 0xff, 0x5e, 0x18,
	0xd8, 0x5e, 0x01, 0xff, 0x5e, 0x18, 0xff, 0x5e, 0x18, 0xe6, 0x5e, 0x2f, 0xff, 0x5e, 0x18, 0xff,
	0x5e, 0x18, 0xd8, 0x5e, 0x01, 0xff, 0x5e, 0x18, 0xff, 0x5e, 0x18, 0xdc, 0x5e, 0x2f, 0xff, 0x5e,
	0x18, 0xff, 0x5e, 0x18, 0xd8, 0x5e, 0x01, 0xff, 0x5e, 0x18, 0xff, 0x5e, 0x18, 0xdc, 0x5e, 0x2f,
	0xff, 0x5e, 0x18, 0xff, 0x5e, 0x18, 0xd8, 0x5e, 0x01, 0xff, 0x5e, 0x18, 0x83, 0x5e, 0x18, 0x00,
	0x69, 0xff, 0xc2, 0x02, 0xd0, 0x64, 0x01, 0x09, 0x00, 0x5e, 0x80, 0xd6, 0x83, 0xdb, 0xe0, 0x80,
	0x00, 0x00, 0xff, 0x60, 0x18, 0xff, 0x60, 0x18, 0xdd, 0x66, 0x01, 0x8d, 0x2a, 0x04, 0xfb, 0x62,
	0x18, 0x00, 0x02, 0xff, 0x62, 0x18, 0x82, 0x01, 0x00, 0xff, 0x62, 0x18, 0xff, 0x01, 0x00, 0xf9,
	0x01, 0x00, 0x93, 0x62, 0x18, 0x8f, 0x62, 0x18, 0x00, 0x64, 0xff, 0x62, 0x18, 0xe0, 0xa4, 0x03,
	0x8f, 0xc0, 0x0e, 0xff, 0x64, 0x18, 0xff, 0x60, 0x01, 0xc5, 0x60, 0x01, 0x00, 0xe8, 0x8e, 0x6a,
	0x06, 0xf3, 0x66, 0x18, 0x02, 0x64, 0x02, 0x60, 0xff, 0xd0, 0x07, 0xd8, 0x66, 0x01, 0xff, 0x68,
	0x18, 0xff, 0x68, 0x18, 0xd9, 0x60, 0x01, 0xff, 0x6a, 0x18, 0x81, 0x6a, 0x18, 0x01, 0xc4, 0x03,
	0xff, 0xc6, 0x02, 0xd7, 0x66, 0x01, 0x00, 0xf0, 0x90, 0x2c, 0x04, 0xff, 0x6c, 0x18, 0xff, 0x60,
	0x01, 0xc7, 0x60, 0x01, 0x8f, 0x26, 0x04, 0xf1, 0x6e, 0x18, 0x02, 0x24, 0x05, 0x65, 0xff, 0xc6,
	0x02, 0xd8, 0x66, 0x01, 0x8f, 0x2c, 0x04, 0xff, 0x70, 0x18, 0xff, 0x60, 0x01, 0xc5, 0x60, 0x01,
	0x00, 0xf8, 0x90, 0x26, 0x04, 0xfb, 0x72, 0x18, 0x01, 0x89, 0x06, 0xff, 0x96, 0x05, 0xd9, 0x70,
	0x01, 0xff, 0x74, 0x18, 0xff, 0x74, 0x18, 0xd9, 0x60, 0x01, 0xff, 0x76, 0x18, 0x81, 0x76, 0x18,
	0x01, 0xe9, 0x07, 0xff, 0xc6, 0x02, 0xd1, 0x66, 0x01, 0x00, 0x01, 0x82, 0x66, 0x01, 0x00, 0xe1,
	0x90, 0xf2, 0x12, 0xff, 0x78, 0x18, 0xff, 0x60, 0x01, 0xc7, 0x60, 0x01, 0x8f, 0x26, 0x04, 0xf1,
	0x7a, 0x18, 0x01, 0x49, 0x09, 0xff, 0xc6, 0x02, 0xd9, 0x66, 0x01, 0x8f, 0x2c, 0x04, 0xff, 0x7c,
	0x18, 0xff, 0x60, 0x01, 0xc5, 0x60, 0x01, 0x00, 0xe9, 0x90, 0x26, 0x04, 0xf1, 0x7e, 0x18, 0x00,
	0xa9, 0xff, 0x7e, 0x18, 0xda, 0x66, 0x01, 0xff, 0xde, 0x30, 0xff, 0x7e, 0x18, 0xdf, 0x66, 0x01,
	0xff, 0xe0, 0x30, 0x89, 0x7e, 0x18, 0x00, 0x10, 0xff, 0x7e, 0x18, 0x82, 0x01, 0x00, 0xff, 0x7e,
	0x18, 0xff, 0x01, 0x00, 0xf9, 0x01, 0x00, 0x93, 0x7e, 0x18, 0xff, 0x7e, 0x18, 0xf1, 0xa4, 0x03,
	0x00, 0xf1, 0x90, 0xcc, 0x0e, 0xff, 0x7e, 0x18, 0xff, 0x60, 0x01, 0xc7, 0x60, 0x01, 0x8f, 0xf2,
	0x12, 0xff, 0x7e, 0x18, 0xff, 0x66, 0x01, 0xcd, 0x66, 0x01, 0x8f, 0xf2, 0x12, 0xff, 0x7e, 0x18,
	0xff, 0x60, 0x01, 0xc5, 0x60, 0x01, 0x00, 0xf9, 0x90, 0x26, 0x04, 0xff, 0x7e, 0x18, 0xff, 0x66,
	0x01, 0xcd, 0x66, 0x01, 0xff, 0xea, 0x30, 0xff, 0x7e, 0x18, 0xd9, 0x60, 0x01, 0xff, 0xec, 0x30,
	0xff, 0x7e, 0x18, 0xd9, 0x70, 0x4d, 0x81, 0x66, 0x01, 0x00, 0xe2, 0x90, 0x2c, 0x04, 0xff, 0x7e,
	0x18, 0xff, 0x60, 0x01, 0xc7, 0x60, 0x01, 0x8f, 0x26, 0x04, 0xff, 0x7e, 0x18, 0xff, 0x70, 0x01,
	0xd7, 0x70, 0x01, 0x8f, 0xf2, 0x12, 0xff, 0x7e, 0x18, 0xff, 0x60, 0x01, 0xc5, 0x60, 0x01, 0x00,
	0xea, 0x90, 0xf2, 0x12, 0xff, 0x7e, 0x18, 0xff, 0x66, 0x01, 0xcd, 0x66, 0x01, 0xff, 0xf6, 0x30,
	0xff, 0x7e, 0x18, 0xd9, 0x60, 0x01, 0xff, 0xf8, 0x30, 0xff, 0x7e, 0x18, 0xdd, 0x66, 0x01, 0x00,
	0xf2, 0x90, 0x2c, 0x04, 0xff, 0x7e, 0x18, 0xff, 0x60, 0x01, 0xc7, 0x60, 0x01, 0x8f, 0x26, 0x04,
	0xff, 0x7e, 0x18, 0xff, 0x66, 0x01, 0xcd, 0x66, 0x01, 0x8f, 0x2c, 0x04, 0xff, 0x7e, 0x18, 0xff,
	0x66, 0x01, 0xcb, 0x66, 0x01, 0x00, 0xfa, 0x8e, 0x2c, 0x04, 0xff, 0x7e, 0x18, 0xff, 0x7e, 0x18,
	0xff, 0x7e, 0x18, 0xff, 0x01, 0x00, 0xfb, 0x01, 0x00, 0x93, 0x7e, 0x18, 0xff, 0x7e, 0x18, 0xf3,
	0xa4, 0x03, 0xff, 0x60, 0x49, 0xff, 0x7e, 0x18, 0xd9, 0x60, 0x01, 0xff, 0x62, 0x49, 0xff, 0x7e,
	0x18, 0xd7, 0x66, 0x01, 0x00, 0x03, 0x82, 0x66, 0x01, 0x00, 0xe3, 0x90, 0xf2, 0x12, 0xff, 0x7e,
	0x18, 0xff, 0x60, 0x01, 0xc7, 0x60, 0x01, 0x8f, 0x26, 0x04, 0xff, 0x7e, 0x18, 0xff, 0x66, 0x01,
	0xcd, 0x66, 0x01, 0x8f, 0x2c, 0x04, 0xff, 0x7e, 0x18, 0xff, 0x60, 0x01, 0xc5, 0x60, 0x01, 0x00,
	0xeb, 0x90, 0x26, 0x04, 0xff, 0x7e, 0x18, 0xff, 0x66, 0x01, 0xcd, 0x66, 0x01, 0xff, 0x6c, 0x49,
	0xff, 0x7e, 0x18, 0xd9, 0x60, 0x01, 0xff, 0x6e, 0x49, 0xff, 0x7e, 0x18, 0xe7, 0x70, 0x01, 0x00,
	0xf3, 0x90, 0xf2, 0x12, 0xff, 0x7e, 0x18, 0xff, 0x60, 0x01, 0xc7, 0x60, 0x01, 0x8f, 0xf2, 0x12,
	0xff, 0x7e, 0x18, 0xff, 0x66, 0x01, 0xcd, 0x66, 0x01, 0x8f, 0xf2, 0x12, 0xff, 0x7e, 0x18, 0xff,
	0x60, 0x01, 0xc5, 0x60, 0x01, 0x00, 0xfb, 0x90, 0x26, 0x04, 0xff, 0x7e, 0x18, 0xff, 0x66, 0x01,
	0xcd, 0x66, 0x01, 0xff, 0x78, 0x49, 0xff, 0x7e, 0x18, 0xd9, 0x60, 0x01, 0xff, 0x7a, 0x49, 0xff,
	0x7e, 0x18, 0xd7, 0x66, 0x01, 0x00, 0x04, 0x82, 0x66, 0x01, 0x00, 0xe4, 0xff, 0x7a, 0x49, 0xff,
	0x7e, 0x18, 0xe0, 0x66, 0x01, 0xff, 0x7a, 0x49, 0xff, 0x7e, 0x18, 0xff, 0x7e, 0x18, 0xff, 0x01,
	0x00, 0xff, 0x01, 0x00, 0x89, 0x01, 0x00, 0x93, 0x7e, 0x18, 0xff, 0x7e, 0x18, 0xf3, 0xa4, 0x03,
	0xff, 0x7a, 0x49, 0xff, 0x7e, 0x18, 0xd7, 0x60, 0x01, 0x00, 0xec, 0xff, 0x7a, 0x49, 0xff, 0x7e,
	0x18, 0xe0, 0x66, 0x01, 0xff, 0x7a, 0x49, 0xff, 0x7e, 0x18, 0xd9, 0x60, 0x01, 0xff, 0x7a, 0x49,
	0xff, 0x7e, 0x18, 0xdd, 0x66, 0x01, 0x00, 0xf4, 0xff, 0x7a, 0x49, 0xff, 0x7e, 0x18, 0xda, 0x60,
	0x01, 0xff, 0x7a, 0x49, 0xff, 0x7e, 0x18, 0xdf, 0x66, 0x01, 0xff, 0x7a, 0x49, 0xff, 0x7e, 0x18,
	0xd7, 0x60, 0x01, 0x00, 0xfc, 0xff, 0x7a, 0x49, 0xff, 0x7e, 0x18, 0xea, 0x70, 0x01, 0xff, 0x7a,
	0x49, 0xff, 0x7e, 0x18, 0xd9, 0x60, 0x01, 0xff, 0x7a, 0x49, 0xff, 0x7e, 0x18, 0xd7, 0x66, 0x01,
	0x00, 0x05, 0x82, 0x66, 0x01, 0x00, 0xe5, 0xff, 0x7a, 0x49, 0xff, 0x7e, 0x18, 0xda, 0x60, 0x01,
	0xff, 0x7a, 0x49, 0xff, 0x7e, 0x18, 0xdf, 0x66, 0x01, 0xff, 0x7a, 0x49, 0xff, 0x7e, 0x18, 0xd7,
	0x60, 0x01, 0x00, 0xed, 0xff, 0x7a, 0x49, 0xff, 0x7e, 0x18, 0xe0, 0x66, 0x01, 0xff, 0x7a, 0x49,
	0xff, 0x7e, 0x18, 0xdf, 0x66, 0x01, 0xff, 0x7a, 0x49, 0xff, 0x7e, 0x18, 0xff, 0x7e, 0x18, 0xff,
	0x01, 0x00, 0xff, 0x01, 0x00, 0x89, 0x01, 0x00, 0x93, 0x7e, 0x18, 0xff, 0x7e, 0x18, 0xf1, 0xa4,
	0x03, 0x00, 0xf5, 0xff, 0x7a, 0x49, 0xff, 0x7e, 0x18, 0xda, 0x60, 0x01, 0xff, 0x7a, 0x49, 0xff,
	0x7e, 0x18, 0xdf, 0x66, 0x01, 0xff, 0x7a, 0x49, 0xff, 0x7e, 0x18, 0xd7, 0x60, 0x01, 0x00, 0xfd,
	0xff, 0x7a, 0x49, 0xff, 0x7e, 0x18, 0xe0, 0x66, 0x01, 0xff, 0x7a, 0x49, 0xff, 0x7e, 0x18, 0xd9,
	0x60, 0x01, 0xff, 0x7a, 0x49, 0xff, 0x7e, 0x18, 0xd7, 0x66, 0x01, 0x84, 0x4a, 0x6a, 0x00, 0x82,
	0xff, 0x7a, 0x49, 0xff, 0x7e, 0x18, 0xd9, 0x60, 0x01, 0xff, 0x7a, 0x49, 0xff, 0x7e, 0x18, 0xe9,
	0x70, 0x01, 0xff, 0x7a, 0x49, 0xff, 0x7e, 0x18, 0xd7, 0x60, 0x01, 0x00, 0xe8, 0x8e, 0x30, 0x04,
	0xff, 0x7e, 0x18, 0xff, 0x66, 0x01, 0xcf, 0x66, 0x01, 0xff, 0x7a, 0x49, 0xff, 0x7e, 0x18, 0xd9,
	0x60, 0x01, 0xff, 0x7a, 0x49, 0xff, 0x7e, 0x18, 0xdd, 0x66, 0x01, 0x00, 0xf0, 0x90, 0x2c, 0x04,
	0xff, 0x7e, 0x18, 0xff, 0x60, 0x01, 0xc7, 0x60, 0x01, 0xff, 0x7a, 0x49, 0xff, 0x7e, 0x18, 0xdf,
	0x66, 0x01, 0xff, 0x7a, 0x49, 0xff, 0x7e, 0x18, 0xdd, 0x66, 0x01, 0x00, 0xf8, 0x8e, 0x2c, 0x04,
	0xff, 0x7e, 0x18, 0xff, 0x7e, 0x18, 0xff, 0x7e, 0x18, 0xff, 0x01, 0x00, 0xfb, 0x01, 0x00, 0x93,
	0x7e, 0x18, 0xff, 0x7e, 0x18, 0xf3, 0xa4, 0x03, 0xff, 0x7a, 0x49, 0xff, 0x7e, 0x18, 0xd9, 0x60,
	0x01, 0xff, 0x7a, 0x49, 0xff, 0x7e, 0x18, 0xd7, 0x66, 0x01, 0x84, 0x8e, 0x6c, 0x90, 0xf2, 0x12,
	0xff, 0x7e, 0x18, 0xff, 0x60, 0x01, 0xc7, 0x60, 0x01, 0xff, 0x7a, 0x49, 0xff, 0x7e, 0x18, 0xdf,
	0x66, 0x01, 0xff, 0x7a, 0x49, 0xff, 0x7e, 0x18, 0xd7, 0x60, 0x01, 0x00, 0xe9, 0x90, 0x26, 0x04,
	0xff, 0x7e, 0x18, 0xff, 0x66, 0x01, 0xcd, 0x66, 0x01, 0xff, 0x7a, 0x49, 0xff, 0x7e, 0x18, 0xd9,
	0x60, 0x01, 0xff, 0x7a, 0x49, 0xff, 0x7e, 0x18, 0xe7, 0x70, 0x01, 0x00, 0xf1, 0x90, 0xf2, 0x12,
	0xff, 0x7e, 0x18, 0xff, 0x60, 0x01, 0xc7, 0x60, 0x01, 0xff, 0x7a, 0x49, 0xff, 0x7e, 0x18, 0xdf,
	0x66, 0x01, 0xff, 0x7a, 0x49, 0xff, 0x7e, 0x18, 0xd7, 0x60, 0x01, 0x00, 0xf9, 0x90, 0x26, 0x04,
	0xff, 0x7e, 0x18, 0xff, 0x66, 0x01, 0xcd, 0x66, 0x01, 0xff, 0x7a, 0x49, 0xff, 0x7e, 0x18, 0xd9,
	0x60, 0x01, 0xff, 0x7a, 0x49, 0xff, 0x7e, 0x18, 0xd7, 0x66, 0x01, 0x84, 0x4a, 0x6a, 0x90, 0x2c,
	0x04, 0xff, 0x7e, 0x18, 0xff, 0x66, 0x01, 0xcd, 0x66, 0x01, 0xff, 0x7a, 0x49, 0xff, 0x7e, 0x18,
	0xff, 0x7e, 0x18, 0xff, 0x01, 0x00, 0xff, 0x01, 0x00, 0x89, 0x01, 0x00, 0x93, 0x7e, 0x18, 0xff,
	0x7e, 0x18, 0xf3, 0xa4, 0x03, 0xff, 0x7a, 0x49, 0xff, 0x7e, 0x18, 0xd7, 0x60, 0x01, 0x00, 0xea,
	0x90, 0xf2, 0x12, 0xff, 0x7e, 0x18, 0xff, 0x66, 0x01, 0xcd, 0x66, 0x01, 0xff, 0x7a, 0x49, 0xff,
	0x7e, 0x18, 0xd9, 0x60, 0x01, 0xff, 0x7a, 0x49, 0xff, 0x7e, 0x18, 0xdd, 0x66, 0x01, 0x00, 0xf2,
	0x90, 0x2c, 0x04, 0xff, 0x7e, 0x18, 0xff, 0x60, 0x01, 0xc7, 0x60, 0x01, 0xff, 0x7a, 0x49, 0xff,
	0x7e, 0x18, 0xdf, 0x66, 0x01, 0xff, 0x7a, 0x49, 0xff, 0x7e, 0x18, 0xd7, 0x60, 0x01, 0x00, 0xfa,
	0x90, 0x26, 0x04, 0xff, 0x7e, 0x18, 0xff, 0x70, 0x01, 0xd7, 0x70, 0x01, 0xff, 0x7a, 0x49, 0xff,
	0x7e, 0x18, 0xd9, 0x60, 0x01, 0xff, 0x7a, 0x49, 0xff, 0x7e, 0x18, 0xd7, 0x66, 0x01, 0x84, 0x54,
	0x6a, 0x90, 0xf2, 0x12, 0xff, 0x7e, 0x18, 0xff, 0x60, 0x01, 0xc7, 0x60, 0x01, 0xff, 0x7a, 0x49,
	0xff, 0x7e, 0x18, 0xdf, 0x66, 0x01, 0xff, 0x7a, 0x49, 0xff, 0x7e, 0x18, 0xd7, 0x60, 0x01, 0x00,
	0xeb, 0x90, 0x26, 0x04, 0xff, 0x7e, 0x18, 0xff, 0x66, 0x01, 0xcd, 0x66, 0x01, 0xff, 0x7a, 0x49,
	0xff, 0x7e, 0x18, 0xdf, 0x66, 0x01, 0xff, 0x7a, 0x49, 0xff, 0x7e, 0x18, 0xff, 0x7e, 0x18, 0xff,
	0x01, 0x00, 0xff, 0x01, 0x00, 0x89, 0x01, 0x00, 0x93, 0x7e, 0x18, 0xff, 0x7e, 0x18, 0xf1, 0xa4,
	0x03, 0x00, 0xf3, 0x90, 0xcc, 0x0e, 0xff, 0x7e, 0x18, 0xff, 0x60, 0x01, 0xc7, 0x60, 0x01, 0xff,
	0x7a, 0x49, 0xff, 0x7e, 0x18, 0xdf, 0x66, 0x01, 0xff, 0x7a, 0x49, 0xff, 0x7e, 0x18, 0xd7, 0x60,
	0x01, 0x00, 0xfb, 0x90, 0x26, 0x04, 0xff, 0x7e, 0x18, 0xff, 0x66, 0x01, 0xcd, 0x66, 0x01, 0xff,
	0x7a, 0x49, 0xff, 0x7e, 0x18, 0xd9, 0x60, 0x01, 0xff, 0x7a, 0x49, 0xff, 0x7e, 0x18, 0xd7, 0x66,
	0x01, 0x84, 0x4a, 0x6a, 0xff, 0x7a, 0x49, 0xff, 0x7e, 0x18, 0xda, 0x60, 0x01, 0xff, 0x7a, 0x49,
	0xff, 0x7e, 0x18, 0xe9, 0x70, 0x01, 0xff, 0x7a, 0x49, 0xff, 0x7e, 0x18, 0xd7, 0x60, 0x01, 0x00,
	0xec, 0xff, 0x7a, 0x49, 0xff, 0x7e, 0x18, 0xe0, 0x66, 0x01, 0xff, 0x7a, 0x49, 0xff, 0x7e, 0x18,
	0xd9, 0x60, 0x01, 0xff, 0x7a, 0x49, 0xff, 0x7e, 0x18, 0xdd, 0x66, 0x01, 0x00, 0xf4, 0xff, 0x7a,
	0x49, 0xff, 0x7e, 0x18, 0xda, 0x60, 0x01, 0xff, 0x7a, 0x49, 0xff, 0x7e, 0x18, 0xdf, 0x66, 0x01,
	0xff, 0x7a, 0x49, 0xff, 0x7e, 0x18, 0xdd, 0x66, 0x01, 0x00, 0xfc, 0xff, 0x7a, 0x49, 0xff, 0x7e,
	0x18, 0x86, 0x10, 0x00, 0xff, 0x7e, 0x18, 0xff, 0x01, 0x00, 0xff, 0x01, 0x00, 0x81, 0x01, 0x00,
	0x93, 0x7e, 0x18, 0xff, 0x7e, 0x18, 0xf3, 0xa4, 0x03, 0xff, 0x7a, 0x49, 0xff, 0x7e, 0x18, 0xd9,
	0x60, 0x01, 0xff, 0x7a, 0x49, 0xff, 0x7e, 0x18, 0xd7, 0x66, 0x01, 0x84, 0x8e, 0x6c, 0xff, 0x7a,
	0x49, 0xff, 0x7e, 0x18, 0xda, 0x60, 0x01, 0xff, 0x7a, 0x49, 0xff, 0x7e, 0x18, 0xdf, 0x66, 0x01,
	0xff, 0x7a, 0x49, 0xff, 0x7e, 0x18, 0xd7, 0x60, 0x01, 0x00, 0xed, 0xff, 0x7a, 0x49, 0xff, 0x7e,
	0x18, 0xe0, 0x66, 0x01, 0xff, 0x7a, 0x49, 0xff, 0x7e, 0x18, 0xd9, 0x60, 0x01, 0xff, 0x7a, 0x49,
	0xff, 0x7e, 0x18, 0xe7, 0x70, 0x01, 0x00, 0xf5, 0xff, 0x7a, 0x49, 0xff, 0x7e, 0x18, 0xda, 0x60,
	0x01, 0xff, 0x7a, 0x49, 0xff, 0x7e, 0x18, 0xdf, 0x66, 0x01, 0xff, 0x7a, 0x49, 0xff, 0x7e, 0x18,
	0xd7, 0x60, 0x01, 0x00, 0xfd, 0xff, 0x7a, 0x49, 0xff, 0x7e, 0x18, 0xe0, 0x66, 0x01, 0xff, 0x7a,
	0x49, 0xff, 0x7e, 0x18, 0xd9, 0x60, 0x01, 0xff, 0x7a, 0x49, 0xff, 0x7e, 0x18, 0xd7, 0x66, 0x01,
	0x84, 0x4a, 0x6a, 0x00, 0x84, 0xff, 0x7a, 0x49, 0xff, 0x7e, 0x18, 0xdf, 0x66, 0x01, 0xff, 0x7a,
	0x49, 0xff, 0x7e, 0x18, 0xff, 0x7e, 0x18, 0xff, 0x01, 0x00, 0xff, 0x01, 0x00, 0x89, 0x01, 0x00,
	0x93, 0x7e, 0x18, 0xff, 0x7e, 0x18, 0xf3, 0xa4, 0x03, 0xff, 0x7a, 0x49, 0xff, 0x7e, 0x18, 0xd7,
	0x60, 0x01, 0x00, 0xe8, 0x8e, 0x6a, 0x06, 0xff, 0x7e, 0x18, 0xff, 0x66, 0x01, 0xcf, 0x66, 0x01,
	0xff, 0x7a, 0x49, 0xff, 0x7e, 0x18, 0xd9, 0x60, 0x01, 0xff, 0x7a, 0x49, 0xff, 0x7e, 0x18, 0xdd,
	0x66, 0x01, 0x00, 0xf0, 0x90, 0x2c, 0x04, 0xff, 0x7e, 0x18, 0xff, 0x60, 0x01, 0xc7, 0x60, 0x01,
	0xff, 0x7a, 0x49, 0xff, 0x7e, 0x18, 0xdf, 0x66, 0x01, 0xff, 0x7a, 0x49, 0xff, 0x7e, 0x18, 0xd7,
	0x60, 0x01, 0x00, 0xf8, 0x90, 0x26, 0x04, 0xff, 0x7e, 0x18, 0xff, 0x70, 0x01, 0xd7, 0x70, 0x01,
	0xff, 0x7a, 0x49, 0xff, 0x7e, 0x18, 0xd9, 0x60, 0x01, 0xff, 0x7a, 0x49, 0xff, 0x7e, 0x18, 0xd7,
	0x66, 0x01, 0x84, 0x54, 0x6a, 0x90, 0xf2, 0x12, 0xff, 0x7e, 0x18, 0xff, 0x60, 0x01, 0xc7, 0x60,
	0x01, 0xff, 0x7a, 0x49, 0xff, 0x7e, 0x18, 0xdf, 0x66, 0x01, 0xff, 0x7a, 0x49, 0xff, 0x7e, 0x18,
	0xd7, 0x60, 0x01, 0x00, 0xe9, 0x90, 0x26, 0x04, 0xff, 0x7e, 0x18, 0xff, 0x66, 0x01, 0xcd, 0x66,
	0x01, 0xff, 0x7a, 0x49, 0xff, 0x7e, 0x18, 0xdf, 0x66, 0x01, 0xff, 0x7a, 0x49, 0xff, 0x7e, 0x18,
	0xff, 0x7e, 0x18, 0xff, 0x01, 0x00, 0xff, 0x01, 0x00, 0x89, 0x01, 0x00, 0x93, 0x7e, 0x18, 0xff,
	0x7e, 0x18, 0xf1, 0xa4, 0x03, 0x00, 0xf1, 0x90, 0xcc, 0x0e, 0xff, 0x7e, 0x18, 0xff, 0x60, 0x01,
	0xc7, 0x60, 0x01, 0xff, 0x7a, 0x49, 0xff, 0x7e, 0x18, 0xdf, 0x66, 0x01, 0xff, 0x7a, 0x49, 0xff,
	0x7e, 0x18, 0xd7, 0x60, 0x01, 0x00, 0xf9, 0x90, 0x26, 0x04, 0xff, 0x7e, 0x18, 0xff, 0x66, 0x01,
	0xcd, 0x66, 0x01, 0xff, 0x7a, 0x49, 0xff, 0x7e, 0x18, 0xd9, 0x60, 0x01, 0xff, 0x7a, 0x49, 0xff,
	0x7e, 0x18, 0xd7, 0x66, 0x01, 0x84, 0x4a, 0x6a, 0x90, 0x2c, 0x04, 0xff, 0x7e, 0x18, 0xff, 0x60,
	0x01, 0xc7, 0x60, 0x01, 0xff, 0x7a, 0x49, 0xff, 0x7e, 0x18, 0xe9, 0x70, 0x01, 0xff, 0x7a, 0x49,
	0xff, 0x7e, 0x18, 0xd7, 0x60, 0x01, 0x00, 0xea, 0x90, 0xf2, 0x12, 0xff, 0x7e, 0x18, 0xff, 0x66,
	0x01, 0xcd, 0x66, 0x01, 0xff, 0x7a, 0x49, 0xff, 0x7e, 0x18, 0xd9, 0x60, 0x01, 0xff, 0x7a, 0x49,
	0xff, 0x7e, 0x18, 0xdd, 0x66, 0x01, 0x00, 0xf2, 0x90, 0x2c, 0x04, 0xff, 0x7e, 0x18, 0xff, 0x60,
	0x01, 0xc7, 0x60, 0x01, 0xff, 0x7a, 0x49, 0xff, 0x7e, 0x18, 0xdf, 0x66, 0x01, 0xff, 0x7a, 0x49,
	0xff, 0x7e, 0x18, 0xdd, 0x66, 0x01, 0x00, 0xfa, 0x8e, 0x2c, 0x04, 0xff, 0x7e, 0x18, 0xff, 0x7e,
	0x18, 0xff, 0x7e, 0x18, 0xff, 0x01, 0x00, 0xfb, 0x01, 0x00, 0x93, 0x7e, 0x18, 0xff, 0x7e, 0x18,
	0xf3, 0xa4, 0x03, 0xff, 0x7a, 0x49, 0xff, 0x7e, 0x18, 0xd9, 0x60, 0x01, 0xff, 0x7a, 0x49, 0xff,
	0x7e, 0x18, 0xd7, 0x66, 0x01, 0x84, 0x8e, 0x6c, 0x90, 0xf2, 0x12, 0xff, 0x7e, 0x18, 0xff, 0x60,
	0x01, 0xc7, 0x60, 0x01, 0xff, 0x7a, 0x49, 0xff, 0x7e, 0x18, 0xdf, 0x66, 0x01, 0xff, 0x7a, 0x49,
	0xff, 0x7e, 0x18, 0xd7, 0x60, 0x01, 0x00, 0xeb, 0x90, 0x26, 0x04, 0xff, 0x7e, 0x18, 0xff, 0x66,
	0x01, 0xcd, 0x66, 0x01, 0xff, 0x7a, 0x49, 0xff, 0x7e, 0x18, 0xd9, 0x60, 0x01, 0xff, 0x7a, 0x49,
	0xff, 0x7e, 0x18, 0xe7, 0x70, 0x01, 0x00, 0xf3, 0x90, 0xf2, 0x12, 0xff, 0x7e, 0x18, 0xff, 0x60,
	0x01, 0xc7, 0x60, 0x01, 0xff, 0x7a, 0x49, 0xff, 0x7e, 0x18, 0xdf, 0x66, 0x01, 0xff, 0x7a, 0x49,
	0xff, 0x7e, 0x18, 0xd7, 0x60, 0x01, 0x00, 0xfb, 0x90, 0x26, 0x04, 0xff, 0x7e, 0x18, 0xff, 0x66,
	0x01, 0xcd, 0x66, 0x01, 0xff, 0x7a, 0x49, 0xff, 0x7e, 0x18, 0xd9, 0x60, 0x01, 0xff, 0x7a, 0x49,
	0xff, 0x7e, 0x18, 0xd7, 0x66, 0x01, 0x84, 0x4a, 0x6a, 0xff, 0x7a, 0x49, 0xff, 0x7e, 0x18, 0xe0,
	0x66, 0x01, 0xff, 0x7a, 0x49, 0xff, 0x7e, 0x18, 0xff, 0x7e, 0x18, 0xff, 0x01, 0x00, 0xff, 0x01,
	0x00, 0x89, 0x01, 0x00, 0x93, 0x7e, 0x18, 0xff, 0x7e, 0x18, 0xf3, 0xa4, 0x03, 0xff, 0x7a, 0x49,
	0xff, 0x7e, 0x18, 0xd7, 0x60, 0x01, 0x00, 0xec, 0xff, 0x7a, 0x49, 0xff, 0x7e, 0x18, 0xe0, 0x66,
	0x01, 0xff, 0x7a, 0x49, 0xff, 0x7e, 0x18, 0xd9, 0x60, 0x01, 0xff, 0x7a, 0x49, 0xff, 0x7e, 0x18,
	0xdd, 0x66, 0x01, 0x00, 0xf4, 0xff, 0x7a, 0x49, 0xff, 0x7e, 0x18, 0xda, 0x60, 0x01, 0xff, 0x7a,
	0x49, 0xff, 0x7e, 0x18, 0xdf, 0x66, 0x01, 0xff, 0x7a, 0x49, 0xff, 0x7e, 0x18, 0xd7, 0x60, 0x01,
	0x00, 0xfc, 0xff, 0x7a, 0x49, 0xff, 0x7e, 0x18, 0xea, 0x70, 0x01, 0xff, 0x7a, 0x49, 0xff, 0x7e,
	0x18, 0xd9, 0x60, 0x01, 0xff, 0x7a, 0x49, 0xff, 0x7e, 0x18, 0xd7, 0x66, 0x01, 0x84, 0x54, 0x6a,
	0xff, 0x7a, 0x49, 0xff, 0x7e, 0x18, 0xda, 0x60, 0x01, 0xff, 0x7a, 0x49, 0xff, 0x7e, 0x18, 0xdf,
	0x66, 0x01, 0xff, 0x7a, 0x49, 0xff, 0x7e, 0x18, 0xd7, 0x60, 0x01, 0x00, 0xed, 0xff, 0x7a, 0x49,
	0xff, 0x7e, 0x18, 0xe0, 0x66, 0x01, 0xff, 0x7a, 0x49, 0xff, 0x7e, 0x18, 0xdf, 0x66, 0x01, 0xff,
	0x7a, 0x49, 0xff, 0x7e, 0x18, 0xff, 0x7e, 0x18, 0xff, 0x01, 0x00, 0xff, 0x01, 0x00, 0x89, 0x01,
	0x00, 0x93, 0x7e, 0x18, 0xff, 0x7e, 0x18, 0xf1, 0xa4, 0x03, 0x00, 0xf5, 0xff, 0x7a, 0x49, 0xff,
	0x7e, 0x18, 0xda, 0x60, 0x01, 0xff, 0x7a, 0x49, 0xff, 0x7e, 0x18, 0xdf, 0x66, 0x01, 0xff, 0x7a,
	0x49, 0xff, 0x7e, 0x18, 0xd7, 0x60, 0x01, 0x00, 0xfd, 0xff, 0x7a, 0x49, 0xff, 0x7e, 0x18, 0xe0,
	0x66, 0x01, 0xff, 0x7a, 0x49, 0xff, 0x7e, 0x18, 0xd9, 0x60, 0x01, 0xff, 0x7a, 0x49, 0xff, 0x7e,
	0x18, 0xd7, 0x66, 0x01, 0x84, 0x4a, 0x6a, 0x00, 0x86, 0xff, 0x7a, 0x49, 0xff, 0x7e, 0x18, 0xd9,
	0x60, 0x01, 0xff, 0x7a, 0x49, 0xff, 0x7e, 0x18, 0xe9, 0x70, 0x01, 0xff, 0x7a, 0x49, 0xff, 0x7e,
	0x18, 0xd7, 0x60, 0x01, 0x00, 0xe8, 0x8e, 0x30, 0x04, 0xff, 0x7e, 0x18, 0xff, 0x66, 0x01, 0xcf,
	0x66, 0x01, 0xff, 0x7a, 0x49, 0xff, 0x7e, 0x18, 0xd9, 0x60, 0x01, 0xff, 0x7a, 0x49, 0xff, 0x7e,
	0x18, 0xdd, 0x66, 0x01, 0x00, 0xf0, 0x90, 0x2c, 0x04, 0xff, 0x7e, 0x18, 0xff, 0x60, 0x01, 0xc7,
	0x60, 0x01, 0xff, 0x7a, 0x49, 0xff, 0x7e, 0x18, 0xdf, 0x66, 0x01, 0xff, 0x7a, 0x49, 0xff, 0x7e,
	0x18, 0xdd, 0x66, 0x01, 0x00, 0xf8, 0x8e, 0x2c, 0x04, 0xff, 0x7e, 0x18, 0xff, 0x7e, 0x18, 0xff,
	0x7e, 0x18, 0xff, 0x01, 0x00, 0xfb, 0x01, 0x00, 0x93, 0x7e, 0x18, 0xff, 0x7e, 0x18, 0xf3, 0xa4,
	0x03, 0xff, 0x7a, 0x49, 0xff, 0x7e, 0x18, 0xd9, 0x60, 0x01, 0xff, 0x7a, 0x49, 0xff, 0x7e, 0x18,
	0xd7, 0x66, 0x01, 0x84, 0x8e, 0x6c, 0x90, 0xf2, 0x12, 0xff, 0x7e, 0x18, 0xff, 0x60, 0x01, 0xc7,
	0x60, 0x01, 0xff, 0x7a, 0x49, 0xff, 0x7e, 0x18, 0xdf, 0x66, 0x01, 0xff, 0x7a, 0x49, 0xff, 0x7e,
	0x18, 0xd7, 0x60, 0x01, 0x00, 0xe9, 0x90, 0x26, 0x04, 0xff, 0x7e, 0x18, 0xff, 0x66, 0x01, 0xcd,
	0x66, 0x01, 0xff, 0x7a, 0x49, 0xff, 0x7e, 0x18, 0xd9, 0x60, 0x01, 0xff, 0x7a, 0x49, 0xff, 0x7e,
	0x18, 0xe7, 0x70, 0x01, 0x00, 0xf1, 0x90, 0xf2, 0x12, 0xff, 0x7e, 0x18, 0xff, 0x60, 0x01, 0xc7,
	0x60, 0x01, 0xff, 0x7a, 0x49, 0xff, 0x7e, 0x18, 0xdf, 0x66, 0x01, 0xff, 0x7a, 0x49, 0xff, 0x7e,
	0x18, 0xd7, 0x60, 0x01, 0x00, 0xf9, 0x90, 0x26, 0x04, 0xff, 0x7e, 0x18, 0xff, 0x66, 0x01, 0xcd,
	0x66, 0x01, 0xff, 0x7a, 0x49, 0xff, 0x7e, 0x18, 0xd9, 0x60, 0x01, 0xff, 0x7a, 0x49, 0xff, 0x7e,
	0x18, 0xd7, 0x66, 0x01, 0x84, 0x4a, 0x6a, 0x90, 0x2c, 0x04, 0xff, 0x7e, 0x18, 0xff, 0x66, 0x01,
	0xcd, 0x66, 0x01, 0xff, 0x7a, 0x49, 0xff, 0x7e, 0x18, 0xff, 0x7e, 0x18, 0xff, 0x01, 0x00, 0xff,
	0x01, 0x00, 0x89, 0x01, 0x00, 0x93, 0x7e, 0x18, 0xff, 0x7e, 0x18, 0xf3, 0xa4, 0x03, 0xff, 0x7a,
	0x49, 0xff, 0x7e, 0x18, 0xd7, 0x60, 0x01, 0x00, 0xea, 0x90, 0xf2, 0x12, 0xff, 0x7e, 0x18, 0xff,
	0x66, 0x01, 0xcd, 0x66, 0x01, 0xff, 0x7a, 0x49, 0xff, 0x7e, 0x18, 0xd9, 0x60, 0x01, 0xff, 0x7a,
	0x49, 0xff, 0x7e, 0x18, 0xdd, 0x66, 0x01, 0x00, 0xf2, 0x90, 0x2c, 0x04, 0xff, 0x7e, 0x18, 0xff,
	0x60, 0x01, 0xc7, 0x60, 0x01, 0xff, 0x7a, 0x49, 0xff, 0x7e, 0x18, 0xdf, 0x66, 0x01, 0xff, 0x7a,
	0x49, 0xff, 0x7e, 0x18, 0xd7, 0x60, 0x01, 0x00, 0xfa, 0x90, 0x26, 0x04, 0xff, 0x7e, 0x18, 0xff,
	0x70, 0x01, 0xd7, 0x70, 0x01, 0xff, 0x7a, 0x49, 0xff, 0x7e, 0x18, 0xd9, 0x60, 0x01, 0xff, 0x7a,
	0x49, 0xff, 0x7e, 0x18, 0xd7, 0x66, 0x01, 0x84, 0x54, 0x6a, 0x90, 0xf2, 0x12, 0xff, 0x7e, 0x18,
	0xff, 0x60, 0x01, 0xc7, 0x60, 0x01, 0xff, 0x7a, 0x49, 0xff, 0x7e, 0x18, 0xdf, 0x66, 0x01, 0xff,
	0x7a, 0x49, 0xff, 0x7e, 0x18, 0xd7, 0x60, 0x01, 0x00, 0xeb, 0x90, 0x26, 0x04, 0xff, 0x7e, 0x18,
	0xff, 0x66, 0x01, 0xcd, 0x66, 0x01, 0xff, 0x7a, 0x49, 0xff, 0x7e, 0x18, 0xdf, 0x66, 0x01, 0xff,
	0x7a, 0x49, 0xff, 0x7e, 0x18, 0xff, 0x7e, 0x18, 0xff, 0x01, 0x00, 0xff, 0x01, 0x00, 0x89, 0x01,
	0x00, 0x93, 0x7e, 0x18, 0xff, 0x7e, 0x18, 0xf1, 0xa4, 0x03, 0x00, 0xf3, 0x90, 0xcc, 0x0e, 0xff,
	0x7e, 0x18, 0xff, 0x60, 0x01, 0xc7, 0x60, 0x01, 0xff, 0x7a, 0x49, 0xff, 0x7e, 0x18, 0xdf, 0x66,
	0x01, 0xff, 0x7a, 0x49, 0xff, 0x7e, 0x18, 0xd7, 0x60, 0x01, 0x00, 0xfb, 0x90, 0x26, 0x04, 0xff,
	0x7e, 0x18, 0xff, 0x66, 0x01, 0xcd, 0x66, 0x01, 0xff, 0x7a, 0x49, 0xff, 0x7e, 0x18, 0xd9, 0x60,
	0x01, 0xff, 0x7a, 0x49, 0xff, 0x7e, 0x18, 0xd7, 0x66, 0x01, 0x84, 0x4a, 0x6a, 0xff, 0x7a, 0x49,
	0xff, 0x7e, 0x18, 0xda, 0x60, 0x01, 0xff, 0x7a, 0x49, 0xff, 0x7e, 0x18, 0xe9, 0x70, 0x01, 0xff,
	0x7a, 0x49, 0xff, 0x7e, 0x18, 0xd7, 0x60, 0x01, 0x00, 0xec, 0xff, 0x7a, 0x49, 0xff, 0x7e, 0x18,
	0xe0, 0x66, 0x01, 0xff, 0x7a, 0x49, 0xff, 0x7e, 0x18, 0xd9, 0x60, 0x01, 0xff, 0x7a, 0x49, 0xff,
	0x7e, 0x18, 0xdd, 0x66, 0x01, 0x00, 0xf4, 0xff, 0x7a, 0x49, 0xff, 0x7e, 0x18, 0xda, 0x60, 0x01,
	0xff, 0x7a, 0x49, 0xff, 0x7e, 0x18, 0xdf, 0x66, 0x01, 0xff, 0x7a, 0x49, 0xff, 0x7e, 0x18, 0xdd,
	0x66, 0x01, 0x00, 0xfc, 0xff, 0x7a, 0x49, 0xff, 0x7e, 0x18, 0x86, 0x10, 0x00, 0xff, 0x7e, 0x18,
	0xff, 0x01, 0x00, 0xff, 0x01, 0x00, 0x81, 0x01, 0x00, 0x93, 0x7e, 0x18, 0xff, 0x7e, 0x18, 0xf3,
	0xa4, 0x03, 0xff, 0x7a, 0x49, 0xff, 0x7e, 0x18, 0xd9, 0x60, 0x01, 0xff, 0x7a, 0x49, 0xff, 0x7e,
	0x18, 0xd7, 0x66, 0x01, 0x84, 0x8e, 0x6c, 0xff, 0x7a, 0x49, 0xff, 0x7e, 0x18, 0xda, 0x60, 0x01,
	0xff, 0x7a, 0x49, 0xff, 0x7e, 0x18, 0xdf, 0x66, 0x01, 0xff, 0x7a, 0x49, 0xff, 0x7e, 0x18, 0xd7,
	0x60, 0x01, 0x00, 0xed, 0xff, 0x7a, 0x49, 0xff, 0x7e, 0x18, 0xe0, 0x66, 0x01, 0xff, 0x7a, 0x49,
	0xff, 0x7e, 0x18, 0xd9, 0x60, 0x01, 0xff, 0x7a, 0x49, 0xff, 0x7e, 0x18, 0xe7, 0x70, 0x01, 0x00,
	0xf5, 0xff, 0x7a, 0x49, 0xff, 0x7e, 0x18, 0xda, 0x60, 0x01, 0xff, 0x7a, 0x49, 0xff, 0x7e, 0x18,
	0xdf, 0x66, 0x01, 0xff, 0x7a, 0x49, 0xff, 0x7e, 0x18, 0xd7, 0x60, 0x01, 0x00, 0xfd, 0xff, 0x7a,
	0x49, 0xff, 0x7e, 0x18, 0xe0, 0x66, 0x01, 0xff, 0x7a, 0x49, 0xff, 0x7e, 0x18, 0xd9, 0x60, 0x01,
	0xff, 0x7a, 0x49, 0xff, 0x7e, 0x18, 0xd7, 0x66, 0x01, 0x84, 0x4a, 0x6a, 0x00, 0x88, 0xff, 0x7a,
	0x49, 0xff, 0x7e, 0x18, 0xdf, 0x66, 0x01, 0xff, 0x7a, 0x49, 0xff, 0x7e, 0x18, 0xff, 0x7e, 0x18,
	0xff, 0x01, 0x00, 0xff, 0x01, 0x00, 0x89, 0x01, 0x00, 0x93, 0x7e, 0x18, 0xff, 0x7e, 0x18, 0xf3,
	0xa4, 0x03, 0xff, 0x7a, 0x49, 0xff, 0x7e, 0x18, 0xd7, 0x60, 0x01, 0x00, 0xe8, 0x8e, 0x6a, 0x06,
	0xff, 0x7e, 0x18, 0xff, 0x66, 0x01, 0xcf, 0x66, 0x01, 0xff, 0x7a, 0x49, 0xff, 0x7e, 0x18, 0xd9,
	0x60, 0x01, 0xff, 0x7a, 0x49, 0xff, 0x7e, 0x18, 0xdd, 0x66, 0x01, 0x00, 0xf0, 0x90, 0x2c, 0x04,
	0xff, 0x7e, 0x18, 0xff, 0x60, 0x01, 0xc7, 0x60, 0x01, 0xff, 0x7a, 0x49, 0xff, 0x7e, 0x18, 0xdf,
	0x66, 0x01, 0xff, 0x7a, 0x49, 0xff, 0x7e, 0x18, 0xd7, 0x60, 0x01, 0x00, 0xf8, 0x90, 0x26, 0x04,
	0xff, 0x7e, 0x18, 0xff, 0x70, 0x01, 0xd7, 0x70, 0x01, 0xff, 0x7a, 0x49, 0xff, 0x7e, 0x18, 0xd9,
	0x60, 0x01, 0xff, 0x7a, 0x49, 0xff, 0x7e, 0x18, 0xd7, 0x66, 0x01, 0x84, 0x54, 0x6a, 0x90, 0xf2,
	0x12, 0xff, 0x7e, 0x18, 0xff, 0x60, 0x01, 0xc7, 0x60, 0x01, 0xff, 0x7a, 0x49, 0xff, 0x7e, 0x18,
	0xdf, 0x66, 0x01, 0xff, 0x7a, 0x49, 0xff, 0x7e, 0x18, 0xd7, 0x60, 0x01, 0x00, 0xe9, 0x90, 0x26,
	0x04, 0xff, 0x7e, 0x18, 0xff, 0x66, 0x01, 0xcd, 0x66, 0x01, 0xff, 0x7a, 0x49, 0xff, 0x7e, 0x18,
	0xdf, 0x66, 0x01, 0xff, 0x7a, 0x49, 0xff, 0x7e, 0x18, 0xff, 0x7e, 0x18, 0xff, 0x01, 0x00, 0xff,
	0x01, 0x00, 0x89, 0x01, 0x00, 0x93, 0x7e, 0x18, 0xff, 0x7e, 0x18, 0xf1, 0xa4, 0x03, 0x00, 0xf1,
	0x90, 0xcc, 0x0e, 0xff, 0x7e, 0x18, 0xff, 0x60, 0x01, 0xc7, 0x60, 0x01, 0xff, 0x7a, 0x49, 0xff,
	0x7e, 0x18, 0xdf, 0x66, 0x01, 0xff, 0x7a, 0x49, 0xff, 0x7e, 0x18, 0xd7, 0x60, 0x01, 0x00, 0xf9,
	0x90, 0x26, 0x04, 0xff, 0x7e, 0x18, 0xff, 0x66, 0x01, 0xcd, 0x66, 0x01, 0xff, 0x7a, 0x49, 0xff,
	0x7e, 0x18, 0xd9, 0x60, 0x01, 0xff, 0x7a, 0x49, 0xff, 0x7e, 0x18, 0xd7, 0x66, 0x01, 0x84, 0x4a,
	0x6a, 0x90, 0x2c, 0x04, 0xff, 0x7e, 0x18, 0xff, 0x60, 0x01, 0xc7, 0x60, 0x01, 0xff, 0x7a, 0x49,
	0xff, 0x7e, 0x18, 0xe9, 0x70, 0x01, 0xff, 0x7a, 0x49, 0xff, 0x7e, 0x18, 0xd7, 0x60, 0x01, 0x00,
	0xea, 0x90, 0xf2, 0x12, 0xff, 0x7e, 0x18, 0xff, 0x66, 0x01, 0xcd, 0x66, 0x01, 0xff, 0x7a, 0x49,
	0xff, 0x7e, 0x18, 0xd9, 0x60, 0x01, 0xff, 0x7a, 0x49, 0xff, 0x7e, 0x18, 0xdd, 0x66, 0x01, 0x00,
	0xf2, 0x90, 0x2c, 0x04, 0xff, 0x7e, 0x18, 0xff, 0x60, 0x01, 0xc7, 0x60, 0x01, 0xff, 0x7a, 0x49,
	0xff, 0x7e, 0x18, 0xdf, 0x66, 0x01, 0xff, 0x7a, 0x49, 0xff, 0x7e, 0x18, 0xdd, 0x66, 0x01, 0x00,
	0xfa, 0x8e, 0x2c, 0x04, 0xff, 0x7e, 0x18, 0xff, 0x7e, 0x18, 0xff, 0x7e, 0x18, 0xff, 0x01, 0x00,
	0xfb, 0x01, 0x00, 0x93, 0x7e, 0x18, 0xff, 0x7e, 0x18, 0xf3, 0xa4, 0x03, 0xff, 0x7a, 0x49, 0xff,
	0x7e, 0x18, 0xd9, 0x60, 0x01, 0xff, 0x7a, 0x49, 0xff, 0x7e, 0x18, 0xd7, 0x66, 0x01, 0x84, 0x8e,
	0x6c, 0x90, 0xf2, 0x12, 0xff, 0x7e, 0x18, 0xff, 0x60, 0x01, 0xc7, 0x60, 0x01, 0xff, 0x7a, 0x49,
	0xff, 0x7e, 0x18, 0xdf, 0x66, 0x01, 0xff, 0x7a, 0x49, 0xff, 0x7e, 0x18, 0xd7, 0x60, 0x01, 0x00,
	0xeb, 0x90, 0x26, 0x04, 0xff, 0x7e, 0x18, 0xff, 0x66, 0x01, 0xcd, 0x66, 0x01, 0xff, 0x7a, 0x49,
	0xff, 0x7e, 0x18, 0xd9, 0x60, 0x01, 0xff, 0x7a, 0x49, 0xff, 0x7e, 0x18, 0xe7, 0x70, 0x01, 0x00,
	0xf3, 0x90, 0xf2, 0x12, 0xff, 0x7e, 0x18, 0xff, 0x60, 0x01, 0xc7, 0x60, 0x01, 0xff, 0x7a, 0x49,
	0xff, 0x7e, 0x18, 0xdf, 0x66, 0x01, 0xff, 0x7a, 0x49, 0xff, 0x7e, 0x18, 0xd7, 0x60, 0x01, 0x00,
	0xfb, 0x90, 0x26, 0x04, 0xff, 0x7e, 0x18, 0xff, 0x66, 0x01, 0xcd, 0x66, 0x01, 0xff, 0x7a, 0x49,
	0xff, 0x7e, 0x18, 0xd9, 0x60, 0x01, 0xff, 0x7a, 0x49, 0xff, 0x7e, 0x18, 0xd7, 0x66, 0x01, 0x84,
	0x4a, 0x6a, 0xff, 0x7a, 0x49, 0xff, 0x7e, 0x18, 0xe0, 0x66, 0x01, 0xff, 0x7a, 0x49, 0xff, 0x7e,
	0x18, 0xff, 0x7e, 0x18, 0xff, 0x01, 0x00, 0xff, 0x01, 0x00, 0x89, 0x01, 0x00, 0x93, 0x7e, 0x18,
	0xff, 0x7e, 0x18, 0xf3, 0xa4, 0x03, 0xff, 0x7a, 0x49, 0xff, 0x7e, 0x18, 0xd7, 0x60, 0x01, 0x00,
	0xec, 0xff, 0x7a, 0x49, 0xff, 0x7e, 0x18, 0xe0, 0x66, 0x01, 0xff, 0x7a, 0x49, 0xff, 0x7e, 0x18,
	0xd9, 0x60, 0x01, 0xff, 0x7a, 0x49, 0xff, 0x7e, 0x18, 0xdd, 0x66, 0x01, 0x00, 0xf4, 0xff, 0x7a,
	0x49, 0xff, 0x7e, 0x18, 0xda, 0x60, 0x01, 0xff, 0x7a, 0x49, 0xff, 0x7e, 0x18, 0xdf, 0x66, 0x01,
	0xff, 0x7a, 0x49, 0xff, 0x7e, 0x18, 0xd7, 0x60, 0x01, 0x00, 0xfc, 0xff, 0x7a, 0x49, 0xff, 0x7e,
	0x18, 0xea, 0x70, 0x01, 0xff, 0x7a, 0x49, 0xff, 0x7e, 0x18, 0xd9, 0x60, 0x01, 0xff, 0x7a, 0x49,
	0xff, 0x7e, 0x18, 0xd7, 0x66, 0x01, 0x84, 0x54, 0x6a, 0xff, 0x7a, 0x49, 0xff, 0x7e, 0x18, 0xda,
	0x60, 0x01, 0xff, 0x7a, 0x49, 0xff, 0x7e, 0x18, 0xdf, 0x66, 0x01, 0xff, 0x7a, 0x49, 0xff, 0x7e,
	0x18, 0xd7, 0x60, 0x01, 0x00, 0xed, 0xff, 0x7a, 0x49, 0xff, 0x7e, 0x18, 0xe0, 0x66, 0x01, 0xff,
	0x7a, 0x49, 0xff, 0x7e, 0x18, 0xdf, 0x66, 0x01, 0xff, 0x7a, 0x49, 0xff, 0x7e, 0x18, 0xff, 0x7e,
	0x18, 0xff, 0x01, 0x00, 0xff, 0x01, 0x00, 0x89, 0x01, 0x00, 0x93, 0x7e, 0x18, 0xff, 0x7e, 0x18,
	0xf1, 0xa4, 0x03, 0x00, 0xf5, 0xff, 0x7a, 0x49, 0xff, 0x7e, 0x18, 0xda, 0x60, 0x01, 0xff, 0x7a,
	0x49, 0xff, 0x7e, 0x18, 0xdf, 0x66, 0x01, 0xff, 0x7a, 0x49, 0xff, 0x7e, 0x18, 0xd7, 0x60, 0x01,
	0x00, 0xfd, 0xff, 0x7a, 0x49, 0xff, 0x7e, 0x18, 0xe0, 0x66, 0x01, 0xff, 0x7a, 0x49, 0xff, 0x7e,
	0x18, 0xd9, 0x60, 0x01, 0xff, 0x7a, 0x49, 0xff, 0x7e, 0x18, 0xd7, 0x66, 0x01, 0x84, 0x4a, 0x6a,
	0x00, 0x8a, 0xff, 0x7a, 0x49, 0xff, 0x7e, 0x18, 0xd9, 0x60, 0x01, 0xff, 0x7a, 0x49, 0xff, 0x7e,
	0x18, 0xe9, 0x70, 0x01, 0xff, 0x7a, 0x49, 0xff, 0x7e, 0x18, 0xd7, 0x60, 0x01, 0x00, 0xe8, 0x8e,
	0x30, 0x04, 0xff, 0x7e, 0x18, 0xff, 0x66, 0x01, 0xcf, 0x66, 0x01, 0xff, 0x7a, 0x49, 0xff, 0x7e,
	0x18, 0xd9, 0x60, 0x01, 0xff, 0x7a, 0x49, 0xff, 0x7e, 0x18, 0xdd, 0x66, 0x01, 0x00, 0xf0, 0x90,
	0x2c, 0x04, 0xff, 0x7e, 0x18, 0xff, 0x60, 0x01, 0xc7, 0x60, 0x01, 0xff, 0x7a, 0x49, 0xff, 0x7e,
	0x18, 0xdf, 0x66, 0x01, 0xff, 0x7a, 0x49, 0xff, 0x7e, 0x18, 0xdd, 0x66, 0x01, 0x00, 0xf8, 0x8e,
	0x2c, 0x04, 0xff, 0x7e, 0x18, 0xff, 0x7e, 0x18, 0xff, 0x7e, 0x18, 0xff, 0x01, 0x00, 0xfb, 0x01,
	0x00, 0x93, 0x7e, 0x18, 0xff, 0x7e, 0x18, 0xf3, 0xa4, 0x03, 0xff, 0x7a, 0x49, 0xff, 0x7e, 0x18,
	0xd9, 0x60, 0x01, 0xff, 0x7a, 0x49, 0xff, 0x7e, 0x18, 0xd7, 0x66, 0x01, 0x84, 0x8e, 0x6c, 0x90,
	0xf2, 0x12, 0xff, 0x7e, 0x18, 0xff, 0x60, 0x01, 0xc7, 0x60, 0x01, 0xff, 0x7a, 0x49, 0xff, 0x7e,
	0x18, 0xdf, 0x66, 0x01, 0xff, 0x7a, 0x49, 0xff, 0x7e, 0x18, 0xd7, 0x60, 0x01, 0x00, 0xe9, 0x90,
	0x26, 0x04, 0xff, 0x7e, 0x18, 0xff, 0x66, 0x01, 0xcd, 0x66, 0x01, 0xff, 0x7a, 0x49, 0xff, 0x7e,
	0x18, 0xd9, 0x60, 0x01, 0xff, 0x7a, 0x49, 0xff, 0x7e, 0x18, 0xe7, 0x70, 0x01, 0x00, 0xf1, 0x90,
	0xf2, 0x12, 0xff, 0x7e, 0x18, 0xff, 0x60, 0x01, 0xc7, 0x60, 0x01, 0xff, 0x7a, 0x49, 0xff, 0x7e,
	0x18, 0xdf, 0x66, 0x01, 0xff, 0x7a, 0x49, 0xff, 0x7e, 0x18, 0xd7, 0x60, 0x01, 0x00, 0xf9, 0x90,
	0x26, 0x04, 0xff, 0x7e, 0x18, 0xff, 0x66, 0x01, 0xcd, 0x66, 0x01, 0xff, 0x7a, 0x49, 0xff, 0x7e,
	0x18, 0xd9, 0x60, 0x01, 0xff, 0x7a, 0x49, 0xff, 0x7e, 0x18, 0xd7, 0x66, 0x01, 0x84, 0x4a, 0x6a,
	0x90, 0x2c, 0x04, 0xff, 0x7e, 0x18, 0xff, 0x66, 0x01, 0xcd, 0x66, 0x01, 0xff, 0x7a, 0x49, 0xff,
	0x7e, 0x18, 0xff, 0x7e, 0x18, 0xff, 0x01, 0x00, 0xff, 0x01, 0x00, 0x89, 0x01, 0x00, 0x93, 0x7e,
	0x18, 0xff, 0x7e, 0x18, 0xf3, 0xa4, 0x03, 0xff, 0x7a, 0x49, 0xff, 0x7e, 0x18, 0xd7, 0x60, 0x01,
	0x00, 0xea, 0x90, 0xf2, 0x12, 0xff, 0x7e, 0x18, 0xff, 0x66, 0x01, 0xcd, 0x66, 0x01, 0xff, 0x7a,
	0x49, 0xff, 0x7e, 0x18, 0xd9, 0x60, 0x01, 0xff, 0x7a, 0x49, 0xff, 0x7e, 0x18, 0xdd, 0x66, 0x01,
	0x00, 0xf2, 0x90, 0x2c, 0x04, 0xff, 0x7e, 0x18, 0xff, 0x60, 0x01, 0xc7, 0x60, 0x01, 0xff, 0x7a,
	0x49, 0xff, 0x7e, 0x18, 0xdf, 0x66, 0x01, 0xff, 0x7a, 0x49, 0xff, 0x7e, 0x18, 0xd7, 0x60, 0x01,
	0x00, 0xfa, 0x90, 0x26, 0x04, 0xff, 0x7e, 0x18, 0xff, 0x70, 0x01, 0xd7, 0x70, 0x01, 0xff, 0x7a,
	0x49, 0xff, 0x7e, 0x18, 0xd9, 0x60, 0x01, 0xff, 0x7a, 0x49, 0xff, 0x7e, 0x18, 0xd7, 0x66, 0x01,
	0x84, 0x54, 0x6a, 0x90, 0xf2, 0x12, 0xff, 0x7e, 0x18, 0xff, 0x60, 0x01, 0xc7, 0x60, 0x01, 0xff,
	0x7a, 0x49, 0xff, 0x7e, 0x18, 0xdf, 0x66, 0x01, 0xff, 0x7a, 0x49, 0xff, 0x7e, 0x18, 0xd7, 0x60,
	0x01, 0x00, 0xeb, 0x90, 0x26, 0x04, 0xff, 0x7e, 0x18, 0xff, 0x66, 0x01, 0xcd, 0x66, 0x01, 0xff,
	0x7a, 0x49, 0xff, 0x7e, 0x18, 0xdf, 0x66, 0x01, 0xff, 0x7a, 0x49, 0xff, 0x7e, 0x18, 0xff, 0x7e,
	0x18, 0xff, 0x01, 0x00, 0xff, 0x01, 0x00, 0x89, 0x01, 0x00, 0x93, 0x7e, 0x18, 0xff, 0x7e, 0x18,
	0xf1, 0xa4, 0x03, 0x00, 0xf3, 0x90, 0xcc, 0x0e, 0xff, 0x7e, 0x18, 0xff, 0x60, 0x01, 0xc7, 0x60,
	0x01, 0xff, 0x7a, 0x49, 0xff, 0x7e, 0x18, 0xdf, 0x66, 0x01, 0xff, 0x7a, 0x49, 0xff, 0x7e, 0x18,
	0xd7, 0x60, 0x01, 0x00, 0xfb, 0x90, 0x26, 0x04, 0xff, 0x7e, 0x18, 0xff, 0x66, 0x01, 0xcd, 0x66,
	0x01, 0xff, 0x7a, 0x49, 0xff, 0x7e, 0x18, 0xd9, 0x60, 0x01, 0xff, 0x7a, 0x49, 0xff, 0x7e, 0x18,
	0xd7, 0x66, 0x01, 0x84, 0x4a, 0x6a, 0xff, 0x7a, 0x49, 0xff, 0x7e, 0x18, 0xda, 0x60, 0x01, 0xff,
	0x7a, 0x49, 0xff, 0x7e, 0x18, 0xe9, 0x70, 0x01, 0xff, 0x7a, 0x49, 0xff, 0x7e, 0x18, 0xd7, 0x60,
	0x01, 0x00, 0xec, 0xff, 0x7a, 0x49, 0xff, 0x7e, 0x18, 0xe0, 0x66, 0x01, 0xff, 0x7a, 0x49, 0xff,
	0x7e, 0x18, 0xd9, 0x60, 0x01, 0xff, 0x7a, 0x49, 0xff, 0x7e, 0x18, 0xdd, 0x66, 0x01, 0x00, 0xf4,
	0xff, 0x7a, 0x49, 0xff, 0x7e, 0x18, 0xda, 0x60, 0x01, 0xff, 0x7a, 0x49, 0xff, 0x7e, 0x18, 0xdf,
	0x66, 0x01, 0xff, 0x7a, 0x49, 0xff, 0x7e, 0x18, 0xdd, 0x66, 0x01, 0x00, 0xfc, 0xff, 0x7a, 0x49,
	0xff, 0x7e, 0x18, 0x86, 0x10, 0x00, 0xff, 0x7e, 0x18, 0xff, 0x01, 0x00, 0xff, 0x01, 0x00, 0x81,
	0x01, 0x00, 0x93, 0x7e, 0x18, 0xff, 0x7e, 0x18, 0xf3, 0xa4, 0x03, 0xff, 0x7a, 0x49, 0xff, 0x7e,
	0x18, 0xd9, 0x60, 0x01, 0xff, 0x7a, 0x49, 0xff, 0x7e, 0x18, 0xd7, 0x66, 0x01, 0x84, 0x8e, 0x6c,
	0xff, 0x7a, 0x49, 0xff, 0x7e, 0x18, 0xda, 0x60, 0x01, 0xff, 0x7a, 0x49, 0xff, 0x7e, 0x18, 0xdf,
	0x66, 0x01, 0xff, 0x7a, 0x49, 0xff, 0x7e, 0x18, 0xd7, 0x60, 0x01, 0x00, 0xed, 0xff, 0x7a, 0x49,
	0xff, 0x7e, 0x18, 0xe0, 0x66, 0x01, 0xff, 0x7a, 0x49, 0xff, 0x7e, 0x18, 0xd9, 0x60, 0x01, 0xff,
	0x7a, 0x49, 0xff, 0x7e, 0x18, 0xe7, 0x70, 0x01, 0x00, 0xf5, 0xff, 0x7a, 0x49, 0xff, 0x7e, 0x18,
	0xda, 0x60, 0x01, 0xff, 0x7a, 0x49, 0xff, 0x7e, 0x18, 0xdf, 0x66, 0x01, 0xff, 0x7a, 0x49, 0xff,
	0x7e, 0x18, 0xd7, 0x60, 0x01, 0x00, 0xfd, 0xff, 0x7a, 0x49, 0xff, 0x7e, 0x18, 0xe0, 0x66, 0x01,
	0xff, 0x7a, 0x49, 0xff, 0x7e, 0x18, 0xd9, 0x60, 0x01, 0xff, 0x7a, 0x49, 0xff, 0x7e, 0x18, 0xd7,
	0x66, 0x01, 0x84, 0x4a, 0x6a, 0x00, 0x8c, 0xff, 0x7a, 0x49, 0xff, 0x7e, 0x18, 0xdf, 0x66, 0x01,
	0xff, 0x7a, 0x49, 0xff, 0x7e, 0x18, 0xff, 0x7e, 0x18, 0xff, 0x01, 0x00, 0xff, 0x01, 0x00, 0x89,
	0x01, 0x00, 0x93, 0x7e, 0x18, 0xff, 0x7e, 0x18, 0xf3, 0xa4, 0x03, 0xff, 0x7a, 0x49, 0xff, 0x7e,
	0x18, 0xd7, 0x60, 0x01, 0x00, 0xe8, 0x8e, 0x6a, 0x06, 0xff, 0x7e, 0x18, 0xff, 0x66, 0x01, 0xcf,
	0x66, 0x01, 0xff, 0x7a, 0x49, 0xff, 0x7e, 0x18, 0xd9, 0x60, 0x01, 0xff, 0x7a, 0x49, 0xff, 0x7e,
	0x18, 0xdd, 0x66, 0x01, 0x00, 0xf0, 0x90, 0x2c, 0x04, 0xff, 0x7e, 0x18, 0xff, 0x60, 0x01, 0xc7,
	0x60, 0x01, 0xff, 0x7a, 0x49, 0xff, 0x7e, 0x18, 0xdf, 0x66, 0x01, 0xff, 0x7a, 0x49, 0xff, 0x7e,
	0x18, 0xd7, 0x60, 0x01, 0x00, 0xf8, 0x90, 0x26, 0x04, 0xff, 0x7e, 0x18, 0xff, 0x70, 0x01, 0xd7,
	0x70, 0x01, 0xff, 0x7a, 0x49, 0xff, 0x7e, 0x18, 0xd9, 0x60, 0x01, 0xff, 0x7a, 0x49, 0xff, 0x7e,
	0x18, 0xd7, 0x66, 0x01, 0x84, 0x54, 0x6a, 0x90, 0xf2, 0x12, 0xff, 0x7e, 0x18, 0xff, 0x60, 0x01,
	0xc7, 0x60, 0x01, 0xff, 0x7a, 0x49, 0xff, 0x7e, 0x18, 0xdf, 0x66, 0x01, 0xff, 0x7a, 0x49, 0xff,
	0x7e, 0x18, 0xd7, 0x60, 0x01, 0x00, 0xe9, 0x90, 0x26, 0x04, 0xff, 0x7e, 0x18, 0xff, 0x66, 0x01,
	0xcd, 0x66, 0x01, 0xff, 0x7a, 0x49, 0xff, 0x7e, 0x18, 0xdf, 0x66, 0x01, 0xff, 0x7a, 0x49, 0xff,
	0x7e, 0x18, 0xff, 0x7e, 0x18, 0xff, 0x01, 0x00, 0xff, 0x01, 0x00, 0x89, 0x01, 0x00, 0x93, 0x7e,
	0x18, 0xff, 0x7e, 0x18, 0xf1, 0xa4, 0x03, 0x00, 0xf1, 0x90, 0xcc, 0x0e, 0xff, 0x7e, 0x18, 0xff,
	0x60, 0x01, 0xc7, 0x60, 0x01, 0xff, 0x7a, 0x49, 0xff, 0x7e, 0x18, 0xdf, 0x66, 0x01, 0xff, 0x7a,
	0x49, 0xff, 0x7e, 0x18, 0xd7, 0x60, 0x01, 0x00, 0xf9, 0x90, 0x26, 0x04, 0xff, 0x7e, 0x18, 0xff,
	0x66, 0x01, 0xcd, 0x66, 0x01, 0xff, 0x7a, 0x49, 0xff, 0x7e, 0x18, 0xd9, 0x60, 0x01, 0xff, 0x7a,
	0x49, 0xff, 0x7e, 0x18, 0xd7, 0x66, 0x01, 0x84, 0x4a, 0x6a, 0x90, 0x2c, 0x04, 0xff, 0x7e, 0x18,
	0xff, 0x60, 0x01, 0xc7, 0x60, 0x01, 0xff, 0x7a, 0x49, 0xff, 0x7e, 0x18, 0xe9, 0x70, 0x01, 0xff,
	0x7a, 0x49, 0xff, 0x7e, 0x18, 0xd7, 0x60, 0x01, 0x00, 0xea, 0x90, 0xf2, 0x12, 0xff, 0x7e, 0x18,
	0xff, 0x66, 0x01, 0xcd, 0x66, 0x01, 0xff, 0x7a, 0x49, 0xff, 0x7e, 0x18, 0xd9, 0x60, 0x01, 0xff,
	0x7a, 0x49, 0xff, 0x7e, 0x18, 0xdd, 0x66, 0x01, 0x00, 0xf2, 0x90, 0x2c, 0x04, 0xff, 0x7e, 0x18,
	0xff, 0x60, 0x01, 0xc7, 0x60, 0x01, 0xff, 0x7a, 0x49, 0xff, 0x7e, 0x18, 0xdf, 0x66, 0x01, 0xff,
	0x7a, 0x49, 0xff, 0x7e, 0x18, 0xdd, 0x66, 0x01, 0x00, 0xfa, 0x8e, 0x2c, 0x04, 0xff, 0x7e, 0x18,
	0xff, 0x7e, 0x18, 0xff, 0x7e, 0x18, 0xff, 0x01, 0x00, 0xfb, 0x01, 0x00, 0x93, 0x7e, 0x18, 0xff,
	0x7e, 0x18, 0xf3, 0xa4, 0x03, 0xff, 0x7a, 0x49, 0xff, 0x7e, 0x18, 0xd9, 0x60, 0x01, 0xff, 0x7a,
	0x49, 0xff, 0x7e, 0x18, 0xd7, 0x66, 0x01, 0x84, 0x8e, 0x6c, 0x90, 0xf2, 0x12, 0xff, 0x7e, 0x18,
	0xff, 0x60, 0x01, 0xc7, 0x60, 0x01, 0xff, 0x7a, 0x49, 0xff, 0x7e, 0x18, 0xdf, 0x66, 0x01, 0xff,
	0x7a, 0x49, 0xff, 0x7e, 0x18, 0xd7, 0x60, 0x01, 0x00, 0xeb, 0x90, 0x26, 0x04, 0xff, 0x7e, 0x18,
	0xff, 0x66, 0x01, 0xcd, 0x66, 0x01, 0xff, 0x7a, 0x49, 0xff, 0x7e, 0x18, 0xd9, 0x60, 0x01, 0xff,
	0x7a, 0x49, 0xff, 0x7e, 0x18, 0xe7, 0x70, 0x01, 0x00, 0xf3, 0x90, 0xf2, 0x12, 0xff, 0x7e, 0x18,
	0xff, 0x60, 0x01, 0xc7, 0x60, 0x01, 0xff, 0x7a, 0x49, 0xff, 0x7e, 0x18, 0xdf, 0x66, 0x01, 0xff,
	0x7a, 0x49, 0xff, 0x7e, 0x18, 0xd7, 0x60, 0x01, 0x00, 0xfb, 0x90, 0x26, 0x04, 0xff, 0x7e, 0x18,
	0xff, 0x66, 0x01, 0xcd, 0x66, 0x01, 0xff, 0x7a, 0x49, 0xff, 0x7e, 0x18, 0xd9, 0x60, 0x01, 0xff,
	0x7a, 0x49, 0xff, 0x7e, 0x18, 0xd7, 0x66, 0x01, 0x84, 0x4a, 0x6a, 0xff, 0x7a, 0x49, 0xff, 0x7e,
	0x18, 0xe0, 0x66, 0x01, 0xff, 0x7a, 0x49, 0xff, 0x7e, 0x18, 0xff, 0x7e, 0x18, 0xff, 0x01, 0x00,
	0xff, 0x01, 0x00, 0x89, 0x01, 0x00, 0x93, 0x7e, 0x18, 0xff, 0x7e, 0x18, 0xf3, 0xa4, 0x03, 0xff,
	0x7a, 0x49, 0xff, 0x7e, 0x18, 0xd7, 0x60, 0x01, 0x00, 0xec, 0xff, 0x7a, 0x49, 0xff, 0x7e, 0x18,
	0xe0, 0x66, 0x01, 0xff, 0x7a, 0x49, 0xff, 0x7e, 0x18, 0xd9, 0x60, 0x01, 0xff, 0x7a, 0x49, 0xff,
	0x7e, 0x18, 0xdd, 0x66, 0x01, 0x00, 0xf4, 0xff, 0x7a, 0x49, 0xff, 0x7e, 0x18, 0xda, 0x60, 0x01,
	0xff, 0x7a, 0x49, 0xff, 0x7e, 0x18, 0xdf, 0x66, 0x01, 0xff, 0x7a, 0x49, 0xff, 0x7e, 0x18, 0xd7,
	0x60, 0x01, 0x00, 0xfc, 0xff, 0x7a, 0x49, 0xff, 0x7e, 0x18, 0xea, 0x70, 0x01, 0xff, 0x7a, 0x49,
	0xff, 0x7e, 0x18, 0xd9, 0x60, 0x01, 0xff, 0x7a, 0x49, 0xff, 0x7e, 0x18, 0xd7, 0x66, 0x01, 0x84,
	0x54, 0x6a, 0xff, 0x7a, 0x49, 0xff, 0x7e, 0x18, 0xda, 0x60, 0x01, 0xff, 0x7a, 0x49, 0xff, 0x7e,
	0x18, 0xdf, 0x66, 0x01, 0xff, 0x7a, 0x49, 0xff, 0x7e, 0x18, 0xd7, 0x60, 0x01, 0x00, 0xed, 0xff,
	0x7a, 0x49, 0xff, 0x7e, 0x18, 0xe0, 0x66, 0x01, 0xff, 0x7a, 0x49, 0xff, 0x7e, 0x18, 0xdf, 0x66,
	0x01, 0xff, 0x7a, 0x49, 0xff, 0x7e, 0x18, 0xff, 0x7e, 0x18, 0xff, 0x01, 0x00, 0xff, 0x01, 0x00,
	0x89, 0x01, 0x00, 0x93, 0x7e, 0x18, 0xff, 0x7e, 0x18, 0xf1, 0xa4, 0x03, 0x00, 0xf5, 0xff, 0x7a,
	0x49, 0xff, 0x7e, 0x18, 0xda, 0x60, 0x01, 0xff, 0x7a, 0x49, 0xff, 0x7e, 0x18, 0xdf, 0x66, 0x01,
	0xff, 0x7a, 0x49, 0xff, 0x7e, 0x18, 0xd7, 0x60, 0x01, 0x00, 0xfd, 0xff, 0x7a, 0x49, 0xff, 0x7e,
	0x18, 0xe0, 0x66, 0x01, 0xff, 0x7a, 0x49, 0xff, 0x7e, 0x18, 0xd9, 0x60, 0x01, 0xff, 0x7a, 0x49,
	0xff, 0x7e, 0x18, 0xd7, 0x66, 0x01, 0x84, 0x4a, 0x6a, 0x00, 0x8e, 0xff, 0x7a, 0x49, 0xff, 0x7e,
	0x18, 0xd9, 0x60, 0x01, 0xff, 0x7a, 0x49, 0xff, 0x7e, 0x18, 0xe9, 0x70, 0x01, 0xff, 0x7a, 0x49,
	0xff, 0x7e, 0x18, 0xd7, 0x60, 0x01, 0x00, 0xe8, 0x8e, 0x30, 0x04, 0xff, 0x7e, 0x18, 0xff, 0x66,
	0x01, 0xcf, 0x66, 0x01, 0xff, 0x7a, 0x49, 0xff, 0x7e, 0x18, 0xd9, 0x60, 0x01, 0xff, 0x7a, 0x49,
	0xff, 0x7e, 0x18, 0xdd, 0x66, 0x01, 0x00, 0xf0, 0x90, 0x2c, 0x04, 0xff, 0x7e, 0x18, 0xff, 0x60,
	0x01, 0xc7, 0x60, 0x01, 0xff, 0x7a, 0x49, 0xff, 0x7e, 0x18, 0xdf, 0x66, 0x01, 0xff, 0x7a, 0x49,
	0xff, 0x7e, 0x18, 0xdd, 0x66, 0x01, 0x00, 0xf8, 0x8e, 0x2c, 0x04, 0xff, 0x7e, 0x18, 0xff, 0x7e,
	0x18, 0xff, 0x7e, 0x18, 0xff, 0x01, 0x00, 0xfb, 0x01, 0x00, 0x93, 0x7e, 0x18, 0xff, 0x7e, 0x18,
	0xf3, 0xa4, 0x03, 0xff, 0x7a, 0x49, 0xff, 0x7e, 0x18, 0xd9, 0x60, 0x01, 0xff, 0x7a, 0x49, 0xff,
	0x7e, 0x18, 0xd7, 0x66, 0x01, 0x84, 0x8e, 0x6c, 0x90, 0xf2, 0x12, 0xff, 0x7e, 0x18, 0xff, 0x60,
	0x01, 0xc7, 0x60, 0x01, 0xff, 0x7a, 0x49, 0xff, 0x7e, 0x18, 0xdf, 0x66, 0x01, 0xff, 0x7a, 0x49,
	0xff, 0x7e, 0x18, 0xd7, 0x60, 0x01, 0x00, 0xe9, 0x90, 0x26, 0x04, 0xff, 0x7e, 0x18, 0xff, 0x66,
	0x01, 0xcd, 0x66, 0x01, 0xff, 0x7a, 0x49, 0xff, 0x7e, 0x18, 0xd9, 0x60, 0x01, 0xff, 0x7a, 0x49,
	0xff, 0x7e, 0x18, 0xe7, 0x70, 0x01, 0x00, 0xf1, 0x90, 0xf2, 0x12, 0xff, 0x7e, 0x18, 0xff, 0x60,
	0x01, 0xc7, 0x60, 0x01, 0xff, 0x7a, 0x49, 0xff, 0x7e, 0x18, 0xdf, 0x66, 0x01, 0xff, 0x7a, 0x49,
	0xff, 0x7e, 0x18, 0xd7, 0x60, 0x01, 0x00, 0xf9, 0x90, 0x26, 0x04, 0xff, 0x7e, 0x18, 0xff, 0x66,
	0x01, 0xcd, 0x66, 0x01, 0xff, 0x7a, 0x49, 0xff, 0x7e, 0x18, 0xd9, 0x60, 0x01, 0xff, 0x7a, 0x49,
	0xff, 0x7e, 0x18, 0xd7, 0x66, 0x01, 0x84, 0x4a, 0x6a, 0x90, 0x2c, 0x04, 0xff, 0x7e, 0x18, 0xff,
	0x66, 0x01, 0xcd, 0x66, 0x01, 0xff, 0x7a, 0x49, 0xff, 0x7e, 0x18, 0xff, 0x7e, 0x18, 0xff, 0x01,
	0x00, 0xff, 0x01, 0x00, 0x89, 0x01, 0x00, 0x93, 0x7e, 0x18, 0xff, 0x7e, 0x18, 0xf3, 0xa4, 0x03,
	0xff, 0x7a, 0x49, 0xff, 0x7e, 0x18, 0xd7, 0x60, 0x01, 0x00, 0xea, 0x90, 0xf2, 0x12, 0xff, 0x7e,
	0x18, 0xff, 0x66, 0x01, 0xcd, 0x66, 0x01, 0xff, 0x7a, 0x49, 0xff, 0x7e, 0x18, 0xd9, 0x60, 0x01,
	0xff, 0x7a, 0x49, 0xff, 0x7e, 0x18, 0xdd, 0x66, 0x01, 0x00, 0xf2, 0x90, 0x2c, 0x04, 0xff, 0x7e,
	0x18, 0xff, 0x60, 0x01, 0xc7, 0x60, 0x01, 0xff, 0x7a, 0x49, 0xff, 0x7e, 0x18, 0xdf, 0x66, 0x01,
	0xff, 0x7a, 0x49, 0xff, 0x7e, 0x18, 0xd7, 0x60, 0x01, 0x00, 0xfa, 0x90, 0x26, 0x04, 0xff, 0x7e,
	0x18, 0xff, 0x70, 0x01, 0xd7, 0x70, 0x01, 0xff, 0x7a, 0x49, 0xff, 0x7e, 0x18, 0xd9, 0x60, 0x01,
	0xff, 0x7a, 0x49, 0xff, 0x7e, 0x18, 0xd7, 0x66, 0x01, 0x84, 0x54, 0x6a, 0x90, 0xf2, 0x12, 0xff,
	0x7e, 0x18, 0xff, 0x60, 0x01, 0xc7, 0x60, 0x01, 0xff, 0x7a, 0x49, 0xff, 0x7e, 0x18, 0xdf, 0x66,
	0x01, 0xff, 0x7a, 0x49, 0xff, 0x7e, 0x18, 0xd7, 0x60, 0x01, 0x00, 0xeb, 0x90, 0x26, 0x04, 0xff,
	0x7e, 0x18, 0xff, 0x66, 0x01, 0xcd, 0x66, 0x01, 0xff, 0x7a, 0x49, 0xff, 0x7e, 0x18, 0xdf, 0x66,
	0x01, 0xff, 0x7a, 0x49, 0xff, 0x7e, 0x18, 0xff, 0x7e, 0x18, 0xff, 0x01, 0x00, 0xff, 0x01, 0x00,
	0x89, 0x01, 0x00, 0x93, 0x7e, 0x18, 0xff, 0x7e, 0x18, 0xf1, 0xa4, 0x03, 0x00, 0xf3, 0x90, 0xcc,
	0x0e, 0xff, 0x7e, 0x18, 0xff, 0x60, 0x01, 0xc7, 0x60, 0x01, 0xff, 0x7a, 0x49, 0xff, 0x7e, 0x18,
	0xdf, 0x66, 0x01, 0xff, 0x7a, 0x49, 0xff, 0x7e, 0x18, 0xd7, 0x60, 0x01, 0x00, 0xfb, 0x90, 0x26,
	0x04, 0xff, 0x7e, 0x18, 0xff, 0x66, 0x01, 0xcd, 0x66, 0x01, 0xff, 0x7a, 0x49, 0xff, 0x7e, 0x18,
	0xd9, 0x60, 0x01, 0xff, 0x7a, 0x49, 0xff, 0x7e, 0x18, 0xd7, 0x66, 0x01, 0x84, 0x4a, 0x6a, 0xff,
	0x7a, 0x49, 0xff, 0x7e, 0x18, 0xda, 0x60, 0x01, 0xff, 0x7a, 0x49, 0xff, 0x7e, 0x18, 0xe9, 0x70,
	0x01, 0xff, 0x7a, 0x49, 0xff, 0x7e, 0x18, 0xd7, 0x60, 0x01, 0x00, 0xec, 0xff, 0x7a, 0x49, 0xff,
	0x7e, 0x18, 0xe0, 0x66, 0x01, 0xff, 0x7a, 0x49, 0xff, 0x7e, 0x18, 0xd9, 0x60, 0x01, 0xff, 0x7a,
	0x49, 0xff, 0x7e, 0x18, 0xdd, 0x66, 0x01, 0x00, 0xf4, 0xff, 0x7a, 0x49, 0xff, 0x7e, 0x18, 0xda,
	0x60, 0x01, 0xff, 0x7a, 0x49, 0xff, 0x7e, 0x18, 0xdf, 0x66, 0x01, 0xff, 0x7a, 0x49, 0xff, 0x7e,
	0x18, 0xdd, 0x66, 0x01, 0x00, 0xfc, 0xff, 0x7a, 0x49, 0xff, 0x7e, 0x18, 0x86, 0x10, 0x00, 0xff,
	0x7e, 0x18, 0xff, 0x01, 0x00, 0xff, 0x01, 0x00, 0x81, 0x01, 0x00, 0x93, 0x7e, 0x18, 0xff, 0x7e,
	0x18, 0xf3, 0xa4, 0x03, 0xff, 0x7a, 0x49, 0xff, 0x7e, 0x18, 0xd9, 0x60, 0x01, 0xff, 0x7a, 0x49,
	0xff, 0x7e, 0x18, 0xd7, 0x66, 0x01, 0x84, 0x8e, 0x6c, 0xff, 0x7a, 0x49, 0xff, 0x7e, 0x18, 0xda,
	0x60, 0x01, 0xff, 0x7a, 0x49, 0xff, 0x7e, 0x18, 0xdf, 0x66, 0x01, 0xff, 0x7a, 0x49, 0xff, 0x7e,
	0x18, 0xd7, 0x60, 0x01, 0x00, 0xed, 0xff, 0x7a, 0x49, 0xff, 0x7e, 0x18, 0xe0, 0x66, 0x01, 0xff,
	0x7a, 0x49, 0xff, 0x7e, 0x18, 0xd9, 0x60, 0x01, 0xff, 0x7a, 0x49, 0xff, 0x7e, 0x18, 0xe7, 0x70,
	0x01, 0x00, 0xf5, 0xff, 0x7a, 0x49, 0xff, 0x7e, 0x18, 0xda, 0x60, 0x01, 0xff, 0x7a, 0x49, 0xff,
	0x7e, 0x18, 0xdf, 0x66, 0x01, 0xff, 0x7a, 0x49, 0xff, 0x7e, 0x18, 0xd7, 0x60, 0x01, 0x00, 0xfd,
	0xff, 0x7a, 0x49, 0xff, 0x7e, 0x18, 0xe0, 0x66, 0x01, 0xff, 0x7a, 0x49, 0xff, 0x7e, 0x18, 0xd9,
	0x60, 0x01, 0xff, 0x7a, 0x49, 0x83, 0x7e, 0x18, 0x00, 0x75, 0xff, 0xc6, 0x02, 0xd0, 0x66, 0x01,
	0x07, 0xd6, 0x04, 0x00, 0x5e, 0x3c, 0xc3, 0x00, 0x20, 0x82, 0x7d, 0x14, 0x08, 0xe1, 0x01, 0x80,
	0x48, 0x5e, 0x00, 0x71, 0x68, 0x5e, 0xff, 0x8a, 0x18, 0xff, 0x8a, 0x18, 0xe3, 0x72, 0x01, 0x01,
	0xff, 0xff, 0x91, 0x72, 0x01, 0xfb, 0x96, 0x18, 0x00, 0x1c, 0xff, 0x96, 0x18, 0x82, 0x01, 0x00,
	0xff, 0x96, 0x18, 0xff, 0x01, 0x00, 0xf9, 0x01, 0x00, 0x93, 0x96, 0x18, 0x8f, 0x96, 0x18, 0x00,
	0x70, 0xff, 0x96, 0x18, 0xdd, 0xb0, 0x03, 0x01, 0xbc, 0x7f, 0x82, 0xb0, 0x03, 0x00, 0x7f, 0x82,
	0x22, 0x05, 0x00, 0x7f, 0x8e, 0xb0, 0x03, 0xff, 0xa2, 0x18, 0xff, 0x6c, 0x01, 0xcf, 0x6c, 0x01,
	0x81, 0x1c, 0x05, 0x91, 0x6c, 0x01, 0xf1, 0xae, 0x18, 0x02, 0x70, 0x02, 0x6c, 0xff, 0x00, 0x08,
	0xd5, 0x72, 0x01, 0x01, 0x43, 0x80, 0x82, 0x72, 0x01, 0x00, 0x80, 0x82, 0xde, 0x02, 0x00, 0x80,
	0x90, 0x72, 0x01, 0xff, 0xba, 0x18, 0xff, 0x6c, 0x01, 0xcd, 0x6c, 0x01, 0x81, 0xde, 0x02, 0x91,
	0x6c, 0x01, 0xf1, 0xc6, 0x18, 0x01, 0xdc, 0x03, 0xff, 0xde, 0x02, 0xd6, 0x72, 0x01, 0x01, 0x3c,
	0xff, 0x82, 0x72, 0x01, 0x00, 0xff, 0x82, 0xde, 0x02, 0x00, 0xff, 0x90, 0x72, 0x01, 0xff, 0xd2,
	0x18, 0xff, 0x6c, 0x01, 0xcd, 0x6c, 0x01, 0x81, 0xde, 0x02, 0x91, 0x6c, 0x01, 0xf1, 0xde, 0x18,
	0x02, 0x48, 0x05, 0x71, 0xff, 0xde, 0x02, 0xdd, 0x4a, 0x0c, 0x00, 0xe3, 0x93, 0xbc, 0x0d, 0xff,
	0xea, 0x18, 0xff, 0x6c, 0x01, 0xcf, 0x6c, 0x01, 0x93, 0xb6, 0x0d, 0xfd, 0xf6, 0x18, 0x01, 0xb9,
	0x06, 0xff, 0xc6, 0x05, 0xde, 0x16, 0x0a, 0x82, 0xe8, 0x02, 0x8f, 0x16, 0x0a, 0xff, 0x02, 0x19,
	0xff, 0x6c, 0x01, 0xcf, 0x6c, 0x01, 0x93, 0x82, 0x0b, 0xf3, 0x0e, 0x19, 0x01, 0x25, 0x08, 0xff,
	0xde, 0x02, 0xde, 0x16, 0x0a, 0x82, 0xde, 0x02, 0x8f, 0x16, 0x0a, 0xff, 0x1a, 0x19, 0xff, 0x6c,
	0x01, 0xcf, 0x6c, 0x01, 0x93, 0x82, 0x0b, 0xf3, 0x26, 0x19, 0x01, 0x91, 0x09, 0xff, 0xde, 0x02,
	0xde, 0x16, 0x0a, 0x82, 0xde, 0x02, 0x8f, 0x16, 0x0a, 0xff, 0x32, 0x19, 0xff, 0x6c, 0x01, 0xcf,
	0x6c, 0x01, 0x93, 0x82, 0x0b, 0xf3, 0x3e, 0x19, 0x00, 0xfd, 0xff, 0x3e, 0x19, 0xdf, 0x16, 0x0a,
	0x00, 0xe5, 0xff, 0x3e, 0x19, 0xff, 0x3e, 0x19, 0xeb, 0x72, 0x01, 0xff, 0x3e, 0x19, 0x8f, 0x3e,
	0x19, 0x00, 0x70, 0xff, 0x3e, 0x19, 0x82, 0x01, 0x00, 0xff, 0x3e, 0x19, 0xff, 0x01, 0x00, 0xf9,
	0x01, 0x00, 0x93, 0x3e, 0x19, 0xff, 0x3e, 0x19, 0xf8, 0x50, 0x0c, 0x82, 0x22, 0x05, 0xff, 0x3e,
	0x19, 0xff, 0x3e, 0x19, 0xe1, 0x6c, 0x01, 0xff, 0x3e, 0x19, 0xff, 0x3e, 0x19, 0xea, 0x50, 0x0c,
	0x82, 0xde, 0x02, 0xff, 0x3e, 0x19, 0xff, 0x3e, 0x19, 0xe1, 0x6c, 0x01, 0xff, 0x3e, 0x19, 0xff,
	0x3e, 0x19, 0xea, 0x50, 0x0c, 0x82, 0xde, 0x02, 0xff, 0x3e, 0x19, 0xff, 0x3e, 0x19, 0xe1, 0x6c,
	0x01, 0xff, 0x3e, 0x19, 0xff, 0x3e, 0x19, 0xea, 0x4a, 0x0c, 0x00, 0xe7, 0xff, 0x3e, 0x19, 0xff,
	0x3e, 0x19, 0xe5, 0x6c, 0x01, 0xff, 0x3e, 0x19, 0xff, 0x3e, 0x19, 0xf4, 0x16, 0x0a, 0x82, 0xe8,
	0x02, 0xff, 0x3e, 0x19, 0xff, 0x3e, 0x19, 0xe1, 0x6c, 0x01, 0xff, 0x3e, 0x19, 0xff, 0x3e, 0x19,
	0xea, 0x16, 0x0a, 0x82, 0xde, 0x02, 0xff, 0x3e, 0x19, 0xff, 0x3e, 0x19, 0xe1, 0x6c, 0x01, 0xff,
	0x3e, 0x19, 0xff, 0x3e, 0x19, 0xea, 0x16, 0x0a, 0x82, 0xde, 0x02, 0xff, 0x3e, 0x19, 0xff, 0x3e,
	0x19, 0xe1, 0x6c, 0x01, 0xff, 0x3e, 0x19, 0xff, 0x3e, 0x19, 0xea, 0x16, 0x0a, 0x00, 0xe9, 0xff,
	0x3e, 0x19, 0xff, 0x3e, 0x19, 0xeb, 0x72, 0x01, 0xff, 0x3e, 0x19, 0xff, 0x3e, 0x19, 0x8b, 0x10,
	0x00, 0xff, 0x3e, 0x19, 0xff, 0x01, 0x00, 0xff, 0x01, 0x00, 0x81, 0x01, 0x00, 0x93, 0x3e, 0x19,
	0xff, 0x3e, 0x19, 0xf8, 0x50, 0x0c, 0x82, 0x22, 0x05, 0xff, 0x3e, 0x19, 0xff, 0x3e, 0x19, 0xe1,
	0x6c, 0x01, 0xff, 0x3e, 0x19, 0xff, 0x3e, 0x19, 0xea, 0x50, 0x0c, 0x82, 0xde, 0x02, 0xff, 0x3e,
	0x19, 0xff, 0x3e, 0x19, 0xe1, 0x6c, 0x01, 0xff, 0x3e, 0x19, 0xff, 0x3e, 0x19, 0xea, 0x50, 0x0c,
	0x82, 0xde, 0x02, 0xff, 0x3e, 0x19, 0xff, 0x3e, 0x19, 0xe1, 0x6c, 0x01, 0xff, 0x3e, 0x19, 0xff,
	0x3e, 0x19, 0xea, 0x4a, 0x0c, 0x00, 0xeb, 0xff, 0x3e, 0x19, 0xff, 0x3e, 0x19, 0xe5, 0x6c, 0x01,
	0xff, 0x3e, 0x19, 0xff, 0x3e, 0x19, 0xf4, 0x16, 0x0a, 0x82, 0xe8, 0x02, 0xff, 0x3e, 0x19, 0xff,
	0x3e, 0x19, 0xe1, 0x6c, 0x01, 0xff, 0x3e, 0x19, 0xff, 0x3e, 0x19, 0xea, 0x16, 0x0a, 0x82, 0xde,
	0x02, 0xff, 0x3e, 0x19, 0xff, 0x3e, 0x19, 0xe1, 0x6c, 0x01, 0xff, 0x3e, 0x19, 0xff, 0x3e, 0x19,
	0xea, 0x16, 0x0a, 0x82, 0xde, 0x02, 0xff, 0x3e, 0x19, 0xff, 0x3e, 0x19, 0xe1, 0x6c, 0x01, 0xff,
	0x3e, 0x19, 0xff, 0x3e, 0x19, 0xea, 0x16, 0x0a, 0x00, 0xed, 0xff, 0x3e, 0x19, 0xff, 0x3e, 0x19,
	0xeb, 0x72, 0x01, 0xff, 0x3e, 0x19, 0xff, 0x3e, 0x19, 0x8b, 0x10, 0x00, 0xff, 0x3e, 0x19, 0xff,
	0x01, 0x00, 0xff, 0x01, 0x00, 0x81, 0x01, 0x00, 0x93, 0x3e, 0x19, 0xff, 0x3e, 0x19, 0xf8, 0x50,
	0x0c, 0x82, 0x22, 0x05, 0xff, 0x3e, 0x19, 0xff, 0x3e, 0x19, 0xe1, 0x6c, 0x01, 0xff, 0x3e, 0x19,
	0xff, 0x3e, 0x19, 0xea, 0x50, 0x0c, 0x82, 0xde, 0x02, 0xff, 0x3e, 0x19, 0xff, 0x3e, 0x19, 0xe1,
	0x6c, 0x01, 0xff, 0x3e, 0x19, 0xff, 0x3e, 0x19, 0xea, 0x50, 0x0c, 0x82, 0xde, 0x02, 0xff, 0x3e,
	0x19, 0xff, 0x3e, 0x19, 0xe1, 0x6c, 0x01, 0xff, 0x3e, 0x19, 0xff, 0x3e, 0x19, 0xea, 0x4a, 0x0c,
	0x00, 0xef, 0xff, 0x3e, 0x19, 0xff, 0x3e, 0x19, 0xe5, 0x6c, 0x01, 0xff, 0x3e, 0x19, 0xff, 0x3e,
	0x19, 0xf4, 0x16, 0x0a, 0x82, 0xe8, 0x02, 0xff, 0x3e, 0x19, 0xff, 0x3e, 0x19, 0xe1, 0x6c, 0x01,
	0xff, 0x3e, 0x19, 0xff, 0x3e, 0x19, 0xea, 0x16, 0x0a, 0x82, 0xde, 0x02, 0xff, 0x3e, 0x19, 0xff,
	0x3e, 0x19, 0xe1, 0x6c, 0x01, 0xff, 0x3e, 0x19, 0xff, 0x3e, 0x19, 0xea, 0x16, 0x0a, 0x82, 0xde,
	0x02, 0xff, 0x3e, 0x19, 0xff, 0x3e, 0x19, 0xe1, 0x6c, 0x01, 0xff, 0x3e, 0x19, 0x89, 0x3e, 0x19,
	0x00, 0x73, 0xff, 0xde, 0x02, 0xd0, 0x72, 0x01, 0x83, 0xc4, 0x00, 0x00, 0x00, 0x82, 0xa2, 0x16,
	0x05, 0x48, 0x5e, 0xb8, 0xd4, 0x00, 0xd6, 0xff, 0x3c, 0x19, 0xff, 0x3c, 0x19, 0xd9, 0x70, 0x01,
	0x01, 0x01, 0x80, 0x9b, 0x70, 0x01, 0xfb, 0x3a, 0x19, 0x00, 0x6e, 0xff, 0x3a, 0x19, 0x82, 0x01,
	0x00, 0xff, 0x3a, 0x19, 0xff, 0x01, 0x00, 0xf9, 0x01, 0x00, 0x93, 0x3a, 0x19, 0x8f, 0x3a, 0x19,
	0x00, 0x6e, 0xff, 0x3a, 0x19, 0xda, 0xae, 0x03, 0x01, 0xff, 0xff, 0x9b, 0xae, 0x03, 0xff, 0x38,
	0x19, 0xff, 0x6a, 0x01, 0xc7, 0x88, 0x06, 0x00, 0x7f, 0x86, 0x6a, 0x01, 0x00, 0x7f, 0x90, 0x6a,
	0x01, 0xf1, 0x36, 0x19, 0x02, 0x6e, 0x02, 0x6a, 0xff, 0xf8, 0x07, 0xd6, 0x88, 0x06, 0x9b, 0x70,
	0x01, 0xff, 0x34, 0x19, 0xff, 0x6a, 0x01, 0xc5, 0x44, 0x04, 0x9b, 0x6a, 0x01, 0xf1, 0x32, 0x19,
	0x01, 0xd8, 0x03, 0xff, 0xda, 0x02, 0xd7, 0x4a, 0x04, 0x00, 0x80, 0x86, 0x70, 0x01, 0x00, 0x80,
	0x90, 0x70, 0x01, 0xff, 0x30, 0x19, 0xff, 0x6a, 0x01, 0xc5, 0x44, 0x04, 0x9b, 0x6a, 0x01, 0xf1,
	0x2e, 0x19, 0x02, 0x42, 0x05, 0x6f, 0xff, 0xda, 0x02, 0xd6, 0x4a, 0x04, 0x9b, 0x70, 0x01, 0xff,
	0x2c, 0x19, 0xff, 0x6a, 0x01, 0xc5, 0x44, 0x04, 0x00, 0xff, 0x86, 0x6a, 0x01, 0x00, 0xff, 0x90,
	0x6a, 0x01, 0xfb, 0x2a, 0x19, 0x01, 0xb1, 0x06, 0xff, 0xbe, 0x05, 0xd7, 0x54, 0x04, 0x99, 0x7a,
	0x01, 0xff, 0x28, 0x19, 0xff, 0x6a, 0x01, 0xc7, 0x4e, 0x04, 0x9b, 0x6a, 0x01, 0xf1, 0x26, 0x19,
	0x01, 0x1b, 0x08, 0xff, 0xda, 0x02, 0xd1, 0x70, 0x01, 0x00, 0x1b, 0x81, 0xc4, 0x00, 0x00, 0xd5,
	0x9b, 0x6a, 0x13, 0xff, 0x24, 0x19, 0xff, 0x6a, 0x01, 0xc1, 0x6a, 0x01, 0x01, 0x01, 0x80, 0x9d,
	0x6a, 0x01, 0xf1, 0x22, 0x19, 0x01, 0x85, 0x09, 0xff, 0xda, 0x02, 0xd3, 0x70, 0x01, 0x01, 0xff,
	0xff, 0x9d, 0x70, 0x01, 0xff, 0x20, 0x19, 0xff, 0x6a, 0x01, 0xc5, 0x44, 0x04, 0x99, 0x4c, 0x0e,
	0xf3, 0x1e, 0x19, 0x00, 0xef, 0xff, 0x1e, 0x19, 0xd8, 0x4a, 0x04, 0x9b, 0x70, 0x01, 0xff, 0x1e,
	0x19, 0xff, 0x70, 0x01, 0xcb, 0x4a, 0x04, 0x99, 0x70, 0x01, 0xfb, 0x1e, 0x19, 0x00, 0x60, 0xff,
	0x1e, 0x19, 0x82, 0x01, 0x00, 0xff, 0x1e, 0x19, 0xff, 0x01, 0x00, 0xf9, 0x01, 0x00, 0x93, 0x1e,
	0x19, 0xff, 0x1e, 0x19, 0xf1, 0x8e, 0x06, 0x9b, 0x90, 0x10, 0xff, 0x1e, 0x19, 0xff, 0x6a, 0x01,
	0xc5, 0x88, 0x06, 0x9b, 0x6a, 0x01, 0xff, 0x1e, 0x19, 0xff, 0x70, 0x01, 0xcb, 0x88, 0x06, 0x9b,
	0x70, 0x01, 0xff, 0x1e, 0x19, 0xff, 0x6a, 0x01, 0xc5, 0x44, 0x04, 0x9b, 0x6a, 0x13, 0xff, 0x1e,
	0x19, 0xff, 0x70, 0x01, 0xcb, 0x4a, 0x04, 0x9b, 0x70, 0x01, 0xff, 0x1e, 0x19, 0xff, 0x6a, 0x01,
	0xc5, 0x44, 0x04, 0x9b, 0x6a, 0x01, 0xf3, 0x1e, 0x19, 0xff, 0xe4, 0x96, 0xd5, 0xb4, 0x17, 0x05,
	0x06, 0x5e, 0x80, 0xd6, 0x80, 0xdc, 0xff, 0x14, 0x19, 0xff, 0x60, 0x01, 0xd3, 0x9a, 0x17, 0x93,
	0x60, 0x01, 0xfb, 0x0a, 0x19, 0x00, 0xa7, 0xff, 0xe4, 0x96, 0xd6, 0xa0, 0x17, 0x91, 0x70, 0x01,
	0xff, 0x00, 0x19, 0xff, 0x60, 0x01, 0xc7, 0x30, 0x04, 0x02, 0x41, 0xd6, 0xbf, 0x8e, 0x60, 0x01,
	0xf1, 0xf6, 0x18, 0x01, 0x07, 0x08, 0xff, 0xc6, 0x02, 0xd7, 0x36, 0x04, 0x91, 0x66, 0x01, 0xff,
	0xec, 0x18, 0xff, 0x60, 0x01, 0xc5, 0x26, 0x04, 0x91, 0x60, 0x01, 0xf1, 0xe2, 0x18, 0x00, 0x67,
	0xff, 0xe4, 0x96, 0xd8, 0x2c, 0x04, 0x02, 0x81, 0xd6, 0xff, 0x8e, 0x66, 0x01, 0xff, 0xd8, 0x18,
	0xff, 0x60, 0x01, 0xc5, 0x26, 0x04, 0x91, 0x60, 0x01, 0xf1, 0xce, 0x18, 0x00, 0xc7, 0xff, 0x62,
	0xaf, 0xd8, 0x2c, 0x04, 0x91, 0x66, 0x01, 0xff, 0xc4, 0x18, 0xff, 0x66, 0x01, 0xcb, 0x2c, 0x04,
	0x02, 0xc0, 0xd6, 0xc0, 0x8c, 0x66, 0x01, 0xfb, 0xba, 0x18, 0x00, 0x2e, 0xff, 0xba, 0x18, 0x82,
	0x01, 0x00, 0xff, 0xba, 0x18, 0xff, 0x01, 0x00, 0xf9, 0x01, 0x00, 0x93, 0xba, 0x18, 0xff, 0x62,
	0xaf, 0xf1, 0x70, 0x06, 0x8f, 0xa4, 0x03, 0xff, 0xb0, 0x18, 0xff, 0x60, 0x01, 0xc7, 0x6a, 0x06,
	0x91, 0x60, 0x01, 0xf3, 0x62, 0xaf, 0x00, 0x62, 0xff, 0xd0, 0x07, 0xd7, 0xf2, 0x12, 0x04, 0xd5,
	0x9c, 0xd4, 0x00, 0x01, 0xff, 0x9e, 0x18, 0xff, 0x62, 0x01, 0xd6, 0xf4, 0x12, 0x92, 0x62, 0x01,
	0xf1, 0x96, 0x18, 0x01, 0xc6, 0x03, 0xff, 0xca, 0x02, 0xd8, 0xec, 0x12, 0x92, 0x68, 0x01, 0xff,
	0x8e, 0x18, 0xff, 0x62, 0x01, 0xc6, 0x2c, 0x04, 0x03, 0xd7, 0x9c, 0xd4, 0x00, 0xff, 0xe8, 0xc7,
	0x05, 0x38, 0x00, 0x00, 0x28, 0x05, 0x67, 0xff, 0xca, 0x02, 0xd7, 0x32, 0x04, 0x92, 0x68, 0x01,
	0xff, 0x88, 0x18, 0xff, 0x62, 0x01, 0xc6, 0x2c, 0x04, 0x92, 0x62, 0x01, 0xfb, 0x8a, 0x18, 0x00,
	0x8f, 0xff, 0x8a, 0x18, 0xd6, 0xa4, 0x1f, 0x82, 0x8a, 0x18, 0x00, 0xdd, 0xff, 0x8a, 0x18, 0xff,
	0x60, 0x01, 0xd3, 0x94, 0x1f, 0x93, 0x60, 0x01, 0xf1, 0x8a, 0x18, 0x00, 0xef, 0xff, 0x6e, 0xaf,
	0xd6, 0x90, 0x1f, 0x93, 0x66, 0x01, 0xff, 0x8a, 0x18, 0xff, 0x60, 0x01, 0xc5, 0x26, 0x04, 0x02,
	0x41, 0xd6, 0xbf, 0x8e, 0x60, 0x01, 0xf1, 0x8a, 0x18, 0x00, 0x4f, 0xff, 0x8a, 0x18, 0xd8, 0x2c,
	0x04, 0x91, 0x66, 0x01, 0xff, 0x8a, 0x18, 0xff, 0x60, 0x01, 0xc5, 0x26, 0x04, 0x91, 0x60, 0x01,
	0xf1, 0x8a, 0x18, 0x00, 0xaf, 0xff, 0x8a, 0x18, 0xd8, 0x2c, 0x04, 0x02, 0x81, 0xd6, 0xff, 0x8e,
	0x66, 0x01, 0xff, 0x8a, 0x18, 0xff, 0x66, 0x01, 0xcb, 0x2c, 0x04, 0x8f, 0x66, 0x01, 0xfb, 0x8a,
	0x18, 0x00, 0x16, 0xff, 0x8a, 0x18, 0x82, 0x01, 0x00, 0xff, 0x8a, 0x18, 0xff, 0x01, 0x00, 0xf9,
	0x01, 0x00, 0x93, 0x8a, 0x18, 0xff, 0x8a, 0x18, 0xf1, 0x70, 0x06, 0x8f, 0xa4, 0x03, 0xff, 0x8a,
	0x18, 0xff, 0x60, 0x01, 0xc7, 0x6a, 0x06, 0x02, 0xc0, 0xd6, 0xc0, 0x8e, 0x60, 0x01, 0xff, 0xec,
	0xc7, 0xff, 0x66, 0x01, 0xcb, 0x6a, 0x06, 0x91, 0x66, 0x01, 0xff, 0x88, 0x18, 0xff, 0x60, 0x01,
	0xc5, 0x26, 0x04, 0x91, 0x60, 0x01, 0xf3, 0xec, 0xc7, 0xff, 0x86, 0x18, 0xd8, 0xe8, 0x12, 0x02,
	0xd5, 0x9c, 0xdc, 0xff, 0x86, 0x18, 0xff, 0x86, 0x18, 0xd8, 0xea, 0x12, 0x92, 0x62, 0x01, 0xf1,
	0x86, 0x18, 0x00, 0x26, 0xff, 0x86, 0x18, 0xd9, 0xec, 0x12, 0x92, 0x68, 0x01, 0xff, 0x86, 0x18,
	0xff, 0x62, 0x01, 0xc6, 0x2c, 0x04, 0x02, 0xd7, 0x9c, 0xdc, 0xff, 0x86, 0x18, 0x8b, 0x86, 0x18,
	0x01, 0x8d, 0x06, 0xff, 0x9e, 0x05, 0xd8, 0x3c, 0x04, 0x90, 0x72, 0x01, 0xff, 0x88, 0x18, 0xff,
	0x62, 0x01, 0xc8, 0x36, 0x04, 0x92, 0x62, 0x01, 0xf3, 0x8a, 0x18, 0xff, 0x84, 0x39, 0xd1, 0x68,
	0x01, 0x09, 0x00, 0x5e, 0x00, 0xd7, 0x01, 0x5e, 0x01, 0x80, 0x20, 0x18, 0x81, 0xfe, 0x0e, 0x05,
	0x06, 0x5e, 0x00, 0xd7, 0x00, 0x46, 0xff, 0x94, 0x18, 0xff, 0x6a, 0x01, 0xd1, 0x6a, 0x01, 0x00,
	0x3f, 0x8c, 0x6a, 0x01, 0x00, 0x3f, 0x8e, 0x6a, 0x01, 0xf1, 0x9e, 0x18, 0x00, 0x59, 0xff, 0x0a,
	0x4a, 0xd4, 0x70, 0x01, 0x01, 0xff, 0xd6, 0x8b, 0x70, 0x01, 0x00, 0x7f, 0x8e, 0x70, 0x01, 0xff,
	0xa8, 0x18, 0xff, 0x6a, 0x01, 0xc1, 0x6a, 0x01, 0x00, 0xc0, 0x8c, 0x6a, 0x01, 0x00, 0x40, 0x8e,
	0x6a, 0x01, 0xf1, 0xb2, 0x18, 0x00, 0xc3, 0xff, 0x66, 0x7c, 0xd5, 0xb4, 0x05, 0x00, 0xd8, 0x8b,
	0x70, 0x01, 0x00, 0xdb, 0x8e, 0xac, 0x26, 0xff, 0xbe, 0x18, 0xff, 0x72, 0x01, 0xca, 0x72, 0x01,
	0x8c, 0xe2, 0x02, 0x00, 0xdb, 0x8e, 0xf2, 0x23, 0xfb, 0xca, 0x18, 0x00, 0x36, 0xff, 0xca, 0x18,
	0x82, 0x01, 0x00, 0xff, 0xca, 0x18, 0xff, 0x01, 0x00, 0xf9, 0x01, 0x00, 0x93, 0xca, 0x18, 0xff,
	0x0e, 0x4a, 0xfe, 0xd6, 0x0a, 0x00, 0x47, 0xff, 0xd4, 0x18, 0xff, 0x6a, 0x01, 0xe2, 0xd6, 0x0a,
	0x8e, 0x6a, 0x01, 0xff, 0x0e, 0x4a, 0xff, 0x70, 0x01, 0xd8, 0xd6, 0x0a, 0x8e, 0x70, 0x01, 0xff,
	0xe8, 0x18, 0xff, 0x6a, 0x01, 0xd2, 0xd6, 0x0a, 0x8e, 0x6a, 0x01, 0xf3, 0x0e, 0x4a, 0xff, 0xdc,
	0x70, 0xe4, 0xd6, 0x0a, 0x00, 0xd5, 0xff, 0xfc, 0x18, 0xff, 0xfc, 0x18, 0xe4, 0xd0, 0x0a, 0x00,
	0xd5, 0xff, 0x8c, 0x31, 0x81, 0x06, 0x19, 0x00, 0x44, 0xff, 0x30, 0x63, 0xe5, 0x92, 0x08, 0x00,
	0x4e, 0xff, 0x0e, 0x19, 0xff, 0x6a, 0x01, 0xe2, 0x92, 0x08, 0x8e, 0x6a, 0x01, 0xfb, 0x16, 0x19,
	0x00, 0xb3, 0xff, 0x30, 0x63, 0xe5, 0x9c, 0x08, 0x8c, 0x7a, 0x01, 0xff, 0x1e, 0x19, 0xff, 0x6a,
	0x01, 0xd4, 0x9c, 0x08, 0x8e, 0x6a, 0x01, 0xf1, 0x26, 0x19, 0x00, 0x1d, 0xff, 0x56, 0x7c, 0xe4,
	0x9c, 0x08, 0x00, 0xdf, 0x90, 0x72, 0x13, 0xff, 0x28, 0x19, 0xff, 0x6c, 0x01, 0xd1, 0x9c, 0x08,
	0x00, 0xdf, 0x8e, 0x6c, 0x13, 0xf3, 0x2a, 0x19, 0x00, 0x89, 0xff, 0x2a, 0x19, 0xe5, 0x9c, 0x08,
	0x00, 0x4f, 0xff, 0x2a, 0x19, 0xff, 0x6a, 0x01, 0xe2, 0x9c, 0x08, 0x8e, 0x6a, 0x01, 0xf1, 0x2a,
	0x19, 0x00, 0xf3, 0xff, 0x34, 0x63, 0xe5, 0x92, 0x08, 0x8e, 0x70, 0x01, 0xff, 0x28, 0x19, 0xff,
	0x70, 0x01, 0xd8, 0x98, 0x08, 0x8c, 0x70, 0x01, 0xfb, 0x26, 0x19, 0x00, 0x64, 0xff, 0x26, 0x19,
	0x82, 0x01, 0x00, 0xff, 0x26, 0x19, 0xff, 0x01, 0x00, 0xf9, 0x01, 0x00, 0x93, 0x26, 0x19, 0xff,
	0x8c, 0x95, 0xfe, 0xd6, 0x0a, 0x90, 0x72, 0x13, 0xff, 0x28, 0x19, 0xff, 0x6c, 0x01, 0xd2, 0xd6,
	0x0a, 0x90, 0x72, 0x13, 0xf3, 0x8c, 0x95, 0xff, 0xd6, 0x0a, 0xe4, 0xd6, 0x0a, 0x00, 0x4c, 0xff,
	0x2a, 0x19, 0xff, 0x6a, 0x01, 0xe2, 0xd6, 0x0a, 0x8e, 0x6a, 0x01, 0xf1, 0x2a, 0x19, 0x00, 0xda,
	0xff, 0x38, 0x63, 0xe5, 0xd6, 0x0a, 0x8e, 0x70, 0x01, 0xff, 0x28, 0x19, 0xff, 0x6a, 0x01, 0xd2,
	0xd0, 0x0a, 0x8e, 0x6a, 0x01, 0xf3, 0x26, 0x19, 0xff, 0x84, 0x95, 0xe3, 0x92, 0x08, 0x00, 0xde,
	0x90, 0x86, 0x4d, 0xff, 0x28, 0x19, 0xff, 0x6c, 0x01, 0xd1, 0x92, 0x08, 0x00, 0xde, 0xff, 0xc6,
	0x4a, 0x8c, 0x2a, 0x19, 0x00, 0xb5, 0xff, 0x2a, 0x19, 0xe5, 0x9c, 0x08, 0x00, 0x4d, 0xff, 0x2a,
	0x19, 0xff, 0x6a, 0x01, 0xe2, 0x9c, 0x08, 0x8e, 0x6a, 0x01, 0xf1, 0x2a, 0x19, 0x00, 0x1f, 0xff,
	0x5a, 0x7c, 0xe5, 0x9c, 0x08, 0x8e, 0x70, 0x01, 0xff, 0x28, 0x19, 0xff, 0x6a, 0x01, 0xd2, 0x9c,
	0x08, 0x8e, 0x6a, 0x01, 0xf3, 0x26, 0x19, 0xff, 0x04, 0x1c, 0xe4, 0x9c, 0x08, 0x8e, 0x2e, 0x11,
	0xff, 0x28, 0x19, 0xff, 0x6c, 0x01, 0xd4, 0x9c, 0x08, 0x8e, 0x2e, 0x11, 0xf3, 0x2a, 0x19, 0x00,
	0xf5, 0xff, 0x2a, 0x19, 0xe5, 0x92, 0x08, 0x00, 0x42, 0xff, 0x2a, 0x19, 0xff, 0x2a, 0x19, 0xe8,
	0x98, 0x08, 0x8c, 0x70, 0x01, 0xfb, 0x2a, 0x19, 0x00, 0x66, 0xff, 0x2a, 0x19, 0x82, 0x01, 0x00,
	0xff, 0x2a, 0x19, 0xff, 0x01, 0x00, 0xf9, 0x01, 0x00, 0x93, 0x2a, 0x19, 0xff, 0x50, 0x32, 0xfe,
	0xd6, 0x0a, 0x8c, 0xae, 0x03, 0xff, 0x28, 0x19, 0xff, 0x6a, 0x01, 0xd4, 0xd6, 0x0a, 0x8e, 0x6a,
	0x01, 0xf3, 0x50, 0x32, 0xff, 0xd6, 0x0a, 0xe3, 0xd6, 0x0a, 0x00, 0xd9, 0xff, 0xc2, 0x63, 0xff,
	0x28, 0x19, 0xe4, 0xd6, 0x0a, 0x00, 0xd9, 0x90, 0x72, 0x13, 0xff, 0x2a, 0x19, 0xff, 0x72, 0x01,
	0xd8, 0xd6, 0x0a, 0x00, 0x43, 0xff, 0x2a, 0x19, 0xff, 0x6a, 0x01, 0xe2, 0xd0, 0x0a, 0x8e, 0x6a,
	0x01, 0xff, 0x50, 0x32, 0xff, 0x70, 0x01, 0xd8, 0x92, 0x08, 0x8e, 0x70, 0x01, 0xff, 0x28, 0x19,
	0xff, 0x6a, 0x01, 0xd2, 0x92, 0x08, 0x8e, 0x6a, 0x01, 0xfd, 0x50, 0x32, 0xff, 0x9c, 0x08, 0xe4,
	0x9c, 0x08, 0x90, 0x72, 0x13, 0xff, 0x28, 0x19, 0xff, 0x6c, 0x01, 0xd2, 0x9c, 0x08, 0x90, 0x72,
	0x13, 0xff, 0x2a, 0x19, 0xff, 0x72, 0x01, 0xd8, 0x9c, 0x08, 0x00, 0x40, 0xff, 0x2a, 0x19, 0xff,
	0x6a, 0x01, 0xe2, 0x9c, 0x08, 0x8e, 0x6a, 0x01, 0xff, 0x50, 0x32, 0xff, 0x70, 0x01, 0xd8, 0x9c,
	0x08, 0x8e, 0x70, 0x01, 0xff, 0x28, 0x19, 0xff, 0x6a, 0x01, 0xd2, 0x9c, 0x08, 0x8e, 0x6a, 0x01,
	0xf3, 0x50, 0x32, 0xff, 0x7a, 0x4b, 0xe3, 0x92, 0x08, 0x00, 0xd8, 0xff, 0x7a, 0x4b, 0xff, 0x28,
	0x19, 0xea, 0x98, 0x08, 0x00, 0xd8, 0xff, 0x7a, 0x4b, 0xff, 0x2a, 0x19, 0x86, 0x10, 0x00, 0xff,
	0x2a, 0x19, 0xff, 0x01, 0x00, 0xff, 0x01, 0x00, 0x81, 0x01, 0x00, 0x93, 0x2a, 0x19, 0xff, 0x2a,
	0x19, 0xfe, 0xd6, 0x0a, 0x00, 0x41, 0xff, 0x2a, 0x19, 0xff, 0x6a, 0x01, 0xe2, 0xd6, 0x0a, 0x8e,
	0x6a, 0x01, 0xff, 0x7a, 0x4b, 0xff, 0x70, 0x01, 0xd8, 0xd6, 0x0a, 0x8e, 0x70, 0x01, 0xff, 0x28,
	0x19, 0xff, 0x6a, 0x01, 0xd2, 0xd6, 0x0a, 0x8e, 0x6a, 0x01, 0xff, 0x7a, 0x4b, 0xff, 0x70, 0x01,
	0xd8, 0xd6, 0x0a, 0xff, 0x7a, 0x4b, 0xff, 0x28, 0x19, 0xe5, 0xd0, 0x0a, 0xff, 0x7a, 0x4b, 0xff,
	0x2a, 0x19, 0xeb, 0x92, 0x08, 0x00, 0x44, 0xff, 0x2a, 0x19, 0xff, 0x6a, 0x01, 0xe2, 0x92, 0x08,
	0x8e, 0x6a, 0x01, 0xff, 0x7a, 0x4b, 0xff, 0x7a, 0x01, 0xe2, 0x9c, 0x08, 0x8c, 0x7a, 0x01, 0xff,
	0x28, 0x19, 0xff, 0x6a, 0x01, 0xd4, 0x9c, 0x08, 0x8e, 0x6a, 0x01, 0xff, 0x7a, 0x4b, 0xff, 0x70,
	0x01, 0xd7, 0x9c, 0x08, 0x00, 0xda, 0xff, 0x7a, 0x4b, 0xff, 0x28, 0x19, 0xe4, 0x9c, 0x08, 0x00,
	0xda, 0xff, 0x7a, 0x4b, 0xff, 0x2a, 0x19, 0xeb, 0x9c, 0x08, 0x00, 0x45, 0xff, 0x2a, 0x19, 0xff,
	0x6a, 0x01, 0xe2, 0x9c, 0x08, 0x8e, 0x6a, 0x01, 0xff, 0x7a, 0x4b, 0xff, 0x70, 0x01, 0xd8, 0x92,
	0x08, 0x8e, 0x70, 0x01, 0xff, 0x28, 0x19, 0xff, 0x70, 0x01, 0xd8, 0x98, 0x08, 0x8c, 0x70, 0x01,
	0xff, 0x7a, 0x4b, 0xff, 0x26, 0x19, 0xff, 0x26, 0x19, 0xff, 0x01, 0x00, 0xfb, 0x01, 0x00, 0x93,
	0x26, 0x19, 0xff, 0x7a, 0x4b, 0xfe, 0xd6, 0x0a, 0xff, 0x7a, 0x4b, 0xff, 0x28, 0x19, 0xe5, 0xd6,
	0x0a, 0xff, 0x7a, 0x4b, 0xff, 0x06, 0xe1, 0xd8, 0x72, 0x01, 0x81, 0x3a, 0xd1, 0x02, 0x01, 0x00,
	0x00, 0x83, 0xde, 0xd9, 0x08, 0x5e, 0x00, 0xd6, 0x83, 0xdb, 0xc0, 0x90, 0x00, 0x80, 0xff, 0x2c,
	0x19, 0xff, 0x6c, 0x01, 0xd4, 0x6c, 0x01, 0x00, 0x80, 0x8b, 0x6c, 0x01, 0x00, 0xff, 0xff, 0x54,
	0x32, 0xff, 0x06, 0xe1, 0xe8, 0xde, 0x02, 0x00, 0xc8, 0x90, 0xde, 0x02, 0xff, 0x2e, 0x19, 0xff,
	0x6c, 0x01, 0xd1, 0xde, 0x02, 0x00, 0xc8, 0x90, 0xde, 0x02, 0xff, 0x06, 0xe1, 0xff, 0x72, 0x01,
	0xd7, 0xde, 0x02, 0x00, 0xd0, 0x90, 0xde, 0x02, 0xff, 0x30, 0x19, 0xff, 0x6c, 0x01, 0xd1, 0xde,
	0x02, 0x00, 0xd0, 0x90, 0xde, 0x02, 0xff, 0x06, 0xe1, 0xff, 0x7c, 0x01, 0xe1, 0xe8, 0x02, 0x00,
	0xd8, 0x8e, 0xe8, 0x02, 0xff, 0x34, 0x19, 0xff, 0x6c, 0x01, 0xd3, 0xe8, 0x02, 0x00, 0xd8, 0x8e,
	0xe8, 0x02, 0xff, 0x06, 0xe1, 0xff, 0x72, 0x01, 0xd3, 0xde, 0x02, 0x00, 0x01, 0x82, 0x72, 0x01,
	0x00, 0xc1, 0x90, 0xde, 0x02, 0xff, 0x36, 0x19, 0xff, 0x6c, 0x01, 0xcb, 0xde, 0x02, 0x85, 0x6c,
	0x01, 0x8f, 0xde, 0x02, 0xff, 0x06, 0xe1, 0xff, 0x72, 0x01, 0xd7, 0xde, 0x02, 0x00, 0xc9, 0x90,
	0xde, 0x02, 0xff, 0x38, 0x19, 0xff, 0x6c, 0x01, 0xd1, 0xde, 0x02, 0x00, 0xc9, 0x90, 0xde, 0x02,
	0xff, 0x44, 0xfa, 0xff, 0x72, 0x01, 0xd7, 0xde, 0x02, 0x00, 0xd1, 0x90, 0xde, 0x02, 0xff, 0x3c,
	0x19, 0xff, 0x72, 0x01, 0xd7, 0xe4, 0x02, 0x00, 0xd1, 0x8e, 0xe4, 0x02, 0xff, 0x44, 0xfa, 0xff,
	0x3e, 0x19, 0xff, 0x3e, 0x19, 0xff, 0x01, 0x00, 0xfb, 0x01, 0x00, 0x93, 0x3e, 0x19, 0xff, 0x3e,
	0x19, 0xfd, 0x22, 0x05, 0x00, 0xd9, 0x90, 0xa4, 0x10, 0xff, 0x3e, 0x19, 0xff, 0x6c, 0x01, 0xd1,
	0x1c, 0x05, 0x00, 0xd9, 0x90, 0xa4, 0x10, 0xff, 0x3e, 0x19, 0xff, 0x72, 0x01, 0xd1, 0xde, 0x02,
	0x00, 0x02, 0x82, 0x72, 0x01, 0x00, 0xc2, 0xff, 0x3e, 0x19, 0xff, 0x3e, 0x19, 0xde, 0xde, 0x02,
	0x85, 0x6c, 0x01, 0xff, 0x3e, 0x19, 0xff, 0x3e, 0x19, 0xe9, 0xde, 0x02, 0x00, 0xca, 0xff, 0x3e,
	0x19, 0xff, 0x3e, 0x19, 0xe4, 0xde, 0x02, 0x00, 0xca, 0xff, 0x3e, 0x19, 0xff, 0x3e, 0x19, 0xea,
	0xde, 0x02, 0x00, 0xd2, 0xff, 0x3e, 0x19, 0xff, 0x3e, 0x19, 0xe4, 0xde, 0x02, 0x00, 0xd2, 0xff,
	0x3e, 0x19, 0xff, 0x3e, 0x19, 0xf4, 0xe8, 0x02, 0x00, 0xda, 0xff, 0x3e, 0x19, 0xff, 0x3e, 0x19,
	0xe4, 0xe8, 0x02, 0x00, 0xda, 0xff, 0x3e, 0x19, 0xff, 0x3e, 0x19, 0xe4, 0xde, 0x02, 0x00, 0x03,
	0x82, 0x72, 0x01, 0x00, 0xc3, 0xff, 0x3e, 0x19, 0xff, 0x3e, 0x19, 0xde, 0xde, 0x02, 0x85, 0x6c,
	0x01, 0xff, 0x3e, 0x19, 0xff, 0x3e, 0x19, 0xe9, 0xde, 0x02, 0x00, 0xcb, 0xff, 0x3e, 0x19, 0xff,
	0x3e, 0x19, 0xe4, 0xde, 0x02, 0x00, 0xcb, 0xff, 0x3e, 0x19, 0xff, 0x3e, 0x19, 0xea, 0xde, 0x02,
	0x00, 0xd3, 0xff, 0x3e, 0x19, 0xff, 0x3e, 0x19, 0xea, 0xe4, 0x02, 0x00, 0xd3, 0xff, 0x3e, 0x19,
	0xff, 0x3e, 0x19, 0x86, 0x10, 0x00, 0xff, 0x3e, 0x19, 0xff, 0x01, 0x00, 0xff, 0x01, 0x00, 0x81,
	0x01, 0x00, 0x93, 0x3e, 0x19, 0xff, 0x3e, 0x19, 0xfd, 0x22, 0x05, 0x00, 0xdb, 0xff, 0x3e, 0x19,
	0xff, 0x3e, 0x19, 0xe4, 0x1c, 0x05, 0x00, 0xdb, 0xff, 0x3e, 0x19, 0xff, 0x3e, 0x19, 0xe4, 0xde,
	0x02, 0x00, 0x04, 0x82, 0x72, 0x01, 0x00, 0xc4, 0xff, 0x3e, 0x19, 0xff, 0x3e, 0x19, 0xde, 0xde,
	0x02, 0x85, 0x6c, 0x01, 0xff, 0x3e, 0x19, 0xff, 0x3e, 0x19, 0xe9, 0xde, 0x02, 0x00, 0xcc, 0xff,
	0x3e, 0x19, 0xff, 0x3e, 0x19, 0xe4, 0xde, 0x02, 0x00, 0xcc, 0xff, 0x3e, 0x19, 0xff, 0x3e, 0x19,
	0xea, 0xde, 0x02, 0x00, 0xd4, 0xff, 0x3e, 0x19, 0xff, 0x3e, 0x19, 0xe4, 0xde, 0x02, 0x00, 0xd4,
	0xff, 0x3e, 0x19, 0xff, 0x3e, 0x19, 0xf4, 0xe8, 0x02, 0x00, 0xdc, 0xff, 0x3e, 0x19, 0xff, 0x3e,
	0x19, 0xe4, 0xe8, 0x02, 0x00, 0xdc, 0xff, 0x3e, 0x19, 0xff, 0x3e, 0x19, 0xe4, 0xde, 0x02, 0x00,
	0x05, 0x82, 0x72, 0x01, 0x00, 0xc5, 0xff, 0x3e, 0x19, 0xff, 0x3e, 0x19, 0xde, 0xde, 0x02, 0x85,
	0x6c, 0x01, 0xff, 0x3e, 0x19, 0xff, 0x3e, 0x19, 0xe9, 0xde, 0x02, 0x00, 0xcd, 0xff, 0x3e, 0x19,
	0xff, 0x3e, 0x19, 0xe4, 0xde, 0x02, 0x00, 0xcd, 0xff, 0x3e, 0x19, 0xff, 0x3e, 0x19, 0xea, 0xde,
	0x02, 0x00, 0xd5, 0xff, 0x3e, 0x19, 0xff, 0x3e, 0x19, 0xea, 0xe4, 0x02, 0x00, 0xd5, 0xff, 0x3e,
	0x19, 0xff, 0x3e, 0x19, 0x86, 0x10, 0x00, 0xff, 0x3e, 0x19, 0xff, 0x01, 0x00, 0xff, 0x01, 0x00,
	0x81, 0x01, 0x00, 0x93, 0x3e, 0x19, 0xff, 0x3e, 0x19, 0xfd, 0x22, 0x05, 0x00, 0xdd, 0xff, 0x3e,
	0x19, 0xff, 0x3e, 0x19, 0xe4, 0x1c, 0x05, 0x00, 0xdd, 0xff, 0x3e, 0x19, 0xff, 0x3e, 0x19, 0xe4,
	0xde, 0x02, 0x84, 0x4e, 0x4a, 0x00, 0x91, 0xff, 0x3e, 0x19, 0xff, 0x3e, 0x19, 0xdd, 0xde, 0x02,
	0x85, 0x6c, 0x01, 0xff, 0x3e, 0x19, 0xff, 0x3e, 0x19, 0xea, 0xba, 0x4b, 0x90, 0xde, 0x02, 0xff,
	0x3e, 0x19, 0xff, 0x6c, 0x01, 0xd1, 0xde, 0x02, 0x00, 0xc8, 0x90, 0xde, 0x02, 0xff, 0x3e, 0x19,
	0xff, 0x72, 0x01, 0xd8, 0xba, 0x4b, 0x90, 0xde, 0x02, 0xff, 0x3e, 0x19, 0xff, 0x6c, 0x01, 0xd1,
	0xde, 0x02, 0x00, 0xd0, 0x90, 0xde, 0x02, 0xff, 0x3e, 0x19, 0xff, 0x7c, 0x01, 0xe2, 0xba, 0x4b,
	0x8e, 0xe8, 0x02, 0xff, 0x3e, 0x19, 0xff, 0x6c, 0x01, 0xd3, 0xe8, 0x02, 0x00, 0xd8, 0x8e, 0xe8,
	0x02, 0xff, 0x3e, 0x19, 0xff, 0x72, 0x01, 0xd3, 0xde, 0x02, 0x84, 0x4e, 0x4a, 0x90, 0xde, 0x02,
	0xff, 0x3e, 0x19, 0xff, 0x6c, 0x01, 0xcb, 0xde, 0x02, 0x85, 0x6c, 0x01, 0xff, 0x3e, 0x19, 0xff,
	0x3e, 0x19, 0xea, 0xba, 0x4b, 0x90, 0xde, 0x02, 0xff, 0x3e, 0x19, 0xff, 0x6c, 0x01, 0xd1, 0xde,
	0x02, 0x00, 0xc9, 0x90, 0xde, 0x02, 0xff, 0x3e, 0x19, 0xff, 0x72, 0x01, 0xd8, 0xba, 0x4b, 0x90,
	0xde, 0x02, 0xff, 0x3e, 0x19, 0xff, 0x72, 0x01, 0xd8, 0xba, 0x4b, 0x8e, 0xe4, 0x02, 0xff, 0x3e,
	0x19, 0xff, 0x3e, 0x19, 0xff, 0x3e, 0x19, 0xff, 0x01, 0x00, 0xfb, 0x01, 0x00, 0x93, 0x3e, 0x19,
	0xff, 0x3e, 0x19, 0xfe, 0xba, 0x4b, 0x90, 0xa4, 0x10, 0xff, 0x3e, 0x19, 0xff, 0x6c, 0x01, 0xd1,
	0x1c, 0x05, 0x00, 0xd9, 0x90, 0xa4, 0x10, 0xff, 0x3e, 0x19, 0xff, 0x72, 0x01, 0xd8, 0xba, 0x4b,
	0xff, 0x3e, 0x19, 0xff, 0x3e, 0x19, 0xde, 0xde, 0x02, 0x85, 0x6c, 0x01, 0xff, 0x3e, 0x19, 0xff,
	0x3e, 0x19, 0xea, 0xba, 0x4b, 0xff, 0x3e, 0x19, 0xff, 0x3e, 0x19, 0xe4, 0xde, 0x02, 0x00, 0xca,
	0xff, 0x3e, 0x19, 0xff, 0x3e, 0x19, 0xea, 0xde, 0x02, 0x00, 0xd2, 0xff, 0x3e, 0x19, 0xff, 0x3e,
	0x19, 0xe4, 0xde, 0x02, 0x00, 0xd2, 0xff, 0x3e, 0x19, 0xff, 0x3e, 0x19, 0xf4, 0xe8, 0x02, 0x00,
	0xda, 0xff, 0x3e, 0x19, 0xff, 0x3e, 0x19, 0xe4, 0xe8, 0x02, 0x00, 0xda, 0xff, 0x3e, 0x19, 0xff,
	0x3e, 0x19, 0xe4, 0xde, 0x02, 0x84, 0x4e, 0x4a, 0xff, 0x3e, 0x19, 0xff, 0x3e, 0x19, 0xde, 0xde,
	0x02, 0x85, 0x6c, 0x01, 0xff, 0x3e, 0x19, 0xff, 0x3e, 0x19, 0xea, 0xba, 0x4b, 0xff, 0x3e, 0x19,
	0xff, 0x3e, 0x19, 0xe4, 0xde, 0x02, 0x00, 0xcb, 0xff, 0x3e, 0x19, 0xff, 0x3e, 0x19, 0xea, 0xde,
	0x02, 0x00, 0xd3, 0xff, 0x3e, 0x19, 0xff, 0x3e, 0x19, 0xea, 0xe4, 0x02, 0x00, 0xd3, 0xff, 0x3e,
	0x19, 0xff, 0x3e, 0x19, 0x86, 0x10, 0x00, 0xff, 0x3e, 0x19, 0xff, 0x01, 0x00, 0xff, 0x01, 0x00,
	0x81, 0x01, 0x00, 0x93, 0x3e, 0x19, 0xff, 0x3e, 0x19, 0xfe, 0xba, 0x4b, 0xff, 0x3e, 0x19, 0xff,
	0x3e, 0x19, 0xe4, 0x1c, 0x05, 0x00, 0xdb, 0xff, 0x3e, 0x19, 0xff, 0x3e, 0x19, 0xe4, 0xde, 0x02,
	0x84, 0x4e, 0x4a, 0xff, 0x3e, 0x19, 0xff, 0x3e, 0x19, 0xde, 0xde, 0x02, 0x85, 0x6c, 0x01, 0xff,
	0x3e, 0x19, 0xff, 0x3e, 0x19, 0xea, 0xba, 0x4b, 0xff, 0x3e, 0x19, 0xff, 0x3e, 0x19, 0xe4, 0xde,
	0x02, 0x00, 0xcc, 0xff, 0x3e, 0x19, 0xff, 0x3e, 0x19, 0xea, 0xde, 0x02, 0x00, 0xd4, 0xff, 0x3e,
	0x19, 0xff, 0x3e, 0x19, 0xe4, 0xde, 0x02, 0x00, 0xd4, 0xff, 0x3e, 0x19, 0xff, 0x3e, 0x19, 0xf4,
	0xe8, 0x02, 0x00, 0xdc, 0xff, 0x3e, 0x19, 0xff, 0x3e, 0x19, 0xe4, 0xe8, 0x02, 0x00, 0xdc, 0xff,
	0x3e, 0x19, 0xff, 0x3e, 0x19, 0xe4, 0xde, 0x02, 0x84, 0x4e, 0x4a, 0xff, 0x3e, 0x19, 0xff, 0x3e,
	0x19, 0xde, 0xde, 0x02, 0x85, 0x6c, 0x01, 0xff, 0x3e, 0x19, 0xff, 0x3e, 0x19, 0xea, 0xba, 0x4b,
	0xff, 0x3e, 0x19, 0xff, 0x3e, 0x19, 0xe4, 0xde, 0x02, 0x00, 0xcd, 0xff, 0x3e, 0x19, 0xff, 0x3e,
	0x19, 0xea, 0xde, 0x02, 0x00, 0xd5, 0xff, 0x3e, 0x19, 0xff, 0x3e, 0x19, 0xea, 0xe4, 0x02, 0x00,
	0xd5, 0xff, 0x3e, 0x19, 0xff, 0x3e, 0x19, 0x86, 0x10, 0x00, 0xff, 0x3e, 0x19, 0xff, 0x01, 0x00,
	0xff, 0x01, 0x00, 0x81, 0x01, 0x00, 0x93, 0x3e, 0x19, 0xff, 0x3e, 0x19, 0xfe, 0xba, 0x4b, 0xff,
	0x3e, 0x19, 0xff, 0x3e, 0x19, 0xe4, 0x1c, 0x05, 0x00, 0xdd, 0xff, 0x3e, 0x19, 0x84, 0x3e, 0x19,
	0x00, 0x76, 0xff, 0x00, 0x08, 0xd6, 0x72, 0x01, 0x05, 0x40, 0x20, 0x00, 0x5e, 0xff, 0xff, 0x85,
	0x34, 0x0f, 0x01, 0x40, 0xd6, 0x83, 0xb4, 0x41, 0x03, 0x83, 0x4d, 0x80, 0xd0, 0xff, 0x48, 0x19,
	0xff, 0x76, 0x01, 0xed, 0x76, 0x01, 0x00, 0x88, 0x8e, 0x76, 0x01, 0xf1, 0x52, 0x19, 0x01, 0xe6,
	0x03, 0xff, 0xf2, 0x02, 0xef, 0x7c, 0x01, 0x00, 0x90, 0x8e, 0x7c, 0x01, 0xff, 0x5c, 0x19, 0xff,
	0x76, 0x01, 0xdd, 0x76, 0x01, 0x00, 0x98, 0x8e, 0x76, 0x01, 0xf1, 0x66, 0x19, 0x02, 0x5c, 0x05,
	0x7b, 0xff, 0xf2, 0x02, 0xee, 0x7c, 0x01, 0x00, 0xa0, 0x8e, 0x7c, 0x01, 0xff, 0x70, 0x19, 0xff,
	0x76, 0x01, 0xdd, 0x76, 0x01, 0x00, 0xa8, 0x8e, 0x76, 0x01, 0xfb, 0x7a, 0x19, 0x01, 0xd7, 0x06,
	0xff, 0xee, 0x05, 0xef, 0x86, 0x01, 0x00, 0xb0, 0x8c, 0x86, 0x01, 0xff, 0x84, 0x19, 0xff, 0x76,
	0x01, 0xdf, 0x76, 0x01, 0x00, 0xb8, 0x8e, 0x76, 0x01, 0xf1, 0x8e, 0x19, 0x01, 0x4d, 0x08, 0xff,
	0xf2, 0x02, 0xef, 0x7c, 0x01, 0x00, 0xc0, 0x8e, 0x7c, 0x01, 0xff, 0x98, 0x19, 0xff, 0x76, 0x01,
	0xdd, 0x76, 0x01, 0x00, 0xc8, 0x8e, 0x76, 0x01, 0xf1, 0xa2, 0x19, 0x01, 0xc3, 0x09, 0xff, 0xf2,
	0x02, 0xef, 0x7c, 0x01, 0x00, 0xd0, 0x8e, 0x7c, 0x01, 0xff, 0xac, 0x19, 0xff, 0x76, 0x01, 0xdd,
	0x76, 0x01, 0x00, 0xd8, 0x8e, 0x76, 0x01, 0xf1, 0xb6, 0x19, 0x02, 0x39, 0x0b, 0x7f, 0xff, 0xf2,
	0x02, 0xee, 0x7c, 0x01, 0x00, 0xe0, 0x8e, 0x7c, 0x01, 0xff, 0xc0, 0x19, 0xff, 0x7c, 0x01, 0xe3,
	0x7c, 0x01, 0x00, 0xe8, 0x8c, 0x7c, 0x01, 0xfb, 0xca, 0x19, 0x00, 0xb6, 0xff, 0xca, 0x19, 0x82,
	0x01, 0x00, 0xff, 0xca, 0x19, 0xff, 0x01, 0x00, 0xf9, 0x01, 0x00, 0x93, 0xca, 0x19, 0x8f, 0xca,
	0x19, 0x00, 0x7a, 0xff, 0xca, 0x19, 0xf6, 0xba, 0x03, 0x00, 0xf0, 0x8e, 0x92, 0x0f, 0xff, 0xd4,
	0x19, 0xff, 0x76, 0x01, 0xdd, 0x76, 0x01, 0x00, 0xf8, 0x8e, 0x76, 0x01, 0xf1, 0xde, 0x19, 0x00,
	0x7a, 0xff, 0xde, 0x19, 0xe8, 0x7c, 0x01, 0x83, 0xd6, 0x4d, 0x02, 0x83, 0x4d, 0x81, 0xff, 0xde,
	0x19, 0xff, 0xf2, 0x02, 0xee, 0x76, 0x01, 0x00, 0x89, 0xff, 0xde, 0x19, 0x03, 0x38, 0x00, 0x00,
	0xf0, 0xff, 0xde, 0x19, 0xf0, 0x7c, 0x01, 0x00, 0x91, 0xff, 0xde, 0x19, 0xff, 0xf2, 0x02, 0xee,
	0x76, 0x01, 0x00, 0x99, 0xff, 0xde, 0x19, 0x03, 0x38, 0x00, 0x00, 0x66, 0xff, 0xde, 0x19, 0xf0,
	0x7c, 0x01, 0x00, 0xa1, 0xff, 0xde, 0x19, 0xff, 0xf2, 0x02, 0xee, 0x76, 0x01, 0x00, 0xa9, 0xff,
	0xde, 0x19, 0x8a, 0xde, 0x19, 0x00, 0xe1, 0xff, 0xde, 0x19, 0xf0, 0x86, 0x01, 0x00, 0xb1, 0xff,
	0xde, 0x19, 0xff, 0xfc, 0x02, 0xee, 0x76, 0x01, 0x00, 0xb9, 0xff, 0xde, 0x19, 0x03, 0x38, 0x00,
	0x00, 0x57, 0xff, 0xde, 0x19, 0xf0, 0x7c, 0x01, 0x00, 0xc1, 0xff, 0xde, 0x19, 0xff, 0xf2, 0x02,
	0xee, 0x76, 0x01, 0x00, 0xc9, 0xff, 0xde, 0x19, 0x03, 0x38, 0x00, 0x00, 0xcd, 0xff, 0xde, 0x19,
	0xf0, 0x7c, 0x01, 0x00, 0xd1, 0xff, 0xde, 0x19, 0xff, 0xf2, 0x02, 0xee, 0x76, 0x01, 0x00, 0xd9,
	0xff, 0xde, 0x19, 0x03, 0x38, 0x00, 0x00, 0x43, 0xff, 0xde, 0x19, 0xf0, 0x7c, 0x01, 0x00, 0xe1,
	0xff, 0xde, 0x19, 0xff, 0xde, 0x19, 0xf4, 0x7c, 0x01, 0x00, 0xe9, 0xff, 0xde, 0x19, 0x88, 0xde,
	0x19, 0x00, 0xc0, 0xff, 0xde, 0x19, 0x82, 0x01, 0x00, 0xff, 0xde, 0x19, 0xff, 0x01, 0x00, 0xf9,
	0x01, 0x00, 0x93, 0xde, 0x19, 0xff, 0xde, 0x19, 0xff, 0xba, 0x03, 0x87, 0xba, 0x03, 0x00, 0xf1,
	0xff, 0xde, 0x19, 0xff, 0x30, 0x05, 0xee, 0x76, 0x01, 0x00, 0xf9, 0xff, 0xde, 0x19, 0xff, 0xde,
	0x19, 0xec, 0x7c, 0x01, 0x83, 0x32, 0x5c, 0x02, 0x83, 0x4d, 0x82, 0xff, 0xde, 0x19, 0xff, 0xf2,
	0x02, 0xee, 0x76, 0x01, 0x00, 0x8a, 0xff, 0xde, 0x19, 0xff, 0xde, 0x19, 0xf4, 0x7c, 0x01, 0x00,
	0x92, 0xff, 0xde, 0x19, 0xff, 0xf2, 0x02, 0xee, 0x76, 0x01, 0x00, 0x9a, 0xff, 0xde, 0x19, 0xff,
	0xde, 0x19, 0xf4, 0x7c, 0x01, 0x00, 0xa2, 0xff, 0xde, 0x19, 0xff, 0xf2, 0x02, 0xee, 0x76, 0x01,
	0x00, 0xaa, 0xff, 0xde, 0x19, 0xff, 0xde, 0x19, 0xfe, 0x86, 0x01, 0x00, 0xb2, 0xff, 0xde, 0x19,
	0xff, 0xfc, 0x02, 0xee, 0x76, 0x01, 0x00, 0xba, 0xff, 0xde, 0x19, 0xff, 0xde, 0x19, 0xf4, 0x7c,
	0x01, 0x00, 0xc2, 0xff, 0xde, 0x19, 0xff, 0xf2, 0x02, 0xee, 0x76, 0x01, 0x00, 0xca, 0xff, 0xde,
	0x19, 0xff, 0xde, 0x19, 0xf4, 0x7c, 0x01, 0x00, 0xd2, 0xff, 0xde, 0x19, 0xff, 0xf2, 0x02, 0xee,
	0x76, 0x01, 0x00, 0xda, 0xff, 0xde, 0x19, 0xff, 0xde, 0x19, 0xf4, 0x7c, 0x01, 0x00, 0xe2, 0xff,
	0xde, 0x19, 0xff, 0xde, 0x19, 0xf4, 0x7c, 0x01, 0x00, 0xea, 0xff, 0xde, 0x19, 0xff, 0xde, 0x19,
	0xff, 0xde, 0x19, 0xff, 0x01, 0x00, 0xff, 0x01, 0x00, 0x88, 0x01, 0x00, 0x93, 0xde, 0x19, 0xff,
	0xde, 0x19, 0xff, 0xba, 0x03, 0x87, 0xba, 0x03, 0x00, 0xf2, 0xff, 0xde, 0x19, 0xff, 0x30, 0x05,
	0xee, 0x76, 0x01, 0x00, 0xfa, 0xff, 0xde, 0x19, 0xff, 0xde, 0x19, 0xec, 0x7c, 0x01, 0x83, 0x54,
	0x68, 0x02, 0x83, 0x4d, 0x83, 0xff, 0xde, 0x19, 0xff, 0xf2, 0x02, 0xee, 0x76, 0x01, 0x00, 0x8b,
	0xff, 0xde, 0x19, 0xff, 0xde, 0x19, 0xf4, 0x7c, 0x01, 0x00, 0x93, 0xff, 0xde, 0x19, 0xff, 0xf2,
	0x02, 0xee, 0x76, 0x01, 0x00, 0x9b, 0xff, 0xde, 0x19, 0xff, 0xde, 0x19, 0xf4, 0x7c, 0x01, 0x00,
	0xa3, 0xff, 0xde, 0x19, 0xff, 0xf2, 0x02, 0xee, 0x76, 0x01, 0x00, 0xab, 0xff, 0xde, 0x19, 0xff,
	0xde, 0x19, 0xfe, 0x86, 0x01, 0x00, 0xb3, 0xff, 0xde, 0x19, 0xff, 0xfc, 0x02, 0xee, 0x76, 0x01,
	0x00, 0xbb, 0xff, 0xde, 0x19, 0xff, 0xde, 0x19, 0xf4, 0x7c, 0x01, 0x00, 0xc3, 0xff, 0xde, 0x19,
	0xff, 0xf2, 0x02, 0xee, 0x76, 0x01, 0x00, 0xcb, 0xff, 0xde, 0x19, 0xff, 0xde, 0x19, 0xf4, 0x7c,
	0x01, 0x00, 0xd3, 0xff, 0xde, 0x19, 0xff, 0xf2, 0x02, 0xee, 0x76, 0x01, 0x00, 0xdb, 0xff, 0xde,
	0x19, 0xff, 0xde, 0x19, 0xf4, 0x7c, 0x01, 0x00, 0xe3, 0xff, 0xde, 0x19, 0xff, 0xde, 0x19, 0xf4,
	0x7c, 0x01, 0x00, 0xeb, 0xff, 0xde, 0x19, 0xff, 0xde, 0x19, 0xff, 0xde, 0x19, 0xff, 0x01, 0x00,
	0xff, 0x01, 0x00, 0x88, 0x01, 0x00, 0x93, 0xde, 0x19, 0xff, 0xde, 0x19, 0xff, 0xba, 0x03, 0x87,
	0xba, 0x03, 0x00, 0xf3, 0xff, 0xde, 0x19, 0xff, 0x30, 0x05, 0xee, 0x76, 0x01, 0x00, 0xfb, 0xff,
	0xde, 0x19, 0xff, 0xde, 0x19, 0xe8, 0x7c, 0x01, 0x00, 0x05, 0x88, 0x16, 0x4f, 0x00, 0x84, 0xff,
	0xde, 0x19, 0xff, 0xf2, 0x02, 0xee, 0x76, 0x01, 0x00, 0x8c, 0xff, 0xde, 0x19, 0xff, 0xde, 0x19,
	0xf4, 0x7c, 0x01, 0x00, 0x94, 0xff, 0xde, 0x19, 0xff, 0xf2, 0x02, 0xee, 0x76, 0x01, 0x00, 0x9c,
	0xff, 0xde, 0x19, 0xff, 0xde, 0x19, 0xf4, 0x7c, 0x01, 0x00, 0xa4, 0xff, 0xde, 0x19, 0xff, 0xf2,
	0x02, 0xee, 0x76, 0x01, 0x00, 0xac, 0xff, 0xde, 0x19, 0xff, 0xde, 0x19, 0xfe, 0x86, 0x01, 0x00,
	0xb4, 0xff, 0xde, 0x19, 0xff, 0xfc, 0x02, 0xee, 0x76, 0x01, 0x00, 0xbc, 0xff, 0xde, 0x19, 0xff,
	0xde, 0x19, 0xf4, 0x7c, 0x01, 0x00, 0xc4, 0xff, 0xde, 0x19, 0xff, 0xf2, 0x02, 0xee, 0x76, 0x01,
	0x00, 0xcc, 0xff, 0xde, 0x19, 0xff, 0xde, 0x19, 0xf4, 0x7c, 0x01, 0x00, 0xd4, 0xff, 0xde, 0x19,
	0xff, 0xf2, 0x02, 0xee, 0x76, 0x01, 0x00, 0xdc, 0xff, 0xde, 0x19, 0xff, 0xde, 0x19, 0xf4, 0x7c,
	0x01, 0x00, 0xe4, 0xff, 0xde, 0x19, 0xff, 0xde, 0x19, 0xf4, 0x7c, 0x01, 0x00, 0xec, 0xff, 0xde,
	0x19, 0xff, 0xde, 0x19, 0xff, 0xde, 0x19, 0xff, 0x01, 0x00, 0xff, 0x01, 0x00, 0x88, 0x01, 0x00,
	0x93, 0xde, 0x19, 0xff, 0xde, 0x19, 0xff, 0xba, 0x03, 0x87, 0xba, 0x03, 0x00, 0xf4, 0xff, 0xde,
	0x19, 0xff, 0x30, 0x05, 0xee, 0x76, 0x01, 0x00, 0xfc, 0xff, 0xde, 0x19, 0xff, 0xde, 0x19, 0xec,
	0x7c, 0x01, 0x85, 0x16, 0x4f, 0x00, 0x85, 0xff, 0xde, 0x19, 0xff, 0xf2, 0x02, 0xee, 0x76, 0x01,
	0x00, 0x8d, 0xff, 0xde, 0x19, 0xff, 0xde, 0x19, 0xf4, 0x7c, 0x01, 0x00, 0x95, 0xff, 0xde, 0x19,
	0xff, 0xf2, 0x02, 0xee, 0x76, 0x01, 0x00, 0x9d, 0xff, 0xde, 0x19, 0xff, 0xde, 0x19, 0xf4, 0x7c,
	0x01, 0x00, 0xa5, 0xff, 0xde, 0x19, 0xff, 0xf2, 0x02, 0xee, 0x76, 0x01, 0x00, 0xad, 0xff, 0xde,
	0x19, 0xff, 0xde, 0x19, 0xfe, 0x86, 0x01, 0x00, 0xb5, 0xff, 0xde, 0x19, 0xff, 0xfc, 0x02, 0xee,
	0x76, 0x01, 0x00, 0xbd, 0xff, 0xde, 0x19, 0xff, 0xde, 0x19, 0xf4, 0x7c, 0x01, 0x00, 0xc5, 0xff,
	0xde, 0x19, 0xff, 0xf2, 0x02, 0xee, 0x76, 0x01, 0x00, 0xcd, 0xff, 0xde, 0x19, 0xff, 0xde, 0x19,
	0xf4, 0x7c, 0x01, 0x00, 0xd5, 0xff, 0xde, 0x19, 0xff, 0xf2, 0x02, 0xee, 0x76, 0x01, 0x00, 0xdd,
	0xff, 0xde, 0x19, 0xff, 0xde, 0x19, 0xf4, 0x7c, 0x01, 0x00, 0xe5, 0xff, 0xde, 0x19, 0xff, 0xde,
	0x19, 0xf4, 0x7c, 0x01, 0x00, 0xed, 0xff, 0xde, 0x19, 0xff, 0xde, 0x19, 0xff, 0xde, 0x19, 0xff,
	0x01, 0x00, 0xff, 0x01, 0x00, 0x88, 0x01, 0x00, 0x93, 0xde, 0x19, 0xff, 0xde, 0x19, 0xff, 0xba,
	0x03, 0x87, 0xba, 0x03, 0x00, 0xf5, 0xff, 0xde, 0x19, 0xff, 0x30, 0x05, 0xee, 0x76, 0x01, 0x00,
	0xfd, 0xff, 0xde, 0x19, 0xff, 0xde, 0x19, 0xec, 0x7c, 0x01, 0x85, 0x16, 0x4f, 0x00, 0x86, 0xff,
	0xde, 0x19, 0xff, 0xf2, 0x02, 0xee, 0x76, 0x01, 0x00, 0x8e, 0xff, 0xde, 0x19, 0xff, 0xde, 0x19,
	0xf4, 0x7c, 0x01, 0x00, 0x96, 0xff, 0xde, 0x19, 0xff, 0xf2, 0x02, 0xee, 0x76, 0x01, 0x00, 0x9e,
	0xff, 0xde, 0x19, 0xff, 0xde, 0x19, 0xf4, 0x7c, 0x01, 0x00, 0xa6, 0xff, 0xde, 0x19, 0xff, 0xf2,
	0x02, 0xee, 0x76, 0x01, 0x00, 0xae, 0xff, 0xde, 0x19, 0xff, 0xde, 0x19, 0xfe, 0x86, 0x01, 0x00,
	0xb6, 0xff, 0xde, 0x19, 0xff, 0xfc, 0x02, 0xee, 0x76, 0x01, 0x00, 0xbe, 0xff, 0xde, 0x19, 0xff,
	0xde, 0x19, 0xf4, 0x7c, 0x01, 0x00, 0xc6, 0xff, 0xde, 0x19, 0xff, 0xf2, 0x02, 0xee, 0x76, 0x01,
	0x00, 0xce, 0xff, 0xde, 0x19, 0xff, 0xde, 0x19, 0xf4, 0x7c, 0x01, 0x00, 0xd6, 0xff, 0xde, 0x19,
	0xff, 0xf2, 0x02, 0xee, 0x76, 0x01, 0x00, 0xde, 0xff, 0xde, 0x19, 0xff, 0xde, 0x19, 0xf4, 0x7c,
	0x01, 0x00, 0xe6, 0xff, 0xde, 0x19, 0xff, 0xde, 0x19, 0xf4, 0x7c, 0x01, 0x00, 0xee, 0xff, 0xde,
	0x19, 0xff, 0xde, 0x19, 0xff, 0xde, 0x19, 0xff, 0x01, 0x00, 0xff, 0x01, 0x00, 0x88, 0x01, 0x00,
	0x93, 0xde, 0x19, 0xff, 0xde, 0x19, 0xff, 0xba, 0x03, 0x87, 0xba, 0x03, 0x00, 0xf6, 0xff, 0xde,
	0x19, 0xff, 0x30, 0x05, 0xee, 0x76, 0x01, 0x00, 0xfe, 0xff, 0xde, 0x19, 0xff, 0xde, 0x19, 0xec,
	0x7c, 0x01, 0x85, 0x16, 0x4f, 0x00, 0x87, 0xff, 0xde, 0x19, 0xff, 0xf2, 0x02, 0xee, 0x76, 0x01,
	0x00, 0x8f, 0xff, 0xde, 0x19, 0xff, 0xde, 0x19, 0xf4, 0x7c, 0x01, 0x00, 0x97, 0xff, 0xde, 0x19,
	0xff, 0xf2, 0x02, 0xee, 0x76, 0x01, 0x00, 0x9f, 0xff, 0xde, 0x19, 0xff, 0xde, 0x19, 0xf4, 0x7c,
	0x01, 0x00, 0xa7, 0xff, 0xde, 0x19, 0xff, 0xf2, 0x02, 0xee, 0x76, 0x01, 0x00, 0xaf, 0xff, 0xde,
	0x19, 0xff, 0xde, 0x19, 0xfe, 0x86, 0x01, 0x00, 0xb7, 0xff, 0xde, 0x19, 0xff, 0xfc, 0x02, 0xee,
	0x76, 0x01, 0x00, 0xbf, 0xff, 0xde, 0x19, 0xff, 0xde, 0x19, 0xf4, 0x7c, 0x01, 0x00, 0xc7, 0xff,
	0xde, 0x19, 0xff, 0xf2, 0x02, 0xee, 0x76, 0x01, 0x00, 0xcf, 0xff, 0xde, 0x19, 0xff, 0xde, 0x19,
	0xf4, 0x7c, 0x01, 0x00, 0xd7, 0xff, 0xde, 0x19, 0xff, 0xf2, 0x02, 0xee, 0x76, 0x01, 0x00, 0xdf,
	0xff, 0xde, 0x19, 0xff, 0xde, 0x19, 0xf4, 0x7c, 0x01, 0x00, 0xe7, 0xff, 0xde, 0x19, 0xff, 0xde,
	0x19, 0xf4, 0x7c, 0x01, 0x00, 0xef, 0xff, 0xde, 0x19, 0xff, 0xde, 0x19, 0xff, 0xde, 0x19, 0xff,
	0x01, 0x00, 0xff, 0x01, 0x00, 0x88, 0x01, 0x00, 0x93, 0xde, 0x19, 0xff, 0xde, 0x19, 0xff, 0xba,
	0x03, 0x87, 0xba, 0x03, 0x00, 0xf7, 0xff, 0xde, 0x19, 0xff, 0x30, 0x05, 0xee, 0x76, 0x01, 0x00,
	0xff, 0xff, 0xde, 0x19, 0xff, 0xde, 0x19, 0xe8, 0x7c, 0x01, 0x8a, 0xf0, 0xce, 0x00, 0xd1, 0xff,
	0xde, 0x19, 0xff, 0x76, 0x01, 0xed, 0x76, 0x01, 0x00, 0x88, 0x8e, 0x76, 0x01, 0xff, 0xde, 0x19,
	0xff, 0x7c, 0x01, 0xe3, 0x7c, 0x01, 0x00, 0x90, 0x8e, 0x7c, 0x01, 0xff, 0xde, 0x19, 0xff, 0x76,
	0x01, 0xdd, 0x76, 0x01, 0x00, 0x98, 0x8e, 0x76, 0x01, 0xff, 0xde, 0x19, 0xff, 0x7c, 0x01, 0xe3,
	0x7c, 0x01, 0x00, 0xa0, 0x8e, 0x7c, 0x01, 0xff, 0xde, 0x19, 0xff, 0x76, 0x01, 0xdd, 0x76, 0x01,
	0x00, 0xa8, 0x8e, 0x76, 0x01, 0xff, 0xde, 0x19, 0xff, 0x86, 0x01, 0xed, 0x86, 0x01, 0x00, 0xb0,
	0x8c, 0x86, 0x01, 0xff, 0xde, 0x19, 0xff, 0x76, 0x01, 0xdf, 0x76, 0x01, 0x00, 0xb8, 0x8e, 0x76,
	0x01, 0xff, 0xde, 0x19, 0xff, 0x7c, 0x01, 0xe3, 0x7c, 0x01, 0x00, 0xc0, 0x8e, 0x7c, 0x01, 0xff,
	0xde, 0x19, 0xff, 0x76, 0x01, 0xdd, 0x76, 0x01, 0x00, 0xc8, 0x8e, 0x76, 0x01, 0xff, 0xde, 0x19,
	0xff, 0x7c, 0x01, 0xe3, 0x7c, 0x01, 0x00, 0xd0, 0x8e, 0x7c, 0x01, 0xff, 0xde, 0x19, 0xff, 0x76,
	0x01, 0xdd, 0x76, 0x01, 0x00, 0xd8, 0x8e, 0x76, 0x01, 0xff, 0xde, 0x19, 0xff, 0x7c, 0x01, 0xe3,
	0x7c, 0x01, 0x00, 0xe0, 0x8e, 0x7c, 0x01, 0xff, 0xde, 0x19, 0xff, 0x7c, 0x01, 0xe3, 0x7c, 0x01,
	0x00, 0xe8, 0x8c, 0x7c, 0x01, 0xff, 0xde, 0x19, 0xff, 0xde, 0x19, 0xff, 0xde, 0x19, 0xff, 0x01,
	0x00, 0xfb, 0x01, 0x00, 0x93, 0xde, 0x19, 0xff, 0xde, 0x19, 0xff, 0xba, 0x03, 0x88, 0xf0, 0xce,
	0x8e, 0x92, 0x0f, 0xff, 0xde, 0x19, 0xff, 0x76, 0x01, 0xdd, 0x76, 0x01, 0x00, 0xf8, 0x8e, 0x76,
	0x01, 0xff, 0xde, 0x19, 0xff, 0x7c, 0x01, 0xdb, 0x7c, 0x01, 0x86, 0xf0, 0xce, 0xff, 0xde, 0x19,
	0xff, 0xf2, 0x02, 0xee, 0x76, 0x01, 0x00, 0x89, 0xff, 0xde, 0x19, 0xff, 0xde, 0x19, 0xf4, 0x7c,
	0x01, 0x00, 0x91, 0xff, 0xde, 0x19, 0xff, 0xf2, 0x02, 0xee, 0x76, 0x01, 0x00, 0x99, 0xff, 0xde,
	0x19, 0xff, 0xde, 0x19, 0xf4, 0x7c, 0x01, 0x00, 0xa1, 0xff, 0xde, 0x19, 0xff, 0xf2, 0x02, 0xee,
	0x76, 0x01, 0x00, 0xa9, 0xff, 0xde, 0x19, 0xff, 0xde, 0x19, 0xfe, 0x86, 0x01, 0x00, 0xb1, 0xff,
	0xde, 0x19, 0xff, 0xfc, 0x02, 0xee, 0x76, 0x01, 0x00, 0xb9, 0xff, 0xde, 0x19, 0xff, 0xde, 0x19,
	0xf4, 0x7c, 0x01, 0x00, 0xc1, 0xff, 0xde, 0x19, 0xff, 0xf2, 0x02, 0xee, 0x76, 0x01, 0x00, 0xc9,
	0xff, 0xde, 0x19, 0xff, 0xde, 0x19, 0xf4, 0x7c, 0x01, 0x00, 0xd1, 0xff, 0xde, 0x19, 0xff, 0xf2,
	0x02, 0xee, 0x76, 0x01, 0x00, 0xd9, 0xff, 0xde, 0x19, 0xff, 0xde, 0x19, 0xf4, 0x7c, 0x01, 0x00,
	0xe1, 0xff, 0xde, 0x19, 0xff, 0xde, 0x19, 0xf4, 0x7c, 0x01, 0x00, 0xe9, 0xff, 0xde, 0x19, 0xff,
	0xde, 0x19, 0xff, 0xde, 0x19, 0xff, 0x01, 0x00, 0xff, 0x01, 0x00, 0x88, 0x01, 0x00, 0x93, 0xde,
	0x19, 0xff, 0xde, 0x19, 0xff, 0xba, 0x03, 0x88, 0xf0, 0xce, 0xff, 0xde, 0x19, 0xff, 0x30, 0x05,
	0xee, 0x76, 0x01, 0x00, 0xf9, 0xff, 0xde, 0x19, 0xff, 0xde, 0x19, 0xec, 0x7c, 0x01, 0x86, 0xf0,
	0xce, 0xff, 0xde, 0x19, 0xff, 0xf2, 0x02, 0xee, 0x76, 0x01, 0x00, 0x8a, 0xff, 0xde, 0x19, 0xff,
	0xde, 0x19, 0xf4, 0x7c, 0x01, 0x00, 0x92, 0xff, 0xde, 0x19, 0xff, 0xf2, 0x02, 0xee, 0x76, 0x01,
	0x00, 0x9a, 0xff, 0xde, 0x19, 0xff, 0xde, 0x19, 0xf4, 0x7c, 0x01, 0x00, 0xa2, 0xff, 0xde, 0x19,
	0xff, 0xf2, 0x02, 0xee, 0x76, 0x01, 0x00, 0xaa, 0xff, 0xde, 0x19, 0xff, 0xde, 0x19, 0xfe, 0x86,
	0x01, 0x00, 0xb2, 0xff, 0xde, 0x19, 0xff, 0xfc, 0x02, 0xee, 0x76, 0x01, 0x00, 0xba, 0xff, 0xde,
	0x19, 0xff, 0xde, 0x19, 0xf4, 0x7c, 0x01, 0x00, 0xc2, 0xff, 0xde, 0x19, 0xff, 0xf2, 0x02, 0xee,
	0x76, 0x01, 0x00, 0xca, 0xff, 0xde, 0x19, 0xff, 0xde, 0x19, 0xf4, 0x7c, 0x01, 0x00, 0xd2, 0xff,
	0xde, 0x19, 0xff, 0xf2, 0x02, 0xee, 0x76, 0x01, 0x00, 0xda, 0xff, 0xde, 0x19, 0xff, 0xde, 0x19,
	0xf4, 0x7c, 0x01, 0x00, 0xe2, 0xff, 0xde, 0x19, 0xff, 0xde, 0x19, 0xf4, 0x7c, 0x01, 0x00, 0xea,
	0xff, 0xde, 0x19, 0xff, 0xde, 0x19, 0xff, 0xde, 0x19, 0xff, 0x01, 0x00, 0xff, 0x01, 0x00, 0x88,
	0x01, 0x00, 0x93, 0xde, 0x19, 0xff, 0xde, 0x19, 0xff, 0xba, 0x03, 0x88, 0xf0, 0xce, 0xff, 0xde,
	0x19, 0xff, 0x30, 0x05, 0xee, 0x76, 0x01, 0x00, 0xfa, 0xff, 0xde, 0x19, 0xff, 0xde, 0x19, 0xec,
	0x7c, 0x01, 0x86, 0xf0, 0xce, 0xff, 0xde, 0x19, 0xff, 0xf2, 0x02, 0xee, 0x76, 0x01, 0x00, 0x8b,
	0xff, 0xde, 0x19, 0xff, 0xde, 0x19, 0xf4, 0x7c, 0x01, 0x00, 0x93, 0xff, 0xde, 0x19, 0xff, 0xf2,
	0x02, 0xee, 0x76, 0x01, 0x00, 0x9b, 0xff, 0xde, 0x19, 0xff, 0xde, 0x19, 0xf4, 0x7c, 0x01, 0x00,
	0xa3, 0xff, 0xde, 0x19, 0xff, 0xf2, 0x02, 0xee, 0x76, 0x01, 0x00, 0xab, 0xff, 0xde, 0x19, 0xff,
	0xde, 0x19, 0xfe, 0x86, 0x01, 0x00, 0xb3, 0xff, 0xde, 0x19, 0xff, 0xfc, 0x02, 0xee, 0x76, 0x01,
	0x00, 0xbb, 0xff, 0xde, 0x19, 0xff, 0xde, 0x19, 0xf4, 0x7c, 0x01, 0x00, 0xc3, 0xff, 0xde, 0x19,
	0xff, 0xf2, 0x02, 0xee, 0x76, 0x01, 0x00, 0xcb, 0xff, 0xde, 0x19, 0xff, 0xde, 0x19, 0xf4, 0x7c,
	0x01, 0x00, 0xd3, 0xff, 0xde, 0x19, 0xff, 0xf2, 0x02, 0xee, 0x76, 0x01, 0x00, 0xdb, 0xff, 0xde,
	0x19, 0xff, 0xde, 0x19, 0xf4, 0x7c, 0x01, 0x00, 0xe3, 0xff, 0xde, 0x19, 0xff, 0xde, 0x19, 0xf4,
	0x7c, 0x01, 0x00, 0xeb, 0xff, 0xde, 0x19, 0xff, 0xde, 0x19, 0xff, 0xde, 0x19, 0xff, 0x01, 0x00,
	0xff, 0x01, 0x00, 0x88, 0x01, 0x00, 0x93, 0xde, 0x19, 0xff, 0xde, 0x19, 0xff, 0xba, 0x03, 0x88,
	0xf0, 0xce, 0xff, 0xde, 0x19, 0xff, 0x30, 0x05, 0xee, 0x76, 0x01, 0x00, 0xfb, 0xff, 0xde, 0x19,
	0xff, 0xde, 0x19, 0xe8, 0x7c, 0x01, 0x8a, 0xf0, 0xce, 0xff, 0xde, 0x19, 0xff, 0xf2, 0x02, 0xee,
	0x76, 0x01, 0x00, 0x8c, 0xff, 0xde, 0x19, 0xff, 0xde, 0x19, 0xf4, 0x7c, 0x01, 0x00, 0x94, 0xff,
	0xde, 0x19, 0xff, 0xf2, 0x02, 0xee, 0x76, 0x01, 0x00, 0x9c, 0xff, 0xde, 0x19, 0xff, 0xde, 0x19,
	0xf4, 0x7c, 0x01, 0x00, 0xa4, 0xff, 0xde, 0x19, 0xff, 0xf2, 0x02, 0xee, 0x76, 0x01, 0x00, 0xac,
	0xff, 0xde, 0x19, 0xff, 0xde, 0x19, 0xfe, 0x86, 0x01, 0x00, 0xb4, 0xff, 0xde, 0x19, 0xff, 0xfc,
	0x02, 0xee, 0x76, 0x01, 0x00, 0xbc, 0xff, 0xde, 0x19, 0xff, 0xde, 0x19, 0xf4, 0x7c, 0x01, 0x00,
	0xc4, 0xff, 0xde, 0x19, 0xff, 0xf2, 0x02, 0xee, 0x76, 0x01, 0x00, 0xcc, 0xff, 0xde, 0x19, 0xff,
	0xde, 0x19, 0xf4, 0x7c, 0x01, 0x00, 0xd4, 0xff, 0xde, 0x19, 0xff, 0xf2, 0x02, 0xee, 0x76, 0x01,
	0x00, 0xdc, 0xff, 0xde, 0x19, 0xff, 0xde, 0x19, 0xf4, 0x7c, 0x01, 0x00, 0xe4, 0xff, 0xde, 0x19,
	0xff, 0xde, 0x19, 0xf4, 0x7c, 0x01, 0x00, 0xec, 0xff, 0xde, 0x19, 0xff, 0xde, 0x19, 0xff, 0xde,
	0x19, 0xff, 0x01, 0x00, 0xff, 0x01, 0x00, 0x88, 0x01, 0x00, 0x93, 0xde, 0x19, 0xff, 0xde, 0x19,
	0xff, 0xba, 0x03, 0x88, 0xf0, 0xce, 0xff, 0xde, 0x19, 0xff, 0x30, 0x05, 0xee, 0x76, 0x01, 0x00,
	0xfc, 0xff, 0xde, 0x19, 0xff, 0xde, 0x19, 0xec, 0x7c, 0x01, 0x86, 0xf0, 0xce, 0xff, 0xde, 0x19,
	0xff, 0xf2, 0x02, 0xee, 0x76, 0x01, 0x00, 0x8d, 0xff, 0xde, 0x19, 0xff, 0xde, 0x19, 0xf4, 0x7c,
	0x01, 0x00, 0x95, 0xff, 0xde, 0x19, 0xff, 0xf2, 0x02, 0xee, 0x76, 0x01, 0x00, 0x9d, 0xff, 0xde,
	0x19, 0xff, 0xde, 0x19, 0xf4, 0x7c, 0x01, 0x00, 0xa5, 0xff, 0xde, 0x19, 0xff, 0xf2, 0x02, 0xee,
	0x76, 0x01, 0x00, 0xad, 0xff, 0xde, 0x19, 0xff, 0xde, 0x19, 0xfe, 0x86, 0x01, 0x00, 0xb5, 0xff,
	0xde, 0x19, 0xff, 0xfc, 0x02, 0xee, 0x76, 0x01, 0x00, 0xbd, 0xff, 0xde, 0x19, 0xff, 0xde, 0x19,
	0xf4, 0x7c, 0x01, 0x00, 0xc5, 0xff, 0xde, 0x19, 0xff, 0xf2, 0x02, 0xee, 0x76, 0x01, 0x00, 0xcd,
	0xff, 0xde, 0x19, 0xff, 0xde, 0x19, 0xf4, 0x7c, 0x01, 0x00, 0xd5, 0xff, 0xde, 0x19, 0xff, 0xf2,
	0x02, 0xee, 0x76, 0x01, 0x00, 0xdd, 0xff, 0xde, 0x19, 0xff, 0xde, 0x19, 0xf4, 0x7c, 0x01, 0x00,
	0xe5, 0xff, 0xde, 0x19, 0xff, 0xde, 0x19, 0xf4, 0x7c, 0x01, 0x00, 0xed, 0xff, 0xde, 0x19, 0xff,
	0xde, 0x19, 0xff, 0xde, 0x19, 0xff, 0x01, 0x00, 0xff, 0x01, 0x00, 0x88, 0x01, 0x00, 0x93, 0xde,
	0x19, 0xff, 0xde, 0x19, 0xff, 0xba, 0x03, 0x88, 0xf0, 0xce, 0xff, 0xde, 0x19, 0xff, 0x30, 0x05,
	0xee, 0x76, 0x01, 0x00, 0xfd, 0xff, 0xde, 0x19, 0xff, 0xde, 0x19, 0xec, 0x7c, 0x01, 0x86, 0xf0,
	0xce, 0xff, 0xde, 0x19, 0xff, 0xf2, 0x02, 0xee, 0x76, 0x01, 0x00, 0x8e, 0xff, 0xde, 0x19, 0xff,
	0xde, 0x19, 0xf4, 0x7c, 0x01, 0x00, 0x96, 0xff, 0xde, 0x19, 0xff, 0xf2, 0x02, 0xee, 0x76, 0x01,
	0x00, 0x9e, 0xff, 0xde, 0x19, 0xff, 0xde, 0x19, 0xf4, 0x7c, 0x01, 0x00, 0xa6, 0xff, 0xde, 0x19,
	0xff, 0xf2, 0x02, 0xee, 0x76, 0x01, 0x00, 0xae, 0xff, 0xde, 0x19, 0xff, 0xde, 0x19, 0xfe, 0x86,
	0x01, 0x00, 0xb6, 0xff, 0xde, 0x19, 0xff, 0xfc, 0x02, 0xee, 0x76, 0x01, 0x00, 0xbe, 0xff, 0xde,
	0x19, 0xff, 0xde, 0x19, 0xf4, 0x7c, 0x01, 0x00, 0xc6, 0xff, 0xde, 0x19, 0xff, 0xf2, 0x02, 0xee,
	0x76, 0x01, 0x00, 0xce, 0xff, 0xde, 0x19, 0xff, 0xde, 0x19, 0xf4, 0x7c, 0x01, 0x00, 0xd6, 0xff,
	0xde, 0x19, 0xff, 0xf2, 0x02, 0xee, 0x76, 0x01, 0x00, 0xde, 0xff, 0xde, 0x19, 0xff, 0xde, 0x19,
	0xf4, 0x7c, 0x01, 0x00, 0xe6, 0xff, 0xde, 0x19, 0xff, 0xde, 0x19, 0xf4, 0x7c, 0x01, 0x00, 0xee,
	0xff, 0xde, 0x19, 0xff, 0xde, 0x19, 0xff, 0xde, 0x19, 0xff, 0x01, 0x00, 0xff, 0x01, 0x00, 0x88,
	0x01, 0x00, 0x93, 0xde, 0x19, 0xff, 0xde, 0x19, 0xff, 0xba, 0x03, 0x88, 0xf0, 0xce, 0xff, 0xde,
	0x19, 0xff, 0x30, 0x05, 0xee, 0x76, 0x01, 0x00, 0xfe, 0xff, 0xde, 0x19, 0xff, 0xde, 0x19, 0xec,
	0x7c, 0x01, 0x86, 0xf0, 0xce, 0xff, 0xde, 0x19, 0xff, 0xf2, 0x02, 0xee, 0x76, 0x01, 0x00, 0x8f,
	0xff, 0xde, 0x19, 0xff, 0xde, 0x19, 0xf4, 0x7c, 0x01, 0x00, 0x97, 0xff, 0xde, 0x19, 0xff, 0xf2,
	0x02, 0xee, 0x76, 0x01, 0x00, 0x9f, 0xff, 0xde, 0x19, 0xff, 0xde, 0x19, 0xf4, 0x7c, 0x01, 0x00,
	0xa7, 0xff, 0xde, 0x19, 0xff, 0xf2, 0x02, 0xee, 0x76, 0x01, 0x00, 0xaf, 0xff, 0xde, 0x19, 0xff,
	0xde, 0x19, 0xfe, 0x86, 0x01, 0x00, 0xb7, 0xff, 0xde, 0x19, 0xff, 0xfc, 0x02, 0xee, 0x76, 0x01,
	0x00, 0xbf, 0xff, 0xde, 0x19, 0xff, 0xde, 0x19, 0xf4, 0x7c, 0x01, 0x00, 0xc7, 0xff, 0xde, 0x19,
	0xff, 0xf2, 0x02, 0xee, 0x76, 0x01, 0x00, 0xcf, 0xff, 0xde, 0x19, 0xff, 0xde, 0x19, 0xf4, 0x7c,
	0x01, 0x00, 0xd7, 0xff, 0xde, 0x19, 0xff, 0xf2, 0x02, 0xee, 0x76, 0x01, 0x00, 0xdf, 0xff, 0xde,
	0x19, 0xff, 0xde, 0x19, 0xf4, 0x7c, 0x01, 0x00, 0xe7, 0xff, 0xde, 0x19, 0xff, 0xde, 0x19, 0xf4,
	0x7c, 0x01, 0x00, 0xef, 0xff, 0xde, 0x19, 0xff, 0xde, 0x19, 0xff, 0xde, 0x19, 0xff, 0x01, 0x00,
	0xff, 0x01, 0x00, 0x88, 0x01, 0x00, 0x93, 0xde, 0x19, 0xff, 0xde, 0x19, 0xff, 0xba, 0x03, 0x88,
	0xf0, 0xce, 0xff, 0xde, 0x19, 0xff, 0x30, 0x05, 0xee, 0x76, 0x01, 0x00, 0xff, 0xff, 0xde, 0x19,
	0x82, 0xde, 0x19, 0x00, 0x6a, 0xff, 0x28, 0x08, 0xd4, 0x7c, 0x01, 0x01, 0x5a, 0xa5, 0x83, 0x76,
	0x01, 0x83, 0x0c, 0x4f, 0x01, 0x20, 0x90, 0xff, 0xd2, 0x19, 0xff, 0x6a, 0x01, 0xe2, 0x6a, 0x01,
	0x00, 0x91, 0xff, 0xc6, 0x19, 0x03, 0x00, 0x00, 0xe4, 0x03, 0xff, 0xda, 0x02, 0xe4, 0x70, 0x01,
	0x00, 0x97, 0xff, 0xba, 0x19, 0xff, 0x6a, 0x01, 0xe2, 0x6a, 0x01, 0x00, 0x98, 0xff, 0xae, 0x19,
	0x04, 0x00, 0x00, 0x4e, 0x05, 0x6f, 0xff, 0xda, 0x02, 0xe3, 0x70, 0x01, 0x00, 0x9e, 0xff, 0xa2,
	0x19, 0xff, 0x6a, 0x01, 0xe2, 0x6a, 0x01, 0x00, 0x9f, 0xff, 0x96, 0x19, 0x89, 0x96, 0x19, 0x01,
	0xbd, 0x06, 0xff, 0xbe, 0x05, 0xe3, 0x7a, 0x01, 0x00, 0x28, 0x8c, 0x98, 0x08, 0xff, 0x8a, 0x19,
	0xff, 0x6a, 0x01, 0xd4, 0x6a, 0x01, 0x8c, 0x98, 0x08, 0xf3, 0x7e, 0x19, 0x01, 0x27, 0x08, 0xff,
	0xda, 0x02, 0xe4, 0x70, 0x01, 0x8c, 0x98, 0x08, 0xff, 0x72, 0x19, 0xff, 0x6a, 0x01, 0xd4, 0x6a,
	0x01, 0x8c, 0x98, 0x08, 0xf3, 0x66, 0x19, 0x01, 0x91, 0x09, 0xff, 0xda, 0x02, 0xe4, 0x70, 0x01,
	0x8c, 0x98, 0x08, 0xff, 0x5a, 0x19, 0xff, 0x6a, 0x01, 0xd4, 0x6a, 0x01, 0x8c, 0x98, 0x08, 0xf3,
	0x4e, 0x19, 0x02, 0xfb, 0x0a, 0x73, 0xff, 0xda, 0x02, 0xe2, 0x70, 0x01, 0x00, 0x30, 0x8e, 0x8e,
	0x08, 0xff, 0x42, 0x19, 0xff, 0x70, 0x01, 0xd8, 0x70, 0x01, 0x8c, 0x94, 0x08, 0xfb, 0x36, 0x19,
	0x00, 0x6c, 0xff, 0x36, 0x19, 0x82, 0x01, 0x00, 0xff, 0x36, 0x19, 0xff, 0x01, 0x00, 0xf9, 0x01,
	0x00, 0x93, 0x36, 0x19, 0x8f, 0x36, 0x19, 0x00, 0x6e, 0xff, 0x36, 0x19, 0xeb, 0xae, 0x03, 0x8e,
	0x6a, 0x13, 0xff, 0x2a, 0x19, 0xff, 0x6a, 0x01, 0xd2, 0x6a, 0x01, 0x8e, 0x6a, 0x13, 0xf1, 0x1e,
	0x19, 0x00, 0x6e, 0xff, 0x1e, 0x19, 0xe5, 0x70, 0x01, 0x8e, 0x6a, 0x13, 0xff, 0x1e, 0x19, 0xff,
	0x6a, 0x01, 0xd2, 0x6a, 0x01, 0x8e, 0x6a, 0x13, 0xf1, 0x1e, 0x19, 0x00, 0xd8, 0xff, 0x1e, 0x19,
	0xe4, 0x70, 0x01, 0x00, 0x38, 0x8e, 0xf8, 0x1b, 0xff, 0x1e, 0x19, 0xff, 0x6a, 0x01, 0xd2, 0x6a,
	0x01, 0x8e, 0xf8, 0x1b, 0xf1, 0x1e, 0x19, 0x00, 0x42, 0xff, 0x1e, 0x19, 0xe5, 0x70, 0x01, 0x8e,
	0x8e, 0x08, 0xff, 0x1e, 0x19, 0xff, 0x6a, 0x01, 0xd2, 0x6a, 0x01, 0x8e, 0x8e, 0x08, 0xfb, 0x1e,
	0x19, 0x00, 0xb1, 0xff, 0x1e, 0x19, 0xe5, 0x7a, 0x01, 0x8e, 0x6a, 0x13, 0xff, 0x1e, 0x19, 0xff,
	0x6a, 0x01, 0xd2, 0x6a, 0x01, 0x8e, 0x6a, 0x13, 0xf1, 0x1e, 0x19, 0x00, 0x1b, 0xff, 0x1e, 0x19,
	0xde, 0x70, 0x01, 0x83, 0xbe, 0x59, 0x00, 0x21, 0x8e, 0x6a, 0x13, 0xff, 0x1e, 0x19, 0xff, 0x6a,
	0x01, 0xd2, 0x6a, 0x01, 0x8e, 0xf8, 0x1b, 0xf1, 0x1e, 0x19, 0x00, 0x85, 0xff, 0x1e, 0x19, 0xe5,
	0x70, 0x01, 0x8e, 0xf8, 0x1b, 0xff, 0x1e, 0x19, 0xff, 0x6a, 0x01, 0xd2, 0x6a, 0x01, 0x8e, 0xf8,
	0x1b, 0xf1, 0x1e, 0x19, 0x00, 0xef, 0xff, 0x1e, 0x19, 0xe5, 0x70, 0x01, 0x8e, 0x8e, 0x08, 0xff,
	0x1e, 0x19, 0xff, 0x70, 0x01, 0xd8, 0x70, 0x01, 0x8c, 0x94, 0x08, 0xfb, 0x1e, 0x19, 0x00, 0x60,
	0xff, 0x1e, 0x19, 0x82, 0x01, 0x00, 0xff, 0x1e, 0x19, 0xff, 0x01, 0x00, 0xf9, 0x01, 0x00, 0x93,
	0x1e, 0x19, 0xff, 0x1e, 0x19, 0xfd, 0xae, 0x03, 0x00, 0x29, 0x8e, 0x6a, 0x13, 0xff, 0x1e, 0x19,
	0xff, 0x6a, 0x01, 0xd2, 0x6a, 0x01, 0x8e, 0x6a, 0x13, 0xff, 0x1e, 0x19, 0xff, 0x70, 0x01, 0xd8,
	0x70, 0x01, 0x8e, 0x6a, 0x13, 0xff, 0x1e, 0x19, 0xff, 0x6a, 0x01, 0xd2, 0x6a, 0x01, 0x8e, 0x6a,
	0x13, 0xff, 0x1e, 0x19, 0xff, 0x70, 0x01, 0xd8, 0x70, 0x01, 0x8e, 0xf8, 0x1b, 0xff, 0x1e, 0x19,
	0xff, 0x6a, 0x01, 0xd2, 0x6a, 0x01, 0x8e, 0xf8, 0x1b, 0xff, 0x1e, 0x19, 0xff, 0x70, 0x01, 0xd7,
	0x70, 0x01, 0x00, 0x31, 0x8e, 0x8e, 0x08, 0xff, 0x1e, 0x19, 0xff, 0x6a, 0x01, 0xd2, 0x6a, 0x01,
	0x8e, 0x8e, 0x08, 0xff, 0x1e, 0x19, 0xff, 0x7a, 0x01, 0xe2, 0x7a, 0x01, 0x8e, 0x6a, 0x13, 0xff,
	0x1e, 0x19, 0xff, 0x6a, 0x01, 0xd2, 0x6a, 0x01, 0x8e, 0x6a, 0x13, 0xff, 0x1e, 0x19, 0xff, 0x70,
	0x01, 0xd8, 0x70, 0x01, 0x8e, 0x6a, 0x13, 0xff, 0x1e, 0x19, 0xff, 0x6a, 0x01, 0xd2, 0x6a, 0x01,
	0x8e, 0xf8, 0x1b, 0xff, 0x1e, 0x19, 0xff, 0x70, 0x01, 0xd7, 0x70, 0x01, 0x00, 0x39, 0x8e, 0xf8,
	0x1b, 0xff, 0x1e, 0x19, 0xff, 0x6a, 0x01, 0xd2, 0x6a, 0x01, 0x8e, 0xf8, 0x1b, 0xff, 0x1e, 0x19,
	0xff, 0x70, 0x01, 0xd8, 0x70, 0x01, 0x8e, 0x8e, 0x08, 0xff, 0x1e, 0x19, 0xff, 0x70, 0x01, 0xd8,
	0x70, 0x01, 0x8c, 0x94, 0x08, 0xff, 0x1e, 0x19, 0xff, 0x1e, 0x19, 0xff, 0x1e, 0x19, 0xff, 0x01,
	0x00, 0xfb, 0x01, 0x00, 0x93, 0x1e, 0x19, 0xff, 0x1e, 0x19, 0xfe, 0xae, 0x03, 0x8e, 0x6a, 0x13,
	0xff, 0x1e, 0x19, 0xff, 0x6a, 0x01, 0xd2, 0x6a, 0x01, 0x8e, 0x6a, 0x13, 0xff, 0x1e, 0x19, 0xff,
	0x70, 0x01, 0xd1, 0x70, 0x01, 0x83, 0xaa, 0x66, 0x00, 0x22, 0xff, 0x5a, 0x4b, 0xff, 0xda, 0x02,
	0xe3, 0x6a, 0x01, 0xff, 0x5a, 0x4b, 0xff, 0x1e, 0x19, 0xe9, 0x70, 0x01, 0xff, 0x5a, 0x4b, 0xff,
	0xda, 0x02, 0xe3, 0x6a, 0x01, 0xff, 0x5a, 0x4b, 0xff, 0x1e, 0x19, 0xe9, 0x70, 0x01, 0xff, 0x5a,
	0x4b, 0xff, 0xda, 0x02, 0xe3, 0x6a, 0x01, 0xff, 0x5a, 0x4b, 0xff, 0x1e, 0x19, 0xf2, 0x7a, 0x01,
	0x00, 0x2a, 0xff, 0x5a, 0x4b, 0xff, 0xe4, 0x02, 0xe3, 0x6a, 0x01, 0xff, 0x5a, 0x4b, 0xff, 0x1e,
	0x19, 0xe9, 0x70, 0x01, 0xff, 0x5a, 0x4b, 0xff, 0xda, 0x02, 0xe3, 0x6a, 0x01, 0xff, 0x5a, 0x4b,
	0xff, 0x1e, 0x19, 0xe9, 0x70, 0x01, 0xff, 0x5a, 0x4b, 0xff, 0xda, 0x02, 0xe3, 0x6a, 0x01, 0xff,
	0x5a, 0x4b, 0xff, 0x1e, 0x19, 0xe8, 0x70, 0x01, 0x00, 0x32, 0xff, 0x5a, 0x4b, 0xff, 0x1e, 0x19,
	0xe9, 0x70, 0x01, 0xff, 0x5a, 0x4b, 0xff, 0x1e, 0x19, 0xff, 0x1e, 0x19, 0xff, 0x01, 0x00, 0xff,
	0x01, 0x00, 0x88, 0x01, 0x00, 0x93, 0x1e, 0x19, 0xff, 0x1e, 0x19, 0xfe, 0xae, 0x03, 0xff, 0x5a,
	0x4b, 0xff, 0x18, 0x05, 0xe3, 0x6a, 0x01, 0xff, 0x5a, 0x4b, 0xff, 0x1e, 0x19, 0xe9, 0x70, 0x01,
	0xff, 0x5a, 0x4b, 0xff, 0xda, 0x02, 0xe3, 0x6a, 0x01, 0xff, 0x5a, 0x4b, 0xff, 0x1e, 0x19, 0xe8,
	0x70, 0x01, 0x00, 0x3a, 0xff, 0x5a, 0x4b, 0xff, 0xda, 0x02, 0xe3, 0x6a, 0x01, 0xff, 0x5a, 0x4b,
	0xff, 0x1e, 0x19, 0xe9, 0x70, 0x01, 0xff, 0x5a, 0x4b, 0xff, 0xda, 0x02, 0xe3, 0x6a, 0x01, 0xff,
	0x5a, 0x4b, 0xff, 0x1e, 0x19, 0xf3, 0x7a, 0x01, 0xff, 0x5a, 0x4b, 0xff, 0xe4, 0x02, 0xe3, 0x6a,
	0x01, 0xff, 0x5a, 0x4b, 0xff, 0x1e, 0x19, 0xe2, 0x70, 0x01, 0x83, 0x5c, 0x71, 0x00, 0x23, 0xff,
	0x5a, 0x4b, 0xff, 0xda, 0x02, 0xe3, 0x6a, 0x01, 0xff, 0x5a, 0x4b, 0xff, 0x1e, 0x19, 0xe9, 0x70,
	0x01, 0xff, 0x5a, 0x4b, 0xff, 0xda, 0x02, 0xe3, 0x6a, 0x01, 0xff, 0x5a, 0x4b, 0xff, 0x1e, 0x19,
	0xe9, 0x70, 0x01, 0xff, 0x5a, 0x4b, 0xff, 0x1e, 0x19, 0xe9, 0x70, 0x01, 0xff, 0x5a, 0x4b, 0xff,
	0x1e, 0x19, 0xff, 0x1e, 0x19, 0xff, 0x01, 0x00, 0xff, 0x01, 0x00, 0x88, 0x01, 0x00, 0x93, 0x1e,
	0x19, 0xff, 0x1e, 0x19, 0xfd, 0xae, 0x03, 0x00, 0x2b, 0xff, 0x5a, 0x4b, 0xff, 0x18, 0x05, 0xe3,
	0x6a, 0x01, 0xff, 0x5a, 0x4b, 0xff, 0x1e, 0x19, 0xe9, 0x70, 0x01, 0xff, 0x5a, 0x4b, 0xff, 0xda,
	0x02, 0xe3, 0x6a, 0x01, 0xff, 0x5a, 0x4b, 0xff, 0x1e, 0x19, 0xe9, 0x70, 0x01, 0xff, 0x5a, 0x4b,
	0xff, 0xda, 0x02, 0xe3, 0x6a, 0x01, 0xff, 0x5a, 0x4b, 0xff, 0x1e, 0x19, 0xe8, 0x70, 0x01, 0x00,
	0x33, 0xff, 0x5a, 0x4b, 0xff, 0xda, 0x02, 0xe3, 0x6a, 0x01, 0xff, 0x5a, 0x4b, 0xff, 0x1e, 0x19,
	0xf3, 0x7a, 0x01, 0xff, 0x5a, 0x4b, 0xff, 0xe4, 0x02, 0xe3, 0x6a, 0x01, 0xff, 0x5a, 0x4b, 0xff,
	0x1e, 0x19, 0xe9, 0x70, 0x01, 0xff, 0x5a, 0x4b, 0xff, 0xda, 0x02, 0xe3, 0x6a, 0x01, 0xff, 0x5a,
	0x4b, 0xff, 0x1e, 0x19, 0xe8, 0x70, 0x01, 0x00, 0x3b, 0xff, 0x5a, 0x4b, 0xff, 0xda, 0x02, 0xe3,
	0x6a, 0x01, 0xff, 0x5a, 0x4b, 0xff, 0x1e, 0x19, 0xe9, 0x70, 0x01, 0xff, 0x5a, 0x4b, 0xff, 0x1e,
	0x19, 0xe9, 0x70, 0x01, 0xff, 0x5a, 0x4b, 0xff, 0x1e, 0x19, 0xff, 0x1e, 0x19, 0xff, 0x01, 0x00,
	0xff, 0x01, 0x00, 0x88, 0x01, 0x00, 0x93, 0x1e, 0x19, 0xff, 0x1e, 0x19, 0xfe, 0xae, 0x03, 0xff,
	0x5a, 0x4b, 0xff, 0x18, 0x05, 0xe3, 0x6a, 0x01, 0xff, 0x5a, 0x4b, 0xff, 0x1e, 0x19, 0xe2, 0x70,
	0x01, 0x00, 0x04, 0x82, 0x70, 0x01, 0x00, 0x24, 0xff, 0x5a, 0x4b, 0xff, 0xda, 0x02, 0xe3, 0x6a,
	0x01, 0xff, 0x5a, 0x4b, 0xff, 0x1e, 0x19, 0xe9, 0x70, 0x01, 0xff, 0x5a, 0x4b, 0xff, 0xda, 0x02,
	0xe3, 0x6a, 0x01, 0xff, 0x5a, 0x4b, 0xff, 0x1e, 0x19, 0xe9, 0x70, 0x01, 0xff, 0x5a, 0x4b, 0xff,
	0xda, 0x02, 0xe3, 0x6a, 0x01, 0xff, 0x5a, 0x4b, 0xff, 0x1e, 0x19, 0xf2, 0x7a, 0x01, 0x00, 0x2c,
	0xff, 0x5a, 0x4b, 0xff, 0xe4, 0x02, 0xe3, 0x6a, 0x01, 0xff, 0x5a, 0x4b, 0xff, 0x1e, 0x19, 0xe9,
	0x70, 0x01, 0xff, 0x5a, 0x4b, 0xff, 0xda, 0x02, 0xe3, 0x6a, 0x01, 0xff, 0x5a, 0x4b, 0xff, 0x1e,
	0x19, 0xe9, 0x70, 0x01, 0xff, 0x5a, 0x4b, 0xff, 0xda, 0x02, 0xe3, 0x6a, 0x01, 0xff, 0x5a, 0x4b,
	0xff, 0x1e, 0x19, 0xe8, 0x70, 0x01, 0x00, 0x34, 0xff, 0x5a, 0x4b, 0xff, 0x1e, 0x19, 0xe9, 0x70,
	0x01, 0xff, 0x5a, 0x4b, 0xff, 0x1e, 0x19, 0xff, 0x1e, 0x19, 0xff, 0x01, 0x00, 0xff, 0x01, 0x00,
	0x88, 0x01, 0x00, 0x93, 0x1e, 0x19, 0xff, 0x1e, 0x19, 0xfe, 0xae, 0x03, 0xff, 0x5a, 0x4b, 0xff,
	0x18, 0x05, 0xe3, 0x6a, 0x01, 0xff, 0x5a, 0x4b, 0xff, 0x1e, 0x19, 0xe9, 0x70, 0x01, 0xff, 0x5a,
	0x4b, 0xff, 0xda, 0x02, 0xe3, 0x6a, 0x01, 0xff, 0x5a, 0x4b, 0xff, 0x1e, 0x19, 0xe8, 0x70, 0x01,
	0x00, 0x3c, 0xff, 0x5a, 0x4b, 0xff, 0xda, 0x02, 0xe3, 0x6a, 0x01, 0xff, 0x5a, 0x4b, 0xff, 0x1e,
	0x19, 0xe9, 0x70, 0x01, 0xff, 0x5a, 0x4b, 0xff, 0xda, 0x02, 0xe3, 0x6a, 0x01, 0xff, 0x5a, 0x4b,
	0xff, 0x1e, 0x19, 0xf3, 0x7a, 0x01, 0xff, 0x5a, 0x4b, 0xff, 0xe4, 0x02, 0xe3, 0x6a, 0x01, 0xff,
	0x5a, 0x4b, 0xff, 0x1e, 0x19, 0xe2, 0x70, 0x01, 0x00, 0x05, 0x82, 0x70, 0x01, 0x00, 0x25, 0xff,
	0x5a, 0x4b, 0xff, 0xda, 0x02, 0xe3, 0x6a, 0x01, 0xff, 0x5a, 0x4b, 0xff, 0x1e, 0x19, 0xe9, 0x70,
	0x01, 0xff, 0x5a, 0x4b, 0xff, 0xda, 0x02, 0xe3, 0x6a, 0x01, 0xff, 0x5a, 0x4b, 0xff, 0x1e, 0x19,
	0xe9, 0x70, 0x01, 0xff, 0x5a, 0x4b, 0xff, 0x1e, 0x19, 0xe9, 0x70, 0x01, 0xff, 0x5a, 0x4b, 0xff,
	0x1e, 0x19, 0xff, 0x1e, 0x19, 0xff, 0x01, 0x00, 0xff, 0x01, 0x00, 0x88, 0x01, 0x00, 0x93, 0x1e,
	0x19, 0xff, 0x1e, 0x19, 0xfd, 0xae, 0x03, 0x00, 0x2d, 0xff, 0x5a, 0x4b, 0xff, 0x18, 0x05, 0xe3,
	0x6a, 0x01, 0xff, 0x5a, 0x4b, 0xff, 0x1e, 0x19, 0xe9, 0x70, 0x01, 0xff, 0x5a, 0x4b, 0xff, 0xda,
	0x02, 0xe3, 0x6a, 0x01, 0xff, 0x5a, 0x4b, 0xff, 0x1e, 0x19, 0xe9, 0x70, 0x01, 0xff, 0x5a, 0x4b,
	0xff, 0xda, 0x02, 0xe3, 0x6a, 0x01, 0xff, 0x5a, 0x4b, 0xff, 0x1e, 0x19, 0xe8, 0x70, 0x01, 0x00,
	0x35, 0xff, 0x5a, 0x4b, 0xff, 0xda, 0x02, 0xe3, 0x6a, 0x01, 0xff, 0x5a, 0x4b, 0xff, 0x1e, 0x19,
	0xf3, 0x7a, 0x01, 0xff, 0x5a, 0x4b, 0xff, 0xe4, 0x02, 0xe3, 0x6a, 0x01, 0xff, 0x5a, 0x4b, 0xff,
	0x1e, 0x19, 0xe9, 0x70, 0x01, 0xff, 0x5a, 0x4b, 0xff, 0xda, 0x02, 0xe3, 0x6a, 0x01, 0xff, 0x5a,
	0x4b, 0xff, 0x1e, 0x19, 0xe8, 0x70, 0x01, 0x00, 0x3d, 0xff, 0x5a, 0x4b, 0xff, 0xda, 0x02, 0xe3,
	0x6a, 0x01, 0xff, 0x5a, 0x4b, 0xff, 0x1e, 0x19, 0xe9, 0x70, 0x01, 0xff, 0x5a, 0x4b, 0xff, 0x1e,
	0x19, 0xe9, 0x70, 0x01, 0xff, 0x5a, 0x4b, 0xff, 0x1e, 0x19, 0xff, 0x1e, 0x19, 0xff, 0x01, 0x00,
	0xff, 0x01, 0x00, 0x88, 0x01, 0x00, 0x93, 0x1e, 0x19, 0xff, 0x1e, 0x19, 0xfe, 0xae, 0x03, 0xff,
	0x5a, 0x4b, 0xff, 0x18, 0x05, 0xe3, 0x6a, 0x01, 0xff, 0x5a, 0x4b, 0x82, 0x1e, 0x19, 0x00, 0x64,
	0xff, 0xf8, 0x07, 0xdc, 0x70, 0x01, 0x01, 0x00, 0xf0, 0xff, 0x18, 0x19, 0xff, 0x64, 0x01, 0xdc,
	0x64, 0x01, 0x00, 0xf1, 0xff, 0x12, 0x19, 0x03, 0x00, 0x00, 0xd2, 0x03, 0xff, 0xce, 0x02, 0xde,
	0x6a, 0x01, 0x00, 0xf7, 0xff, 0x0c, 0x19, 0xff, 0x64, 0x01, 0xdc, 0x64, 0x01, 0x00, 0xf8, 0xff,
	0x06, 0x19, 0x04, 0x00, 0x00, 0x36, 0x05, 0x69, 0xff, 0xce, 0x02, 0xdd, 0x6a, 0x01, 0x00, 0xfe,
	0xff, 0x00, 0x19, 0xff, 0x64, 0x01, 0xdc, 0x64, 0x01, 0x00, 0xff, 0xff, 0xfa, 0x18, 0x89, 0xfa,
	0x18, 0x01, 0x9f, 0x06, 0xff, 0xa6, 0x05, 0xd7, 0x74, 0x01, 0x00, 0x7f, 0x82, 0x74, 0x01, 0x00,
	0x7f, 0x8c, 0x74, 0x08, 0xff, 0xf4, 0x18, 0xff, 0x64, 0x01, 0xce, 0x64, 0x01, 0x8c, 0x74, 0x08,
	0xf3, 0xee, 0x18, 0x01, 0x03, 0x08, 0xff, 0xce, 0x02, 0xde, 0x6a, 0x01, 0x8c, 0x74, 0x08, 0xff,
	0xe8, 0x18, 0xff, 0x64, 0x01, 0xce, 0x64, 0x01, 0x8c, 0x74, 0x08, 0xf3, 0xe2, 0x18, 0x01, 0x67,
	0x09, 0xff, 0xce, 0x02, 0xde, 0x6a, 0x01, 0x8c, 0x74, 0x08, 0xff, 0xdc, 0x18, 0xff, 0x64, 0x01,
	0xce, 0x64, 0x01, 0x8c, 0x74, 0x08, 0xf3, 0xd6, 0x18, 0x02, 0xcb, 0x0a, 0x6d, 0xff, 0xce, 0x02,
	0xd6, 0x6a, 0x01, 0x00, 0x80, 0x82, 0x6a, 0x01, 0x00, 0x80, 0x8e, 0x6a, 0x08, 0xff, 0xd0, 0x18,
	0xff, 0x6a, 0x01, 0xd2, 0x6a, 0x01, 0x8c, 0x70, 0x08, 0xfb, 0xca, 0x18, 0x00, 0x36, 0xff, 0xca,
	0x18, 0x82, 0x01, 0x00, 0xff, 0xca, 0x18, 0xff, 0x01, 0x00, 0xf9, 0x01, 0x00, 0x93, 0xca, 0x18,
	0x8f, 0xca, 0x18, 0x00, 0x68, 0xff, 0xca, 0x18, 0xe5, 0xa8, 0x03, 0x8e, 0x22, 0x13, 0xff, 0xc4,
	0x18, 0xff, 0x64, 0x01, 0xcc, 0x64, 0x01, 0x8e, 0x22, 0x13, 0xf1, 0xbe, 0x18, 0x00, 0x68, 0xff,
	0xbe, 0x18, 0xdf, 0x6a, 0x01, 0x8e, 0x22, 0x13, 0xff, 0xbe, 0x18, 0xff, 0x64, 0x01, 0xcc, 0x64,
	0x01, 0x8e, 0x22, 0x13, 0xf1, 0xbe, 0x18, 0x00, 0xcc, 0xff, 0xbe, 0x18, 0xd8, 0x6a, 0x01, 0x00,
	0xff, 0x82, 0x6a, 0x01, 0x00, 0xff, 0x8e, 0x8c, 0x1b, 0xff, 0xbe, 0x18, 0xff, 0x64, 0x01, 0xcc,
	0x64, 0x01, 0x8e, 0x8c, 0x1b, 0xf1, 0xbe, 0x18, 0x00, 0x30, 0xff, 0xbe, 0x18, 0xdf, 0x6a, 0x01,
	0x8e, 0x6a, 0x08, 0xff, 0xbe, 0x18, 0xff, 0x64, 0x01, 0xcc, 0x64, 0x01, 0x8e, 0x6a, 0x08, 0xfb,
	0xbe, 0x18, 0x00, 0x99, 0xff, 0xbe, 0x18, 0xdf, 0x74, 0x01, 0x8e, 0x22, 0x13, 0xff, 0xbe, 0x18,
	0xff, 0x64, 0x01, 0xcc, 0x64, 0x01, 0x8e, 0x22, 0x13, 0xf1, 0xbe, 0x18, 0x02, 0xfd, 0x07, 0x60,
	0xff, 0xce, 0x02, 0xd0, 0x6a, 0x01, 0x09, 0x20, 0x5e, 0x01, 0x00, 0x08, 0x5e, 0x80, 0x00, 0x00,
	0x6f, 0xff, 0xba, 0x18, 0xff, 0x60, 0x01, 0xd2, 0x60, 0x01, 0x00, 0x80, 0x93, 0x60, 0x01, 0xf1,
	0xb6, 0x18, 0x01, 0x5d, 0x09, 0xff, 0xc6, 0x02, 0xd2, 0x66, 0x01, 0x00, 0x5f, 0x84, 0xc6, 0x02,
	0x00, 0x7f, 0xff, 0xb2, 0x18, 0xff, 0x60, 0x01, 0xd2, 0x60, 0x01, 0x83, 0xc6, 0x02, 0x8e, 0x60,
	0x01, 0xf1, 0xae, 0x18, 0x01, 0xbd, 0x0a, 0xff, 0x32, 0x0b, 0xd9, 0x8c, 0x05, 0x00, 0x10, 0x8e,
	0x2c, 0x04, 0xff, 0xaa, 0x18, 0xff, 0x66, 0x01, 0xcd, 0x92, 0x05, 0x8d, 0x66, 0x01, 0xfb, 0xa6,
	0x18, 0x00, 0x24, 0xff, 0xa6, 0x18, 0x82, 0x01, 0x00, 0xff, 0xa6, 0x18, 0xff, 0x01, 0x00, 0xf9,
	0x01, 0x00, 0x93, 0xa6, 0x18, 0x8f, 0xa6, 0x18, 0x81, 0x5c, 0x0d, 0xff, 0xa6, 0x18, 0xdd, 0xd0,
	0x07, 0x00, 0x10, 0x8c, 0x70, 0x06, 0xff, 0xa2, 0x18, 0xff, 0x60, 0x01, 0xc9, 0xd0, 0x07, 0x8f,
	0x60, 0x01, 0xf1, 0x9e, 0x18, 0x01, 0x64, 0x02, 0xff, 0x96, 0x0a, 0xd9, 0xd0, 0x07, 0x00, 0x20,
	0x8c, 0x6a, 0x06, 0xff, 0x9a, 0x18, 0xff, 0x60, 0x01, 0xc9, 0xca, 0x07, 0x8f, 0x60, 0x01, 0xf1,
	0x96, 0x18, 0x01, 0xc4, 0x03, 0xff, 0xc6, 0x02, 0xd9, 0x8c, 0x05, 0x00, 0x20, 0x8e, 0x2c, 0x04,
	0xff, 0x92, 0x18, 0xff, 0x60, 0x01, 0xc7, 0x8c, 0x05, 0x8f, 0x60, 0x01, 0xf1, 0x8e, 0x18, 0x02,
	0x24, 0x05, 0x65, 0xff, 0xc6, 0x02, 0xd8, 0x8c, 0x05, 0x00, 0x30, 0x8e, 0x2c, 0x04, 0xff, 0x8a,
	0x18, 0xff, 0x60, 0x01, 0xc7, 0x8c, 0x05, 0x8f, 0x60, 0x01, 0xfb, 0x86, 0x18, 0x01, 0x89, 0x06,
	0xff, 0x96, 0x05, 0xd9, 0x96, 0x05, 0x00, 0x30, 0x8e, 0x92, 0x11, 0xff, 0x82, 0x18, 0xff, 0x60,
	0x01, 0xc7, 0x96, 0x05, 0x8f, 0x60, 0x01, 0xf1, 0x7e, 0x18, 0x00, 0xe9, 0xff, 0x7e, 0x18, 0xda,
	0x96, 0x05, 0x00, 0x40, 0xff, 0x7e, 0x18, 0xff, 0xc6, 0x02, 0xd8, 0x96, 0x05, 0x8f, 0x60, 0x01,
	0xf1, 0x7e, 0x18, 0x00, 0x49, 0xff, 0x7e, 0x18, 0xda, 0x8c, 0x05, 0x00, 0x40, 0xff, 0x7e, 0x18,
	0xff, 0xc6, 0x02, 0xd8, 0x8c, 0x05, 0x8f, 0x60, 0x01, 0xf1, 0x7e, 0x18, 0x00, 0xa9, 0xff, 0x7e,
	0x18, 0xda, 0x8c, 0x05, 0x00, 0x50, 0xff, 0x7e, 0x18, 0xff, 0x7e, 0x18, 0xde, 0x92, 0x05, 0x8d,
	0x66, 0x01, 0xfb, 0x7e, 0x18, 0x00, 0x10, 0xff, 0x7e, 0x18, 0x82, 0x01, 0x00, 0xff, 0x7e, 0x18,
	0xff, 0x01, 0x00, 0xf9, 0x01, 0x00, 0x93, 0x7e, 0x18, 0xff, 0x7e, 0x18, 0xf3, 0xd0, 0x07, 0x00,
	0x50, 0xff, 0x7e, 0x18, 0xff, 0x04, 0x05, 0xd8, 0xd0, 0x07, 0x8f, 0x60, 0x01, 0xff, 0x7e, 0x18,
	0xff, 0x66, 0x01, 0xcd, 0xd0, 0x07, 0x00, 0x60, 0xff, 0x7e, 0x18, 0xff, 0xc6, 0x02, 0xd8, 0xca,
	0x07, 0x8f, 0x60, 0x01, 0xff, 0x7e, 0x18, 0xff, 0x66, 0x01, 0xcd, 0x8c, 0x05, 0x00, 0x60, 0xff,
	0x7e, 0x18, 0xff, 0xc6, 0x02, 0xd8, 0x8c, 0x05, 0x8f, 0x60, 0x01, 0xf3, 0x7e, 0x18, 0xff, 0xd0,
	0x62, 0xd1, 0x66, 0x01, 0x81, 0xd0, 0x2c, 0x01, 0x00, 0x00, 0x84, 0x66, 0x48, 0x82, 0xd6, 0x50,
	0x00, 0x40, 0x8e, 0x1a, 0x67, 0xff, 0x88, 0x18, 0xff, 0x6a, 0x01, 0xc3, 0x6a, 0x01, 0x00, 0x01,
	0x9c, 0x6a, 0x01, 0xfb, 0x92, 0x18, 0x00, 0x93, 0xff, 0xd0, 0x62, 0xd6, 0x7a, 0x01, 0x01, 0xff,
	0x7f, 0x99, 0x7a, 0x01, 0xff, 0x9c, 0x18, 0xff, 0x6a, 0x01, 0xc6, 0x4e, 0x04, 0x00, 0x80, 0x9b,
	0x6a, 0x01, 0xf3, 0x24, 0x31, 0xff, 0xda, 0x02, 0xd6, 0xda, 0x02, 0x00, 0xff, 0x9b, 0x70, 0x01,
	0xff, 0xb0, 0x18, 0xff, 0x6a, 0x01, 0xc3, 0x6a, 0x01, 0x01, 0x55, 0x55, 0x9b, 0x6a, 0x01, 0xf3,
	0xee, 0x49, 0xff, 0xda, 0x02, 0xe3, 0x98, 0x08, 0x00, 0x48, 0x8e, 0x70, 0x01, 0xff, 0xc4, 0x18,
	0xff, 0x6a, 0x01, 0xd1, 0x98, 0x08, 0x8f, 0x6a, 0x01, 0xf1, 0xce, 0x18, 0x00, 0xd1, 0xff, 0xd0,
	0x62, 0xe4, 0x8e, 0x08, 0x8f, 0x70, 0x01, 0xff, 0xd8, 0x18, 0xff, 0x70, 0x01, 0xd7, 0x94, 0x08,
	0x8d, 0x70, 0x01, 0xfb, 0xe2, 0x18, 0x00, 0x42, 0xff, 0xe2, 0x18, 0x82, 0x01, 0x00, 0xff, 0xe2,
	0x18, 0xff, 0x01, 0x00, 0xf9, 0x01, 0x00, 0x93, 0xe2, 0x18, 0xff, 0xd0, 0x62, 0xfd, 0xd2, 0x0a,
	0x8d, 0xae, 0x03, 0xff, 0xec, 0x18, 0xff, 0x6a, 0x01, 0xd3, 0xd2, 0x0a, 0x8f, 0x6a, 0x01, 0xff,
	0xee, 0x7b, 0xff, 0x70, 0x01, 0xd7, 0xd2, 0x0a, 0x00, 0x50, 0x8e, 0x70, 0x01, 0xff, 0x00, 0x19,
	0xff, 0x6a, 0x01, 0xd1, 0xd2, 0x0a, 0x8f, 0x6a, 0x01, 0xff, 0xee, 0x7b, 0xff, 0x70, 0x01, 0xd7,
	0xd2, 0x0a, 0x8f, 0x70, 0x01, 0xff, 0x14, 0x19, 0xff, 0x6a, 0x01, 0xd1, 0xcc, 0x0a, 0x8f, 0x6a,
	0x01, 0xff, 0xee, 0x7b, 0xff, 0x70, 0x01, 0xd7, 0x8e, 0x08, 0x8f, 0x70, 0x01, 0xff, 0x1e, 0x19,
	0xff, 0x6a, 0x01, 0xd1, 0x8e, 0x08, 0x8f, 0x6a, 0x01, 0xff, 0xee, 0x7b, 0xff, 0x7a, 0x01, 0xe1,
	0x98, 0x08, 0x00, 0x58, 0xff, 0x1e, 0x19, 0xff, 0xe4, 0x02, 0xe2, 0x98, 0x08, 0x8f, 0x6a, 0x01,
	0xff, 0xee, 0x7b, 0xff, 0x70, 0x01, 0xd7, 0x98, 0x08, 0x8f, 0x70, 0x01, 0xff, 0x1e, 0x19, 0xff,
	0x6a, 0x01, 0xd1, 0x98, 0x08, 0x8f, 0x6a, 0x01, 0xff, 0xee, 0x7b, 0xff, 0x70, 0x01, 0xd7, 0x98,
	0x08, 0x8f, 0x70, 0x01, 0xff, 0x1e, 0x19, 0xff, 0x6a, 0x01, 0xd1, 0x98, 0x08, 0x8f, 0x6a, 0x01,
	0xff, 0xee, 0x7b, 0xff, 0x70, 0x01, 0xd1, 0x8e, 0x08, 0x00, 0x01, 0x82, 0x70, 0x01, 0x00, 0x41,
	0xff, 0x1e, 0x19, 0xff, 0x1e, 0x19, 0xe2, 0x94, 0x08, 0x93, 0x70, 0x01, 0xff, 0xee, 0x7b, 0xff,
	0x1e, 0x19, 0xff, 0x1e, 0x19, 0xff, 0x01, 0x00, 0xfb, 0x01, 0x00, 0x93, 0x1e, 0x19, 0xff, 0x1e,
	0x19, 0xf7, 0xd2, 0x0a, 0x93, 0xae, 0x03, 0xff, 0x1e, 0x19, 0xff, 0x6a, 0x01, 0xcd, 0xd2, 0x0a,
	0x95, 0x6a, 0x01, 0xff, 0x1e, 0x19, 0xff, 0x70, 0x01, 0xd1, 0xd2, 0x0a, 0x95, 0x70, 0x01, 0xff,
	0x1e, 0x19, 0xff, 0x6a, 0x01, 0xcb, 0xd2, 0x0a, 0x95, 0x6a, 0x01, 0xff, 0x1e, 0x19, 0xff, 0x70,
	0x01, 0xd7, 0xd2, 0x0a, 0x00, 0x49, 0xff, 0x1e, 0x19, 0xff, 0xda, 0x02, 0xe2, 0xcc, 0x0a, 0x8f,
	0x6a, 0x01, 0xff, 0x1e, 0x19, 0xff, 0x70, 0x01, 0xd7, 0x8e, 0x08, 0x8f, 0x70, 0x01, 0xff, 0x1e,
	0x19, 0xff, 0x6a, 0x01, 0xd1, 0x8e, 0x08, 0x8f, 0x6a, 0x01, 0xff, 0x1e, 0x19, 0xff, 0x7a, 0x01,
	0xe1, 0x98, 0x08, 0x8d, 0x7a, 0x01, 0xff, 0x1e, 0x19, 0xff, 0x6a, 0x01, 0xd3, 0x98, 0x08, 0x8f,
	0x6a, 0x01, 0xff, 0x1e, 0x19, 0xff, 0x70, 0x01, 0xd7, 0x98, 0x08, 0x00, 0x51, 0xff, 0x1e, 0x19,
	0xff, 0xda, 0x02, 0xe2, 0x98, 0x08, 0x8f, 0x6a, 0x01, 0xff, 0x1e, 0x19, 0xff, 0x70, 0x01, 0xd7,
	0x98, 0x08, 0x8f, 0x70, 0x01, 0xff, 0x1e, 0x19, 0xff, 0x6a, 0x01, 0xd1, 0x98, 0x08, 0x8f, 0x6a,
	0x01, 0xff, 0x1e, 0x19, 0xff, 0x70, 0x01, 0xd7, 0x8e, 0x08, 0x8f, 0x70, 0x01, 0xff, 0x1e, 0x19,
	0xff, 0x70, 0x01, 0xd7, 0x94, 0x08, 0x8d, 0x70, 0x01, 0xff, 0x1e, 0x19, 0xff, 0x1e, 0x19, 0xff,
	0x1e, 0x19, 0xff, 0x01, 0x00, 0xfb, 0x01, 0x00, 0x93, 0x1e, 0x19, 0xff, 0x1e, 0x19, 0xfd, 0xd2,
	0x0a, 0x00, 0x59, 0xff, 0x1e, 0x19, 0xff, 0x18, 0x05, 0xe2, 0xd2, 0x0a, 0x8f, 0x6a, 0x01, 0xff,
	0x1e, 0x19, 0xff, 0x70, 0x01, 0xd7, 0xd2, 0x0a, 0x8f, 0x70, 0x01, 0xff, 0x1e, 0x19, 0xff, 0x6a,
	0x01, 0xd1, 0xd2, 0x0a, 0x8f, 0x6a, 0x01, 0xff, 0x1e, 0x19, 0xff, 0x70, 0x01, 0xd7, 0xd2, 0x0a,
	0x8f, 0x70, 0x01, 0xff, 0x1e, 0x19, 0xff, 0x6a, 0x01, 0xd1, 0xcc, 0x0a, 0x8f, 0x6a, 0x01, 0xff,
	0x1e, 0x19, 0xff, 0x70, 0x01, 0xd1, 0x8e, 0x08, 0x00, 0x02, 0x82, 0x70, 0x01, 0x00, 0x42, 0xff,
	0x1e, 0x19, 0xff, 0xda, 0x02, 0xdc, 0x8e, 0x08, 0x95, 0x6a, 0x01, 0xff, 0x1e, 0x19, 0xff, 0x7a,
	0x01, 0xdb, 0x98, 0x08, 0x93, 0x7a, 0x01, 0xff, 0x1e, 0x19, 0xff, 0x6a, 0x01, 0xcd, 0x98, 0x08,
	0x95, 0x6a, 0x01, 0xff, 0x1e, 0x19, 0xff, 0x70, 0x01, 0xd1, 0x98, 0x08, 0x95, 0x70, 0x01, 0xff,
	0x1e, 0x19, 0xff, 0x6a, 0x01, 0xcb, 0x98, 0x08, 0x95, 0x6a, 0x01, 0xff, 0x1e, 0x19, 0xff, 0x70,
	0x01, 0xd7, 0x98, 0x08, 0x00, 0x4a, 0xff, 0x1e, 0x19, 0xff, 0xda, 0x02, 0xe2, 0x98, 0x08, 0x8f,
	0x6a, 0x01, 0xff, 0x1e, 0x19, 0xff, 0x70, 0x01, 0xd7, 0x8e, 0x08, 0x8f, 0x70, 0x01, 0xff, 0x1e,
	0x19, 0xff, 0x70, 0x01, 0xd7, 0x94, 0x08, 0x8d, 0x70, 0x01, 0xff, 0x1e, 0x19, 0xff, 0x1e, 0x19,
	0xff, 0x1e, 0x19, 0xff, 0x01, 0x00, 0xfb, 0x01, 0x00, 0x93, 0x1e, 0x19, 0xff, 0x1e, 0x19, 0xfd,
	0xd2, 0x0a, 0x8d, 0xae, 0x03, 0xff, 0x1e, 0x19, 0xff, 0x6a, 0x01, 0xd3, 0xd2, 0x0a, 0x8f, 0x6a,
	0x01, 0xff, 0x1e, 0x19, 0xff, 0x70, 0x01, 0xd7, 0xd2, 0x0a, 0x00, 0x52, 0xff, 0x1e, 0x19, 0xff,
	0xda, 0x02, 0xe2, 0xd2, 0x0a, 0x8f, 0x6a, 0x01, 0xff, 0x1e, 0x19, 0xff, 0x70, 0x01, 0xd7, 0xd2,
	0x0a, 0x8f, 0x70, 0x01, 0xff, 0x1e, 0x19, 0xff, 0x6a, 0x01, 0xd1, 0xcc, 0x0a, 0x8f, 0x6a, 0x01,
	0xff, 0x1e, 0x19, 0xff, 0x70, 0x01, 0xd7, 0x8e, 0x08, 0x8f, 0x70, 0x01, 0xff, 0x1e, 0x19, 0xff,
	0x6a, 0x01, 0xd1, 0x8e, 0x08, 0x8f, 0x6a, 0x01, 0xff, 0x1e, 0x19, 0xff, 0x7a, 0x01, 0xe1, 0x98,
	0x08, 0x00, 0x5a, 0xff, 0x1e, 0x19, 0xff, 0xe4, 0x02, 0xe2, 0x98, 0x08, 0x8f, 0x6a, 0x01, 0xff,
	0x1e, 0x19, 0xff, 0x70, 0x01, 0xd7, 0x98, 0x08, 0x8f, 0x70, 0x01, 0xff, 0x1e, 0x19, 0xff, 0x6a,
	0x01, 0xd1, 0x98, 0x08, 0x8f, 0x6a, 0x01, 0xff, 0x1e, 0x19, 0xff, 0x70, 0x01, 0xd7, 0x98, 0x08,
	0x8f, 0x70, 0x01, 0xff, 0x1e, 0x19, 0xff, 0x6a, 0x01, 0xd1, 0x98, 0x08, 0x8f, 0x6a, 0x01, 0xff,
	0x1e, 0x19, 0xff, 0x70, 0x01, 0xd1, 0x8e, 0x08, 0x00, 0x03, 0x82, 0x70, 0x01, 0x00, 0x43, 0xff,
	0x1e, 0x19, 0xff, 0x1e, 0x19, 0xe2, 0x94, 0x08, 0x93, 0x70, 0x01, 0xff, 0x1e, 0x19, 0xff, 0x1e,
	0x19, 0xff, 0x1e, 0x19, 0xff, 0x01, 0x00, 0xfb, 0x01, 0x00, 0x93, 0x1e, 0x19, 0xff, 0x1e, 0x19,
	0xf7, 0xd2, 0x0a, 0x93, 0xae, 0x03, 0xff, 0x1e, 0x19, 0xff, 0x6a, 0x01, 0xcd, 0xd2, 0x0a, 0x95,
	0x6a, 0x01, 0xff, 0x1e, 0x19, 0xff, 0x70, 0x01, 0xd1, 0xd2, 0x0a, 0x95, 0x70, 0x01, 0xff, 0x1e,
	0x19, 0xff, 0x6a, 0x01, 0xcb, 0xd2, 0x0a, 0x95, 0x6a, 0x01, 0xff, 0x1e, 0x19, 0xff, 0x70, 0x01,
	0xd7, 0xd2, 0x0a, 0x00, 0x4b, 0xff, 0x1e, 0x19, 0xff, 0xda, 0x02, 0xe2, 0xcc, 0x0a, 0x8f, 0x6a,
	0x01, 0xff, 0x1e, 0x19, 0xff, 0x70, 0x01, 0xd7, 0x8e, 0x08, 0x8f, 0x70, 0x01, 0xff, 0x1e, 0x19,
	0xff, 0x6a, 0x01, 0xd1, 0x8e, 0x08, 0x8f, 0x6a, 0x01, 0xff, 0x1e, 0x19, 0xff, 0x7a, 0x01, 0xe1,
	0x98, 0x08, 0x8d, 0x7a, 0x01, 0xff, 0x1e, 0x19, 0xff, 0x6a, 0x01, 0xd3, 0x98, 0x08, 0x8f, 0x6a,
	0x01, 0xff, 0x1e, 0x19, 0xff, 0x70, 0x01, 0xd7, 0x98, 0x08, 0x00, 0x53, 0xff, 0x1e, 0x19, 0xff,
	0xda, 0x02, 0xe2, 0x98, 0x08, 0x8f, 0x6a, 0x01, 0xff, 0x1e, 0x19, 0xff, 0x70, 0x01, 0xd7, 0x98,
	0x08, 0x8f, 0x70, 0x01, 0xff, 0x1e, 0x19, 0xff, 0x6a, 0x01, 0xd1, 0x98, 0x08, 0x8f, 0x6a, 0x01,
	0xff, 0x1e, 0x19, 0xff, 0x70, 0x01, 0xd7, 0x8e, 0x08, 0x8f, 0x70, 0x01, 0xff, 0x1e, 0x19, 0xff,
	0x70, 0x01, 0xd7, 0x94, 0x08, 0x8d, 0x70, 0x01, 0xff, 0x1e, 0x19, 0xff, 0x1e, 0x19, 0xff, 0x1e,
	0x19, 0xff, 0x01, 0x00, 0xfb, 0x01, 0x00, 0x93, 0x1e, 0x19, 0xff, 0x1e, 0x19, 0xfd, 0xd2, 0x0a,
	0x00, 0x5b, 0xff, 0x1e, 0x19, 0xff, 0x18, 0x05, 0xe2, 0xd2, 0x0a, 0x8f, 0x6a, 0x01, 0xff, 0x1e,
	0x19, 0xff, 0x70, 0x01, 0xd7, 0xd2, 0x0a, 0x8f, 0x70, 0x01, 0xff, 0x1e, 0x19, 0xff, 0x6a, 0x01,
	0xd1, 0xd2, 0x0a, 0x8f, 0x6a, 0x01, 0xff, 0x1e, 0x19, 0xff, 0x70, 0x01, 0xd7, 0xd2, 0x0a, 0x8f,
	0x70, 0x01, 0xff, 0x1e, 0x19, 0xff, 0x6a, 0x01, 0xd1, 0xcc, 0x0a, 0x8f, 0x6a, 0x01, 0xff, 0x1e,
	0x19, 0xff, 0x70, 0x01, 0xd1, 0x8e, 0x08, 0x00, 0x04, 0x82, 0x70, 0x01, 0x00, 0x44, 0xff, 0x1e,
	0x19, 0xff, 0xda, 0x02, 0xdc, 0x8e, 0x08, 0x95, 0x6a, 0x01, 0xff, 0x1e, 0x19, 0xff, 0x7a, 0x01,
	0xdb, 0x98, 0x08, 0x93, 0x7a, 0x01, 0xff, 0x1e, 0x19, 0xff, 0x6a, 0x01, 0xcd, 0x98, 0x08, 0x95,
	0x6a, 0x01, 0xff, 0x1e, 0x19, 0xff, 0x70, 0x01, 0xd1, 0x98, 0x08, 0x95, 0x70, 0x01, 0xff, 0x1e,
	0x19, 0xff, 0x6a, 0x01, 0xcb, 0x98, 0x08, 0x95, 0x6a, 0x01, 0xff, 0x1e, 0x19, 0xff, 0x70, 0x01,
	0xd7, 0x98, 0x08, 0x00, 0x4c, 0xff, 0x1e, 0x19, 0xff, 0xda, 0x02, 0xe2, 0x98, 0x08, 0x8f, 0x6a,
	0x01, 0xff, 0x1e, 0x19, 0xff, 0x70, 0x01, 0xd7, 0x8e, 0x08, 0x8f, 0x70, 0x01, 0xff, 0x1e, 0x19,
	0xff, 0x70, 0x01, 0xd7, 0x94, 0x08, 0x8d, 0x70, 0x01, 0xff, 0x1e, 0x19, 0xff, 0x1e, 0x19, 0xff,
	0x1e, 0x19, 0xff, 0x01, 0x00, 0xfb, 0x01, 0x00, 0x93, 0x1e, 0x19, 0xff, 0x1e, 0x19, 0xfd, 0xd2,
	0x0a, 0x8d, 0xae, 0x03, 0xff, 0x1e, 0x19, 0xff, 0x6a, 0x01, 0xd3, 0xd2, 0x0a, 0x8f, 0x6a, 0x01,
	0xff, 0x1e, 0x19, 0xff, 0x70, 0x01, 0xd7, 0xd2, 0x0a, 0x00, 0x54, 0xff, 0x1e, 0x19, 0xff, 0xda,
	0x02, 0xe2, 0xd2, 0x0a, 0x8f, 0x6a, 0x01, 0xff, 0x1e, 0x19, 0xff, 0x70, 0x01, 0xd7, 0xd2, 0x0a,
	0x8f, 0x70, 0x01, 0xff, 0x1e, 0x19, 0xff, 0x6a, 0x01, 0xd1, 0xcc, 0x0a, 0x8f, 0x6a, 0x01, 0xff,
	0x1e, 0x19, 0xff, 0x70, 0x01, 0xd7, 0x8e, 0x08, 0x8f, 0x70, 0x01, 0xff, 0x1e, 0x19, 0xff, 0x6a,
	0x01, 0xd1, 0x8e, 0x08, 0x8f, 0x6a, 0x01, 0xff, 0x1e, 0x19, 0xff, 0x7a, 0x01, 0xe1, 0x98, 0x08,
	0x00, 0x5c, 0xff, 0x1e, 0x19, 0xff, 0xe4, 0x02, 0xe2, 0x98, 0x08, 0x8f, 0x6a, 0x01, 0xff, 0x1e,
	0x19, 0xff, 0x70, 0x01, 0xd7, 0x98, 0x08, 0x8f, 0x70, 0x01, 0xff, 0x1e, 0x19, 0xff, 0x6a, 0x01,
	0xd1, 0x98, 0x08, 0x8f, 0x6a, 0x01, 0xff, 0x1e, 0x19, 0xff, 0x70, 0x01, 0xd7, 0x98, 0x08, 0x8f,
	0x70, 0x01, 0xff, 0x1e, 0x19, 0xff, 0x6a, 0x01, 0xd1, 0x98, 0x08, 0x8f, 0x6a, 0x01, 0xff, 0x1e,
	0x19, 0xff, 0x70, 0x01, 0xd1, 0x8e, 0x08, 0x00, 0x05, 0x82, 0x70, 0x01, 0x00, 0x45, 0xff, 0x1e,
	0x19, 0xff, 0x1e, 0x19, 0xe2, 0x94, 0x08, 0x93, 0x70, 0x01, 0xff, 0x1e, 0x19, 0xff, 0x1e, 0x19,
	0xff, 0x1e, 0x19, 0xff, 0x01, 0x00, 0xfb, 0x01, 0x00, 0x93, 0x1e, 0x19, 0xff, 0x1e, 0x19, 0xf7,
	0xd2, 0x0a, 0x93, 0xae, 0x03, 0xff, 0x1e, 0x19, 0xff, 0x6a, 0x01, 0xcd, 0xd2, 0x0a, 0x95, 0x6a,
	0x01, 0xff, 0x1e, 0x19, 0xff, 0x70, 0x01, 0xd1, 0xd2, 0x0a, 0x95, 0x70, 0x01, 0xff, 0x1e, 0x19,
	0xff, 0x6a, 0x01, 0xcb, 0xd2, 0x0a, 0x95, 0x6a, 0x01, 0xff, 0x1e, 0x19, 0xff, 0x70, 0x01, 0xd7,
	0xd2, 0x0a, 0x00, 0x4d, 0xff, 0x1e, 0x19, 0xff, 0xda, 0x02, 0xe2, 0xcc, 0x0a, 0x8f, 0x6a, 0x01,
	0xff, 0x1e, 0x19, 0xff, 0x70, 0x01, 0xd7, 0x8e, 0x08, 0x8f, 0x70, 0x01, 0xff, 0x1e, 0x19, 0xff,
	0x6a, 0x01, 0xd1, 0x8e, 0x08, 0x8f, 0x6a, 0x01, 0xff, 0x1e, 0x19, 0xff, 0x7a, 0x01, 0xe1, 0x98,
	0x08, 0x8d, 0x7a, 0x01, 0xff, 0x1e, 0x19, 0xff, 0x6a, 0x01, 0xd3, 0x98, 0x08, 0x8f, 0x6a, 0x01,
	0xff, 0x1e, 0x19, 0xff, 0x70, 0x01, 0xd7, 0x98, 0x08, 0x00, 0x55, 0xff, 0x1e, 0x19, 0xff, 0xda,
	0x02, 0xe2, 0x98, 0x08, 0x8f, 0x6a, 0x01, 0xff, 0x1e, 0x19, 0xff, 0x70, 0x01, 0xd7, 0x98, 0x08,
	0x8f, 0x70, 0x01, 0xff, 0x1e, 0x19, 0xff, 0x6a, 0x01, 0xd1, 0x98, 0x08, 0x8f, 0x6a, 0x01, 0xff,
	0x1e, 0x19, 0xff, 0x70, 0x01, 0xd7, 0x8e, 0x08, 0x8f, 0x70, 0x01, 0xff, 0x1e, 0x19, 0xff, 0x70,
	0x01, 0xd7, 0x94, 0x08, 0x8d, 0x70, 0x01, 0xff, 0x1e, 0x19, 0xff, 0x1e, 0x19, 0xff, 0x1e, 0x19,
	0xff, 0x01, 0x00, 0xfb, 0x01, 0x00, 0x93, 0x1e, 0x19, 0xff, 0x1e, 0x19, 0xfd, 0xd2, 0x0a, 0x00,
	0x5d, 0xff, 0x1e, 0x19, 0xff, 0x18, 0x05, 0xe2, 0xd2, 0x0a, 0x8f, 0x6a, 0x01, 0xff, 0x1e, 0x19,
	0xff, 0x70, 0x01, 0xd7, 0xd2, 0x0a, 0x8f, 0x70, 0x01, 0xff, 0x1e, 0x19, 0xff, 0x6a, 0x01, 0xd1,
	0xd2, 0x0a, 0x8f, 0x6a, 0x01, 0xff, 0x1e, 0x19, 0xff, 0x70, 0x01, 0xd7, 0xd2, 0x0a, 0x8f, 0x70,
	0x01, 0xff, 0x1e, 0x19, 0xff, 0x6a, 0x01, 0xd1, 0xcc, 0x0a, 0x8f, 0x6a, 0x01, 0xff, 0x1e, 0x19,
	0xff, 0x70, 0x01, 0xd1, 0x8e, 0x08, 0x00, 0x00, 0x82, 0x70, 0x01, 0x01, 0x40, 0x99, 0xff, 0x1e,
	0x19, 0xff, 0x6a, 0x01, 0xdb, 0x8e, 0x08, 0x95, 0x6a, 0x01, 0xff, 0x1e, 0x19, 0xff, 0x7a, 0x01,
	0xdb, 0x98, 0x08, 0x93, 0x7a, 0x01, 0xff, 0x1e, 0x19, 0xff, 0x6a, 0x01, 0xcd, 0x98, 0x08, 0x95,
	0x6a, 0x01, 0xff, 0x1e, 0x19, 0xff, 0x70, 0x01, 0xd1, 0x98, 0x08, 0x95, 0x70, 0x01, 0xff, 0x1e,
	0x19, 0xff, 0x6a, 0x01, 0xcb, 0x98, 0x08, 0x95, 0x6a, 0x01, 0xff, 0x1e, 0x19, 0xff, 0x70, 0x01,
	0xd7, 0x98, 0x08, 0x00, 0x48, 0x8e, 0x70, 0x01, 0xff, 0x1e, 0x19, 0xff, 0x6a, 0x01, 0xd1, 0x98,
	0x08, 0x8f, 0x6a, 0x01, 0xff, 0x1e, 0x19, 0xff, 0x70, 0x01, 0xd7, 0x8e, 0x08, 0x8f, 0x70, 0x01,
	0xff, 0x1e, 0x19, 0xff, 0x70, 0x01, 0xd7, 0x94, 0x08, 0x8d, 0x70, 0x01, 0xff, 0x1e, 0x19, 0xff,
	0x1e, 0x19, 0xff, 0x1e, 0x19, 0xff, 0x01, 0x00, 0xfb, 0x01, 0x00, 0x93, 0x1e, 0x19, 0xff, 0x1e,
	0x19, 0xfd, 0xd2, 0x0a, 0x8d, 0xae, 0x03, 0xff, 0x1e, 0x19, 0xff, 0x6a, 0x01, 0xd3, 0xd2, 0x0a,
	0x8f, 0x6a, 0x01, 0xff, 0x1e, 0x19, 0xff, 0x70, 0x01, 0xd7, 0xd2, 0x0a, 0x00, 0x50, 0x8e, 0x70,
	0x01, 0xff, 0x1e, 0x19, 0xff, 0x6a, 0x01, 0xd1, 0xd2, 0x0a, 0x8f, 0x6a, 0x01, 0xff, 0x1e, 0x19,
	0xff, 0x70, 0x01, 0xd7, 0xd2, 0x0a, 0x8f, 0x70, 0x01, 0xff, 0x1e, 0x19, 0xff, 0x6a, 0x01, 0xd1,
	0xcc, 0x0a, 0x8f, 0x6a, 0x01, 0xff, 0x1e, 0x19, 0xff, 0x70, 0x01, 0xd7, 0x8e, 0x08, 0x8f, 0x70,
	0x01, 0xff, 0x1e, 0x19, 0xff, 0x6a, 0x01, 0xd1, 0x8e, 0x08, 0x8f, 0x6a, 0x01, 0xff, 0x1e, 0x19,
	0xff, 0x7a, 0x01, 0xe1, 0x98, 0x08, 0x00, 0x58, 0xff, 0x1e, 0x19, 0xff, 0xe4, 0x02, 0xe2, 0x98,
	0x08, 0x8f, 0x6a, 0x01, 0xff, 0x1e, 0x19, 0xff, 0x70, 0x01, 0xd7, 0x98, 0x08, 0x8f, 0x70, 0x01,
	0xff, 0x1e, 0x19, 0xff, 0x6a, 0x01, 0xd1, 0x98, 0x08, 0x8f, 0x6a, 0x01, 0xff, 0x1e, 0x19, 0xff,
	0x70, 0x01, 0xd7, 0x98, 0x08, 0x8f, 0x70, 0x01, 0xff, 0x1e, 0x19, 0xff, 0x6a, 0x01, 0xd1, 0x98,
	0x08, 0x8f, 0x6a, 0x01, 0xff, 0x1e, 0x19, 0xff, 0x70, 0x01, 0xd1, 0x8e, 0x08, 0x84, 0xac, 0xd8,
	0xff, 0x1e, 0x19, 0xff, 0x1e, 0x19, 0xe2, 0x94, 0x08, 0x93, 0x70, 0x01, 0xff, 0x1e, 0x19, 0xff,
	0x1e, 0x19, 0xff, 0x1e, 0x19, 0xff, 0x01, 0x00, 0xfb, 0x01, 0x00, 0x93, 0x1e, 0x19, 0xff, 0x1e,
	0x19, 0xf7, 0xd2, 0x0a, 0x93, 0xae, 0x03, 0xff, 0x1e, 0x19, 0xff, 0x6a, 0x01, 0xcd, 0xd2, 0x0a,
	0x95, 0x6a, 0x01, 0xff, 0x1e, 0x19, 0xff, 0x70, 0x01, 0xd1, 0xd2, 0x0a, 0x95, 0x70, 0x01, 0xff,
	0x1e, 0x19, 0xff, 0x6a, 0x01, 0xcb, 0xd2, 0x0a, 0x95, 0x6a, 0x01, 0xff, 0x1e, 0x19, 0xff, 0x70,
	0x01, 0xd7, 0xd2, 0x0a, 0x00, 0x49, 0xff, 0x1e, 0x19, 0xff, 0xda, 0x02, 0xe2, 0xcc, 0x0a, 0x8f,
	0x6a, 0x01, 0xff, 0x1e, 0x19, 0xff, 0x70, 0x01, 0xd7, 0x8e, 0x08, 0x8f, 0x70, 0x01, 0xff, 0x1e,
	0x19, 0xff, 0x6a, 0x01, 0xd1, 0x8e, 0x08, 0x8f, 0x6a, 0x01, 0xff, 0x1e, 0x19, 0xff, 0x7a, 0x01,
	0xe1, 0x98, 0x08, 0x8d, 0x7a, 0x01, 0xff, 0x1e, 0x19, 0xff, 0x6a, 0x01, 0xd3, 0x98, 0x08, 0x8f,
	0x6a, 0x01, 0xff, 0x1e, 0x19, 0xff, 0x70, 0x01, 0xd7, 0x98, 0x08, 0x00, 0x51, 0xff, 0x1e, 0x19,
	0xff, 0xda, 0x02, 0xe2, 0x98, 0x08, 0x8f, 0x6a, 0x01, 0xff, 0x1e, 0x19, 0xff, 0x70, 0x01, 0xd7,
	0x98, 0x08, 0x8f, 0x70, 0x01, 0xff, 0x1e, 0x19, 0xff, 0x6a, 0x01, 0xd1, 0x98, 0x08, 0x8f, 0x6a,
	0x01, 0xff, 0x1e, 0x19, 0xff, 0x70, 0x01, 0xd7, 0x8e, 0x08, 0x8f, 0x70, 0x01, 0xff, 0x1e, 0x19,
	0xff, 0x70, 0x01, 0xd7, 0x94, 0x08, 0x8d, 0x70, 0x01, 0xff, 0x1e, 0x19, 0xff, 0x1e, 0x19, 0xff,
	0x1e, 0x19, 0xff, 0x01, 0x00, 0xfb, 0x01, 0x00, 0x93, 0x1e, 0x19, 0xff, 0x1e, 0x19, 0xfd, 0xd2,
	0x0a, 0x00, 0x59, 0xff, 0x1e, 0x19, 0xff, 0x18, 0x05, 0xe2, 0xd2, 0x0a, 0x8f, 0x6a, 0x01, 0xff,
	0x1e, 0x19, 0xff, 0x70, 0x01, 0xd7, 0xd2, 0x0a, 0x8f, 0x70, 0x01, 0xff, 0x1e, 0x19, 0xff, 0x6a,
	0x01, 0xd1, 0xd2, 0x0a, 0x8f, 0x6a, 0x01, 0xff, 0x1e, 0x19, 0xff, 0x70, 0x01, 0xd7, 0xd2, 0x0a,
	0x8f, 0x70, 0x01, 0xff, 0x1e, 0x19, 0xff, 0x6a, 0x01, 0xd1, 0xcc, 0x0a, 0x8f, 0x6a, 0x01, 0xff,
	0x1e, 0x19, 0xff, 0x70, 0x01, 0xd1, 0x8e, 0x08, 0x84, 0xe6, 0xda, 0xff, 0x1e, 0x19, 0xff, 0xda,
	0x02, 0xdc, 0x8e, 0x08, 0x95, 0x6a, 0x01, 0xff, 0x1e, 0x19, 0xff, 0x7a, 0x01, 0xdb, 0x98, 0x08,
	0x93, 0x7a, 0x01, 0xff, 0x1e, 0x19, 0xff, 0x6a, 0x01, 0xcd, 0x98, 0x08, 0x95, 0x6a, 0x01, 0xff,
	0x1e, 0x19, 0xff, 0x70, 0x01, 0xd1, 0x98, 0x08, 0x95, 0x70, 0x01, 0xff, 0x1e, 0x19, 0xff, 0x6a,
	0x01, 0xcb, 0x98, 0x08, 0x95, 0x6a, 0x01, 0xff, 0x1e, 0x19, 0xff, 0x70, 0x01, 0xd7, 0x98, 0x08,
	0x00, 0x4a, 0xff, 0x1e, 0x19, 0xff, 0xda, 0x02, 0xe2, 0x98, 0x08, 0x8f, 0x6a, 0x01, 0xff, 0x1e,
	0x19, 0xff, 0x70, 0x01, 0xd7, 0x8e, 0x08, 0x8f, 0x70, 0x01, 0xff, 0x1e, 0x19, 0xff, 0x70, 0x01,
	0xd7, 0x94, 0x08, 0x8d, 0x70, 0x01, 0xff, 0x1e, 0x19, 0xff, 0x1e, 0x19, 0xff, 0x1e, 0x19, 0xff,
	0x01, 0x00, 0xfb, 0x01, 0x00, 0x93, 0x1e, 0x19, 0xff, 0x1e, 0x19, 0xfd, 0xd2, 0x0a, 0x8d, 0xae,
	0x03, 0xff, 0x1e, 0x19, 0xff, 0x6a, 0x01, 0xd3, 0xd2, 0x0a, 0x8f, 0x6a, 0x01, 0xff, 0x1e, 0x19,
	0xff, 0x70, 0x01, 0xd7, 0xd2, 0x0a, 0x00, 0x52, 0xff, 0x1e, 0x19, 0xff, 0xda, 0x02, 0xe2, 0xd2,
	0x0a, 0x8f, 0x6a, 0x01, 0xff, 0x1e, 0x19, 0xff, 0x70, 0x01, 0xd7, 0xd2, 0x0a, 0x8f, 0x70, 0x01,
	0xff, 0x1e, 0x19, 0xff, 0x6a, 0x01, 0xd1, 0xcc, 0x0a, 0x8f, 0x6a, 0x01, 0xff, 0x1e, 0x19, 0xff,
	0x70, 0x01, 0xd7, 0x8e, 0x08, 0x8f, 0x70, 0x01, 0xff, 0x1e, 0x19, 0xff, 0x6a, 0x01, 0xd1, 0x8e,
	0x08, 0x8f, 0x6a, 0x01, 0xff, 0x1e, 0x19, 0xff, 0x7a, 0x01, 0xe1, 0x98, 0x08, 0x00, 0x5a, 0xff,
	0x1e, 0x19, 0xff, 0xe4, 0x02, 0xe2, 0x98, 0x08, 0x8f, 0x6a, 0x01, 0xff, 0x1e, 0x19, 0xff, 0x70,
	0x01, 0xd7, 0x98, 0x08, 0x8f, 0x70, 0x01, 0xff, 0x1e, 0x19, 0xff, 0x6a, 0x01, 0xd1, 0x98, 0x08,
	0x8f, 0x6a, 0x01, 0xff, 0x1e, 0x19, 0xff, 0x70, 0x01, 0xd7, 0x98, 0x08, 0x8f, 0x70, 0x01, 0xff,
	0x1e, 0x19, 0xff, 0x6a, 0x01, 0xd1, 0x98, 0x08, 0x8f, 0x6a, 0x01, 0xff, 0x1e, 0x19, 0xff, 0x70,
	0x01, 0xd1, 0x8e, 0x08, 0x84, 0xac, 0xd8, 0xff, 0x1e, 0x19, 0xff, 0x1e, 0x19, 0xe2, 0x94, 0x08,
	0x93, 0x70, 0x01, 0xff, 0x1e, 0x19, 0xff, 0x1e, 0x19, 0xff, 0x1e, 0x19, 0xff, 0x01, 0x00, 0xfb,
	0x01, 0x00, 0x93, 0x1e, 0x19, 0xff, 0x1e, 0x19, 0xf7, 0xd2, 0x0a, 0x93, 0xae, 0x03, 0xff, 0x1e,
	0x19, 0xff, 0x6a, 0x01, 0xcd, 0xd2, 0x0a, 0x95, 0x6a, 0x01, 0xff, 0x1e, 0x19, 0xff, 0x70, 0x01,
	0xd1, 0xd2, 0x0a, 0x95, 0x70, 0x01, 0xff, 0x1e, 0x19, 0xff, 0x6a, 0x01, 0xcb, 0xd2, 0x0a, 0x95,
	0x6a, 0x01, 0xff, 0x1e, 0x19, 0xff, 0x70, 0x01, 0xd7, 0xd2, 0x0a, 0x00, 0x4b, 0xff, 0x1e, 0x19,
	0xff, 0xda, 0x02, 0xe2, 0xcc, 0x0a, 0x8f, 0x6a, 0x01, 0xff, 0x1e, 0x19, 0xff, 0x70, 0x01, 0xd7,
	0x8e, 0x08, 0x8f, 0x70, 0x01, 0xff, 0x1e, 0x19, 0xff, 0x6a, 0x01, 0xd1, 0x8e, 0x08, 0x8f, 0x6a,
	0x01, 0xff, 0x1e, 0x19, 0xff, 0x7a, 0x01, 0xe1, 0x98, 0x08, 0x8d, 0x7a, 0x01, 0xff, 0x1e, 0x19,
	0xff, 0x6a, 0x01, 0xd3, 0x98, 0x08, 0x8f, 0x6a, 0x01, 0xff, 0x1e, 0x19, 0xff, 0x70, 0x01, 0xd7,
	0x98, 0x08, 0x00, 0x53, 0xff, 0x1e, 0x19, 0xff, 0xda, 0x02, 0xe2, 0x98, 0x08, 0x8f, 0x6a, 0x01,
	0xff, 0x1e, 0x19, 0xff, 0x70, 0x01, 0xd7, 0x98, 0x08, 0x8f, 0x70, 0x01, 0xff, 0x1e, 0x19, 0xff,
	0x6a, 0x01, 0xd1, 0x98, 0x08, 0x8f, 0x6a, 0x01, 0xff, 0x1e, 0x19, 0xff, 0x70, 0x01, 0xd7, 0x8e,
	0x08, 0x8f, 0x70, 0x01, 0xff, 0x1e, 0x19, 0xff, 0x70, 0x01, 0xd7, 0x94, 0x08, 0x8d, 0x70, 0x01,
	0xff, 0x1e, 0x19, 0xff, 0x1e, 0x19, 0xff, 0x1e, 0x19, 0xff, 0x01, 0x00, 0xfb, 0x01, 0x00, 0x93,
	0x1e, 0x19, 0xff, 0x1e, 0x19, 0xfd, 0xd2, 0x0a, 0x00, 0x5b, 0xff, 0x1e, 0x19, 0xff, 0x18, 0x05,
	0xe2, 0xd2, 0x0a, 0x8f, 0x6a, 0x01, 0xff, 0x1e, 0x19, 0xff, 0x70, 0x01, 0xd7, 0xd2, 0x0a, 0x8f,
	0x70, 0x01, 0xff, 0x1e, 0x19, 0xff, 0x6a, 0x01, 0xd1, 0xd2, 0x0a, 0x8f, 0x6a, 0x01, 0xff, 0x1e,
	0x19, 0xff, 0x70, 0x01, 0xd7, 0xd2, 0x0a, 0x8f, 0x70, 0x01, 0xff, 0x1e, 0x19, 0xff, 0x6a, 0x01,
	0xd1, 0xcc, 0x0a, 0x8f, 0x6a, 0x01, 0xff, 0x1e, 0x19, 0xff, 0x70, 0x01, 0xd1, 0x8e, 0x08, 0x84,
	0xe6, 0xda, 0xff, 0x1e, 0x19, 0xff, 0xda, 0x02, 0xdc, 0x8e, 0x08, 0x95, 0x6a, 0x01, 0xff, 0x1e,
	0x19, 0xff, 0x7a, 0x01, 0xdb, 0x98, 0x08, 0x93, 0x7a, 0x01, 0xff, 0x1e, 0x19, 0xff, 0x6a, 0x01,
	0xcd, 0x98, 0x08, 0x95, 0x6a, 0x01, 0xff, 0x1e, 0x19, 0xff, 0x70, 0x01, 0xd1, 0x98, 0x08, 0x95,
	0x70, 0x01, 0xff, 0x1e, 0x19, 0xff, 0x6a, 0x01, 0xcb, 0x98, 0x08, 0x95, 0x6a, 0x01, 0xff, 0x1e,
	0x19, 0xff, 0x70, 0x01, 0xd7, 0x98, 0x08, 0x00, 0x4c, 0xff, 0x1e, 0x19, 0xff, 0xda, 0x02, 0xe2,
	0x98, 0x08, 0x8f, 0x6a, 0x01, 0xff, 0x1e, 0x19, 0xff, 0x70, 0x01, 0xd7, 0x8e, 0x08, 0x8f, 0x70,
	0x01, 0xff, 0x1e, 0x19, 0xff, 0x70, 0x01, 0xd7, 0x94, 0x08, 0x8d, 0x70, 0x01, 0xff, 0x1e, 0x19,
	0xff, 0x1e, 0x19, 0xff, 0x1e, 0x19, 0xff, 0x01, 0x00, 0xfb, 0x01, 0x00, 0x93, 0x1e, 0x19, 0xff,
	0x1e, 0x19, 0xfd, 0xd2, 0x0a, 0x8d, 0xae, 0x03, 0xff, 0x1e, 0x19, 0xff, 0x6a, 0x01, 0xd3, 0xd2,
	0x0a, 0x8f, 0x6a, 0x01, 0xff, 0x1e, 0x19, 0xff, 0x70, 0x01, 0xd7, 0xd2, 0x0a, 0x00, 0x54, 0xff,
	0x1e, 0x19, 0xff, 0xda, 0x02, 0xe2, 0xd2, 0x0a, 0x8f, 0x6a, 0x01, 0xff, 0x1e, 0x19, 0xff, 0x70,
	0x01, 0xd7, 0xd2, 0x0a, 0x8f, 0x70, 0x01, 0xff, 0x1e, 0x19, 0xff, 0x6a, 0x01, 0xd1, 0xcc, 0x0a,
	0x8f, 0x6a, 0x01, 0xff, 0x1e, 0x19, 0xff, 0x70, 0x01, 0xd7, 0x8e, 0x08, 0x8f, 0x70, 0x01, 0xff,
	0x1e, 0x19, 0xff, 0x6a, 0x01, 0xd1, 0x8e, 0x08, 0x8f, 0x6a, 0x01, 0xff, 0x1e, 0x19, 0xff, 0x7a,
	0x01, 0xe1, 0x98, 0x08, 0x00, 0x5c, 0xff, 0x1e, 0x19, 0xff, 0xe4, 0x02, 0xe2, 0x98, 0x08, 0x8f,
	0x6a, 0x01, 0xff, 0x1e, 0x19, 0xff, 0x70, 0x01, 0xd7, 0x98, 0x08, 0x8f, 0x70, 0x01, 0xff, 0x1e,
	0x19, 0xff, 0x6a, 0x01, 0xd1, 0x98, 0x08, 0x8f, 0x6a, 0x01, 0xff, 0x1e, 0x19, 0xff, 0x70, 0x01,
	0xd7, 0x98, 0x08, 0x8f, 0x70, 0x01, 0xff, 0x1e, 0x19, 0xff, 0x6a, 0x01, 0xd1, 0x98, 0x08, 0x8f,
	0x6a, 0x01, 0xff, 0x1e, 0x19, 0xff, 0x70, 0x01, 0xd1, 0x8e, 0x08, 0x84, 0xac, 0xd8, 0xff, 0x1e,
	0x19, 0xff, 0x1e, 0x19, 0xe2, 0x94, 0x08, 0x93, 0x70, 0x01, 0xff, 0x1e, 0x19, 0xff, 0x1e, 0x19,
	0xff, 0x1e, 0x19, 0xff, 0x01, 0x00, 0xfb, 0x01, 0x00, 0x93, 0x1e, 0x19, 0xff, 0x1e, 0x19, 0xf7,
	0xd2, 0x0a, 0x93, 0xae, 0x03, 0xff, 0x1e, 0x19, 0xff, 0x6a, 0x01, 0xcd, 0xd2, 0x0a, 0x95, 0x6a,
	0x01, 0xff, 0x1e, 0x19, 0xff, 0x70, 0x01, 0xd1, 0xd2, 0x0a, 0x95, 0x70, 0x01, 0xff, 0x1e, 0x19,
	0xff, 0x6a, 0x01, 0xcb, 0xd2, 0x0a, 0x95, 0x6a, 0x01, 0xff, 0x1e, 0x19, 0xff, 0x70, 0x01, 0xd7,
	0xd2, 0x0a, 0x00, 0x4d, 0xff, 0x1e, 0x19, 0xff, 0xda, 0x02, 0xe2, 0xcc, 0x0a, 0x8f, 0x6a, 0x01,
	0xff, 0x1e, 0x19, 0xff, 0x70, 0x01, 0xd7, 0x8e, 0x08, 0x8f, 0x70, 0x01, 0xff, 0x1e, 0x19, 0xff,
	0x6a, 0x01, 0xd1, 0x8e, 0x08, 0x8f, 0x6a, 0x01, 0xff, 0x1e, 0x19, 0xff, 0x7a, 0x01, 0xe1, 0x98,
	0x08, 0x8d, 0x7a, 0x01, 0xff, 0x1e, 0x19, 0xff, 0x6a, 0x01, 0xd3, 0x98, 0x08, 0x8f, 0x6a, 0x01,
	0xff, 0x1e, 0x19, 0xff, 0x70, 0x01, 0xd7, 0x98, 0x08, 0x00, 0x55, 0xff, 0x1e, 0x19, 0xff, 0xda,
	0x02, 0xe2, 0x98, 0x08, 0x8f, 0x6a, 0x01, 0xff, 0x1e, 0x19, 0xff, 0x70, 0x01, 0xd7, 0x98, 0x08,
	0x8f, 0x70, 0x01, 0xff, 0x1e, 0x19, 0xff, 0x6a, 0x01, 0xd1, 0x98, 0x08, 0x8f, 0x6a, 0x01, 0xff,
	0x1e, 0x19, 0xff, 0x70, 0x01, 0xd7, 0x8e, 0x08, 0x8f, 0x70, 0x01, 0xff, 0x1e, 0x19, 0xff, 0x70,
	0x01, 0xd7, 0x94, 0x08, 0x8d, 0x70, 0x01, 0xff, 0x1e, 0x19, 0xff, 0x1e, 0x19, 0xff, 0x1e, 0x19,
	0xff, 0x01, 0x00, 0xfb, 0x01, 0x00, 0x93, 0x1e, 0x19, 0xff, 0x1e, 0x19, 0xfd, 0xd2, 0x0a, 0x00,
	0x5d, 0xff, 0x1e, 0x19, 0xff, 0x18, 0x05, 0xe2, 0xd2, 0x0a, 0x8f, 0x6a, 0x01, 0xff, 0x1e, 0x19,
	0xff, 0x70, 0x01, 0xd7, 0xd2, 0x0a, 0x8f, 0x70, 0x01, 0xff, 0x1e, 0x19, 0xff, 0x6a, 0x01, 0xd1,
	0xd2, 0x0a, 0x8f, 0x6a, 0x01, 0xff, 0x1e, 0x19, 0xff, 0x70, 0x01, 0xd7, 0xd2, 0x0a, 0x8f, 0x70,
	0x01, 0xff, 0x1e, 0x19, 0xff, 0x6a, 0x01, 0xd1, 0xcc, 0x0a, 0x8f, 0x6a, 0x01, 0xf3, 0x1e, 0x19,
	0x00, 0x61, 0xff, 0xda, 0x02, 0xd0, 0x70, 0x01, 0x05, 0x20, 0x5e, 0x00, 0x00, 0x60, 0x90, 0xff,
	0x10, 0x19, 0xff, 0x5c, 0x01, 0xd1, 0x5c, 0x01, 0x00, 0x01, 0x90, 0x5c, 0x01, 0xfb, 0x02, 0x19,
	0x02, 0xa3, 0x06, 0x5c, 0xff, 0xc8, 0x02, 0xd2, 0x6c, 0x01, 0x01, 0xff, 0x7f, 0x8d, 0x6c, 0x01,
	0xff, 0xf4, 0x18, 0xff, 0x5c, 0x01, 0xc4, 0x24, 0x04, 0x00, 0x80, 0x8f, 0x5c, 0x01, 0xf1, 0xe6,
	0x18, 0x01, 0xff, 0x07, 0xff, 0xbe, 0x02, 0xd4, 0xbe, 0x02, 0x00, 0xff, 0x8f, 0x62, 0x01, 0xff,
	0xd8, 0x18, 0xff, 0x5c, 0x01, 0xc1, 0x5c, 0x01, 0x01, 0x55, 0x55, 0x8f, 0x5c, 0x01, 0xf1, 0xca,
	0x18, 0x01, 0x5b, 0x09, 0xff, 0xbe, 0x02, 0xd6, 0x44, 0x08, 0x00, 0x91, 0xff, 0xbc, 0x18, 0xff,
	0x5c, 0x01, 0xd4, 0x44, 0x08, 0x8e, 0x5c, 0x01, 0xf1, 0xae, 0x18, 0x02, 0xb7, 0x0a, 0x65, 0xff,
	0xbe, 0x02, 0xd5, 0x3a, 0x08, 0x8e, 0x62, 0x01, 0xff, 0xa0, 0x18, 0xff, 0x62, 0x01, 0xca, 0x40,
	0x08, 0x8c, 0x62, 0x01, 0xfb, 0x92, 0x18, 0x00, 0x1a, 0xff, 0x92, 0x18, 0x82, 0x01, 0x00, 0xff,
	0x92, 0x18, 0xff, 0x01, 0x00, 0xf9, 0x01, 0x00, 0x93, 0x92, 0x18, 0x8f, 0x92, 0x18, 0x00, 0x60,
	0xff, 0x92, 0x18, 0xdd, 0x7e, 0x0a, 0x8c, 0xa0, 0x03, 0xff, 0x84, 0x18, 0xff, 0x5c, 0x01, 0xc6,
	0x7e, 0x0a, 0x8e, 0x5c, 0x01, 0xf1, 0x76, 0x18, 0x01, 0x60, 0x02, 0xff, 0x7e, 0x0a, 0xd2, 0x62,
	0x01, 0x03, 0x5f, 0x00, 0x00, 0x61, 0x8e, 0x66, 0x11, 0xff, 0x68, 0x18, 0xff, 0x5c, 0x01, 0xc1,
	0x5c, 0x01, 0x00, 0x01, 0x90, 0x5c, 0x01, 0xf1, 0x5a, 0x18, 0x01, 0xbc, 0x03, 0xff, 0xbe, 0x02,
	0xd3, 0x62, 0x01, 0x01, 0xff, 0x7f, 0x8f, 0x62, 0x01, 0xff, 0x4c, 0x18, 0xff, 0x5c, 0x01, 0xc2,
	0x1a, 0x04, 0x00, 0x80, 0x8f, 0x5c, 0x01, 0xf1, 0x3e, 0x18, 0x00, 0x18, 0xff, 0x3e, 0x18, 0xd5,
	0xbe, 0x02, 0x00, 0xff, 0x8f, 0x62, 0x01, 0xff, 0x3e, 0x18, 0xff, 0x5c, 0x01, 0xc1, 0x5c, 0x01,
	0x01, 0x55, 0x55, 0x8f, 0x5c, 0x01, 0xfb, 0x3e, 0x18, 0x00, 0x79, 0xff, 0x3e, 0x18, 0xd7, 0x44,
	0x08, 0x8e, 0x04, 0x10, 0xff, 0x3e, 0x18, 0xff, 0x5c, 0x01, 0xc4, 0x44, 0x08, 0x8e, 0x5c, 0x01,
	0xf1, 0x3e, 0x18, 0x00, 0xd5, 0xff, 0x3e, 0x18, 0xd7, 0x44, 0x08, 0x8e, 0x62, 0x01, 0xff, 0x3e,
	0x18, 0xff, 0x5c, 0x01, 0xc4, 0x44, 0x08, 0x8e, 0x5c, 0x01, 0xf1, 0x3e, 0x18, 0x00, 0x31, 0xff,
	0x3e, 0x18, 0xd7, 0x44, 0x08, 0xff, 0x3e, 0x18, 0xff, 0xbe, 0x02, 0xd5, 0x44, 0x08, 0xff, 0x3e,
	0x18, 0x03, 0x38, 0x00, 0x00, 0x8d, 0xff, 0xec, 0x30, 0xde, 0xce, 0x2b, 0x00, 0x00, 0x82, 0xb0,
	0x24, 0x01, 0x40, 0x9c, 0xff, 0x4c, 0x18, 0xff, 0x4c, 0x18, 0xe1, 0xd4, 0x2b, 0x93, 0x70, 0x01,
	0xfb, 0x5a, 0x18, 0x02, 0xfe, 0x0b, 0x00, 0xff, 0x5a, 0x18, 0x00, 0x00, 0xff, 0x5a, 0x18, 0xff,
	0x01, 0x00, 0xfb, 0x01, 0x00, 0x93, 0x5a, 0x18, 0xff, 0xec, 0x30, 0xf7, 0x12, 0x2e, 0x93, 0xae,
	0x03, 0xff, 0x68, 0x18, 0xff, 0x6a, 0x01, 0xc6, 0x88, 0x06, 0x8a, 0x90, 0xeb, 0x8f, 0x6a, 0x01,
	0xff, 0xec, 0x30, 0xff, 0x70, 0x01, 0xd1, 0x12, 0x2e, 0x95, 0x70, 0x01, 0xff, 0x84, 0x18, 0xff,
	0x6a, 0x01, 0xc3, 0x6a, 0x01, 0x8b, 0x90, 0xeb, 0x8f, 0x6a, 0x01, 0xff, 0xec, 0x30, 0xff, 0x70,
	0x01, 0xd7, 0xd2, 0x0a, 0x00, 0x48, 0x8e, 0x70, 0x01, 0xff, 0xa0, 0x18, 0xff, 0x6a, 0x01, 0xd1,
	0xcc, 0x0a, 0x8f, 0x6a, 0x01, 0xff, 0x0a, 0x4a, 0xff, 0x70, 0x01, 0xd7, 0x8e, 0x08, 0x8f, 0x70,
	0x01, 0xff, 0xbc, 0x18, 0xff, 0x6a, 0x01, 0xd1, 0x8e, 0x08, 0x8f, 0x6a, 0x01, 0xff, 0x0a, 0x4a,
	0xff, 0x7a, 0x01, 0xe1, 0x98, 0x08, 0x8d, 0x7a, 0x01, 0xff, 0xd8, 0x18, 0xff, 0x6a, 0x01, 0xd3,
	0x98, 0x08, 0x8f, 0x6a, 0x01, 0xff, 0x0a, 0x4a, 0xff, 0x70, 0x01, 0xd7, 0x98, 0x08, 0x00, 0x50,
	0x8e, 0x70, 0x01, 0xff, 0xf4, 0x18, 0xff, 0x6a, 0x01, 0xd1, 0x98, 0x08, 0x8f, 0x6a, 0x01, 0xff,
	0x0a, 0x4a, 0xff, 0x70, 0x01, 0xd7, 0x98, 0x08, 0x8f, 0x70, 0x01, 0xff, 0x10, 0x19, 0xff, 0x6a,
	0x01, 0xd1, 0x98, 0x08, 0x8f, 0x6a, 0x01, 0xff, 0x0a, 0x4a, 0xff, 0x70, 0x01, 0xd7, 0x8e, 0x08,
	0x8f, 0x70, 0x01, 0xff, 0x1e, 0x19, 0xff, 0x70, 0x01, 0xd7, 0x94, 0x08, 0x8d, 0x70, 0x01, 0xff,
	0x0a, 0x4a, 0xff, 0x1e, 0x19, 0xff, 0x1e, 0x19, 0xff, 0x01, 0x00, 0xfb, 0x01, 0x00, 0x93, 0x1e,
	0x19, 0xff, 0x1e, 0x19, 0xfd, 0xd2, 0x0a, 0x00, 0x58, 0xff, 0x1e, 0x19, 0xff, 0x18, 0x05, 0xe2,
	0xd2, 0x0a, 0x8f, 0x6a, 0x01, 0xff, 0x1e, 0x19, 0xff, 0x70, 0x01, 0xd7, 0xd2, 0x0a, 0x8f, 0x70,
	0x01, 0xff, 0x1e, 0x19, 0xff, 0x6a, 0x01, 0xd1, 0xd2, 0x0a, 0x8f, 0x6a, 0x01, 0xff, 0x1e, 0x19,
	0xff, 0x70, 0x01, 0xd7, 0xd2, 0x0a, 0x8f, 0x70, 0x01, 0xff, 0x1e, 0x19, 0xff, 0x6a, 0x01, 0xd1,
	0xcc, 0x0a, 0x8f, 0x6a, 0x01, 0xff, 0x1e, 0x19, 0xff, 0x70, 0x01, 0xd1, 0x8e, 0x08, 0x84, 0x26,
	0xfe, 0xff, 0x1e, 0x19, 0xff, 0xda, 0x02, 0xdc, 0x8e, 0x08, 0x95, 0x6a, 0x01, 0xff, 0x1e, 0x19,
	0xff, 0x7a, 0x01, 0xdb, 0x98, 0x08, 0x93, 0x7a, 0x01, 0xff, 0x1e, 0x19, 0xff, 0x6a, 0x01, 0xcd,
	0x98, 0x08, 0x95, 0x6a, 0x01, 0xff, 0x1e, 0x19, 0xff, 0x70, 0x01, 0xd1, 0x98, 0x08, 0x95, 0x70,
	0x01, 0xff, 0x1e, 0x19, 0xff, 0x6a, 0x01, 0xcb, 0x98, 0x08, 0x95, 0x6a, 0x01, 0xff, 0x1e, 0x19,
	0xff, 0x70, 0x01, 0xd7, 0x98, 0x08, 0x00, 0x49, 0xff, 0x1e, 0x19, 0xff, 0xda, 0x02, 0xe2, 0x98,
	0x08, 0x8f, 0x6a, 0x01, 0xff, 0x1e, 0x19, 0xff, 0x70, 0x01, 0xd7, 0x8e, 0x08, 0x8f, 0x70, 0x01,
	0xff, 0x1e, 0x19, 0xff, 0x70, 0x01, 0xd7, 0x94, 0x08, 0x8d, 0x70, 0x01, 0xff, 0x1e, 0x19, 0xff,
	0x1e, 0x19, 0xff, 0x1e, 0x19, 0xff, 0x01, 0x00, 0xfb, 0x01, 0x00, 0x93, 0x1e, 0x19, 0xff, 0x1e,
	0x19, 0xfd, 0xd2, 0x0a, 0x8d, 0xae, 0x03, 0xff, 0x1e, 0x19, 0xff, 0x6a, 0x01, 0xd3, 0xd2, 0x0a,
	0x8f, 0x6a, 0x01, 0xff, 0x1e, 0x19, 0xff, 0x70, 0x01, 0xd7, 0xd2, 0x0a, 0x00, 0x51, 0xff, 0x1e,
	0x19, 0xff, 0xda, 0x02, 0xe2, 0xd2, 0x0a, 0x8f, 0x6a, 0x01, 0xff, 0x1e, 0x19, 0xff, 0x70, 0x01,
	0xd7, 0xd2, 0x0a, 0x8f, 0x70, 0x01, 0xff, 0x1e, 0x19, 0xff, 0x6a, 0x01, 0xd1, 0xcc, 0x0a, 0x8f,
	0x6a, 0x01, 0xff, 0x1e, 0x19, 0xff, 0x70, 0x01, 0xd7, 0x8e, 0x08, 0x8f, 0x70, 0x01, 0xff, 0x1e,
	0x19, 0xff, 0x6a, 0x01, 0xd1, 0x8e, 0x08, 0x8f, 0x6a, 0x01, 0xff, 0x1e, 0x19, 0xff, 0x7a, 0x01,
	0xe1, 0x98, 0x08, 0x00, 0x59, 0xff, 0x1e, 0x19, 0xff, 0xe4, 0x02, 0xe2, 0x98, 0x08, 0x8f, 0x6a,
	0x01, 0xff, 0x1e, 0x19, 0xff, 0x70, 0x01, 0xd7, 0x98, 0x08, 0x8f, 0x70, 0x01, 0xff, 0x1e, 0x19,
	0xff, 0x6a, 0x01, 0xd1, 0x98, 0x08, 0x8f, 0x6a, 0x01, 0xff, 0x1e, 0x19, 0xff, 0x70, 0x01, 0xd7,
	0x98, 0x08, 0x8f, 0x70, 0x01, 0xff, 0x1e, 0x19, 0xff, 0x6a, 0x01, 0xd1, 0x98, 0x08, 0x8f, 0x6a,
	0x01, 0xff, 0x1e, 0x19, 0xff, 0x70, 0x01, 0xd1, 0x8e, 0x08, 0x84, 0x26, 0xfe, 0xff, 0x1e, 0x19,
	0xff, 0x1e, 0x19, 0xe2, 0x94, 0x08, 0x93, 0x70, 0x01, 0xff, 0x1e, 0x19, 0xff, 0x1e, 0x19, 0xff,
	0x1e, 0x19, 0xff, 0x01, 0x00, 0xfb, 0x01, 0x00, 0x93, 0x1e, 0x19, 0xff, 0x1e, 0x19, 0xf7, 0xd2,
	0x0a, 0x93, 0xae, 0x03, 0xff, 0x1e, 0x19, 0xff, 0x6a, 0x01, 0xcd, 0xd2, 0x0a, 0x95, 0x6a, 0x01,
	0xff, 0x1e, 0x19, 0xff, 0x70, 0x01, 0xd1, 0xd2, 0x0a, 0x95, 0x70, 0x01, 0xff, 0x1e, 0x19, 0xff,
	0x6a, 0x01, 0xcb, 0xd2, 0x0a, 0x95, 0x6a, 0x01, 0xff, 0x1e, 0x19, 0xff, 0x70, 0x01, 0xd7, 0xd2,
	0x0a, 0x00, 0x4a, 0xff, 0x1e, 0x19, 0xff, 0xda, 0x02, 0xe2, 0xcc, 0x0a, 0x8f, 0x6a, 0x01, 0xff,
	0x1e, 0x19, 0xff, 0x70, 0x01, 0xd7, 0x8e, 0x08, 0x8f, 0x70, 0x01, 0xff, 0x1e, 0x19, 0xff, 0x6a,
	0x01, 0xd1, 0x8e, 0x08, 0x8f, 0x6a, 0x01, 0xff, 0x1e, 0x19, 0xff, 0x7a, 0x01, 0xe1, 0x98, 0x08,
	0x8d, 0x7a, 0x01, 0xff, 0x1e, 0x19, 0xff, 0x6a, 0x01, 0xd3, 0x98, 0x08, 0x8f, 0x6a, 0x01, 0xff,
	0x1e, 0x19, 0xff, 0x70, 0x01, 0xd7, 0x98, 0x08, 0x00, 0x52, 0xff, 0x1e, 0x19, 0xff, 0xda, 0x02,
	0xe2, 0x98, 0x08, 0x8f, 0x6a, 0x01, 0xff, 0x1e, 0x19, 0xff, 0x70, 0x01, 0xd7, 0x98, 0x08, 0x8f,
	0x70, 0x01, 0xff, 0x1e, 0x19, 0xff, 0x6a, 0x01, 0xd1, 0x98, 0x08, 0x8f, 0x6a, 0x01, 0xff, 0x1e,
	0x19, 0xff, 0x70, 0x01, 0xd7, 0x8e, 0x08, 0x8f, 0x70, 0x01, 0xff, 0x1e, 0x19, 0xff, 0x70, 0x01,
	0xd7, 0x94, 0x08, 0x8d, 0x70, 0x01, 0xff, 0x1e, 0x19, 0xff, 0x1e, 0x19, 0xff, 0x1e, 0x19, 0xff,
	0x01, 0x00, 0xfb, 0x01, 0x00, 0x93, 0x1e, 0x19, 0xff, 0x1e, 0x19, 0xfd, 0xd2, 0x0a, 0x00, 0x5a,
	0xff, 0x1e, 0x19, 0xff, 0x18, 0x05, 0xe2, 0xd2, 0x0a, 0x8f, 0x6a, 0x01, 0xff, 0x1e, 0x19, 0xff,
	0x70, 0x01, 0xd7, 0xd2, 0x0a, 0x8f, 0x70, 0x01, 0xff, 0x1e, 0x19, 0xff, 0x6a, 0x01, 0xd1, 0xd2,
	0x0a, 0x8f, 0x6a, 0x01, 0xff, 0x1e, 0x19, 0xff, 0x70, 0x01, 0xd7, 0xd2, 0x0a, 0x8f, 0x70, 0x01,
	0xff, 0x1e, 0x19, 0xff, 0x6a, 0x01, 0xd1, 0xcc, 0x0a, 0x8f, 0x6a, 0x01, 0xff, 0x1e, 0x19, 0xff,
	0x70, 0x01, 0xd1, 0x8e, 0x08, 0x84, 0x26, 0xfe, 0xff, 0x1e, 0x19, 0xff, 0xda, 0x02, 0xdc, 0x8e,
	0x08, 0x95, 0x6a, 0x01, 0xff, 0x1e, 0x19, 0xff, 0x7a, 0x01, 0xdb, 0x98, 0x08, 0x93, 0x7a, 0x01,
	0xff, 0x1e, 0x19, 0xff, 0x6a, 0x01, 0xcd, 0x98, 0x08, 0x95, 0x6a, 0x01, 0xff, 0x1e, 0x19, 0xff,
	0x70, 0x01, 0xd1, 0x98, 0x08, 0x95, 0x70, 0x01, 0xff, 0x1e, 0x19, 0xff, 0x6a, 0x01, 0xcb, 0x98,
	0x08, 0x95, 0x6a, 0x01, 0xff, 0x1e, 0x19, 0xff, 0x70, 0x01, 0xd7, 0x98, 0x08, 0x00, 0x4b, 0xff,
	0x1e, 0x19, 0xff, 0xda, 0x02, 0xe2, 0x98, 0x08, 0x8f, 0x6a, 0x01, 0xff, 0x1e, 0x19, 0xff, 0x70,
	0x01, 0xd7, 0x8e, 0x08, 0x8f, 0x70, 0x01, 0xff, 0x1e, 0x19, 0xff, 0x70, 0x01, 0xd7, 0x94, 0x08,
	0x8d, 0x70, 0x01, 0xff, 0x1e, 0x19, 0xff, 0x1e, 0x19, 0xff, 0x1e, 0x19, 0xff, 0x01, 0x00, 0xfb,
	0x01, 0x00, 0x93, 0x1e, 0x19, 0xff, 0x1e, 0x19, 0xfd, 0xd2, 0x0a, 0x8d, 0xae, 0x03, 0xff, 0x1e,
	0x19, 0xff, 0x6a, 0x01, 0xd3, 0xd2, 0x0a, 0x8f, 0x6a, 0x01, 0xff, 0x1e, 0x19, 0xff, 0x70, 0x01,
	0xd7, 0xd2, 0x0a, 0x00, 0x53, 0xff, 0x1e, 0x19, 0xff, 0xda, 0x02, 0xe2, 0xd2, 0x0a, 0x8f, 0x6a,
	0x01, 0xff, 0x1e, 0x19, 0xff, 0x70, 0x01, 0xd7, 0xd2, 0x0a, 0x8f, 0x70, 0x01, 0xff, 0x1e, 0x19,
	0xff, 0x6a, 0x01, 0xd1, 0xcc, 0x0a, 0x8f, 0x6a, 0x01, 0xff, 0x1e, 0x19, 0xff, 0x70, 0x01, 0xd7,
	0x8e, 0x08, 0x8f, 0x70, 0x01, 0xff, 0x1e, 0x19, 0xff, 0x6a, 0x01, 0xd1, 0x8e, 0x08, 0x8f, 0x6a,
	0x01, 0xff, 0x1e, 0x19, 0xff, 0x7a, 0x01, 0xe1, 0x98, 0x08, 0x00, 0x5b, 0xff, 0x1e, 0x19, 0xff,
	0xe4, 0x02, 0xe2, 0x98, 0x08, 0x8f, 0x6a, 0x01, 0xff, 0x1e, 0x19, 0xff, 0x70, 0x01, 0xd7, 0x98,
	0x08, 0x8f, 0x70, 0x01, 0xff, 0x1e, 0x19, 0xff, 0x6a, 0x01, 0xd1, 0x98, 0x08, 0x8f, 0x6a, 0x01,
	0xff, 0x1e, 0x19, 0xff, 0x70, 0x01, 0xd7, 0x98, 0x08, 0x8f, 0x70, 0x01, 0xff, 0x1e, 0x19, 0xff,
	0x6a, 0x01, 0xd1, 0x98, 0x08, 0x8f, 0x6a, 0x01, 0xff, 0x1e, 0x19, 0xff, 0x70, 0x01, 0xd1, 0x8e,
	0x08, 0x84, 0x26, 0xfe, 0xff, 0x1e, 0x19, 0xff, 0x1e, 0x19, 0xe2, 0x94, 0x08, 0x93, 0x70, 0x01,
	0xff, 0x1e, 0x19, 0xff, 0x1e, 0x19, 0xff, 0x1e, 0x19, 0xff, 0x01, 0x00, 0xfb, 0x01, 0x00, 0x93,
	0x1e, 0x19, 0xff, 0x1e, 0x19, 0xf7, 0xd2, 0x0a, 0x93, 0xae, 0x03, 0xff, 0x1e, 0x19, 0xff, 0x6a,
	0x01, 0xcd, 0xd2, 0x0a, 0x95, 0x6a, 0x01, 0xff, 0x1e, 0x19, 0xff, 0x70, 0x01, 0xd1, 0xd2, 0x0a,
	0x95, 0x70, 0x01, 0xff, 0x1e, 0x19, 0xff, 0x6a, 0x01, 0xcb, 0xd2, 0x0a, 0x95, 0x6a, 0x01, 0xff,
	0x1e, 0x19, 0xff, 0x70, 0x01, 0xd7, 0xd2, 0x0a, 0x00, 0x4c, 0xff, 0x1e, 0x19, 0xff, 0xda, 0x02,
	0xe2, 0xcc, 0x0a, 0x8f, 0x6a, 0x01, 0xff, 0x1e, 0x19, 0xff, 0x70, 0x01, 0xd7, 0x8e, 0x08, 0x8f,
	0x70, 0x01, 0xff, 0x1e, 0x19, 0xff, 0x6a, 0x01, 0xd1, 0x8e, 0x08, 0x8f, 0x6a, 0x01, 0xff, 0x1e,
	0x19, 0xff, 0x7a, 0x01, 0xe1, 0x98, 0x08, 0x8d, 0x7a, 0x01, 0xff, 0x1e, 0x19, 0xff, 0x6a, 0x01,
	0xd3, 0x98, 0x08, 0x8f, 0x6a, 0x01, 0xff, 0x1e, 0x19, 0xff, 0x70, 0x01, 0xd7, 0x98, 0x08, 0x00,
	0x54, 0xff, 0x1e, 0x19, 0xff, 0xda, 0x02, 0xe2, 0x98, 0x08, 0x8f, 0x6a, 0x01, 0xff, 0x1e, 0x19,
	0xff, 0x70, 0x01, 0xd7, 0x98, 0x08, 0x8f, 0x70, 0x01, 0xff, 0x1e, 0x19, 0xff, 0x6a, 0x01, 0xd1,
	0x98, 0x08, 0x8f, 0x6a, 0x01, 0xff, 0x1e, 0x19, 0xff, 0x70, 0x01, 0xd7, 0x8e, 0x08, 0x8f, 0x70,
	0x01, 0xff, 0x1e, 0x19, 0xff, 0x70, 0x01, 0xd7, 0x94, 0x08, 0x8d, 0x70, 0x01, 0xff, 0x1e, 0x19,
	0xff, 0x1e, 0x19, 0xff, 0x1e, 0x19, 0xff, 0x01, 0x00, 0xfb, 0x01, 0x00, 0x93, 0x1e, 0x19, 0xff,
	0x1e, 0x19, 0xfd, 0xd2, 0x0a, 0x00, 0x5c, 0xff, 0x1e, 0x19, 0xff, 0x18, 0x05, 0xe2, 0xd2, 0x0a,
	0x8f, 0x6a, 0x01, 0xff, 0x1e, 0x19, 0xff, 0x70, 0x01, 0xd7, 0xd2, 0x0a, 0x8f, 0x70, 0x01, 0xff,
	0x1e, 0x19, 0xff, 0x6a, 0x01, 0xd1, 0xd2, 0x0a, 0x8f, 0x6a, 0x01, 0xff, 0x1e, 0x19, 0xff, 0x70,
	0x01, 0xd7, 0xd2, 0x0a, 0x8f, 0x70, 0x01, 0xff, 0x1e, 0x19, 0xff, 0x6a, 0x01, 0xd1, 0xcc, 0x0a,
	0x8f, 0x6a, 0x01, 0xff, 0x1e, 0x19, 0xff, 0x70, 0x01, 0xd1, 0x8e, 0x08, 0x84, 0x26, 0xfe, 0xff,
	0x1e, 0x19, 0xff, 0xda, 0x02, 0xdc, 0x8e, 0x08, 0x95, 0x6a, 0x01, 0xff, 0x1e, 0x19, 0xff, 0x7a,
	0x01, 0xdb, 0x98, 0x08, 0x93, 0x7a, 0x01, 0xff, 0x1e, 0x19, 0xff, 0x6a, 0x01, 0xcd, 0x98, 0x08,
	0x95, 0x6a, 0x01, 0xff, 0x1e, 0x19, 0xff, 0x70, 0x01, 0xd1, 0x98, 0x08, 0x95, 0x70, 0x01, 0xff,
	0x1e, 0x19, 0xff, 0x6a, 0x01, 0xcb, 0x98, 0x08, 0x95, 0x6a, 0x01, 0xff, 0x1e, 0x19, 0xff, 0x70,
	0x01, 0xd7, 0x98, 0x08, 0x00, 0x4d, 0xff, 0x1e, 0x19, 0xff, 0xda, 0x02, 0xe2, 0x98, 0x08, 0x8f,
	0x6a, 0x01, 0xff, 0x1e, 0x19, 0xff, 0x70, 0x01, 0xd7, 0x8e, 0x08, 0x8f, 0x70, 0x01, 0xff, 0x1e,
	0x19, 0xff, 0x70, 0x01, 0xd7, 0x94, 0x08, 0x8d, 0x70, 0x01, 0xff, 0x1e, 0x19, 0xff, 0x1e, 0x19,
	0xff, 0x1e, 0x19, 0xff, 0x01, 0x00, 0xfb, 0x01, 0x00, 0x93, 0x1e, 0x19, 0xff, 0x1e, 0x19, 0xfd,
	0xd2, 0x0a, 0x8d, 0xae, 0x03, 0xff, 0x1e, 0x19, 0xff, 0x6a, 0x01, 0xd3, 0xd2, 0x0a, 0x8f, 0x6a,
	0x01, 0xff, 0x1e, 0x19, 0xff, 0x70, 0x01, 0xd7, 0xd2, 0x0a, 0x00, 0x55, 0xff, 0x1e, 0x19, 0xff,
	0xda, 0x02, 0xe2, 0xd2, 0x0a, 0x8f, 0x6a, 0x01, 0xff, 0x1e, 0x19, 0xff, 0x70, 0x01, 0xd7, 0xd2,
	0x0a, 0x8f, 0x70, 0x01, 0xff, 0x1e, 0x19, 0xff, 0x6a, 0x01, 0xd1, 0xcc, 0x0a, 0x8f, 0x6a, 0x01,
	0xff, 0x1e, 0x19, 0xff, 0x70, 0x01, 0xd7, 0x8e, 0x08, 0x8f, 0x70, 0x01, 0xff, 0x1e, 0x19, 0xff,
	0x6a, 0x01, 0xd1, 0x8e, 0x08, 0x8f, 0x6a, 0x01, 0xff, 0x1e, 0x19, 0xff, 0x7a, 0x01, 0xe1, 0x98,
	0x08, 0x00, 0x5d, 0xff, 0x1e, 0x19, 0xff, 0xe4, 0x02, 0xe2, 0x98, 0x08, 0x8f, 0x6a, 0x01, 0xff,
	0x1e, 0x19, 0xff, 0x70, 0x01, 0xd7, 0x98, 0x08, 0x8f, 0x70, 0x01, 0xff, 0x1e, 0x19, 0xff, 0x6a,
	0x01, 0xd1, 0x98, 0x08, 0x8f, 0x6a, 0x01, 0xff, 0x1e, 0x19, 0xff, 0x70, 0x01, 0xd7, 0x98, 0x08,
	0x8f, 0x70, 0x01, 0xff, 0x1e, 0x19, 0xff, 0x6a, 0x01, 0xd1, 0x98, 0x08, 0x8f, 0x6a, 0x01, 0xf3,
	0x1e, 0x19, 0xff, 0x4c, 0xfa, 0xd1, 0x70, 0x01, 0x81, 0x22, 0x07, 0x01, 0x40, 0x94, 0xff, 0x10,
	0x19, 0xff, 0x10, 0x19, 0xd7, 0x62, 0x01, 0x01, 0x00, 0x80, 0x8d, 0x62, 0x01, 0xfb, 0x02, 0x19,
	0x00, 0x52, 0xff, 0x02, 0x19, 0x82, 0x01, 0x00, 0xff, 0x02, 0x19, 0xff, 0x01, 0x00, 0xf9, 0x01,
	0x00, 0x93, 0x02, 0x19, 0x8f, 0x02, 0x19, 0xff, 0x4c, 0xfa, 0xd9, 0xa0, 0x03, 0x04, 0x01, 0x5e,
	0x01, 0x00, 0x41, 0x8c, 0xa0, 0x03, 0xff, 0xf4, 0x18, 0xff, 0x5c, 0x01, 0xc3, 0x5c, 0x01, 0x01,
	0x00, 0x80, 0x8f, 0x5c, 0x01, 0xff, 0x4c, 0xfa, 0xff, 0x62, 0x01, 0xc5, 0x62, 0x01, 0x04, 0x02,
	0x5e, 0x01, 0x00, 0x42, 0x8e, 0x62, 0x01, 0xff, 0xd8, 0x18, 0xff, 0x5c, 0x01, 0xc1, 0x5c, 0x01,
	0x01, 0x00, 0x80, 0x8f, 0x5c, 0x01, 0xff, 0x4c, 0xfa, 0xff, 0x62, 0x01, 0xc5, 0x62, 0x01, 0x04,
	0x03, 0x5e, 0x01, 0x00, 0x43, 0x8e, 0x62, 0x01, 0xff, 0xbc, 0x18, 0xff, 0x5c, 0x01, 0xc1, 0x5c,
	0x01, 0x01, 0x00, 0x80, 0x8f, 0x5c, 0x01, 0xff, 0x4c, 0xfa, 0xff, 0x62, 0x01, 0xc5, 0x62, 0x01,
	0x04, 0x04, 0x5e, 0x01, 0x00, 0x44, 0x8e, 0x62, 0x01, 0xff, 0xa0, 0x18, 0xff, 0x5c, 0x01, 0xc1,
	0x5c, 0x01, 0x01, 0x00, 0x80, 0x8f, 0x5c, 0x01, 0xff, 0x4c, 0xfa, 0xff, 0x6c, 0x01, 0xcf, 0x6c,
	0x01, 0x04, 0x05, 0x5e, 0x01, 0x00, 0x45, 0x8e, 0x04, 0x10, 0xff, 0x84, 0x18, 0xff, 0x5c, 0x01,
	0xc1, 0x5c, 0x01, 0x01, 0x00, 0x80, 0x8f, 0x5c, 0x01, 0xff, 0x4c, 0xfa, 0xff, 0x62, 0x01, 0xc5,
	0x62, 0x01, 0x04, 0x06, 0x5e, 0x01, 0x00, 0x46, 0x8e, 0x62, 0x01, 0xff, 0x68, 0x18, 0xff, 0x5c,
	0x01, 0xc1, 0x5c, 0x01, 0x01, 0x00, 0x80, 0x8f, 0x5c, 0x01, 0xff, 0x4c, 0xfa, 0xff, 0x62, 0x01,
	0xc5, 0x62, 0x01, 0x04, 0x07, 0x5e, 0x01, 0x00, 0x47, 0x8e, 0x62, 0x01, 0xff, 0x4c, 0x18, 0xff,
	0x5c, 0x01, 0xc1, 0x5c, 0x01, 0x01, 0x00, 0x80, 0x8f, 0x5c, 0x01, 0xf3, 0x4c, 0xfa, 0xff, 0x3e,
	0x18, 0xd1, 0x62, 0x01, 0x04, 0x08, 0x5e, 0x01, 0x00, 0x48, 0xff, 0x3e, 0x18, 0xff, 0x3e, 0x18,
	0xd8, 0x62, 0x01, 0x01, 0x00, 0x80, 0x8d, 0x62, 0x01, 0xfb, 0x3e, 0x18, 0x00, 0xf0, 0xff, 0x30,
	0xfa, 0x82, 0x01, 0x00, 0xff, 0x3e, 0x18, 0xff, 0x01, 0x00, 0xf9, 0x01, 0x00, 0x93, 0x3e, 0x18,
	0xff, 0x3e, 0x18, 0xeb, 0xa0, 0x03, 0x04, 0x09, 0x5e, 0x01, 0x00, 0x49, 0xff, 0x3e, 0x18, 0xff,
	0xfc, 0x04, 0xd2, 0x5c, 0x01, 0x01, 0x00, 0x80, 0x8f, 0x5c, 0x01, 0xff, 0x3e, 0x18, 0xff, 0x62,
	0x01, 0xc5, 0x62, 0x01, 0x81, 0x9a, 0x03, 0x00, 0x5a, 0xff, 0x3e, 0x18, 0xff, 0xbe, 0x02, 0xd2,
	0x5c, 0x01, 0x01, 0x00, 0x80, 0x8f, 0x5c, 0x01, 0xff, 0x3e, 0x18, 0xff, 0x62, 0x01, 0xc5, 0x62,
	0x01, 0x04, 0x1b, 0x5e, 0x01, 0x00, 0x5b, 0xff, 0x3e, 0x18, 0xff, 0xbe, 0x02, 0xd2, 0x5c, 0x01,
	0x01, 0x00, 0x80, 0x8f, 0x5c, 0x01, 0xff, 0x3e, 0x18, 0xff, 0x62, 0x01, 0xc5, 0x62, 0x01, 0x04,
	0x1c, 0x5e, 0x01, 0x00, 0x5c, 0xff, 0x3e, 0x18, 0xff, 0xbe, 0x02, 0xd2, 0x5c, 0x01, 0x01, 0x00,
	0x80, 0x8f, 0x5c, 0x01, 0xff, 0x3e, 0x18, 0xff, 0x6c, 0x01, 0xcf, 0x6c, 0x01, 0x04, 0x1d, 0x5e,
	0x01, 0x00, 0x5d, 0xff, 0x3e, 0x18, 0xff, 0xc8, 0x02, 0xd2, 0x5c, 0x01, 0x01, 0x00, 0x80, 0x8f,
	0x5c, 0x01, 0xff, 0x3e, 0x18, 0xff, 0x62, 0x01, 0xc5, 0x62, 0x01, 0x04, 0x1e, 0x5e, 0x01, 0x00,
	0x5e, 0xff, 0x3e, 0x18, 0xff, 0xbe, 0x02, 0xd2, 0x5c, 0x01, 0x01, 0x00, 0x80, 0x8f, 0x5c, 0x01,
	0xff, 0x3e, 0x18, 0xff, 0x62, 0x01, 0xc5, 0x62, 0x01, 0x04, 0x1f, 0x5e, 0x01, 0x00, 0x5f, 0xff,
	0x3e, 0x18, 0xff, 0xbe, 0x02, 0xd2, 0x5c, 0x01, 0x01, 0x00, 0x80, 0x8f, 0x5c, 0x01, 0xff, 0x3e,
	0x18, 0xff, 0x62, 0x01, 0xc5, 0x62, 0x01, 0x04, 0x20, 0x5e, 0x00, 0x00, 0x60, 0xff, 0x3e, 0x18,
	0xff, 0x3e, 0x18, 0xd8, 0x62, 0x01, 0x00, 0x01, 0x8e, 0x62, 0x01, 0xff, 0x3e, 0x18, 0xff, 0x3e,
	0x18, 0xff, 0x3e, 0x18, 0xff, 0x01, 0x00, 0xfb, 0x01, 0x00, 0x93, 0x3e, 0x18, 0xff, 0x3e, 0x18,
	0xed, 0xa0, 0x03, 0x01, 0xff, 0x7f, 0x8d, 0xa0, 0x03, 0xff, 0x3e, 0x18, 0xff, 0x5c, 0x01, 0xc4,
	0x5e, 0x06, 0x00, 0x80, 0x8f, 0x5c, 0x01, 0xff, 0x3e, 0x18, 0xff, 0x62, 0x01, 0xc8, 0xbe, 0x02,
	0x00, 0xff, 0x8f, 0x62, 0x01, 0xff, 0x3e, 0x18, 0xff, 0x5c, 0x01, 0xc1, 0x5c, 0x01, 0x01, 0x55,
	0x55, 0x8f, 0x5c, 0x01, 0xff, 0x3e, 0x18, 0xff, 0x62, 0x01, 0xc6, 0x62, 0x01, 0x03, 0x5f, 0x00,
	0x00, 0x61, 0xff, 0x3e, 0x18, 0xff, 0xbe, 0x02, 0xd2, 0x5c, 0x01, 0x00, 0x01, 0x90, 0x5c, 0x01,
	0xff, 0x3e, 0x18, 0xff, 0x62, 0x01, 0xc7, 0x62, 0x01, 0x01, 0xff, 0x7f, 0x8f, 0x62, 0x01, 0xff,
	0x3e, 0x18, 0xff, 0x5c, 0x01, 0xc2, 0x1a, 0x04, 0x00, 0x80, 0x8f, 0x5c, 0x01, 0xff, 0x3e, 0x18,
	0xff, 0x6c, 0x01, 0xd2, 0xc8, 0x02, 0x00, 0xff, 0x8d, 0x6c, 0x01, 0xff, 0x3e, 0x18, 0xff, 0x5c,
	0x01, 0xc3, 0x5c, 0x01, 0x01, 0x55, 0x55, 0x8f, 0x5c, 0x01, 0xff, 0x3e, 0x18, 0xff, 0x62, 0x01,
	0xc9, 0x3e, 0x43, 0x01, 0xc0, 0x5e, 0xff, 0x3e, 0x18, 0xff, 0x5c, 0x01, 0xd2, 0x5c, 0x01, 0x00,
	0x80, 0x8f, 0x5c, 0x01, 0xff, 0x3e, 0x18, 0xff, 0x62, 0x01, 0xc9, 0xbe, 0x02, 0x00, 0xe0, 0x8e,
	0x62, 0x01, 0xff, 0x3e, 0x18, 0xff, 0x5c, 0x01, 0xc3, 0xbe, 0x02, 0x8f, 0x5c, 0x01, 0xff, 0x3e,
	0x18, 0xff, 0x62, 0x01, 0xc9, 0xb8, 0x43, 0x00, 0xc1, 0x8e, 0x62, 0x01, 0xff, 0x3e, 0x18, 0xff,
	0x62, 0x01, 0xc8, 0x62, 0x01, 0x00, 0x80, 0x8d, 0x62, 0x01, 0xff, 0x3e, 0x18, 0xff, 0x3e, 0x18,
	0xff, 0x3e, 0x18, 0xff, 0x01, 0x00, 0xfb, 0x01, 0x00, 0x93, 0x3e, 0x18, 0xff, 0x3e, 0x18, 0xef,
	0x02, 0x05, 0x00, 0xe1, 0x8c, 0xa0, 0x03, 0xff, 0x3e, 0x18, 0xff, 0x5c, 0x01, 0xc5, 0xfc, 0x04,
	0x8f, 0x5c, 0x01, 0xff, 0x3e, 0x18, 0xff, 0x62, 0x01, 0xc9, 0xba, 0x48, 0x00, 0xc2, 0x8e, 0x62,
	0x01, 0xff, 0x3e, 0x18, 0xff, 0x5c, 0x01, 0xc2, 0x5c, 0x01, 0x00, 0x80, 0x8f, 0x5c, 0x01, 0xff,
	0x3e, 0x18, 0xff, 0x62, 0x01, 0xc9, 0xbe, 0x02, 0x00, 0xe2, 0x8e, 0x62, 0x01, 0xff, 0x3e, 0x18,
	0xff, 0x5c, 0x01, 0xc3, 0xbe, 0x02, 0x8f, 0x5c, 0x01, 0xff, 0x3e, 0x18, 0xff, 0x62, 0x01, 0xc9,
	0x78, 0x4b, 0x00, 0xc3, 0x8e, 0x62, 0x01, 0xff, 0x3e, 0x18, 0xff, 0x5c, 0x01, 0xc2, 0x5c, 0x01,
	0x00, 0x80, 0x8f, 0x5c, 0x01, 0xff, 0x3e, 0x18, 0xff, 0x6c, 0x01, 0xd3, 0xc8, 0x02, 0x00, 0xe3,
	0x8e, 0x04, 0x10, 0xff, 0x3e, 0x18, 0xff, 0x5c, 0x01, 0xc3, 0xc8, 0x02, 0x8f, 0x5c, 0x01, 0xff,
	0x3e, 0x18, 0xff, 0x62, 0x01, 0xc9, 0x40, 0x4e, 0x00, 0xc4, 0xff, 0x3e, 0x18, 0xff, 0xbe, 0x02,
	0xd3, 0x5c, 0x01, 0x00, 0x80, 0x8f, 0x5c, 0x01, 0xff, 0x3e, 0x18, 0xff, 0x62, 0x01, 0xc9, 0xbe,
	0x02, 0x00, 0xe4, 0xff, 0x3e, 0x18, 0xff, 0xbe, 0x02, 0xd4, 0xbe, 0x02, 0x8f, 0x5c, 0x01, 0xff,
	0x3e, 0x18, 0xff, 0x62, 0x01, 0xc9, 0xf4, 0x50, 0x00, 0xc5, 0xff, 0x3e, 0x18, 0xff, 0x3e, 0x18,
	0xd9, 0x62, 0x01, 0x00, 0x80, 0x8d, 0x62, 0x01, 0xff, 0x3e, 0x18, 0xff, 0x3e, 0x18, 0xff, 0x3e,
	0x18, 0xff, 0x01, 0x00, 0xfb, 0x01, 0x00, 0x93, 0x3e, 0x18, 0xff, 0x3e, 0x18, 0xef, 0x02, 0x05,
	0x00, 0xe5, 0xff, 0x3e, 0x18, 0xff, 0xfc, 0x04, 0xd4, 0xfc, 0x04, 0x8f, 0x5c, 0x01, 0xff, 0x3e,
	0x18, 0xff, 0x62, 0x01, 0xc9, 0xf6, 0x55, 0x00, 0xc6, 0xff, 0x3e, 0x18, 0xff, 0xbe, 0x02, 0xd3,
	0x5c, 0x01, 0x00, 0x80, 0x8f, 0x5c, 0x01, 0xff, 0x3e, 0x18, 0xff, 0x62, 0x01, 0xc9, 0xbe, 0x02,
	0x00, 0xe6, 0xff, 0x3e, 0x18, 0xff, 0xbe, 0x02, 0xd4, 0xbe, 0x02, 0x8f, 0x5c, 0x01, 0xff, 0x3e,
	0x18, 0xff, 0x62, 0x01, 0xc9, 0xb4, 0x58, 0x00, 0xc7, 0xff, 0x3e, 0x18, 0xff, 0xbe, 0x02, 0xd3,
	0x5c, 0x01, 0x00, 0x80, 0x8f, 0x5c, 0x01, 0xff, 0x3e, 0x18, 0xff, 0x6c, 0x01, 0xd3, 0xc8, 0x02,
	0x00, 0xe7, 0xff, 0x3e, 0x18, 0xff, 0xc8, 0x02, 0xd4, 0xc8, 0x02, 0x8f, 0x5c, 0x01, 0xff, 0x3e,
	0x18, 0xff, 0x62, 0x01, 0xc9, 0x7c, 0x5b, 0x00, 0xc8, 0xff, 0x3e, 0x18, 0xff, 0xbe, 0x02, 0xd3,
	0x5c, 0x01, 0x00, 0x80, 0x8f, 0x5c, 0x01, 0xff, 0x3e, 0x18, 0xff, 0x62, 0x01, 0xc9, 0xbe, 0x02,
	0x00, 0xe8, 0xff, 0x3e, 0x18, 0xff, 0xbe, 0x02, 0xd4, 0xbe, 0x02, 0x8f, 0x5c, 0x01, 0xff, 0x3e,
	0x18, 0xff, 0x62, 0x01, 0xc9, 0xf6, 0x5b, 0x00, 0xc9, 0xff, 0x3e, 0x18, 0xff, 0x3e, 0x18, 0xd9,
	0x62, 0x01, 0x00, 0x80, 0x8d, 0x62, 0x01, 0xff, 0x3e, 0x18, 0xff, 0x3e, 0x18, 0xff, 0x3e, 0x18,
	0xff, 0x01, 0x00, 0xfb, 0x01, 0x00, 0x93, 0x3e, 0x18, 0xff, 0x3e, 0x18, 0xef, 0x02, 0x05, 0x00,
	0xe9, 0xff, 0x3e, 0x18, 0xff, 0xfc, 0x04, 0xd4, 0xfc, 0x04, 0x8f, 0x5c, 0x01, 0xff, 0x3e, 0x18,
	0xff, 0x62, 0x01, 0xc9, 0xf8, 0x60, 0x00, 0xda, 0xff, 0x3e, 0x18, 0xff, 0xbe, 0x02, 0xd3, 0x5c,
	0x01, 0x00, 0x80, 0x8f, 0x5c, 0x01, 0xff, 0x3e, 0x18, 0xff, 0x62, 0x01, 0xc9, 0xbe, 0x02, 0x00,
	0xfa, 0xff, 0x3e, 0x18, 0xff, 0xbe, 0x02, 0xd4, 0xbe, 0x02, 0x8f, 0x5c, 0x01, 0xff, 0x3e, 0x18,
	0xff, 0x62, 0x01, 0xc5, 0x62, 0x01, 0x81, 0xb6, 0x63, 0x00, 0xdb, 0xff, 0x3e, 0x18, 0xff, 0xbe,
	0x02, 0xd3, 0x5c, 0x01, 0x00, 0x80, 0x8f, 0x5c, 0x01, 0xff, 0x3e, 0x18, 0xff, 0x6c, 0x01, 0xd3,
	0xc8, 0x02, 0x00, 0xfb, 0xff, 0x3e, 0x18, 0xff, 0xc8, 0x02, 0xd4, 0xc8, 0x02, 0x8f, 0x5c, 0x01,
	0xff, 0x3e, 0x18, 0xff, 0x62, 0x01, 0xc5, 0x62, 0x01, 0x81, 0x7e, 0x66, 0x00, 0xdc, 0xff, 0x3e,
	0x18, 0xff, 0xbe, 0x02, 0xd3, 0x5c, 0x01, 0x00, 0x80, 0x8f, 0x5c, 0x01, 0xff, 0x3e, 0x18, 0xff,
	0x62, 0x01, 0xc9, 0xbe, 0x02, 0x00, 0xfc, 0xff, 0x3e, 0x18, 0xff, 0xbe, 0x02, 0xd4, 0xbe, 0x02,
	0x8f, 0x5c, 0x01, 0xff, 0x3e, 0x18, 0xff, 0x62, 0x01, 0xc5, 0x62, 0x01, 0x81, 0x32, 0x69, 0x00,
	0xdd, 0xff, 0x3e, 0x18, 0xff, 0x3e, 0x18, 0xd9, 0x62, 0x01, 0x00, 0x80, 0x8d, 0x62, 0x01, 0xff,
	0x3e, 0x18, 0xff, 0x3e, 0x18, 0xff, 0x3e, 0x18, 0xff, 0x01, 0x00, 0xfb, 0x01, 0x00, 0x93, 0x3e,
	0x18, 0xff, 0x3e, 0x18, 0xef, 0x02, 0x05, 0x00, 0xfd, 0xff, 0x3e, 0x18, 0xff, 0xfc, 0x04, 0xd4,
	0xfc, 0x04, 0x8f, 0x5c, 0x01, 0xff, 0x3e, 0x18, 0xff, 0x62, 0x01, 0xc5, 0x62, 0x01, 0x81, 0x34,
	0x6e, 0x00, 0xde, 0xff, 0x3e, 0x18, 0xff, 0xbe, 0x02, 0xd3, 0x5c, 0x01, 0x00, 0x80, 0x8f, 0x5c,
	0x01, 0xff, 0x3e, 0x18, 0xff, 0x62, 0x01, 0xc9, 0xbe, 0x02, 0x00, 0xfe, 0xff, 0x3e, 0x18, 0xff,
	0xbe, 0x02, 0xd4, 0xbe, 0x02, 0x8f, 0x5c, 0x01, 0xff, 0x3e, 0x18, 0xff, 0x62, 0x01, 0xc5, 0x62,
	0x01, 0x81, 0xf2, 0x70, 0x00, 0xdf, 0xff, 0x3e, 0x18, 0xff, 0xbe, 0x02, 0xd3, 0x5c, 0x01, 0x00,
	0x80, 0x8f, 0x5c, 0x01, 0xff, 0x3e, 0x18, 0xff, 0x6c, 0x01, 0xd3, 0xc8, 0x02, 0x00, 0xff, 0xff,
	0x3e, 0x18, 0xff, 0xc8, 0x02, 0xd4, 0xc8, 0x02, 0x8f, 0x5c, 0x01, 0xf3, 0x3e, 0x18, 0xff, 0x10,
	0xa7, 0xd1, 0x62, 0x01, 0x89, 0x5a, 0xab, 0x00, 0x00, 0x82, 0xa6, 0xa5, 0x01, 0xc0, 0x98, 0xff,
	0x4c, 0x18, 0xff, 0x6a, 0x01, 0xd4, 0x6a, 0x01, 0x84, 0xea, 0xa9, 0x95, 0x6a, 0x01, 0xf1, 0x5a,
	0x18, 0x00, 0x3f, 0xff, 0xea, 0xa9, 0xd6, 0x70, 0x01, 0x85, 0xea, 0xa9, 0x95, 0x70, 0x01, 0xff,
	0x68, 0x18, 0xff, 0x6a, 0x01, 0xd1, 0x44, 0x04, 0x00, 0xc8, 0x8e, 0x6a, 0x01, 0xf1, 0x76, 0x18,
	0x00, 0xa9, 0xff, 0x08, 0xc3, 0xe4, 0x4a, 0x04, 0x8f, 0x70, 0x01, 0xff, 0x84, 0x18, 0xff, 0x70,
	0x01, 0xd7, 0x4a, 0x04, 0x8d, 0x70, 0x01, 0xfb, 0x92, 0x18, 0x00, 0x1a, 0xff, 0x06, 0xaa, 0x82,
	0x01, 0x00, 0xff, 0x92, 0x18, 0xff, 0x01, 0x00, 0xf9, 0x01, 0x00, 0x93, 0x92, 0x18, 0xff, 0x08,
	0xc3, 0xfd, 0x8e, 0x06, 0x00, 0xd0, 0x8c, 0xae, 0x03, 0xff, 0xa0, 0x18, 0xff, 0x6a, 0x01, 0xd3,
	0x88, 0x06, 0x8f, 0x6a, 0x01, 0xff, 0x08, 0xc3, 0xff, 0x70, 0x01, 0xd7, 0x88, 0x06, 0x8f, 0x70,
	0x01, 0xff, 0xbc, 0x18, 0xff, 0x6a, 0x01, 0xd1, 0x44, 0x04, 0x00, 0xd8, 0x8e, 0x6a, 0x01, 0xff,
	0x08, 0xc3, 0xff, 0x70, 0x01, 0xd7, 0x4a, 0x04, 0x8f, 0x70, 0x01, 0xff, 0xd8, 0x18, 0xff, 0x6a,
	0x01, 0xd1, 0x44, 0x04, 0x8f, 0x6a, 0x01, 0xff, 0x08, 0xc3, 0xff, 0x70, 0x01, 0xd1, 0x4a, 0x04,
	0x00, 0x01, 0x82, 0x70, 0x01, 0x00, 0xc1, 0x8e, 0x70, 0x01, 0xff, 0xf4, 0x18, 0xff, 0x6a, 0x01,
	0xcb, 0x44, 0x04, 0x95, 0x6a, 0x01, 0xff, 0x08, 0xc3, 0xff, 0x7a, 0x01, 0xdb, 0x54, 0x04, 0x93,
	0x7a, 0x01, 0xff, 0x10, 0x19, 0xff, 0x6a, 0x01, 0xd3, 0x4e, 0x04, 0x00, 0xc9, 0x8e, 0x6a, 0x01,
	0xff, 0x08, 0xc3, 0xff, 0x70, 0x01, 0xd7, 0x54, 0x04, 0x8f, 0x70, 0x01, 0xff, 0x1e, 0x19, 0xff,
	0x6a, 0x01, 0xd1, 0x44, 0x04, 0x8f, 0x6a, 0x01, 0xff, 0x08, 0xc3, 0xff, 0x70, 0x01, 0xd7, 0x4a,
	0x04, 0x00, 0xd1, 0xff, 0x1e, 0x19, 0xff, 0xda, 0x02, 0xe2, 0x44, 0x04, 0x8f, 0x6a, 0x01, 0xff,
	0x26, 0xdc, 0xff, 0x70, 0x01, 0xd7, 0x4a, 0x04, 0x8f, 0x70, 0x01, 0xff, 0x1e, 0x19, 0xff, 0x70,
	0x01, 0xd7, 0x4a, 0x04, 0x00, 0xd9, 0xff, 0x1e, 0x19, 0x88, 0x1e, 0x19, 0xff, 0x26, 0xdc, 0x83,
	0x01, 0x00, 0xff, 0x1e, 0x19, 0xff, 0x01, 0x00, 0xf9, 0x01, 0x00, 0x93, 0x1e, 0x19, 0xff, 0x1e,
	0x19, 0xfd, 0x8e, 0x06, 0x8d, 0xae, 0x03, 0xff, 0x1e, 0x19, 0xff, 0x6a, 0x01, 0xd3, 0x88, 0x06,
	0x8f, 0x6a, 0x01, 0xff, 0x1e, 0x19, 0xff, 0x70, 0x01, 0xd1, 0x88, 0x06, 0x00, 0x02, 0x82, 0x70,
	0x01, 0x00, 0xc2, 0xff, 0x1e, 0x19, 0xff, 0xda, 0x02, 0xdc, 0x44, 0x04, 0x95, 0x6a, 0x01, 0xff,
	0x1e, 0x19, 0xff, 0x70, 0x01, 0xd1, 0x4a, 0x04, 0x95, 0x70, 0x01, 0xff, 0x1e, 0x19, 0xff, 0x6a,
	0x01, 0xd1, 0x44, 0x04, 0x00, 0xca, 0xff, 0x1e, 0x19, 0xff, 0x1e, 0x19, 0xe8, 0x4a, 0x04, 0x8f,
	0x70, 0x01, 0xff, 0x1e, 0x19, 0xff, 0x6a, 0x01, 0xd1, 0x44, 0x04, 0x8f, 0x6a, 0x01, 0xff, 0x1e,
	0x19, 0xff, 0x7a, 0x01, 0xe1, 0x54, 0x04, 0x00, 0xd2, 0xff, 0x1e, 0x19, 0xff, 0xe4, 0x02, 0xe2,
	0x4e, 0x04, 0x8f, 0x6a, 0x01, 0xff, 0x1e, 0x19, 0xff, 0x70, 0x01, 0xd7, 0x54, 0x04, 0x8f, 0x70,
	0x01, 0xff, 0x1e, 0x19, 0xff, 0x6a, 0x01, 0xd1, 0x44, 0x04, 0x00, 0xda, 0xff, 0x1e, 0x19, 0xff,
	0x1e, 0x19, 0xe8, 0x4a, 0x04, 0x8f, 0x70, 0x01, 0xff, 0x1e, 0x19, 0xff, 0x6a, 0x01, 0xd1, 0x44,
	0x04, 0x8f, 0x6a, 0x01, 0xff, 0x1e, 0x19, 0xff, 0x70, 0x01, 0xd1, 0x4a, 0x04, 0x00, 0x03, 0x82,
	0x70, 0x01, 0x00, 0xc3, 0xff, 0x1e, 0x19, 0xff, 0x1e, 0x19, 0xe2, 0x4a, 0x04, 0x93, 0x70, 0x01,
	0xff, 0x1e, 0x19, 0xff, 0x1e, 0x19, 0xff, 0x1e, 0x19, 0xff, 0x01, 0x00, 0xfb, 0x01, 0x00, 0x93,
	0x1e, 0x19, 0xff, 0x1e, 0x19, 0xf7, 0x8e, 0x06, 0x93, 0xae, 0x03, 0xff, 0x1e, 0x19, 0xff, 0x6a,
	0x01, 0xd3, 0x88, 0x06, 0x00, 0xcb, 0xff, 0x1e, 0x19, 0xff, 0x1e, 0x19, 0xe8, 0x88, 0x06, 0x8f,
	0x70, 0x01, 0xff, 0x1e, 0x19, 0xff, 0x6a, 0x01, 0xd1, 0x44, 0x04, 0x8f, 0x6a, 0x01, 0xff, 0x1e,
	0x19, 0xff, 0x70, 0x01, 0xd7, 0x4a, 0x04, 0x00, 0xd3, 0xff, 0x1e, 0x19, 0xff, 0xda, 0x02, 0xe2,
	0x44, 0x04, 0x8f, 0x6a, 0x01, 0xff, 0x1e, 0x19, 0xff, 0x70, 0x01, 0xd7, 0x4a, 0x04, 0x8f, 0x70,
	0x01, 0xff, 0x1e, 0x19, 0xff, 0x6a, 0x01, 0xd1, 0x44, 0x04, 0x00, 0xdb, 0xff, 0x1e, 0x19, 0xff,
	0x1e, 0x19, 0xf2, 0x54, 0x04, 0x8d, 0x7a, 0x01, 0xff, 0x1e, 0x19, 0xff, 0x6a, 0x01, 0xd3, 0x4e,
	0x04, 0x8f, 0x6a, 0x01, 0xff, 0x1e, 0x19, 0xff, 0x70, 0x01, 0xd1, 0x54, 0x04, 0x00, 0x04, 0x82,
	0x70, 0x01, 0x00, 0xc4, 0xff, 0x1e, 0x19, 0xff, 0xda, 0x02, 0xdc, 0x44, 0x04, 0x95, 0x6a, 0x01,
	0xff, 0x1e, 0x19, 0xff, 0x70, 0x01, 0xd1, 0x4a, 0x04, 0x95, 0x70, 0x01, 0xff, 0x1e, 0x19, 0xff,
	0x6a, 0x01, 0xd1, 0x44, 0x04, 0x00, 0xcc, 0xff, 0x1e, 0x19, 0xff, 0x1e, 0x19, 0xe8, 0x4a, 0x04,
	0x8f, 0x70, 0x01, 0xff, 0x1e, 0x19, 0xff, 0x70, 0x01, 0xd7, 0x4a, 0x04, 0x8d, 0x70, 0x01, 0xff,
	0x1e, 0x19, 0xff, 0x1e, 0x19, 0xff, 0x1e, 0x19, 0xff, 0x01, 0x00, 0xfb, 0x01, 0x00, 0x93, 0x1e,
	0x19, 0xff, 0x1e, 0x19, 0xfd, 0x8e, 0x06, 0x00, 0xd4, 0xff, 0x1e, 0x19, 0xff, 0x18, 0x05, 0xe2,
	0x88, 0x06, 0x8f, 0x6a, 0x01, 0xff, 0x1e, 0x19, 0xff, 0x70, 0x01, 0xd7, 0x88, 0x06, 0x8f, 0x70,
	0x01, 0xff, 0x1e, 0x19, 0xff, 0x6a, 0x01, 0xd1, 0x44, 0x04, 0x00, 0xdc, 0xff, 0x1e, 0x19, 0xff,
	0x1e, 0x19, 0xe8, 0x4a, 0x04, 0x8f, 0x70, 0x01, 0xff, 0x1e, 0x19, 0xff, 0x6a, 0x01, 0xd1, 0x44,
	0x04, 0x8f, 0x6a, 0x01, 0xff, 0x1e, 0x19, 0xff, 0x70, 0x01, 0xd1, 0x4a, 0x04, 0x00, 0x05, 0x82,
	0x70, 0x01, 0x00, 0xc5, 0xff, 0x1e, 0x19, 0xff, 0xda, 0x02, 0xdc, 0x44, 0x04, 0x95, 0x6a, 0x01,
	0xff, 0x1e, 0x19, 0xff, 0x7a, 0x01, 0xdb, 0x54, 0x04, 0x93, 0x7a, 0x01, 0xff, 0x1e, 0x19, 0xff,
	0x6a, 0x01, 0xd3, 0x4e, 0x04, 0x00, 0xcd, 0xff, 0x1e, 0x19, 0xff, 0x1e, 0x19, 0xe8, 0x54, 0x04,
	0x8f, 0x70, 0x01, 0xff, 0x1e, 0x19, 0xff, 0x6a, 0x01, 0xd1, 0x44, 0x04, 0x8f, 0x6a, 0x01, 0xff,
	0x1e, 0x19, 0xff, 0x70, 0x01, 0xd7, 0x4a, 0x04, 0x00, 0xd5, 0xff, 0x1e, 0x19, 0xff, 0xda, 0x02,
	0xe2, 0x44, 0x04, 0x8f, 0x6a, 0x01, 0xff, 0x1e, 0x19, 0xff, 0x70, 0x01, 0xd7, 0x4a, 0x04, 0x8f,
	0x70, 0x01, 0xff, 0x1e, 0x19, 0xff, 0x70, 0x01, 0xd7, 0x4a, 0x04, 0x00, 0xdd, 0xff, 0x1e, 0x19,
	0xff, 0x1e, 0x19, 0xff, 0x1e, 0x19, 0xff, 0x01, 0x00, 0xff, 0x01, 0x00, 0x88, 0x01, 0x00, 0x93,
	0x1e, 0x19, 0xff, 0x1e, 0x19, 0xfd, 0x8e, 0x06, 0x8d, 0xae, 0x03, 0xff, 0x1e, 0x19, 0xff, 0x6a,
	0x01, 0xd3, 0x88, 0x06, 0x8f, 0x6a, 0x01, 0xff, 0x1e, 0x19, 0xff, 0x70, 0x01, 0xd7, 0x0e, 0x63,
	0x01, 0xc0, 0x99, 0xff, 0x1e, 0x19, 0xff, 0x6a, 0x01, 0xe1, 0x08, 0x63, 0x8f, 0x6a, 0x01, 0xff,
	0x1e, 0x19, 0xff, 0x70, 0x01, 0xd7, 0x0e, 0x63, 0x8f, 0x70, 0x01, 0xff, 0x1e, 0x19, 0xff, 0x6a,
	0x01, 0xd1, 0x44, 0x04, 0x00, 0xc8, 0x8e, 0x6a, 0x01, 0xff, 0x1e, 0x19, 0xff, 0x70, 0x01, 0xd7,
	0x4a, 0x04, 0x8f, 0x70, 0x01, 0xff, 0x1e, 0x19, 0xff, 0x6a, 0x01, 0xd1, 0x44, 0x04, 0x8f, 0x6a,
	0x01, 0xff, 0x1e, 0x19, 0xff, 0x7a, 0x01, 0xe1, 0x54, 0x04, 0x00, 0xd0, 0x8c, 0x7a, 0x01, 0xff,
	0x1e, 0x19, 0xff, 0x6a, 0x01, 0xd3, 0x4e, 0x04, 0x8f, 0x6a, 0x01, 0xff, 0x1e, 0x19, 0xff, 0x70,
	0x01, 0xd7, 0x54, 0x04, 0x8f, 0x70, 0x01, 0xff, 0x1e, 0x19, 0xff, 0x6a, 0x01, 0xd1, 0x44, 0x04,
	0x00, 0xd8, 0x8e, 0x6a, 0x01, 0xff, 0x1e, 0x19, 0xff, 0x70, 0x01, 0xd7, 0x4a, 0x04, 0x8f, 0x70,
	0x01, 0xff, 0x1e, 0x19, 0xff, 0x6a, 0x01, 0xd1, 0x44, 0x04, 0x8f, 0x6a, 0x01, 0xff, 0x1e, 0x19,
	0xff, 0x70, 0x01, 0xd7, 0x08, 0x63, 0x00, 0xc1, 0x8e, 0x70, 0x01, 0xff, 0x1e, 0x19, 0xff, 0x70,
	0x01, 0xd7, 0xca, 0x60, 0x8d, 0x70, 0x01, 0xff, 0x1e, 0x19, 0xff, 0x1e, 0x19, 0xff, 0x1e, 0x19,
	0xff, 0x01, 0x00, 0xfb, 0x01, 0x00, 0x93, 0x1e, 0x19, 0xff, 0x1e, 0x19, 0xfd, 0x0e, 0x63, 0x8d,
	0xae, 0x03, 0xff, 0x1e, 0x19, 0xff, 0x6a, 0x01, 0xd3, 0x88, 0x06, 0x00, 0xc9, 0x8e, 0x6a, 0x01,
	0xff, 0x1e, 0x19, 0xff, 0x70, 0x01, 0xd7, 0x88, 0x06, 0x8f, 0x70, 0x01, 0xff, 0x1e, 0x19, 0xff,
	0x6a, 0x01, 0xd1, 0x44, 0x04, 0x8f, 0x6a, 0x01, 0xff, 0x1e, 0x19, 0xff, 0x70, 0x01, 0xd7, 0x4a,
	0x04, 0x00, 0xd1, 0xff, 0x1e, 0x19, 0xff, 0xda, 0x02, 0xe2, 0x44, 0x04, 0x8f, 0x6a, 0x01, 0xff,
	0x1e, 0x19, 0xff, 0x70, 0x01, 0xd7, 0x4a, 0x04, 0x8f, 0x70, 0x01, 0xff, 0x1e, 0x19, 0xff, 0x6a,
	0x01, 0xd1, 0x44, 0x04, 0x00, 0xd9, 0xff, 0x1e, 0x19, 0xff, 0x1e, 0x19, 0xf2, 0x54, 0x04, 0x8d,
	0x7a, 0x01, 0xff, 0x1e, 0x19, 0xff, 0x6a, 0x01, 0xd3, 0x4e, 0x04, 0x8f, 0x6a, 0x01, 0xff, 0x1e,
	0x19, 0xff, 0x70, 0x01, 0xd7, 0x0e, 0x63, 0x00, 0xc2, 0xff, 0x1e, 0x19, 0xff, 0xda, 0x02, 0xdc,
	0x44, 0x04, 0x95, 0x6a, 0x01, 0xff, 0x1e, 0x19, 0xff, 0x70, 0x01, 0xd7, 0x0e, 0x63, 0x8f, 0x70,
	0x01, 0xff, 0x1e, 0x19, 0xff, 0x6a, 0x01, 0xd1, 0x44, 0x04, 0x00, 0xca, 0xff, 0x1e, 0x19, 0xff,
	0x1e, 0x19, 0xe8, 0x4a, 0x04, 0x8f, 0x70, 0x01, 0xff, 0x1e, 0x19, 0xff, 0x70, 0x01, 0xd7, 0x4a,
	0x04, 0x8d, 0x70, 0x01, 0xff, 0x1e, 0x19, 0xff, 0x1e, 0x19, 0xff, 0x1e, 0x19, 0xff, 0x01, 0x00,
	0xfb, 0x01, 0x00, 0x93, 0x1e, 0x19, 0xff, 0x1e, 0x19, 0xfd, 0x8e, 0x06, 0x00, 0xd2, 0xff, 0x1e,
	0x19, 0xff, 0x18, 0x05, 0xe2, 0x88, 0x06, 0x8f, 0x6a, 0x01, 0xff, 0x1e, 0x19, 0xff, 0x70, 0x01,
	0xd7, 0x88, 0x06, 0x8f, 0x70, 0x01, 0xff, 0x1e, 0x19, 0xff, 0x6a, 0x01, 0xd1, 0x44, 0x04, 0x00,
	0xda, 0xff, 0x1e, 0x19, 0xff, 0x1e, 0x19, 0xe8, 0x4a, 0x04, 0x8f, 0x70, 0x01, 0xff, 0x1e, 0x19,
	0xff, 0x6a, 0x01, 0xd1, 0x44, 0x04, 0x8f, 0x6a, 0x01, 0xff, 0x1e, 0x19, 0xff, 0x70, 0x01, 0xd7,
	0x0e, 0x63, 0x00, 0xc3, 0xff, 0x1e, 0x19, 0xff, 0xda, 0x02, 0xdc, 0x44, 0x04, 0x95, 0x6a, 0x01,
	0xff, 0x1e, 0x19, 0xff, 0x7a, 0x01, 0xe1, 0x0e, 0x63, 0x8d, 0x7a, 0x01, 0xff, 0x1e, 0x19, 0xff,
	0x6a, 0x01, 0xd3, 0x4e, 0x04, 0x00, 0xcb, 0xff, 0x1e, 0x19, 0xff, 0x1e, 0x19, 0xe8, 0x54, 0x04,
	0x8f, 0x70, 0x01, 0xff, 0x1e, 0x19, 0xff, 0x6a, 0x01, 0xd1, 0x44, 0x04, 0x8f, 0x6a, 0x01, 0xff,
	0x1e, 0x19, 0xff, 0x70, 0x01, 0xd7, 0x4a, 0x04, 0x00, 0xd3, 0xff, 0x1e, 0x19, 0xff, 0xda, 0x02,
	0xe2, 0x44, 0x04, 0x8f, 0x6a, 0x01, 0xff, 0x1e, 0x19, 0xff, 0x70, 0x01, 0xd7, 0x4a, 0x04, 0x8f,
	0x70, 0x01, 0xff, 0x1e, 0x19, 0xff, 0x70, 0x01, 0xd7, 0x4a, 0x04, 0x00, 0xdb, 0xff, 0x1e, 0x19,
	0xff, 0x1e, 0x19, 0xff, 0x1e, 0x19, 0xff, 0x01, 0x00, 0xff, 0x01, 0x00, 0x88, 0x01, 0x00, 0x93,
	0x1e, 0x19, 0xff, 0x1e, 0x19, 0xfd, 0x8e, 0x06, 0x8d, 0xae, 0x03, 0xff, 0x1e, 0x19, 0xff, 0x6a,
	0x01, 0xd3, 0x88, 0x06, 0x8f, 0x6a, 0x01, 0xff, 0x1e, 0x19, 0xff, 0x70, 0x01, 0xd7, 0x0e, 0x63,
	0x00, 0xc4, 0xff, 0x1e, 0x19, 0xff, 0xda, 0x02, 0xdc, 0x44, 0x04, 0x95, 0x6a, 0x01, 0xff, 0x1e,
	0x19, 0xff, 0x70, 0x01, 0xd7, 0x0e, 0x63, 0x8f, 0x70, 0x01, 0xff, 0x1e, 0x19, 0xff, 0x6a, 0x01,
	0xd1, 0x44, 0x04, 0x00, 0xcc, 0xff, 0x1e, 0x19, 0xff, 0x1e, 0x19, 0xe8, 0x4a, 0x04, 0x8f, 0x70,
	0x01, 0xff, 0x1e, 0x19, 0xff, 0x6a, 0x01, 0xd1, 0x44, 0x04, 0x8f, 0x6a, 0x01, 0xff, 0x1e, 0x19,
	0xff, 0x7a, 0x01, 0xe1, 0x54, 0x04, 0x00, 0xd4, 0xff, 0x1e, 0x19, 0xff, 0xe4, 0x02, 0xe2, 0x4e,
	0x04, 0x8f, 0x6a, 0x01, 0xff, 0x1e, 0x19, 0xff, 0x70, 0x01, 0xd7, 0x54, 0x04, 0x8f, 0x70, 0x01,
	0xff, 0x1e, 0x19, 0xff, 0x6a, 0x01, 0xd1, 0x44, 0x04, 0x00, 0xdc, 0xff, 0x1e, 0x19, 0xff, 0x1e,
	0x19, 0xe8, 0x4a, 0x04, 0x8f, 0x70, 0x01, 0xff, 0x1e, 0x19, 0xff, 0x6a, 0x01, 0xd1, 0x44, 0x04,
	0x8f, 0x6a, 0x01, 0xff, 0x1e, 0x19, 0xff, 0x70, 0x01, 0xd7, 0x08, 0x63, 0x00, 0xc5, 0xff, 0x1e,
	0x19, 0xff, 0x1e, 0x19, 0xe8, 0xca, 0x60, 0x8d, 0x70, 0x01, 0xff, 0x1e, 0x19, 0xff, 0x1e, 0x19,
	0xff, 0x1e, 0x19, 0xff, 0x01, 0x00, 0xfb, 0x01, 0x00, 0x93, 0x1e, 0x19, 0xff, 0x1e, 0x19, 0xfd,
	0x0e, 0x63, 0x8d, 0xae, 0x03, 0xff, 0x1e, 0x19, 0xff, 0x6a, 0x01, 0xd3, 0x88, 0x06, 0x00, 0xcd,
	0xff, 0x1e, 0x19, 0xff, 0x1e, 0x19, 0xe8, 0x88, 0x06, 0x8f, 0x70, 0x01, 0xff, 0x1e, 0x19, 0xff,
	0x6a, 0x01, 0xd1, 0x44, 0x04, 0x8f, 0x6a, 0x01, 0xff, 0x1e, 0x19, 0xff, 0x70, 0x01, 0xd7, 0x4a,
	0x04, 0x00, 0xd5, 0xff, 0x1e, 0x19, 0xff, 0xda, 0x02, 0xe2, 0x44, 0x04, 0x8f, 0x6a, 0x01, 0xff,
	0x1e, 0x19, 0xff, 0x70, 0x01, 0xd7, 0x4a, 0x04, 0x8f, 0x70, 0x01, 0xff, 0x1e, 0x19, 0xff, 0x6a,
	0x01, 0xd1, 0x44, 0x04, 0x00, 0xdd, 0xff, 0x1e, 0x19, 0xff, 0x1e, 0x19, 0xf2, 0x54, 0x04, 0x8d,
	0x7a, 0x01, 0xff, 0x1e, 0x19, 0xff, 0x6a, 0x01, 0xd3, 0x4e, 0x04, 0x8f, 0x6a, 0x01, 0xf3, 0x1e,
	0x19, 0x00, 0x64, 0xff, 0xda, 0x02, 0xdc, 0x54, 0x04, 0x01, 0x00, 0x6d, 0xff, 0x18, 0x19, 0xff,
	0x64, 0x01, 0xdc, 0x02, 0x63, 0x8e, 0x64, 0x01, 0xf1, 0x12, 0x19, 0x01, 0x7f, 0x09, 0xff, 0xce,
	0x02, 0xd7, 0xce, 0x02, 0x00, 0x7f, 0x82, 0x6a, 0x01, 0x00, 0x7f, 0x8e, 0x6a, 0x01, 0xff, 0x0c,
	0x19, 0xff, 0x64, 0x01, 0xc5, 0xce, 0x02, 0x95, 0x64, 0x01, 0xf1, 0x06, 0x19, 0x02, 0xe3, 0x0a,
	0x6d, 0xff, 0xce, 0x02, 0xd6, 0xce, 0x02, 0x00, 0x80, 0x82, 0x6a, 0x01, 0x00, 0x80, 0x8e, 0x6a,
	0x01, 0xff, 0x00, 0x19, 0xff, 0x6a, 0x01, 0xcb, 0xd4, 0x02, 0x93, 0x6a, 0x01, 0xfb, 0xfa, 0x18,
	0x00, 0x4e, 0xff, 0xfa, 0x18, 0x82, 0x01, 0x00, 0xff, 0xfa, 0x18, 0xff, 0x01, 0x00, 0xf9, 0x01,
	0x00, 0x93, 0xfa, 0x18, 0x8f, 0xfa, 0x18, 0x00, 0x68, 0xff, 0xfa, 0x18, 0xde, 0x12, 0x05, 0x00,
	0xff, 0x82, 0xa8, 0x03, 0x00, 0xff, 0x8c, 0xa8, 0x03, 0xff, 0xf4, 0x18, 0xff, 0x64, 0x01, 0xc7,
	0x0c, 0x05, 0x95, 0x64, 0x01, 0xf1, 0xee, 0x18, 0x01, 0x68, 0x02, 0x81, 0xd6, 0x02, 0xff, 0x6a,
	0x01, 0xcf, 0x6a, 0x01, 0x81, 0x70, 0x00, 0x01, 0x00, 0x7d, 0x81, 0x6a, 0x01, 0x04, 0x48, 0x5e,
	0x00, 0x71, 0x68, 0xff, 0x98, 0xfa, 0xff, 0xd2, 0x02, 0xd4, 0x68, 0x01, 0x01, 0x01, 0x80, 0x99,
	0x68, 0x01, 0xf1, 0xea, 0x18, 0x01, 0xd0, 0x03, 0xff, 0xd6, 0x02, 0xd5, 0x6e, 0x01, 0x01, 0xff,
	0xff, 0x99, 0x6e, 0x01, 0xff, 0xe8, 0x18, 0xff, 0x68, 0x01, 0xc5, 0x3e, 0x04, 0x00, 0x7f, 0x84,
	0x68, 0x01, 0x00, 0x7f, 0x90, 0x68, 0x01, 0xf1, 0xe6, 0x18, 0x01, 0x38, 0x05, 0xff, 0x8c, 0x0d,
	0xd7, 0x44, 0x04, 0x99, 0x6e, 0x01, 0xff, 0xe4, 0x18, 0xff, 0x68, 0x01, 0xc5, 0x3e, 0x04, 0x99,
	0x68, 0x01, 0xfb, 0xe2, 0x18, 0x01, 0xa5, 0x06, 0xff, 0xb6, 0x05, 0xd7, 0x4e, 0x04, 0x00, 0x80,
	0x84, 0x78, 0x01, 0x00, 0x80, 0x8e, 0x78, 0x01, 0xff, 0xe0, 0x18, 0xff, 0x68, 0x01, 0xc7, 0x48,
	0x04, 0x99, 0x68, 0x01, 0xf1, 0xde, 0x18, 0x01, 0x0d, 0x08, 0xff, 0xd6, 0x02, 0xd7, 0x4e, 0x04,
	0x99, 0x6e, 0x01, 0xff, 0xe2, 0x18, 0xff, 0x68, 0x01, 0xc5, 0x3e, 0x04, 0x00, 0xff, 0x84, 0x68,
	0x01, 0x00, 0xff, 0x90, 0x68, 0x01, 0xf1, 0xe6, 0x18, 0x01, 0x75, 0x09, 0xff, 0xd6, 0x02, 0xd7,
	0x44, 0x04, 0x99, 0x6e, 0x01, 0xff, 0xea, 0x18, 0xff, 0x68, 0x01, 0xc5, 0x3e, 0x04, 0x99, 0x68,
	0x01, 0xf1, 0xee, 0x18, 0x02, 0xdd, 0x0a, 0x63, 0xff, 0xd6, 0x02, 0xd0, 0x6e, 0x01, 0x00, 0x20,
	0x81, 0x5c, 0x00, 0xff, 0xe4, 0x18, 0xff, 0xe4, 0x18, 0xd6, 0x60, 0x01, 0x00, 0x01, 0x8c, 0x60,
	0x01, 0xfb, 0xda, 0x18, 0x00, 0x3e, 0xff, 0xda, 0x18, 0x82, 0x01, 0x00, 0xff, 0xda, 0x18, 0xff,
	0x01, 0x00, 0xf9, 0x01, 0x00, 0x93, 0xda, 0x18, 0x8f, 0xda, 0x18, 0x00, 0x5e, 0xff, 0xda, 0x18,
	0xda, 0x9e, 0x03, 0x01, 0xff, 0x7f, 0xff, 0xd0, 0x18, 0xff, 0x5a, 0x01, 0xd2, 0x58, 0x06, 0x00,
	0x80, 0xff, 0xc6, 0x18, 0x04, 0x00, 0x00, 0x5e, 0x02, 0x5a, 0xff, 0xb8, 0x07, 0xd3, 0xba, 0x02,
	0x00, 0xff, 0xff, 0xb8, 0x18, 0xff, 0x5a, 0x01, 0xd1, 0x5a, 0x01, 0x01, 0x55, 0x55, 0xff, 0xaa,
	0x18, 0x03, 0x00, 0x00, 0xb8, 0x03, 0xff, 0xba, 0x02, 0xd2, 0x60, 0x01, 0x00, 0x5f, 0x8d, 0x72,
	0x0a, 0xff, 0x9c, 0x18, 0xff, 0x5a, 0x01, 0xc3, 0x5a, 0x01, 0x8d, 0x6c, 0x0a, 0xf3, 0x8e, 0x18,
	0x02, 0x12, 0x05, 0x5f, 0xff, 0xba, 0x02, 0xd2, 0x60, 0x01, 0x8f, 0x2e, 0x08, 0xff, 0x80, 0x18,
	0xff, 0x5a, 0x01, 0xc2, 0x14, 0x04, 0x8e, 0x2e, 0x08, 0xfb, 0x72, 0x18, 0x01, 0x71, 0x06, 0xff,
	0x7e, 0x05, 0xd4, 0xc4, 0x02, 0x8c, 0x38, 0x08, 0xff, 0x64, 0x18, 0xff, 0x5a, 0x01, 0xc3, 0x5a,
	0x01, 0x8d, 0x38, 0x08, 0xf3, 0x56, 0x18, 0x02, 0xcb, 0x07, 0x58, 0xff, 0xba, 0x02, 0xd0, 0x60,
	0x01, 0x01, 0x00, 0x05, 0xff, 0x46, 0x18, 0xff, 0x58, 0x01, 0xcf, 0x58, 0x01, 0x00, 0x01, 0x8e,
	0x58, 0x01, 0xf1, 0x36, 0x18, 0x01, 0x23, 0x09, 0xff, 0xb6, 0x02, 0xd1, 0x5e, 0x01, 0x00, 0x7f,
	0x8e, 0x5e, 0x01, 0xff, 0x26, 0x18, 0xff, 0x58, 0x01, 0xbf, 0x58, 0x01, 0x00, 0x80, 0x8e, 0x58,
	0x01, 0xf1, 0x16, 0x18, 0x00, 0x7b, 0xff, 0x16, 0x18, 0xd2, 0x5e, 0x01, 0x00, 0xff, 0x8e, 0x5e,
	0x01, 0xff, 0x14, 0x18, 0xff, 0x5e, 0x01, 0xc5, 0x5e, 0x01, 0x05, 0x40, 0x5f, 0x5a, 0xa5, 0xe0,
	0x47, 0xff, 0x16, 0x18, 0x87, 0x16, 0x18, 0x02, 0xdc, 0x0b, 0x00, 0xff, 0x16, 0x18, 0x00, 0x00,
	0xff, 0x16, 0x18, 0xff, 0x01, 0x00, 0xfb, 0x01, 0x00, 0x93, 0x16, 0x18, 0x8f, 0x16, 0x18, 0x00,
	0x60, 0xff, 0x16, 0x18, 0xdc, 0xa0, 0x03, 0x00, 0xe1, 0x8c, 0xa0, 0x03, 0xff, 0x18, 0x18, 0xff,
	0x5c, 0x01, 0xc5, 0x5c, 0x01, 0x00, 0xe2, 0x8e, 0x5c, 0x01, 0xf1, 0x1a, 0x18, 0x02, 0x60, 0x02,
	0x5c, 0xff, 0xbc, 0x07, 0xd4, 0x62, 0x01, 0x00, 0xe3, 0x8e, 0x62, 0x01, 0xff, 0x1c, 0x18, 0xff,
	0x5c, 0x01, 0xc3, 0x5c, 0x01, 0x00, 0xe4, 0x8e, 0x5c, 0x01, 0xf1, 0x1e, 0x18, 0x01, 0xbc, 0x03,
	0xff, 0xbe, 0x02, 0xd5, 0x62, 0x01, 0x00, 0xe5, 0x8e, 0x62, 0x01, 0xff, 0x20, 0x18, 0xff, 0x5c,
	0x01, 0xc3, 0x5c, 0x01, 0x00, 0xe6, 0x8e, 0x5c, 0x01, 0xf1, 0x22, 0x18, 0x02, 0x18, 0x05, 0x61,
	0xff, 0xbe, 0x02, 0xd4, 0x62, 0x01, 0x00, 0xe7, 0x8e, 0x62, 0x01, 0xff, 0x24, 0x18, 0xff, 0x5c,
	0x01, 0xc3, 0x5c, 0x01, 0x00, 0xfa, 0x8e, 0x5c, 0x01, 0xfb, 0x26, 0x18, 0x01, 0x79, 0x06, 0xff,
	0x86, 0x05, 0xd5, 0x6c, 0x01, 0x00, 0xfb, 0x8c, 0x6c, 0x01, 0xff, 0x28, 0x18, 0xff, 0x5c, 0x01,
	0xc5, 0x5c, 0x01, 0x00, 0xfc, 0x8e, 0x5c, 0x01, 0xf1, 0x2a, 0x18, 0x02, 0xd5, 0x07, 0x67, 0xff,
	0xbe, 0x02, 0xd4, 0x62, 0x01, 0x00, 0xfd, 0x8e, 0x62, 0x01, 0xff, 0x2e, 0x18, 0xff, 0x5c, 0x01,
	0xbf, 0x5c, 0x01, 0x8a, 0xba, 0x4a, 0x82, 0x2a, 0x4c, 0x81, 0xae, 0x2d, 0x81, 0xa8, 0x00, 0x01,
	0x80, 0x01, 0xff, 0x48, 0x18, 0x04, 0x00, 0x00, 0x3c, 0x09, 0x72, 0xff, 0xd4, 0x02, 0xd5, 0x78,
	0x01, 0x8a, 0xd0, 0xad, 0x06, 0x1f, 0x5e, 0x01, 0x00, 0x0a, 0x5e, 0x80, 0x90, 0x78, 0x01, 0xff,
	0x62, 0x18, 0xff, 0x72, 0x01, 0xd9, 0xea, 0x02, 0x00, 0x88, 0x8e, 0x72, 0x01, 0xf1, 0x7c, 0x18,
	0x02, 0xae, 0x0a, 0x7b, 0xff, 0xea, 0x02, 0xea, 0xea, 0x02, 0x8f, 0x78, 0x01, 0xff, 0x96, 0x18,
	0xff, 0x78, 0x01, 0xdf, 0xf0, 0x02, 0x00, 0x90, 0x8c, 0x78, 0x01, 0xfb, 0xac, 0x18, 0x00, 0x27,
	0xff, 0xc2, 0x30, 0x82, 0x01, 0x00, 0xff, 0xac, 0x18, 0xff, 0x01, 0x00, 0xf9, 0x01, 0x00, 0x93,
	0xac, 0x18, 0x8f, 0xac, 0x18, 0x00, 0x76, 0xff, 0xac, 0x18, 0xf2, 0x2e, 0x05, 0x8d, 0xb6, 0x03,
	0xff, 0xc2, 0x18, 0xff, 0x72, 0x01, 0xdb, 0x28, 0x05, 0x00, 0x98, 0x8e, 0x72, 0x01, 0xf1, 0xd8,
	0x18, 0x01, 0x76, 0x02, 0xff, 0x02, 0x0b, 0xeb, 0xea, 0x02, 0x8f, 0x78, 0x01, 0xff, 0xee, 0x18,
	0xff, 0x72, 0x01, 0xcb, 0xea, 0x02, 0x83, 0x70, 0xa5, 0x85, 0xea, 0x02, 0x00, 0x81, 0x8e, 0x72,
	0x01, 0xf1, 0x04, 0x19, 0x01, 0xe8, 0x03, 0xff, 0xea, 0x02, 0xdd, 0xea, 0x02, 0x85, 0x78, 0x01,
	0x83, 0xea, 0x02, 0x8f, 0x78, 0x01, 0xff, 0x1a, 0x19, 0xff, 0x72, 0x01, 0xd9, 0xea, 0x02, 0x00,
	0x89, 0x8e, 0x72, 0x01, 0xf1, 0x30, 0x19, 0x02, 0x5a, 0x05, 0x77, 0xff, 0xea, 0x02, 0xea, 0xea,
	0x02, 0x8f, 0x78, 0x01, 0xff, 0x46, 0x19, 0xff, 0x72, 0x01, 0xd9, 0xea, 0x02, 0x00, 0x91, 0x8e,
	0x72, 0x01, 0xfb, 0x5c, 0x19, 0x01, 0xd1, 0x06, 0xff, 0xde, 0x05, 0xeb, 0xf4, 0x02, 0x8d, 0x82,
	0x01, 0xff, 0x72, 0x19, 0xff, 0x72, 0x01, 0xdb, 0xf4, 0x02, 0x00, 0x99, 0x8e, 0x72, 0x01, 0xf1,
	0x88, 0x19, 0x01, 0x43, 0x08, 0xff, 0xea, 0x02, 0xeb, 0xea, 0x02, 0x8f, 0x78, 0x01, 0xff, 0x9e,
	0x19, 0xff, 0x72, 0x01, 0xcb, 0xea, 0x02, 0x83, 0xc2, 0x9d, 0x85, 0xea, 0x02, 0x00, 0x82, 0xff,
	0x9e, 0x19, 0x03, 0x38, 0x00, 0x00, 0xb5, 0xff, 0x9e, 0x19, 0xde, 0xea, 0x02, 0x85, 0x78, 0x01,
	0x83, 0xea, 0x02, 0x8f, 0x78, 0x01, 0xff, 0x9e, 0x19, 0xff, 0x72, 0x01, 0xd9, 0xea, 0x02, 0x00,
	0x8a, 0xff, 0x9e, 0x19, 0x04, 0x38, 0x00, 0x00, 0x27, 0x0b, 0xff, 0x9e, 0x19, 0xeb, 0xea, 0x02,
	0x8f, 0x78, 0x01, 0xff, 0x9e, 0x19, 0xff, 0x78, 0x01, 0xdf, 0xf0, 0x02, 0x00, 0x92, 0xff, 0x9e,
	0x19, 0x88, 0x9e, 0x19, 0x00, 0xa0, 0xff, 0x9e, 0x19, 0x82, 0x01, 0x00, 0xff, 0x9e, 0x19, 0xff,
	0x01, 0x00, 0xf9, 0x01, 0x00, 0x93, 0x9e, 0x19, 0xff, 0x9e, 0x19, 0xff, 0x2e, 0x05, 0x83, 0x2e,
	0x05, 0x8d, 0xb6, 0x03, 0xff, 0x9e, 0x19, 0xff, 0x72, 0x01, 0xdb, 0x28, 0x05, 0x00, 0x9a, 0xff,
	0x9e, 0x19, 0xff, 0x9e, 0x19, 0xf0, 0xea, 0x02, 0x8f, 0x78, 0x01, 0xff, 0x9e, 0x19, 0xff, 0x72,
	0x01, 0xcb, 0xea, 0x02, 0x83, 0x44, 0x98, 0x85, 0xea, 0x02, 0x00, 0x83, 0xff, 0x9e, 0x19, 0xff,
	0x9e, 0x19, 0xe2, 0xea, 0x02, 0x85, 0x78, 0x01, 0x83, 0xea, 0x02, 0x8f, 0x78, 0x01, 0xff, 0x9e,
	0x19, 0xff, 0x72, 0x01, 0xd9, 0xea, 0x02, 0x00, 0x8b, 0xff, 0x9e, 0x19, 0xff, 0x9e, 0x19, 0xf0,
	0xea, 0x02, 0x8f, 0x78, 0x01, 0xff, 0x9e, 0x19, 0xff, 0x72, 0x01, 0xd9, 0xea, 0x02, 0x00, 0x93,
	0xff, 0x9e, 0x19, 0xff, 0x9e, 0x19, 0xfa, 0xf4, 0x02, 0x8d, 0x82, 0x01, 0xff, 0x9e, 0x19, 0xff,
	0x72, 0x01, 0xdb, 0xf4, 0x02, 0x00, 0x9b, 0xff, 0x9e, 0x19, 0xff, 0x9e, 0x19, 0xf0, 0xea, 0x02,
	0x8f, 0x78, 0x01, 0xff, 0x9e, 0x19, 0xff, 0x72, 0x01, 0xcb, 0xea, 0x02, 0x83, 0xd0, 0x92, 0x85,
	0xea, 0x02, 0x00, 0x84, 0xff, 0x9e, 0x19, 0xff, 0x9e, 0x19, 0xe2, 0xea, 0x02, 0x85, 0x78, 0x01,
	0x83, 0xea, 0x02, 0x8f, 0x78, 0x01, 0xff, 0x9e, 0x19, 0xff, 0x72, 0x01, 0xd9, 0xea, 0x02, 0x00,
	0x8c, 0xff, 0x9e, 0x19, 0xff, 0x9e, 0x19, 0xf0, 0xea, 0x02, 0x8f, 0x78, 0x01, 0xff, 0x9e, 0x19,
	0xff, 0x78, 0x01, 0xdf, 0xf0, 0x02, 0x00, 0x94, 0xff, 0x9e, 0x19, 0xff, 0x9e, 0x19, 0xff, 0x9e,
	0x19, 0xff, 0x01, 0x00, 0xff, 0x01, 0x00, 0x88, 0x01, 0x00, 0x93, 0x9e, 0x19, 0xff, 0x9e, 0x19,
	0xff, 0x2e, 0x05, 0x83, 0x2e, 0x05, 0x8d, 0xb6, 0x03, 0xff, 0x9e, 0x19, 0xff, 0x72, 0x01, 0xdb,
	0x28, 0x05, 0x00, 0x9c, 0xff, 0x9e, 0x19, 0xff, 0x9e, 0x19, 0xf0, 0xea, 0x02, 0x8f, 0x78, 0x01,
	0xff, 0x9e, 0x19, 0xff, 0x72, 0x01, 0xcb, 0xea, 0x02, 0x83, 0x52, 0x8d, 0x85, 0xea, 0x02, 0x00,
	0x85, 0xff, 0x9e, 0x19, 0xff, 0x9e, 0x19, 0xe2, 0xea, 0x02, 0x85, 0x78, 0x01, 0x83, 0xea, 0x02,
	0x8f, 0x78, 0x01, 0xff, 0x9e, 0x19, 0xff, 0x72, 0x01, 0xd9, 0xea, 0x02, 0x00, 0x8d, 0xff, 0x9e,
	0x19, 0xff, 0x9e, 0x19, 0xf0, 0xea, 0x02, 0x8f, 0x78, 0x01, 0xff, 0x9e, 0x19, 0xff, 0x72, 0x01,
	0xd9, 0xea, 0x02, 0x00, 0x95, 0xff, 0x9e, 0x19, 0xff, 0x9e, 0x19, 0xfa, 0xf4, 0x02, 0x8d, 0x82,
	0x01, 0xff, 0x9e, 0x19, 0xff, 0x72, 0x01, 0xdb, 0xf4, 0x02, 0x00, 0x9d, 0xff, 0x9e, 0x19, 0xff,
	0x9e, 0x19, 0xf0, 0xea, 0x02, 0x8f, 0x78, 0x01, 0xff, 0x9e, 0x19, 0xff, 0x72, 0x01, 0xcb, 0xea,
	0x02, 0x8b, 0xd8, 0x41, 0x00, 0xa0, 0xff, 0x9e, 0x19, 0xff, 0x9e, 0x19, 0xf0, 0xd8, 0x41, 0x8f,
	0x78, 0x01, 0xff, 0x9e, 0x19, 0xff, 0x72, 0x01, 0xd9, 0xea, 0x02, 0x00, 0xa8, 0xff, 0x9e, 0x19,
	0xff, 0x9e, 0x19, 0xf0, 0xea, 0x02, 0x8f, 0x78, 0x01, 0xff, 0x9e, 0x19, 0xff, 0x78, 0x01, 0xdf,
	0xf0, 0x02, 0x00, 0xb0, 0xff, 0x9e, 0x19, 0xff, 0x9e, 0x19, 0xff, 0x9e, 0x19, 0xff, 0x01, 0x00,
	0xff, 0x01, 0x00, 0x88, 0x01, 0x00, 0x93, 0x9e, 0x19, 0xff, 0x9e, 0x19, 0xff, 0x2e, 0x05, 0x83,
	0x2e, 0x05, 0x8d, 0xb6, 0x03, 0xff, 0x9e, 0x19, 0xff, 0x72, 0x01, 0xdb, 0x28, 0x05, 0x00, 0xb8,
	0xff, 0x9e, 0x19, 0xff, 0x9e, 0x19, 0xf0, 0xea, 0x02, 0x8f, 0x78, 0x01, 0xff, 0x9e, 0x19, 0xff,
	0x72, 0x01, 0xcb, 0xea, 0x02, 0x8b, 0x12, 0x44, 0x00, 0xa1, 0xff, 0x9e, 0x19, 0xff, 0x9e, 0x19,
	0xf0, 0x12, 0x44, 0x8f, 0x78, 0x01, 0xff, 0x9e, 0x19, 0xff, 0x72, 0x01, 0xd9, 0xea, 0x02, 0x00,
	0xa9, 0xff, 0x9e, 0x19, 0xff, 0x9e, 0x19, 0xf0, 0xea, 0x02, 0x8f, 0x78, 0x01, 0xff, 0x9e, 0x19,
	0xff, 0x72, 0x01, 0xd9, 0xea, 0x02, 0x00, 0xb1, 0xff, 0x9e, 0x19, 0xff, 0x9e, 0x19, 0xfa, 0xf4,
	0x02, 0x8d, 0x82, 0x01, 0xff, 0x9e, 0x19, 0xff, 0x72, 0x01, 0xdb, 0xf4, 0x02, 0x00, 0xb9, 0xff,
	0x9e, 0x19, 0xff, 0x9e, 0x19, 0xf0, 0xea, 0x02, 0x8f, 0x78, 0x01, 0xff, 0x9e, 0x19, 0xff, 0x72,
	0x01, 0xcb, 0xea, 0x02, 0x8b, 0xd8, 0x41, 0x00, 0xa2, 0xff, 0x9e, 0x19, 0xff, 0x9e, 0x19, 0xf0,
	0xd8, 0x41, 0x8f, 0x78, 0x01, 0xff, 0x9e, 0x19, 0xff, 0x72, 0x01, 0xd9, 0xea, 0x02, 0x00, 0xaa,
	0xff, 0x9e, 0x19, 0xff, 0x9e, 0x19, 0xf0, 0xea, 0x02, 0x8f, 0x78, 0x01, 0xff, 0x9e, 0x19, 0xff,
	0x78, 0x01, 0xdf, 0xf0, 0x02, 0x00, 0xb2, 0xff, 0x9e, 0x19, 0xff, 0x9e, 0x19, 0xff, 0x9e, 0x19,
	0xff, 0x01, 0x00, 0xff, 0x01, 0x00, 0x88, 0x01, 0x00, 0x93, 0x9e, 0x19, 0xff, 0x9e, 0x19, 0xff,
	0x2e, 0x05, 0x83, 0x2e, 0x05, 0x8d, 0xb6, 0x03, 0xff, 0x9e, 0x19, 0xff, 0x72, 0x01, 0xdb, 0x28,
	0x05, 0x00, 0xba, 0xff, 0x9e, 0x19, 0xff, 0x9e, 0x19, 0xf0, 0xea, 0x02, 0x8f, 0x78, 0x01, 0xff,
	0x9e, 0x19, 0xff, 0x72, 0x01, 0xcb, 0xea, 0x02, 0x8b, 0x12, 0x44, 0x00, 0xa3, 0xff, 0x9e, 0x19,
	0xff, 0x9e, 0x19, 0xf0, 0x12, 0x44, 0x8f, 0x78, 0x01, 0xff, 0x9e, 0x19, 0xff, 0x72, 0x01, 0xd9,
	0xea, 0x02, 0x00, 0xab, 0xff, 0x9e, 0x19, 0xff, 0x9e, 0x19, 0xf0, 0xea, 0x02, 0x8f, 0x78, 0x01,
	0xff, 0x9e, 0x19, 0xff, 0x72, 0x01, 0xd9, 0xea, 0x02, 0x00, 0xb3, 0xff, 0x9e, 0x19, 0xff, 0x9e,
	0x19, 0xfa, 0xf4, 0x02, 0x8d, 0x82, 0x01, 0xff, 0x9e, 0x19, 0xff, 0x72, 0x01, 0xdb, 0xf4, 0x02,
	0x00, 0xbb, 0xff, 0x9e, 0x19, 0xff, 0x9e, 0x19, 0xf0, 0xea, 0x02, 0x8f, 0x78, 0x01, 0xff, 0x9e,
	0x19, 0xff, 0x72, 0x01, 0xcb, 0xea, 0x02, 0x8b, 0xd8, 0x41, 0x00, 0xa4, 0xff, 0x9e, 0x19, 0xff,
	0x9e, 0x19, 0xf0, 0xd8, 0x41, 0x8f, 0x78, 0x01, 0xff, 0x9e, 0x19, 0xff, 0x72, 0x01, 0xd9, 0xea,
	0x02, 0x00, 0xac, 0xff, 0x9e, 0x19, 0xff, 0x9e, 0x19, 0xf0, 0xea, 0x02, 0x8f, 0x78, 0x01, 0xff,
	0x9e, 0x19, 0xff, 0x78, 0x01, 0xdf, 0xf0, 0x02, 0x00, 0xb4, 0xff, 0x9e, 0x19, 0xff, 0x9e, 0x19,
	0xff, 0x9e, 0x19, 0xff, 0x01, 0x00, 0xff, 0x01, 0x00, 0x88, 0x01, 0x00, 0x93, 0x9e, 0x19, 0xff,
	0x9e, 0x19, 0xff, 0x2e, 0x05, 0x83, 0x2e, 0x05, 0x8d, 0xb6, 0x03, 0xff, 0x9e, 0x19, 0xff, 0x72,
	0x01, 0xdb, 0x28, 0x05, 0x00, 0xbc, 0xff, 0x9e, 0x19, 0xff, 0x9e, 0x19, 0xf0, 0xea, 0x02, 0x8f,
	0x78, 0x01, 0xff, 0x9e, 0x19, 0xff, 0x72, 0x01, 0xcb, 0xea, 0x02, 0x8b, 0x12, 0x44, 0x00, 0xa5,
	0xff, 0x9e, 0x19, 0xff, 0x9e, 0x19, 0xf0, 0x12, 0x44, 0x8f, 0x78, 0x01, 0xff, 0x9e, 0x19, 0xff,
	0x72, 0x01, 0xd9, 0xea, 0x02, 0x00, 0xad, 0xff, 0x9e, 0x19, 0xff, 0x9e, 0x19, 0xf0, 0xea, 0x02,
	0x8f, 0x78, 0x01, 0xff, 0x9e, 0x19, 0xff, 0x72, 0x01, 0xd9, 0xea, 0x02, 0x00, 0xb5, 0xff, 0x9e,
	0x19, 0xff, 0x9e, 0x19, 0xfa, 0xf4, 0x02, 0x8d, 0x82, 0x01, 0xff, 0x9e, 0x19, 0xff, 0x72, 0x01,
	0xdb, 0xf4, 0x02, 0x00, 0xbd, 0xff, 0x9e, 0x19, 0xff, 0x9e, 0x19, 0xf0, 0xea, 0x02, 0x8f, 0x78,
	0x01, 0xff, 0x9e, 0x19, 0xff, 0x72, 0x01, 0xcb, 0xea, 0x02, 0x8b, 0xd8, 0x41, 0x00, 0xc0, 0xff,
	0x9e, 0x19, 0xff, 0x9e, 0x19, 0xf0, 0xd8, 0x41, 0x8f, 0x78, 0x01, 0xff, 0x9e, 0x19, 0xff, 0x72,
	0x01, 0xd9, 0xea, 0x02, 0x00, 0xc8, 0xff, 0x9e, 0x19, 0xff, 0x9e, 0x19, 0xf0, 0xea, 0x02, 0x8f,
	0x78, 0x01, 0xff, 0x9e, 0x19, 0xff, 0x78, 0x01, 0xdf, 0xf0, 0x02, 0x00, 0xd0, 0xff, 0x9e, 0x19,
	0xff, 0x9e, 0x19, 0xff, 0x9e, 0x19, 0xff, 0x01, 0x00, 0xff, 0x01, 0x00, 0x88, 0x01, 0x00, 0x93,
	0x9e, 0x19, 0xff, 0x9e, 0x19, 0xff, 0x2e, 0x05, 0x83, 0x2e, 0x05, 0x8d, 0xb6, 0x03, 0xff, 0x9e,
	0x19, 0xff, 0x72, 0x01, 0xdb, 0x28, 0x05, 0x00, 0xd8, 0xff, 0x9e, 0x19, 0xff, 0x9e, 0x19, 0xf0,
	0xea, 0x02, 0x8f, 0x78, 0x01, 0xff, 0x9e, 0x19, 0xff, 0x72, 0x01, 0xcb, 0xea, 0x02, 0x8b, 0x12,
	0x44, 0x00, 0xc1, 0xff, 0x9e, 0x19, 0xff, 0x9e, 0x19, 0xf0, 0x12, 0x44, 0x8f, 0x78, 0x01, 0xff,
	0x9e, 0x19, 0xff, 0x72, 0x01, 0xd9, 0xea, 0x02, 0x00, 0xc9, 0xff, 0x9e, 0x19, 0xff, 0x9e, 0x19,
	0xf0, 0xea, 0x02, 0x8f, 0x78, 0x01, 0xff, 0x9e, 0x19, 0xff, 0x72, 0x01, 0xd9, 0xea, 0x02, 0x00,
	0xd1, 0xff, 0x9e, 0x19, 0xff, 0x9e, 0x19, 0xfa, 0xf4, 0x02, 0x8d, 0x82, 0x01, 0xff, 0x9e, 0x19,
	0xff, 0x72, 0x01, 0xdb, 0xf4, 0x02, 0x00, 0xd9, 0xff, 0x9e, 0x19, 0xff, 0x9e, 0x19, 0xf0, 0xea,
	0x02, 0x8f, 0x78, 0x01, 0xff, 0x9e, 0x19, 0xff, 0x72, 0x01, 0xcb, 0xea, 0x02, 0x8b, 0xd8, 0x41,
	0x00, 0xc2, 0xff, 0x9e, 0x19, 0xff, 0x9e, 0x19, 0xf0, 0xd8, 0x41, 0x8f, 0x78, 0x01, 0xff, 0x9e,
	0x19, 0xff, 0x72, 0x01, 0xd9, 0xea, 0x02, 0x00, 0xca, 0xff, 0x9e, 0x19, 0xff, 0x9e, 0x19, 0xf0,
	0xea, 0x02, 0x8f, 0x78, 0x01, 0xff, 0x9e, 0x19, 0xff, 0x78, 0x01, 0xdf, 0xf0, 0x02, 0x00, 0xd2,
	0xff, 0x9e, 0x19, 0xff, 0x9e, 0x19, 0xff, 0x9e, 0x19, 0xff, 0x01, 0x00, 0xff, 0x01, 0x00, 0x88,
	0x01, 0x00, 0x93, 0x9e, 0x19, 0xff, 0x9e, 0x19, 0xff, 0x2e, 0x05, 0x83, 0x2e, 0x05, 0x8d, 0xb6,
	0x03, 0xff, 0x9e, 0x19, 0xff, 0x72, 0x01, 0xdb, 0x28, 0x05, 0x00, 0xda, 0xff, 0x9e, 0x19, 0xff,
	0x9e, 0x19, 0xf0, 0xea, 0x02, 0x8f, 0x78, 0x01, 0xff, 0x9e, 0x19, 0xff, 0x72, 0x01, 0xcb, 0xea,
	0x02, 0x8b, 0x12, 0x44, 0x00, 0xc3, 0xff, 0x9e, 0x19, 0xff, 0x9e, 0x19, 0xf0, 0x12, 0x44, 0x8f,
	0x78, 0x01, 0xff, 0x9e, 0x19, 0xff, 0x72, 0x01, 0xd9, 0xea, 0x02, 0x00, 0xcb, 0xff, 0x9e, 0x19,
	0xff, 0x9e, 0x19, 0xf0, 0xea, 0x02, 0x8f, 0x78, 0x01, 0xff, 0x9e, 0x19, 0xff, 0x72, 0x01, 0xd9,
	0xea, 0x02, 0x00, 0xd3, 0xff, 0x9e, 0x19, 0xff, 0x9e, 0x19, 0xfa, 0xf4, 0x02, 0x8d, 0x82, 0x01,
	0xff, 0x9e, 0x19, 0xff, 0x72, 0x01, 0xdb, 0xf4, 0x02, 0x00, 0xdb, 0xff, 0x9e, 0x19, 0xff, 0x9e,
	0x19, 0xf0, 0xea, 0x02, 0x8f, 0x78, 0x01, 0xff, 0x9e, 0x19, 0xff, 0x72, 0x01, 0xcb, 0xea, 0x02,
	0x8b, 0xd8, 0x41, 0x00, 0xc4, 0xff, 0x9e, 0x19, 0xff, 0x9e, 0x19, 0xf0, 0xd8, 0x41, 0x8f, 0x78,
	0x01, 0xff, 0x9e, 0x19, 0xff, 0x72, 0x01, 0xd9, 0xea, 0x02, 0x00, 0xcc, 0xff, 0x9e, 0x19, 0xff,
	0x9e, 0x19, 0xf0, 0xea, 0x02, 0x8f, 0x78, 0x01, 0xff, 0x9e, 0x19, 0xff, 0x78, 0x01, 0xdf, 0xf0,
	0x02, 0x00, 0xd4, 0xff, 0x9e, 0x19, 0xff, 0x9e, 0x19, 0xff, 0x9e, 0x19, 0xff, 0x01, 0x00, 0xff,
	0x01, 0x00, 0x88, 0x01, 0x00, 0x93, 0x9e, 0x19, 0xff, 0x9e, 0x19, 0xff, 0x2e, 0x05, 0x83, 0x2e,
	0x05, 0x8d, 0xb6, 0x03, 0xff, 0x9e, 0x19, 0xff, 0x72, 0x01, 0xdb, 0x28, 0x05, 0x00, 0xdc, 0xff,
	0x9e, 0x19, 0xff, 0x9e, 0x19, 0xf0, 0xea, 0x02, 0x8f, 0x78, 0x01, 0xff, 0x9e, 0x19, 0xff, 0x72,
	0x01, 0xcb, 0xea, 0x02, 0x8b, 0x12, 0x44, 0x00, 0xc5, 0xff, 0x9e, 0x19, 0xff, 0x9e, 0x19, 0xf0,
	0x12, 0x44, 0x8f, 0x78, 0x01, 0xff, 0x9e, 0x19, 0xff, 0x72, 0x01, 0xd9, 0xea, 0x02, 0x00, 0xcd,
	0xff, 0x9e, 0x19, 0xff, 0x9e, 0x19, 0xf0, 0xea, 0x02, 0x8f, 0x78, 0x01, 0xff, 0x9e, 0x19, 0xff,
	0x72, 0x01, 0xd9, 0xea, 0x02, 0x00, 0xd5, 0xff, 0x9e, 0x19, 0xff, 0x9e, 0x19, 0xfa, 0xf4, 0x02,
	0x8d, 0x82, 0x01, 0xff, 0x9e, 0x19, 0xff, 0x72, 0x01, 0xdb, 0xf4, 0x02, 0x00, 0xdd, 0xff, 0x9e,
	0x19, 0xff, 0x9e, 0x19, 0xf0, 0xea, 0x02, 0x8f, 0x78, 0x01, 0xff, 0x9e, 0x19, 0xff, 0x72, 0x01,
	0xcb, 0xea, 0x02, 0x8b, 0xd8, 0x41, 0x00, 0xe0, 0xff, 0x9e, 0x19, 0xff, 0x9e, 0x19, 0xf0, 0xd8,
	0x41, 0x8f, 0x78, 0x01, 0xff, 0x9e, 0x19, 0xff, 0x72, 0x01, 0xd9, 0xea, 0x02, 0x00, 0xe8, 0xff,
	0x9e, 0x19, 0xff, 0x9e, 0x19, 0xf0, 0xea, 0x02, 0x8f, 0x78, 0x01, 0xff, 0x9e, 0x19, 0xff, 0x78,
	0x01, 0xdf, 0xf0, 0x02, 0x00, 0xf0, 0xff, 0x9e, 0x19, 0xff, 0x9e, 0x19, 0xff, 0x9e, 0x19, 0xff,
	0x01, 0x00, 0xff, 0x01, 0x00, 0x88, 0x01, 0x00, 0x93, 0x9e, 0x19, 0xff, 0x9e, 0x19, 0xff, 0x2e,
	0x05, 0x83, 0x2e, 0x05, 0x8d, 0xb6, 0x03, 0xff, 0x9e, 0x19, 0xff, 0x72, 0x01, 0xdb, 0x28, 0x05,
	0x00, 0xf8, 0xff, 0x9e, 0x19, 0xff, 0x9e, 0x19, 0xf0, 0xea, 0x02, 0x8f, 0x78, 0x01, 0xff, 0x9e,
	0x19, 0xff, 0x72, 0x01, 0xcb, 0xea, 0x02, 0x8b, 0x12, 0x44, 0x00, 0xe1, 0xff, 0x9e, 0x19, 0xff,
	0x9e, 0x19, 0xf0, 0x12, 0x44, 0x8f, 0x78, 0x01, 0xff, 0x9e, 0x19, 0xff, 0x72, 0x01, 0xd9, 0xea,
	0x02, 0x00, 0xe9, 0xff, 0x9e, 0x19, 0xff, 0x9e, 0x19, 0xf0, 0xea, 0x02, 0x8f, 0x78, 0x01, 0xff,
	0x9e, 0x19, 0xff, 0x72, 0x01, 0xd9, 0xea, 0x02, 0x00, 0xf1, 0xff, 0x9e, 0x19, 0xff, 0x9e, 0x19,
	0xfa, 0xf4, 0x02, 0x8d, 0x82, 0x01, 0xff, 0x9e, 0x19, 0xff, 0x72, 0x01, 0xdb, 0xf4, 0x02, 0x00,
	0xf9, 0xff, 0x9e, 0x19, 0xff, 0x9e, 0x19, 0xf0, 0xea, 0x02, 0x8f, 0x78, 0x01, 0xff, 0x9e, 0x19,
	0xff, 0x72, 0x01, 0xcb, 0xea, 0x02, 0x8b, 0xd8, 0x41, 0x00, 0xe2, 0xff, 0x9e, 0x19, 0xff, 0x9e,
	0x19, 0xf0, 0xd8, 0x41, 0x8f, 0x78, 0x01, 0xff, 0x9e, 0x19, 0xff, 0x72, 0x01, 0xd9, 0xea, 0x02,
	0x00, 0xea, 0xff, 0x9e, 0x19, 0xff, 0x9e, 0x19, 0xf0, 0xea, 0x02, 0x8f, 0x78, 0x01, 0xff, 0x9e,
	0x19, 0xff, 0x78, 0x01, 0xdf, 0xf0, 0x02, 0x00, 0xf2, 0xff, 0x9e, 0x19, 0xff, 0x9e, 0x19, 0xff,
	0x9e, 0x19, 0xff, 0x01, 0x00, 0xff, 0x01, 0x00, 0x88, 0x01, 0x00, 0x93, 0x9e, 0x19, 0xff, 0x9e,
	0x19, 0xff, 0x2e, 0x05, 0x83, 0x2e, 0x05, 0x8d, 0xb6, 0x03, 0xff, 0x9e, 0x19, 0xff, 0x72, 0x01,
	0xdb, 0x28, 0x05, 0x00, 0xfa, 0xff, 0x9e, 0x19, 0xff, 0x9e, 0x19, 0xf0, 0xea, 0x02, 0x8f, 0x78,
	0x01, 0xff, 0x9e, 0x19, 0xff, 0x72, 0x01, 0xcb, 0xea, 0x02, 0x8b, 0x12, 0x44, 0x00, 0xe3, 0xff,
	0x9e, 0x19, 0xff, 0x9e, 0x19, 0xf0, 0x12, 0x44, 0x8f, 0x78, 0x01, 0xff, 0x9e, 0x19, 0xff, 0x72,
	0x01, 0xd9, 0xea, 0x02, 0x00, 0xeb, 0xff, 0x9e, 0x19, 0xff, 0x9e, 0x19, 0xf0, 0xea, 0x02, 0x8f,
	0x78, 0x01, 0xff, 0x9e, 0x19, 0xff, 0x72, 0x01, 0xd9, 0xea, 0x02, 0x00, 0xf3, 0xff, 0x9e, 0x19,
	0xff, 0x9e, 0x19, 0xfa, 0xf4, 0x02, 0x8d, 0x82, 0x01, 0xff, 0x9e, 0x19, 0xff, 0x72, 0x01, 0xdb,
	0xf4, 0x02, 0x00, 0xfb, 0xff, 0x9e, 0x19, 0xff, 0x9e, 0x19, 0xf0, 0xea, 0x02, 0x8f, 0x78, 0x01,
	0xff, 0x9e, 0x19, 0xff, 0x72, 0x01, 0xcb, 0xea, 0x02, 0x8b, 0xd8, 0x41, 0x00, 0xe4, 0xff, 0x9e,
	0x19, 0xff, 0x9e, 0x19, 0xf0, 0xd8, 0x41, 0x8f, 0x78, 0x01, 0xff, 0x9e, 0x19, 0xff, 0x72, 0x01,
	0xd9, 0xea, 0x02, 0x00, 0xec, 0xff, 0x9e, 0x19, 0xff, 0x9e, 0x19, 0xf0, 0xea, 0x02, 0x8f, 0x78,
	0x01, 0xff, 0x9e, 0x19, 0xff, 0x78, 0x01, 0xdf, 0xf0, 0x02, 0x00, 0xf4, 0xff, 0x9e, 0x19, 0xff,
	0x9e, 0x19, 0xff, 0x9e, 0x19, 0xff, 0x01, 0x00, 0xff, 0x01, 0x00, 0x88, 0x01, 0x00, 0x93, 0x9e,
	0x19, 0xff, 0x9e, 0x19, 0xff, 0x2e, 0x05, 0x83, 0x2e, 0x05, 0x8d, 0xb6, 0x03, 0xff, 0x9e, 0x19,
	0xff, 0x72, 0x01, 0xdb, 0x28, 0x05, 0x00, 0xfc, 0xff, 0x9e, 0x19, 0xff, 0x9e, 0x19, 0xf0, 0xea,
	0x02, 0x8f, 0x78, 0x01, 0xff, 0x9e, 0x19, 0xff, 0x72, 0x01, 0xcb, 0xea, 0x02, 0x8b, 0x12, 0x44,
	0x00, 0xe5, 0xff, 0x9e, 0x19, 0xff, 0x9e, 0x19, 0xf0, 0x12, 0x44, 0x8f, 0x78, 0x01, 0xff, 0x9e,
	0x19, 0xff, 0x72, 0x01, 0xd9, 0xea, 0x02, 0x00, 0xed, 0xff, 0x9e, 0x19, 0xff, 0x9e, 0x19, 0xf0,
	0xea, 0x02, 0x8f, 0x78, 0x01, 0xff, 0x9e, 0x19, 0xff, 0x72, 0x01, 0xd9, 0xea, 0x02, 0x00, 0xf5,
	0xff, 0x9e, 0x19, 0xff, 0x9e, 0x19, 0xfa, 0xf4, 0x02, 0x8d, 0x82, 0x01, 0xff, 0x9e, 0x19, 0xff,
	0x72, 0x01, 0xdb, 0xf4, 0x02, 0x00, 0xfd, 0xff, 0x9e, 0x19, 0x82, 0x9e, 0x19, 0x00, 0x6f, 0xff,
	0xea, 0x02, 0xea, 0xea, 0x02, 0x8f, 0x78, 0x01, 0xff, 0x9e, 0x19, 0xff, 0x72, 0x01, 0xcb, 0xea,
	0x02, 0x85, 0xe4, 0x02, 0x01, 0x00, 0x63, 0xff, 0x98, 0x19, 0x04, 0x00, 0x00, 0xb2, 0x09, 0x6c,
	0xff, 0xe4, 0x02, 0xdc, 0xe4, 0x02, 0x85, 0xde, 0x02, 0x8f, 0x72, 0x01, 0xff, 0x92, 0x19, 0xff,
	0x6c, 0x01, 0xc5, 0xde, 0x02, 0x00, 0x7f, 0x8a, 0xde, 0x02, 0x00, 0x7f, 0x8e, 0x6c, 0x01, 0xf1,
	0x8c, 0x19, 0x02, 0x1e, 0x0b, 0x75, 0xff, 0xde, 0x02, 0xd6, 0xde, 0x02, 0x85, 0x72, 0x01, 0x83,
	0xde, 0x02, 0x8f, 0x72, 0x01, 0xff, 0x86, 0x19, 0xff, 0x72, 0x01, 0xcb, 0xe4, 0x02, 0x00, 0x80,
	0x8a, 0xe4, 0x02, 0x00, 0x80, 0x8c, 0x72, 0x01, 0xfb, 0x80, 0x19, 0x00, 0x91, 0xff, 0x80, 0x19,
	0x82, 0x01, 0x00, 0xff, 0x80, 0x19, 0xff, 0x01, 0x00, 0xf9, 0x01, 0x00, 0x93, 0x80, 0x19, 0x8f,
	0x80, 0x19, 0x00, 0x70, 0xff, 0x80, 0x19, 0xde, 0x22, 0x05, 0x85, 0xb0, 0x03, 0x83, 0x22, 0x05,
	0x8d, 0xb0, 0x03, 0xff, 0x7a, 0x19, 0xff, 0x6c, 0x01, 0xc7, 0x1c, 0x05, 0x00, 0xff, 0x8a, 0x1c,
	0x05, 0x00, 0xff, 0x8e, 0x6c, 0x01, 0xf1, 0x74, 0x19, 0x01, 0x70, 0x02, 0xff, 0xde, 0x0a, 0xd7,
	0xde, 0x02, 0x85, 0x72, 0x01, 0x83, 0xde, 0x02, 0x8f, 0x72, 0x01, 0xff, 0x6e, 0x19, 0xff, 0x6c,
	0x01, 0xd4, 0xbc, 0x0d, 0x00, 0x6b, 0xff, 0x68, 0x19, 0x03, 0x00, 0x00, 0xdc, 0x03, 0xff, 0xde,
	0x02, 0xe6, 0xbc, 0x0d, 0x8e, 0x72, 0x01, 0xff, 0x62, 0x19, 0xff, 0x6c, 0x01, 0xd4, 0xbc, 0x0d,
	0x8e, 0x6c, 0x01, 0xf1, 0x5c, 0x19, 0x02, 0x48, 0x05, 0x71, 0xff, 0xde, 0x02, 0xe5, 0xbc, 0x0d,
	0x8e, 0x72, 0x01, 0xff, 0x56, 0x19, 0xff, 0x6c, 0x01, 0xd4, 0xb6, 0x0d, 0x8e, 0x6c, 0x01, 0xfb,
	0x50, 0x19, 0x01, 0xb9, 0x06, 0xff, 0xc6, 0x05, 0xe6, 0x82, 0x0b, 0x8c, 0x7c, 0x01, 0xff, 0x4a,
	0x19, 0xff, 0x6c, 0x01, 0xd6, 0x82, 0x0b, 0x8e, 0x6c, 0x01, 0xf1, 0x44, 0x19, 0x01, 0x25, 0x08,
	0xff, 0xde, 0x02, 0xe6, 0x82, 0x0b, 0x8e, 0x72, 0x01, 0xff, 0x3e, 0x19, 0xff, 0x6c, 0x01, 0xd4,
	0x82, 0x0b, 0x00, 0x73, 0xff, 0x3e, 0x19, 0x02, 0x00, 0x00, 0x91, 0xff, 0x3e, 0x19, 0xe7, 0x82,
	0x0b, 0x8e, 0x72, 0x01, 0xff, 0x3e, 0x19, 0xff, 0x6c, 0x01, 0xd4, 0x82, 0x0b, 0x8e, 0x6c, 0x01,
	0xf1, 0x3e, 0x19, 0x01, 0xfd, 0x0a, 0xff, 0x3e, 0x19, 0xe6, 0x82, 0x0b, 0x8e, 0x72, 0x01, 0xff,
	0x3e, 0x19, 0xff, 0x72, 0x01, 0xda, 0x88, 0x0b, 0x8c, 0x72, 0x01, 0xfb, 0x3e, 0x19, 0x00, 0x70,
	0xff, 0x3e, 0x19, 0x82, 0x01, 0x00, 0xff, 0x3e, 0x19, 0xff, 0x01, 0x00, 0xf9, 0x01, 0x00, 0x93,
	0x3e, 0x19, 0xff, 0x3e, 0x19, 0xff, 0xbc, 0x0d, 0x8d, 0xb0, 0x03, 0xff, 0x3e, 0x19, 0xff, 0x6c,
	0x01, 0xd6, 0xbc, 0x0d, 0x8e, 0x6c, 0x01, 0xff, 0x3e, 0x19, 0xff, 0x72, 0x01, 0xda, 0xbc, 0x0d,
	0x8e, 0x72, 0x01, 0xff, 0x3e, 0x19, 0xff, 0x6c, 0x01, 0xd4, 0xbc, 0x0d, 0x00, 0x7b, 0xff, 0x3e,
	0x19, 0xff, 0x3e, 0x19, 0xea, 0xbc, 0x0d, 0x8e, 0x72, 0x01, 0xff, 0x3e, 0x19, 0xff, 0x6c, 0x01,
	0xd4, 0xbc, 0x0d, 0x8e, 0x6c, 0x01, 0xff, 0x3e, 0x19, 0xff, 0x72, 0x01, 0xda, 0xbc, 0x0d, 0x8e,
	0x72, 0x01, 0xff, 0x3e, 0x19, 0xff, 0x6c, 0x01, 0xd4, 0xb6, 0x0d, 0x8e, 0x6c, 0x01, 0xff, 0x3e,
	0x19, 0xff, 0x7c, 0x01, 0xe4, 0x82, 0x0b, 0x8c, 0x7c, 0x01, 0xff, 0x3e, 0x19, 0xff, 0x6c, 0x01,
	0xd6, 0x82, 0x0b, 0x8e, 0x6c, 0x01, 0xf3, 0x3e, 0x19, 0x00, 0x6b, 0xff, 0xde, 0x02, 0xe5, 0x82,
	0x0b, 0x8e, 0x72, 0x01, 0xff, 0x3e, 0x19, 0xff, 0x6c, 0x01, 0xcb, 0x82, 0x0b, 0x00, 0x00, 0x82,
	0xee, 0x33, 0x01, 0xe0, 0x9c, 0xff, 0x3c, 0x19, 0x04, 0x00, 0x00, 0x90, 0x09, 0x6a, 0xff, 0xdc,
	0x02, 0xdc, 0x80, 0x0b, 0x95, 0x70, 0x01, 0xff, 0x3a, 0x19, 0xff, 0x6a, 0x01, 0xc3, 0x6a, 0x01,
	0x01, 0xff, 0xff, 0x9b, 0x6a, 0x01, 0xf1, 0x38, 0x19, 0x02, 0xfa, 0x0a, 0x73, 0xff, 0xda, 0x02,
	0xe2, 0x4a, 0x04, 0x00, 0xe8, 0x8e, 0x70, 0x01, 0xff, 0x36, 0x19, 0xff, 0x70, 0x01, 0xd7, 0x4a,
	0x04, 0x8d, 0x70, 0x01, 0xfb, 0x34, 0x19, 0x00, 0x6b, 0xff, 0x34, 0x19, 0x82, 0x01, 0x00, 0xff,
	0x34, 0x19, 0xff, 0x01, 0x00, 0xf9, 0x01, 0x00, 0x93, 0x34, 0x19, 0x8f, 0x34, 0x19, 0x00, 0x6e,
	0xff, 0x34, 0x19, 0xea, 0x8e, 0x06, 0x8d, 0xae, 0x03, 0xff, 0x32, 0x19, 0xff, 0x6a, 0x01, 0xd3,
	0x88, 0x06, 0x00, 0xf0, 0x8e, 0x6a, 0x01, 0xf1, 0x30, 0x19, 0x01, 0x6e, 0x02, 0xff, 0xd2, 0x0a,
	0xe3, 0x88, 0x06, 0x8f, 0x70, 0x01, 0xff, 0x2e, 0x19, 0xff, 0x6a, 0x01, 0xd1, 0x44, 0x04, 0x8f,
	0x6a, 0x01, 0xf1, 0x2c, 0x19, 0x01, 0xd8, 0x03, 0xff, 0xda, 0x02, 0xe3, 0x4a, 0x04, 0x00, 0xf8,
	0x8e, 0x70, 0x01, 0xff, 0x2a, 0x19, 0xff, 0x6a, 0x01, 0xd1, 0x44, 0x04, 0x8f, 0x6a, 0x01, 0xf1,
	0x28, 0x19, 0x01, 0x42, 0x05, 0xff, 0xe4, 0x45, 0xe3, 0x4a, 0x04, 0x8f, 0x70, 0x01, 0xff, 0x26,
	0x19, 0xff, 0x6a, 0x01, 0xcb, 0x44, 0x04, 0x83, 0x8a, 0x7a, 0x00, 0xe1, 0x8e, 0x6a, 0x01, 0xfb,
	0x24, 0x19, 0x01, 0xb1, 0x06, 0xff, 0xbe, 0x05, 0xdd, 0x54, 0x04, 0x93, 0x7a, 0x01, 0xff, 0x22,
	0x19, 0xff, 0x6a, 0x01, 0xcd, 0x4e, 0x04, 0x95, 0x6a, 0x01, 0xf1, 0x20, 0x19, 0x01, 0x1b, 0x08,
	0xff, 0xda, 0x02, 0xe3, 0x54, 0x04, 0x00, 0xe9, 0x8e, 0x70, 0x01, 0xff, 0x1e, 0x19, 0xff, 0x6a,
	0x01, 0xd1, 0x44, 0x04, 0x8f, 0x6a, 0x01, 0xf1, 0x1e, 0x19, 0x00, 0x85, 0xff, 0x1e, 0x19, 0xe4,
	0x4a, 0x04, 0x8f, 0x70, 0x01, 0xff, 0x1e, 0x19, 0xff, 0x6a, 0x01, 0xd1, 0x44, 0x04, 0x00, 0xf1,
	0xff, 0x1e, 0x19, 0x03, 0x38, 0x00, 0x00, 0xef, 0xff, 0x1e, 0x19, 0xe4, 0x4a, 0x04, 0x8f, 0x70,
	0x01, 0xff, 0x1e, 0x19, 0xff, 0x70, 0x01, 0xd7, 0x4a, 0x04, 0x8d, 0x70, 0x01, 0xfb, 0x1e, 0x19,
	0x00, 0x60, 0xff, 0x1e, 0x19, 0x82, 0x01, 0x00, 0xff, 0x1e, 0x19, 0xff, 0x01, 0x00, 0xf9, 0x01,
	0x00, 0x93, 0x1e, 0x19, 0xff, 0x1e, 0x19, 0xfd, 0x8e, 0x06, 0x00, 0xf9, 0xff, 0x1e, 0x19, 0xff,
	0x18, 0x05, 0xe2, 0x88, 0x06, 0x8f, 0x6a, 0x01, 0xff, 0x1e, 0x19, 0xff, 0x70, 0x01, 0xd7, 0x88,
	0x06, 0x8f, 0x70, 0x01, 0xff, 0x1e, 0x19, 0xff, 0x6a, 0x01, 0xcb, 0x44, 0x04, 0x83, 0x08, 0x80,
	0x00, 0xe2, 0xff, 0x1e, 0x19, 0xff, 0x1e, 0x19, 0xe2, 0x4a, 0x04, 0x95, 0x70, 0x01, 0xff, 0x1e,
	0x19, 0xff, 0x6a, 0x01, 0xcb, 0x44, 0x04, 0x95, 0x6a, 0x01, 0xff, 0x1e, 0x19, 0xff, 0x70, 0x01,
	0xd7, 0x4a, 0x04, 0x00, 0xea, 0xff, 0x1e, 0x19, 0xff, 0xda, 0x02, 0xe2, 0x44, 0x04, 0x8f, 0x6a,
	0x01, 0xff, 0x1e, 0x19, 0xff, 0x7a, 0x01, 0xe1, 0x54, 0x04, 0x8d, 0x7a, 0x01, 0xff, 0x1e, 0x19,
	0xff, 0x6a, 0x01, 0xd3, 0x4e, 0x04, 0x00, 0xf2, 0xff, 0x1e, 0x19, 0xff, 0x1e, 0x19, 0xe8, 0x54,
	0x04, 0x8f, 0x70, 0x01, 0xff, 0x1e, 0x19, 0xff, 0x6a, 0x01, 0xd1, 0x44, 0x04, 0x8f, 0x6a, 0x01,
	0xff, 0x1e, 0x19, 0xff, 0x70, 0x01, 0xd7, 0x4a, 0x04, 0x00, 0xfa, 0xff, 0x1e, 0x19, 0xff, 0xda,
	0x02, 0xe2, 0x44, 0x04, 0x8f, 0x6a, 0x01, 0xff, 0x1e, 0x19, 0xff, 0x70, 0x01, 0xd7, 0x4a, 0x04,
	0x8f, 0x70, 0x01, 0xff, 0x1e, 0x19, 0xff, 0x70, 0x01, 0xd1, 0x4a, 0x04, 0x83, 0x82, 0x85, 0x00,
	0xe3, 0xff, 0x1e, 0x19, 0xff, 0x1e, 0x19, 0xff, 0x1e, 0x19, 0xff, 0x01, 0x00, 0xff, 0x01, 0x00,
	0x88, 0x01, 0x00, 0x93, 0x1e, 0x19, 0xff, 0x1e, 0x19, 0xf7, 0x8e, 0x06, 0x93, 0xae, 0x03, 0xff,
	0x1e, 0x19, 0xff, 0x6a, 0x01, 0xcd, 0x88, 0x06, 0x95, 0x6a, 0x01, 0xff, 0x1e, 0x19, 0xff, 0x70,
	0x01, 0xd7, 0x88, 0x06, 0x00, 0xeb, 0xff, 0x1e, 0x19, 0xff, 0xda, 0x02, 0xe2, 0x44, 0x04, 0x8f,
	0x6a, 0x01, 0xff, 0x1e, 0x19, 0xff, 0x70, 0x01, 0xd7, 0x4a, 0x04, 0x8f, 0x70, 0x01, 0xff, 0x1e,
	0x19, 0xff, 0x6a, 0x01, 0xd1, 0x44, 0x04, 0x00, 0xf3, 0xff, 0x1e, 0x19, 0xff, 0x1e, 0x19, 0xe8,
	0x4a, 0x04, 0x8f, 0x70, 0x01, 0xff, 0x1e, 0x19, 0xff, 0x6a, 0x01, 0xd1, 0x44, 0x04, 0x8f, 0x6a,
	0x01, 0xff, 0x1e, 0x19, 0xff, 0x7a, 0x01, 0xe1, 0x54, 0x04, 0x00, 0xfb, 0xff, 0x1e, 0x19, 0xff,
	0xe4, 0x02, 0xe2, 0x4e, 0x04, 0x8f, 0x6a, 0x01, 0xff, 0x1e, 0x19, 0xff, 0x70, 0x01, 0xd7, 0x54,
	0x04, 0x8f, 0x70, 0x01, 0xff, 0x1e, 0x19, 0xff, 0x6a, 0x01, 0xcb, 0x44, 0x04, 0x83, 0xfa, 0x8a,
	0x00, 0xe4, 0xff, 0x1e, 0x19, 0xff, 0x1e, 0x19, 0xe2, 0x4a, 0x04, 0x95, 0x70, 0x01, 0xff, 0x1e,
	0x19, 0xff, 0x6a, 0x01, 0xcb, 0x44, 0x04, 0x95, 0x6a, 0x01, 0xff, 0x1e, 0x19, 0xff, 0x70, 0x01,
	0xd7, 0x4a, 0x04, 0x00, 0xec, 0xff, 0x1e, 0x19, 0xff, 0x1e, 0x19, 0xe8, 0x4a, 0x04, 0x8d, 0x70,
	0x01, 0xff, 0x1e, 0x19, 0xff, 0x1e, 0x19, 0xff, 0x1e, 0x19, 0xff, 0x01, 0x00, 0xfb, 0x01, 0x00,
	0x93, 0x1e, 0x19, 0xff, 0x1e, 0x19, 0xfd, 0x8e, 0x06, 0x8d, 0xae, 0x03, 0xff, 0x1e, 0x19, 0xff,
	0x6a, 0x01, 0xd3, 0x88, 0x06, 0x00, 0xf4, 0xff, 0x1e, 0x19, 0xff, 0x1e, 0x19, 0xe8, 0x88, 0x06,
	0x8f, 0x70, 0x01, 0xff, 0x1e, 0x19, 0xff, 0x6a, 0x01, 0xd1, 0x44, 0x04, 0x8f, 0x6a, 0x01, 0xff,
	0x1e, 0x19, 0xff, 0x70, 0x01, 0xd7, 0x4a, 0x04, 0x00, 0xfc, 0xff, 0x1e, 0x19, 0xff, 0xda, 0x02,
	0xe2, 0x44, 0x04, 0x8f, 0x6a, 0x01, 0xff, 0x1e, 0x19, 0xff, 0x70, 0x01, 0xd7, 0x4a, 0x04, 0x8f,
	0x70, 0x01, 0xff, 0x1e, 0x19, 0xff, 0x6a, 0x01, 0xcb, 0x44, 0x04, 0x83, 0xa8, 0x92, 0x00, 0xe5,
	0xff, 0x1e, 0x19, 0xff, 0x1e, 0x19, 0xec, 0x54, 0x04, 0x93, 0x7a, 0x01, 0xff, 0x1e, 0x19, 0xff,
	0x6a, 0x01, 0xcd, 0x4e, 0x04, 0x95, 0x6a, 0x01, 0xff, 0x1e, 0x19, 0xff, 0x70, 0x01, 0xd7, 0x54,
	0x04, 0x00, 0xed, 0xff, 0x1e, 0x19, 0xff, 0xda, 0x02, 0xe2, 0x44, 0x04, 0x8f, 0x6a, 0x01, 0xff,
	0x1e, 0x19, 0xff, 0x70, 0x01, 0xd7, 0x4a, 0x04, 0x8f, 0x70, 0x01, 0xff, 0x1e, 0x19, 0xff, 0x6a,
	0x01, 0xd1, 0x44, 0x04, 0x00, 0xf5, 0xff, 0x1e, 0x19, 0xff, 0x1e, 0x19, 0xe8, 0x4a, 0x04, 0x8f,
	0x70, 0x01, 0xff, 0x1e, 0x19, 0xff, 0x70, 0x01, 0xd7, 0x4a, 0x04, 0x8d, 0x70, 0x01, 0xff, 0x1e,
	0x19, 0xff, 0x1e, 0x19, 0xff, 0x1e, 0x19, 0xff, 0x01, 0x00, 0xfb, 0x01, 0x00, 0x93, 0x1e, 0x19,
	0xff, 0x1e, 0x19, 0xfd, 0x8e, 0x06, 0x00, 0xfd, 0xff, 0x1e, 0x19, 0xff, 0x18, 0x05, 0xe2, 0x88,
	0x06, 0x8f, 0x6a, 0x01, 0xff, 0x1e, 0x19, 0xff, 0x70, 0x01, 0xd7, 0x88, 0x06, 0x8f, 0x70, 0x01,
	0xff, 0x1e, 0x19, 0xff, 0x6a, 0x01, 0xcb, 0x44, 0x04, 0x83, 0x2e, 0x60, 0x01, 0xe0, 0x9d, 0xff,
	0x1e, 0x19, 0xff, 0x1e, 0x19, 0xe7, 0x0e, 0x63, 0x8f, 0x70, 0x01, 0xff, 0x1e, 0x19, 0xff, 0x6a,
	0x01, 0xcb, 0x44, 0x04, 0x95, 0x6a, 0x01, 0xff, 0x1e, 0x19, 0xff, 0x70, 0x01, 0xd7, 0x4a, 0x04,
	0x00, 0xe8, 0x8e, 0x70, 0x01, 0xff, 0x1e, 0x19, 0xff, 0x6a, 0x01, 0xd1, 0x44, 0x04, 0x8f, 0x6a,
	0x01, 0xff, 0x1e, 0x19, 0xff, 0x7a, 0x01, 0xe1, 0x54, 0x04, 0x8d, 0x7a, 0x01, 0xff, 0x1e, 0x19,
	0xff, 0x6a, 0x01, 0xd3, 0x4e, 0x04, 0x00, 0xf0, 0x8e, 0x6a, 0x01, 0xff, 0x1e, 0x19, 0xff, 0x70,
	0x01, 0xd7, 0x54, 0x04, 0x8f, 0x70, 0x01, 0xff, 0x1e, 0x19, 0xff, 0x6a, 0x01, 0xd1, 0x44, 0x04,
	0x8f, 0x6a, 0x01, 0xff, 0x1e, 0x19, 0xff, 0x70, 0x01, 0xd7, 0x4a, 0x04, 0x00, 0xf8, 0x8e, 0x70,
	0x01, 0xff, 0x1e, 0x19, 0xff, 0x6a, 0x01, 0xd1, 0x44, 0x04, 0x8f, 0x6a, 0x01, 0xff, 0x1e, 0x19,
	0xff, 0x70, 0x01, 0xd7, 0x4a, 0x04, 0x8f, 0x70, 0x01, 0xff, 0x1e, 0x19, 0xff, 0x70, 0x01, 0xd7,
	0xca, 0x60, 0x00, 0xe1, 0x8c, 0x70, 0x01, 0xff, 0x1e, 0x19, 0xff, 0x1e, 0x19, 0xff, 0x1e, 0x19,
	0xff, 0x01, 0x00, 0xfb, 0x01, 0x00, 0x93, 0x1e, 0x19, 0xff, 0x1e, 0x19, 0xfd, 0x0e, 0x63, 0x8d,
	0xae, 0x03, 0xff, 0x1e, 0x19, 0xff, 0x6a, 0x01, 0xcd, 0x88, 0x06, 0x95, 0x6a, 0x01, 0xff, 0x1e,
	0x19, 0xff, 0x70, 0x01, 0xd7, 0x88, 0x06, 0x00, 0xe9, 0x8e, 0x70, 0x01, 0xff, 0x1e, 0x19, 0xff,
	0x6a, 0x01, 0xd1, 0x44, 0x04, 0x8f, 0x6a, 0x01, 0xff, 0x1e, 0x19, 0xff, 0x70, 0x01, 0xd7, 0x4a,
	0x04, 0x8f, 0x70, 0x01, 0xff, 0x1e, 0x19, 0xff, 0x6a, 0x01, 0xd1, 0x44, 0x04, 0x00, 0xf1, 0xff,
	0x1e, 0x19, 0xff, 0x1e, 0x19, 0xe8, 0x4a, 0x04, 0x8f, 0x70, 0x01, 0xff, 0x1e, 0x19, 0xff, 0x6a,
	0x01, 0xd1, 0x44, 0x04, 0x8f, 0x6a, 0x01, 0xff, 0x1e, 0x19, 0xff, 0x7a, 0x01, 0xe1, 0x54, 0x04,
	0x00, 0xf9, 0xff, 0x1e, 0x19, 0xff, 0xe4, 0x02, 0xe2, 0x4e, 0x04, 0x8f, 0x6a, 0x01, 0xff, 0x1e,
	0x19, 0xff, 0x70, 0x01, 0xd7, 0x54, 0x04, 0x8f, 0x70, 0x01, 0xff, 0x1e, 0x19, 0xff, 0x6a, 0x01,
	0xcb, 0x44, 0x04, 0x84, 0x10, 0x6d, 0xff, 0x1e, 0x19, 0xff, 0x1e, 0x19, 0xe8, 0x0e, 0x63, 0x8f,
	0x70, 0x01, 0xff, 0x1e, 0x19, 0xff, 0x6a, 0x01, 0xcb, 0x44, 0x04, 0x95, 0x6a, 0x01, 0xff, 0x1e,
	0x19, 0xff, 0x70, 0x01, 0xd7, 0x4a, 0x04, 0x00, 0xea, 0xff, 0x1e, 0x19, 0xff, 0x1e, 0x19, 0xe8,
	0x4a, 0x04, 0x8d, 0x70, 0x01, 0xff, 0x1e, 0x19, 0xff, 0x1e, 0x19, 0xff, 0x1e, 0x19, 0xff, 0x01,
	0x00, 0xfb, 0x01, 0x00, 0x93, 0x1e, 0x19, 0xff, 0x1e, 0x19, 0xfd, 0x8e, 0x06, 0x8d, 0xae, 0x03,
	0xff, 0x1e, 0x19, 0xff, 0x6a, 0x01, 0xd3, 0x88, 0x06, 0x00, 0xf2, 0xff, 0x1e, 0x19, 0xff, 0x1e,
	0x19, 0xe8, 0x88, 0x06, 0x8f, 0x70, 0x01, 0xff, 0x1e, 0x19, 0xff, 0x6a, 0x01, 0xd1, 0x44, 0x04,
	0x8f, 0x6a, 0x01, 0xff, 0x1e, 0x19, 0xff, 0x70, 0x01, 0xd7, 0x4a, 0x04, 0x00, 0xfa, 0xff, 0x1e,
	0x19, 0xff, 0xda, 0x02, 0xe2, 0x44, 0x04, 0x8f, 0x6a, 0x01, 0xff, 0x1e, 0x19, 0xff, 0x70, 0x01,
	0xd7, 0x4a, 0x04, 0x8f, 0x70, 0x01, 0xff, 0x1e, 0x19, 0xff, 0x6a, 0x01, 0xcb, 0x44, 0x04, 0x84,
	0x06, 0x6d, 0xff, 0x1e, 0x19, 0xff, 0x1e, 0x19, 0xf2, 0x0e, 0x63, 0x8d, 0x7a, 0x01, 0xff, 0x1e,
	0x19, 0xff, 0x6a, 0x01, 0xcd, 0x4e, 0x04, 0x95, 0x6a, 0x01, 0xff, 0x1e, 0x19, 0xff, 0x70, 0x01,
	0xd7, 0x54, 0x04, 0x00, 0xeb, 0xff, 0x1e, 0x19, 0xff, 0xda, 0x02, 0xe2, 0x44, 0x04, 0x8f, 0x6a,
	0x01, 0xff, 0x1e, 0x19, 0xff, 0x70, 0x01, 0xd7, 0x4a, 0x04, 0x8f, 0x70, 0x01, 0xff, 0x1e, 0x19,
	0xff, 0x6a, 0x01, 0xd1, 0x44, 0x04, 0x00, 0xf3, 0xff, 0x1e, 0x19, 0xff, 0x1e, 0x19, 0xe8, 0x4a,
	0x04, 0x8f, 0x70, 0x01, 0xff, 0x1e, 0x19, 0xff, 0x70, 0x01, 0xd7, 0x4a, 0x04, 0x8d, 0x70, 0x01,
	0xff, 0x1e, 0x19, 0xff, 0x1e, 0x19, 0xff, 0x1e, 0x19, 0xff, 0x01, 0x00, 0xfb, 0x01, 0x00, 0x93,
	0x1e, 0x19, 0xff, 0x1e, 0x19, 0xfd, 0x8e, 0x06, 0x00, 0xfb, 0xff, 0x1e, 0x19, 0xff, 0x18, 0x05,
	0xe2, 0x88, 0x06, 0x8f, 0x6a, 0x01, 0xff, 0x1e, 0x19, 0xff, 0x70, 0x01, 0xd7, 0x88, 0x06, 0x8f,
	0x70, 0x01, 0xff, 0x1e, 0x19, 0xff, 0x6a, 0x01, 0xcb, 0x44, 0x04, 0x84, 0x4a, 0x6f, 0xff, 0x1e,
	0x19, 0xff, 0x1e, 0x19, 0xe8, 0x0e, 0x63, 0x8f, 0x70, 0x01, 0xff, 0x1e, 0x19, 0xff, 0x6a, 0x01,
	0xcb, 0x44, 0x04, 0x95, 0x6a, 0x01, 0xff, 0x1e, 0x19, 0xff, 0x70, 0x01, 0xd7, 0x4a, 0x04, 0x00,
	0xec, 0xff, 0x1e, 0x19, 0xff, 0xda, 0x02, 0xe2, 0x44, 0x04, 0x8f, 0x6a, 0x01, 0xff, 0x1e, 0x19,
	0xff, 0x7a, 0x01, 0xe1, 0x54, 0x04, 0x8d, 0x7a, 0x01, 0xff, 0x1e, 0x19, 0xff, 0x6a, 0x01, 0xd3,
	0x4e, 0x04, 0x00, 0xf4, 0xff, 0x1e, 0x19, 0xff, 0x1e, 0x19, 0xe8, 0x54, 0x04, 0x8f, 0x70, 0x01,
	0xff, 0x1e, 0x19, 0xff, 0x6a, 0x01, 0xd1, 0x44, 0x04, 0x8f, 0x6a, 0x01, 0xff, 0x1e, 0x19, 0xff,
	0x70, 0x01, 0xd7, 0x4a, 0x04, 0x00, 0xfc, 0xff, 0x1e, 0x19, 0xff, 0xda, 0x02, 0xe2, 0x44, 0x04,
	0x8f, 0x6a, 0x01, 0xff, 0x1e, 0x19, 0xff, 0x70, 0x01, 0xd7, 0x4a, 0x04, 0x8f, 0x70, 0x01, 0xff,
	0x1e, 0x19, 0xff, 0x70, 0x01, 0xd7, 0xca, 0x60, 0x00, 0xe5, 0xff, 0x1e, 0x19, 0xff, 0x1e, 0x19,
	0xff, 0x1e, 0x19, 0xff, 0x01, 0x00, 0xff, 0x01, 0x00, 0x88, 0x01, 0x00, 0x93, 0x1e, 0x19, 0xff,
	0x1e, 0x19, 0xfd, 0x0e, 0x63, 0x8d, 0xae, 0x03, 0xff, 0x1e, 0x19, 0xff, 0x6a, 0x01, 0xcd, 0x88,
	0x06, 0x95, 0x6a, 0x01, 0xff, 0x1e, 0x19, 0xff, 0x70, 0x01, 0xd7, 0x88, 0x06, 0x00, 0xed, 0xff,
	0x1e, 0x19, 0xff, 0xda, 0x02, 0xe2, 0x44, 0x04, 0x8f, 0x6a, 0x01, 0xff, 0x1e, 0x19, 0xff, 0x70,
	0x01, 0xd7, 0x4a, 0x04, 0x8f, 0x70, 0x01, 0xff, 0x1e, 0x19, 0xff, 0x6a, 0x01, 0xd1, 0x44, 0x04,
	0x00, 0xf5, 0xff, 0x1e, 0x19, 0xff, 0x1e, 0x19, 0xe8, 0x4a, 0x04, 0x8f, 0x70, 0x01, 0xff, 0x1e,
	0x19, 0xff, 0x6a, 0x01, 0xd1, 0x44, 0x04, 0x8f, 0x6a, 0x01, 0xff, 0x1e, 0x19, 0xff, 0x7a, 0x01,
	0xe1, 0x54, 0x04, 0x00, 0xfd, 0xff, 0x1e, 0x19, 0xff, 0xe4, 0x02, 0xe2, 0x4e, 0x04, 0x8f, 0x6a,
	0x01, 0xff, 0x1e, 0x19, 0xff, 0x70, 0x01, 0xd7, 0x54, 0x04, 0x8f, 0x70, 0x01, 0xff, 0x1e, 0x19,
	0xff, 0x6a, 0x01, 0xcb, 0xda, 0x02, 0x83, 0x2e, 0x60, 0x01, 0x64, 0x88, 0xff, 0x1e, 0x19, 0xff,
	0x1e, 0x19, 0xe8, 0x70, 0x01, 0x00, 0x89, 0xff, 0x1e, 0x19, 0xff, 0x6a, 0x01, 0xe2, 0x6a, 0x01,
	0x00, 0x8a, 0xff, 0x1e, 0x19, 0xff, 0x1e, 0x19, 0xe8, 0x70, 0x01, 0x00, 0x8b, 0xff, 0x1e, 0x19,
	0xff, 0x1e, 0x19, 0xe7, 0x70, 0x01, 0x00, 0x65, 0x8c, 0xba, 0x05, 0xff, 0x1e, 0x19, 0xff, 0x1e,
	0x19, 0xff, 0x1e, 0x19, 0xff, 0x01, 0x00, 0xfb, 0x01, 0x00, 0x93, 0x1e, 0x19, 0xff, 0x1e, 0x19,
	0xfe, 0xae, 0x03, 0x8c, 0xf8, 0x07, 0xff, 0x1e, 0x19, 0xff, 0x6a, 0x01, 0xd4, 0x6a, 0x01, 0x8c,
	0xf8, 0x07, 0xff, 0x1e, 0x19, 0xff, 0x70, 0x01, 0xda, 0x70, 0x01, 0x8c, 0xf8, 0x07, 0xff, 0x1e,
	0x19, 0xff, 0x6a, 0x01, 0xd3, 0x6a, 0x01, 0x00, 0x66, 0x8c, 0xf2, 0x07, 0xff, 0x1e, 0x19, 0xff,
	0x70, 0x01, 0xda, 0x70, 0x01, 0x8e, 0xb4, 0x05, 0xff, 0x1e, 0x19, 0xff, 0x6a, 0x01, 0xd2, 0x6a,
	0x01, 0x8e, 0xb4, 0x05, 0xff, 0x1e, 0x19, 0xff, 0x70, 0x01, 0xd8, 0x70, 0x01, 0x8e, 0xb4, 0x05,
	0xff, 0x1e, 0x19, 0xff, 0x6a, 0x01, 0xd1, 0x6a, 0x01, 0x00, 0x67, 0x8e, 0xb4, 0x05, 0xff, 0x1e,
	0x19, 0xff, 0x7a, 0x01, 0xe2, 0x7a, 0x01, 0x8e, 0x6a, 0x13, 0xff, 0x1e, 0x19, 0xff, 0x6a, 0x01,
	0xd2, 0x6a, 0x01, 0x8e, 0x6a, 0x13, 0xff, 0x1e, 0x19, 0xff, 0x70, 0x01, 0xd8, 0x70, 0x01, 0x8e,
	0x6a, 0x13, 0xff, 0x1e, 0x19, 0xff, 0x6a, 0x01, 0xcb, 0x6a, 0x01, 0x83, 0xf2, 0x2d, 0x00, 0x6c,
	0xff, 0x1e, 0x19, 0xff, 0x1e, 0x19, 0xe9, 0x70, 0x01, 0xff, 0x1e, 0x19, 0xff, 0xda, 0x02, 0xe3,
	0x6a, 0x01, 0xff, 0x1e, 0x19, 0xff, 0x1e, 0x19, 0xe9, 0x70, 0x01, 0xff, 0x1e, 0x19, 0xff, 0x1e,
	0x19, 0xe8, 0x70, 0x01, 0x00, 0x6d, 0xff, 0x1e, 0x19, 0xff, 0x1e, 0x19, 0xff, 0x1e, 0x19, 0xff,
	0x01, 0x00, 0xff, 0x01, 0x00, 0x88, 0x01, 0x00, 0x93, 0x1e, 0x19, 0xff, 0x1e, 0x19, 0xfe, 0xae,
	0x03, 0xff, 0x1e, 0x19, 0xff, 0x18, 0x05, 0xe3, 0x6a, 0x01, 0xff, 0x1e, 0x19, 0xff, 0x1e, 0x19,
	0xe9, 0x70, 0x01, 0xff, 0x1e, 0x19, 0xff, 0xda, 0x02, 0xe2, 0x6a, 0x01, 0x00, 0x6e, 0xff, 0x1e,
	0x19, 0xff, 0x1e, 0x19, 0xe9, 0x70, 0x01, 0xff, 0x1e, 0x19, 0xff, 0xda, 0x02, 0xe3, 0x6a, 0x01,
	0xff, 0x1e, 0x19, 0xff, 0x1e, 0x19, 0xe9, 0x70, 0x01, 0xff, 0x1e, 0x19, 0xff, 0xda, 0x02, 0xe2,
	0x6a, 0x01, 0x00, 0x6f, 0xff, 0x1e, 0x19, 0xff, 0x1e, 0x19, 0xf3, 0x7a, 0x01, 0xff, 0x1e, 0x19,
	0xff, 0xe4, 0x02, 0xe3, 0x6a, 0x01, 0xff, 0x1e, 0x19, 0xff, 0x1e, 0x19, 0xe9, 0x70, 0x01, 0xff,
	0x1e, 0x19, 0xff, 0xda, 0x02, 0xdc, 0x6a, 0x01, 0x83, 0xa0, 0x6b, 0x00, 0x74, 0xff, 0x1e, 0x19,
	0xff, 0x1e, 0x19, 0xe9, 0x70, 0x01, 0xff, 0x1e, 0x19, 0xff, 0xda, 0x02, 0xe3, 0x6a, 0x01, 0xff,
	0x1e, 0x19, 0xff, 0x1e, 0x19, 0xe9, 0x70, 0x01, 0xff, 0x1e, 0x19, 0xff, 0x1e, 0x19, 0xe8, 0x70,
	0x01, 0x00, 0x75, 0xff, 0x1e, 0x19, 0xff, 0x1e, 0x19, 0xff, 0x1e, 0x19, 0xff, 0x01, 0x00, 0xff,
	0x01, 0x00, 0x88, 0x01, 0x00, 0x93, 0x1e, 0x19, 0xff, 0x1e, 0x19, 0xfe, 0xae, 0x03, 0xff, 0x1e,
	0x19, 0xff, 0x18, 0x05, 0xe3, 0x6a, 0x01, 0xff, 0x1e, 0x19, 0xff, 0x1e, 0x19, 0xe9, 0x70, 0x01,
	0xff, 0x1e, 0x19, 0xff, 0xda, 0x02, 0xe2, 0x6a, 0x01, 0x00, 0x76, 0xff, 0x1e, 0x19, 0xff, 0x1e,
	0x19, 0xe9, 0x70, 0x01, 0xff, 0x1e, 0x19, 0xff, 0xda, 0x02, 0xe3, 0x6a, 0x01, 0xff, 0x1e, 0x19,
	0xff, 0x1e, 0x19, 0xe9, 0x70, 0x01, 0xff, 0x1e, 0x19, 0xff, 0xda, 0x02, 0xe2, 0x6a, 0x01, 0x00,
	0x77, 0xff, 0x1e, 0x19, 0xff, 0x1e, 0x19, 0xf3, 0x7a, 0x01, 0xff, 0x1e, 0x19, 0xff, 0xe4, 0x02,
	0xe3, 0x6a, 0x01, 0xff, 0x1e, 0x19, 0xff, 0x1e, 0x19, 0xe9, 0x70, 0x01, 0xff, 0x1e, 0x19, 0xff,
	0xda, 0x02, 0xdc, 0x6a, 0x01, 0x83, 0xc4, 0x4c, 0x00, 0x7c, 0xff, 0x1e, 0x19, 0xff, 0x1e, 0x19,
	0xe9, 0x70, 0x01, 0xff, 0x1e, 0x19, 0xff, 0xda, 0x02, 0xe3, 0x6a, 0x01, 0xff, 0x1e, 0x19, 0xff,
	0x1e, 0x19, 0xe9, 0x70, 0x01, 0xff, 0x1e, 0x19, 0xff, 0x1e, 0x19, 0xe8, 0x70, 0x01, 0x00, 0x7d,
	0xff, 0x1e, 0x19, 0xff, 0x1e, 0x19, 0xff, 0x1e, 0x19, 0xff, 0x01, 0x00, 0xff, 0x01, 0x00, 0x88,
	0x01, 0x00, 0x93, 0x1e, 0x19, 0xff, 0x1e, 0x19, 0xfe, 0xae, 0x03, 0xff, 0x1e, 0x19, 0xff, 0x18,
	0x05, 0xe3, 0x6a, 0x01, 0xff, 0x1e, 0x19, 0xff, 0x1e, 0x19, 0xe9, 0x70, 0x01, 0xff, 0x1e, 0x19,
	0xff, 0xda, 0x02, 0xe2, 0x6a, 0x01, 0x00, 0x7e, 0xff, 0x1e, 0x19, 0xff, 0x1e, 0x19, 0xe9, 0x70,
	0x01, 0xff, 0x1e, 0x19, 0xff, 0xda, 0x02, 0xe3, 0x6a, 0x01, 0xff, 0x1e, 0x19, 0xff, 0x1e, 0x19,
	0xe9, 0x70, 0x01, 0xff, 0x1e, 0x19, 0xff, 0xda, 0x02, 0xe2, 0x6a, 0x01, 0x00, 0x7f, 0xff, 0x1e,
	0x19, 0xff, 0x1e, 0x19, 0xf3, 0x7a, 0x01, 0xff, 0x1e, 0x19, 0xff, 0xe4, 0x02, 0xe3, 0x6a, 0x01,
	0xff, 0x1e, 0x19, 0x82, 0x1e, 0x19, 0x00, 0xbd, 0xff, 0xda, 0x02, 0xe3, 0x70, 0x01, 0xff, 0x1e,
	0x19, 0xff, 0xda, 0x02, 0x04, 0x5e, 0x11, 0x00, 0x00, 0x04, 0xff, 0xbc, 0x18, 0xff, 0x08, 0x01,
	0x02, 0x11, 0x00, 0x01, 0x8e, 0x08, 0x01, 0xef, 0x54, 0x18, 0x04, 0x00, 0x00, 0xd8, 0x09, 0x95,
	0xff, 0x80, 0x03, 0x03, 0x5e, 0x11, 0x00, 0x7f, 0x8e, 0x0e, 0x01, 0xef, 0xf8, 0x17, 0xff, 0x08,
	0x01, 0x02, 0x11, 0x00, 0x80, 0x8e, 0x08, 0x01, 0xff, 0x90, 0x17, 0xf7, 0x0e, 0x01, 0x00, 0xff,
	0x8c, 0x0e, 0x01, 0xfb, 0x2e, 0x17, 0x02, 0x6b, 0x0b, 0x00, 0xff, 0x2e, 0x17, 0x00, 0x00, 0xff,
	0x2e, 0x17, 0xff, 0x01, 0x00, 0xfb, 0x01, 0x00, 0x93, 0x2e, 0x17, 0x8f, 0x2e, 0x17, 0x00, 0x90,
	0xff, 0x2e, 0x17, 0x89, 0x78, 0x07, 0x00, 0x02, 0xff, 0xcc, 0x16, 0xff, 0x08, 0x01, 0x02, 0x11,
	0x00, 0x01, 0x8e, 0x08, 0x01, 0xef, 0x6a, 0x16, 0xff, 0x08, 0x01, 0x02, 0x11, 0x00, 0xff, 0x8e,
	0x08, 0x01, 0xef, 0x02, 0x16, 0x04, 0x00, 0x00, 0x90, 0x02, 0x8c, 0xff, 0x80, 0x08, 0x81, 0x1e,
	0x03, 0x00, 0x03, 0xff, 0xa6, 0x15, 0xff, 0x08, 0x01, 0x02, 0x11, 0x00, 0xff, 0x8e, 0x08, 0x01,
	0xff, 0x3e, 0x15, 0xf2, 0x10, 0x02, 0x00, 0x0a, 0xff, 0xdc, 0x14, 0x04, 0x00, 0x00, 0x1c, 0x04,
	0x91, 0xff, 0x1e, 0x03, 0x81, 0x3a, 0x00, 0x8e, 0x0e, 0x01, 0xff, 0x7a, 0x14, 0xf2, 0x1e, 0x03,
	0x8e, 0x08, 0x01, 0xf9, 0x18, 0x14, 0xff, 0x12, 0x01, 0x03, 0x11, 0x00, 0x00, 0x0b, 0xff, 0xb0,
	0x13, 0x03, 0x00, 0x00, 0xad, 0x05, 0xff, 0x46, 0x06, 0x82, 0x20, 0x02, 0x8e, 0x0e, 0x01, 0xef,
	0x54, 0x13, 0xff, 0x08, 0x01, 0x03, 0x11, 0x00, 0x80, 0xdb, 0xff, 0xec, 0x12, 0xff, 0x08, 0x01,
	0x02, 0x11, 0x00, 0x81, 0x8e, 0x08, 0x01, 0xf1, 0xa8, 0x2b, 0x02, 0x39, 0x07, 0x8f, 0xff, 0x1e,
	0x03, 0x03, 0x5e, 0x11, 0x00, 0xbf, 0x8e, 0x0e, 0x01, 0xff, 0x46, 0x2b, 0xf1, 0x08, 0x01, 0x00,
	0xc0, 0x8e, 0x08, 0x01, 0xff, 0xec, 0x12, 0xf2, 0x2e, 0x05, 0x8e, 0x08, 0x01, 0xf5, 0xec, 0x12,
	0x05, 0x00, 0x00, 0xc8, 0x08, 0x8a, 0x00, 0xff, 0x14, 0x01, 0x03, 0x11, 0x00, 0x80, 0xdf, 0xff,
	0xf2, 0x12, 0x87, 0xf2, 0x12, 0x00, 0x50, 0x81, 0x74, 0x12, 0xff, 0xf2, 0x12, 0xff, 0xf2, 0x12,
	0xff, 0x01, 0x00, 0xfa, 0x01, 0x00, 0x93, 0xf2, 0x12, 0xff, 0xf2, 0x12, 0x9c, 0x7e, 0x07, 0x8c,
	0x4c, 0x03, 0xff, 0xf2, 0x12, 0xf4, 0x78, 0x07, 0x8e, 0x08, 0x01, 0xff, 0xf2, 0x12, 0xf2, 0x78,
	0x07, 0x8e, 0x08, 0x01, 0xf3, 0xf2, 0x12, 0x00, 0x3a, 0xff, 0x8e, 0x09, 0x81, 0x7e, 0x07, 0x8e,
	0x0e, 0x01, 0xff, 0xf2, 0x12, 0xff, 0xfa, 0x1f, 0xbf, 0xfa, 0x1f, 0x15, 0x8f, 0x4b, 0x00, 0x5e,
	0x01, 0xa0, 0x01, 0x5e, 0x12, 0xb1, 0x04, 0x5e, 0x45, 0xc4, 0x0e, 0x5e, 0x55, 0x05, 0x8f, 0x4b,
	0x80, 0x4b, 0xff, 0x56, 0x13, 0x04, 0x00, 0x00, 0xca, 0x03, 0x6c, 0xff, 0x7a, 0x02, 0xe4, 0x72,
	0x01, 0x00, 0x81, 0x8e, 0x72, 0x01, 0xef, 0xc0, 0x13, 0xff, 0x6c, 0x01, 0xe3, 0x6c, 0x01, 0x00,
	0x82, 0x8e, 0x6c, 0x01, 0xef, 0x1e, 0x14, 0x04, 0x00, 0x00, 0x36, 0x05, 0x71, 0xff, 0xde, 0x02,
	0xe4, 0x72, 0x01, 0x00, 0x83, 0x8e, 0x72, 0x01, 0xff, 0x88, 0x14, 0xff, 0x76, 0x01, 0xdd, 0x76,
	0x01, 0x00, 0x84, 0x8c, 0x76, 0x01, 0xf3, 0xec, 0x14, 0x01, 0xa7, 0x06, 0xff, 0xc6, 0x05, 0xe5,
	0x72, 0x01, 0x00, 0x85, 0x8e, 0x72, 0x01, 0xff, 0x50, 0x15, 0xff, 0x6c, 0x01, 0xd3, 0x6c, 0x01,
	0x00, 0x86, 0x8e, 0x6c, 0x01, 0xef, 0xb4, 0x15, 0x03, 0x00, 0x00, 0x13, 0x08, 0xff, 0xde, 0x02,
	0xe5, 0x72, 0x01, 0x00, 0x87, 0x8e, 0x72, 0x01, 0xff, 0x0a, 0x29, 0xff, 0x6c, 0x01, 0xd3, 0x6c,
	0x01, 0x00, 0x88, 0x8e, 0x6c, 0x01, 0xf1, 0x6e, 0x29, 0x01, 0x7f, 0x09, 0xff, 0xac, 0x32, 0xe5,
	0x72, 0x01, 0x00, 0x89, 0x8e, 0x72, 0x01, 0xff, 0xe6, 0x16, 0xff, 0x6c, 0x01, 0xd3, 0x6c, 0x01,
	0x00, 0x8a, 0x8e, 0x6c, 0x01, 0xf7, 0x4a, 0x17, 0x02, 0xee, 0x0a, 0xbc, 0xff, 0x4a, 0x17, 0xe4,
	0x78, 0x01, 0x00, 0x8b, 0x8c, 0x78, 0x01, 0xfb, 0xae, 0x17, 0x00, 0xa8, 0xff, 0xa0, 0x2a, 0x82,
	0x01, 0x00, 0xff, 0xae, 0x17, 0xff, 0x01, 0x00, 0xf9, 0x01, 0x00, 0x93, 0xae, 0x17, 0x8f, 0xae,
	0x17, 0x00, 0x70, 0xff, 0xae, 0x17, 0xec, 0xb0, 0x03, 0x00, 0x8c, 0x8e, 0x38, 0x0f, 0xff, 0x12,
	0x18, 0xff, 0x6c, 0x01, 0xd3, 0x6c, 0x01, 0x00, 0x8d, 0x8e, 0x6c, 0x01, 0xf1, 0xd2, 0x41, 0x01,
	0x70, 0x02, 0xff, 0x50, 0x0c, 0xe5, 0x72, 0x01, 0x00, 0x8e, 0x8e, 0x72, 0x01, 0xff, 0xd4, 0x41,
	0xff, 0x6c, 0x01, 0xd3, 0x6c, 0x01, 0x00, 0x8f, 0x8e, 0x6c, 0x01, 0xf1, 0xd6, 0x41, 0x02, 0xdc,
	0x03, 0x5a, 0xff, 0xde, 0x02, 0xd0, 0x72, 0x01, 0x03, 0x98, 0xd2, 0x91, 0xd4, 0xff, 0x32, 0x19,
	0xff, 0x5a, 0x01, 0xd1, 0x5a, 0x01, 0x00, 0xb1, 0x8e, 0x5a, 0x01, 0xf1, 0xda, 0x2c, 0x02, 0x36,
	0x05, 0x5f, 0xff, 0xba, 0x02, 0xd2, 0x60, 0x01, 0x00, 0xd1, 0x8e, 0x60, 0x01, 0xff, 0x2c, 0x2d,
	0xff, 0x5a, 0x01, 0xc1, 0x5a, 0x01, 0x00, 0xf1, 0x8e, 0x5a, 0x01, 0xfb, 0x96, 0x41, 0x01, 0x95,
	0x06, 0xff, 0x7e, 0x05, 0xd2, 0x6a, 0x01, 0x00, 0xd6, 0x8d, 0x7e, 0x05, 0xff, 0x86, 0x41, 0xff,
	0x5a, 0x01, 0xc3, 0x5a, 0x01, 0x8d, 0x7e, 0x05, 0xf3, 0x76, 0x41, 0x01, 0xef, 0x07, 0xff, 0xba,
	0x02, 0xd3, 0x60, 0x01, 0x8d, 0x7e, 0x05, 0xff, 0x7a, 0x2e, 0xff, 0x5a, 0x01, 0xc3, 0x5a, 0x01,
	0x8d, 0x7e, 0x05, 0xf3, 0xcc, 0x2e, 0x01, 0x49, 0x09, 0xff, 0xba, 0x02, 0xd2, 0x60, 0x01, 0x00,
	0xda, 0x8f, 0x74, 0x05, 0xff, 0x1e, 0x2f, 0xff, 0x5a, 0x01, 0xc1, 0x5a, 0x01, 0x8f, 0x74, 0x05,
	0xf1, 0x54, 0x5a, 0x02, 0xa3, 0x0a, 0x63, 0xff, 0xba, 0x02, 0xd2, 0x60, 0x01, 0x8f, 0x74, 0x05,
	0xff, 0xb4, 0x42, 0xff, 0x60, 0x01, 0xc7, 0x60, 0x01, 0x8d, 0x7a, 0x05, 0xfb, 0x66, 0x18, 0x00,
	0x04, 0xff, 0x34, 0x5a, 0x82, 0x01, 0x00, 0xff, 0x66, 0x18, 0xff, 0x01, 0x00, 0xf9, 0x01, 0x00,
	0x93, 0x66, 0x18, 0x8f, 0x66, 0x18, 0x00, 0x5e, 0xff, 0x66, 0x18, 0xd9, 0x9e, 0x03, 0x00, 0xde,
	0x8f, 0xaa, 0x12, 0xff, 0x54, 0x18, 0xff, 0x5a, 0x01, 0xc1, 0x5a, 0x01, 0x8f, 0xaa, 0x12, 0xf1,
	0x42, 0x18, 0x02, 0x5e, 0x02, 0xdf, 0xff, 0xb8, 0x07, 0xd2, 0x60, 0x01, 0x8f, 0xaa, 0x12, 0xff,
	0x30, 0x18, 0xff, 0x5a, 0x01, 0xc1, 0x5a, 0x01, 0x8f, 0xaa, 0x12, 0xff, 0x5c, 0x31, 0xf2, 0xce,
	0x38, 0x01, 0x4f, 0xd2, 0xff, 0xc8, 0x17, 0x05, 0x38, 0x00, 0x00, 0x3d, 0x04, 0x94, 0xff, 0xc4,
	0x03, 0x03, 0x5e, 0x11, 0x00, 0x81, 0x90, 0x10, 0x01, 0xff, 0x98, 0x30, 0xf1, 0x0a, 0x01, 0x00,
	0x87, 0x90, 0x0a, 0x01, 0xff, 0x28, 0x17, 0xf1, 0x0a, 0x01, 0x00, 0x8f, 0x90, 0x0a, 0x01, 0xfb,
	0xd8, 0x16, 0x01, 0xd1, 0x05, 0xff, 0x76, 0x46, 0x81, 0x3a, 0x00, 0x00, 0x90, 0x8e, 0x1a, 0x01,
	0xff, 0x88, 0x16, 0xf3, 0x0a, 0x01, 0x00, 0x9f, 0x90, 0x0a, 0x01, 0xff, 0x0a, 0x2f, 0xf2, 0x70,
	0x46, 0x03, 0x5e, 0x01, 0x00, 0xc0, 0x90, 0x0e, 0x01, 0xf1, 0xac, 0x2e, 0x01, 0x62, 0x07, 0xff,
	0x3c, 0x55, 0x83, 0x3a, 0x00, 0x02, 0x02, 0x00, 0xc1, 0x90, 0x14, 0x01, 0xff, 0x4e, 0x2e, 0xf1,
	0x0e, 0x01, 0x04, 0x02, 0x5e, 0x04, 0x00, 0xc2, 0x90, 0x0e, 0x01, 0xff, 0x4e, 0x15, 0xf1, 0x0e,
	0x01, 0x04, 0x03, 0x5e, 0x08, 0x00, 0xc3, 0x90, 0x0e, 0x01, 0xf1, 0x02, 0x15, 0x02, 0xf7, 0x08,
	0x13, 0xff, 0x30, 0x03, 0x05, 0x5e, 0x11, 0x00, 0x8b, 0x4f, 0x92, 0xff, 0xb2, 0x14, 0xff, 0xb2,
	0x14, 0x88, 0x10, 0x01, 0x00, 0xb2, 0xff, 0x62, 0x14, 0x88, 0x62, 0x14, 0x02, 0x08, 0x0a, 0x00,
	0xff, 0x62, 0x14, 0x00, 0x00, 0xff, 0x62, 0x14, 0xff, 0x01, 0x00, 0xfb, 0x01, 0x00, 0x93, 0x62,
	0x14, 0x8f, 0x62, 0x14, 0x00, 0xc0, 0xff, 0x62, 0x14, 0x8a, 0x4e, 0x03, 0x8f, 0xd0, 0x0b, 0xff,
	0x12, 0x14, 0xf3, 0x0a, 0x01, 0x00, 0xf2, 0xff, 0xc2, 0x13, 0xff, 0x0a, 0x01, 0xd0, 0x62, 0x12,
	0x0d, 0x08, 0x5e, 0x51, 0x05, 0x09, 0x5e, 0x00, 0x03, 0x0a, 0x5e, 0x5a, 0x00, 0x80, 0xd3, 0xff,
	0xc6, 0x13, 0x04, 0x00, 0x00, 0xc0, 0x02, 0x5b, 0xff, 0xdc, 0x07, 0xde, 0x6a, 0x01, 0x0b, 0x08,
	0x5e, 0x21, 0x01, 0x09, 0x5e, 0x00, 0x04, 0x0a, 0x5e, 0xa5, 0x00, 0x81, 0x30, 0x00, 0x01, 0x31,
	0x31, 0x81, 0x30, 0x00, 0x01, 0x30, 0x30, 0x82, 0x30, 0x00, 0x00, 0x30, 0x81, 0x54, 0x00, 0x01,
	0x41, 0x41, 0x81, 0x54, 0x00, 0x01, 0x40, 0x40, 0x82, 0x54, 0x00, 0x03, 0x40, 0xb0, 0xda, 0x90,
	0x8e, 0x9e, 0x01, 0xff, 0x0a, 0x14, 0xf5, 0x98, 0x01, 0x87, 0x62, 0x00, 0x83, 0x5a, 0x01, 0x81,
	0xe2, 0x05, 0xff, 0x1e, 0x14, 0x04, 0x00, 0x00, 0x1b, 0x04, 0xb4, 0xff, 0xbc, 0x02, 0x94, 0x24,
	0x01, 0x02, 0x02, 0x00, 0xc0, 0x8e, 0x24, 0x01, 0xff, 0x32, 0x14, 0xff, 0x1e, 0x01, 0x87, 0x42,
	0x02, 0x8f, 0x20, 0x01, 0xff, 0x48, 0x14, 0xff, 0x20, 0x01, 0x87, 0x3e, 0x02, 0x8f, 0x64, 0x03,
	0xfb, 0x5e, 0x14, 0x02, 0xcf, 0x05, 0xb8, 0xff, 0x6e, 0x03, 0x84, 0x30, 0x01, 0x01, 0x00, 0x00,
	0x81, 0x62, 0x00, 0x01, 0x00, 0x00, 0x87, 0x50, 0x02, 0x09, 0x07, 0x5c, 0x20, 0x06, 0xd0, 0x67,
	0xc0, 0xd3, 0xd0, 0x67, 0xff, 0x7a, 0x14, 0xff, 0x26, 0x01, 0x95, 0x76, 0x03, 0x03, 0xc1, 0x45,
	0x03, 0x21, 0x81, 0x8a, 0x00, 0xff, 0x94, 0x14, 0xff, 0x24, 0x01, 0x95, 0x24, 0x01, 0x03, 0xc0,
	0x41, 0x50, 0x10, 0x93, 0x26, 0x01, 0xf1, 0xac, 0x14, 0x02, 0x87, 0x07, 0x5d, 0xff, 0x76, 0x03,
	0x98, 0x2c, 0x01, 0x00, 0x40, 0x94, 0x2c, 0x01, 0xff, 0xc4, 0x14, 0xff, 0xc6, 0x0a, 0xcd, 0xc6,
	0x0a, 0xa3, 0xba, 0x0a, 0x02, 0xc0, 0x41, 0x60, 0x94, 0x94, 0x01, 0xf1, 0x3a, 0x43, 0x02, 0xe4,
	0x08, 0x43, 0xff, 0xc0, 0x02, 0x96, 0xc0, 0x02, 0x00, 0xd1, 0x94, 0x10, 0x05, 0xff, 0xf2, 0x42,
	0xff, 0xbe, 0x02, 0xbf, 0xbe, 0x02, 0x05, 0x1a, 0x5e, 0x00, 0x11, 0x40, 0x00, 0xff, 0xb2, 0x15,
	0x85, 0xe2, 0x42, 0x02, 0x27, 0x0a, 0xb4, 0xff, 0xe2, 0x42, 0xd4, 0x68, 0x01, 0x00, 0x41, 0x8c,
	0x68, 0x01, 0xfb, 0x0a, 0x16, 0x00, 0xd9, 0xff, 0x0a, 0x16, 0x82, 0x01, 0x00, 0xff, 0x0a, 0x16,
	0xff, 0x01, 0x00, 0xf9, 0x01, 0x00, 0x93, 0x0a, 0x16, 0x8f, 0x0a, 0x16, 0x00, 0x60, 0xff, 0x0a,
	0x16, 0xda, 0xa0, 0x03, 0x02, 0x01, 0x11, 0x48, 0x8c, 0xa0, 0x03, 0xff, 0x5c, 0x16, 0xff, 0x5c,
	0x01, 0xc3, 0x5c, 0x01, 0x02, 0x02, 0x11, 0x49, 0x8e, 0x5c, 0x01, 0xf1, 0x70, 0x2a, 0x02, 0x60,
	0x02, 0x5c, 0xff, 0xea, 0x08, 0xd2, 0x62, 0x01, 0x02, 0x03, 0x11, 0x4a, 0x8e, 0x62, 0x01, 0xff,
	0x72, 0x2a, 0xff, 0x5c, 0x01, 0xc1, 0x5c, 0x01, 0x02, 0x04, 0x11, 0x4e, 0x8e, 0x5c, 0x01, 0xf1,
	0x92, 0x42, 0x01, 0xbc, 0x03, 0xff, 0xbe, 0x02, 0xd5, 0x62, 0x01, 0x00, 0x4f, 0x8e, 0x62, 0x01,
	0xff, 0x94, 0x42, 0xff, 0x5c, 0x01, 0xc3, 0x78, 0x0a, 0x00, 0x58, 0x8e, 0x5c, 0x01, 0xf1, 0x96,
	0x42, 0x02, 0x18, 0x05, 0x61, 0xff, 0xbe, 0x02, 0xd4, 0x62, 0x01, 0x00, 0x59, 0x8e, 0x62, 0x01,
	0xff, 0x28, 0x17, 0xff, 0x5c, 0x01, 0xc3, 0x5c, 0x01, 0x00, 0x5a, 0x8e, 0x5c, 0x01, 0xfb, 0x64,
	0x17, 0x01, 0x79, 0x06, 0xff, 0x86, 0x05, 0xd5, 0x6c, 0x01, 0x00, 0x5b, 0x8e, 0x0a, 0x10, 0xff,
	0x9a, 0x17, 0xff, 0x5c, 0x01, 0xc3, 0x5c, 0x01, 0x00, 0x5c, 0x8e, 0x5c, 0x01, 0xf1, 0x9e, 0x42,
	0x01, 0xd5, 0x07, 0xff, 0xbe, 0x02, 0xd5, 0x62, 0x01, 0x00, 0x5d, 0x8e, 0x62, 0x01, 0xff, 0xa0,
	0x42, 0xff, 0x5c, 0x01, 0xc3, 0x5c, 0x01, 0x00, 0x5e, 0x8e, 0x5c, 0x01, 0xf1, 0xa2, 0x42, 0x01,
	0x31, 0x09, 0xff, 0xbe, 0x02, 0xd5, 0x62, 0x01, 0x00, 0x5f, 0x8e, 0x62, 0x01, 0xff, 0x56, 0x2d,
	0xff, 0x5c, 0x01, 0xbf, 0x5c, 0x01, 0x04, 0x1b, 0x5e, 0x00, 0x11, 0x60, 0x8e, 0x5c, 0x01, 0xf1,
	0xa4, 0x2d, 0x02, 0x8d, 0x0a, 0x65, 0xff, 0xbe, 0x02, 0xd4, 0x62, 0x01, 0x00, 0x61, 0xff, 0x44,
	0x18, 0xff, 0xf6, 0x2d, 0xd8, 0x62, 0x01, 0x02, 0x01, 0x11, 0x68, 0xff, 0x3e, 0x18, 0x88, 0x3e,
	0x18, 0x00, 0xf0, 0xff, 0x10, 0x5b, 0x82, 0x01, 0x00, 0xff, 0x3e, 0x18, 0xff, 0x01, 0x00, 0xf9,
	0x01, 0x00, 0x93, 0x3e, 0x18, 0xff, 0x3e, 0x18, 0xed, 0xa0, 0x03, 0x02, 0x02, 0x11, 0x69, 0xff,
	0x3e, 0x18, 0xff, 0xfc, 0x04, 0xd2, 0x5c, 0x01, 0x02, 0x03, 0x11, 0x6a, 0xff, 0x3e, 0x18, 0xff,
	0x3e, 0x18, 0xd8, 0x62, 0x01, 0x02, 0x04, 0x11, 0x6e, 0xff, 0x3e, 0x18, 0xff, 0xbe, 0x02, 0xd4,
	0x5c, 0x01, 0x00, 0x6f, 0xff, 0x3e, 0x18, 0xff, 0x3e, 0x18, 0xda, 0x7e, 0x0a, 0x00, 0x78, 0xff,
	0x3e, 0x18, 0xff, 0xbe, 0x02, 0xd4, 0x5c, 0x01, 0x00, 0x79, 0xff, 0x3e, 0x18, 0xff, 0x3e, 0x18,
	0xda, 0x62, 0x01, 0x00, 0x7a, 0xff, 0x3e, 0x18, 0xff, 0xbe, 0x02, 0xd4, 0x5c, 0x01, 0x00, 0x7b,
	0xff, 0x3e, 0x18, 0xff, 0x3e, 0x18, 0xe4, 0x6c, 0x01, 0x00, 0x7c, 0xff, 0x3e, 0x18, 0xff, 0xc8,
	0x02, 0xd4, 0x5c, 0x01, 0x00, 0x7d, 0xff, 0x3e, 0x18, 0xff, 0x3e, 0x18, 0xda, 0x62, 0x01, 0x00,
	0x7e, 0xff, 0x3e, 0x18, 0xff, 0xbe, 0x02, 0xd4, 0x5c, 0x01, 0x00, 0x7f, 0xff, 0x3e, 0x18, 0x82,
	0x3e, 0x18, 0x00, 0xa1, 0xff, 0xbe, 0x02, 0x01, 0x5e, 0x11, 0x81, 0xf0, 0xd0, 0x0a, 0x11, 0x00,
	0x5e, 0x80, 0xd6, 0x83, 0xdb, 0x85, 0xdf, 0x04, 0x06, 0xff, 0xf6, 0x17, 0xff, 0x14, 0x01, 0x8b,
	0x14, 0x01, 0x00, 0x84, 0x8e, 0x14, 0x01, 0xff, 0xec, 0x2f, 0xfe, 0x28, 0x02, 0x00, 0x07, 0xff,
	0x60, 0x17, 0x85, 0xa4, 0x2f, 0x02, 0xd2, 0x0a, 0x90, 0xff, 0xa4, 0x2f, 0x8d, 0x34, 0x02, 0x8c,
	0x20, 0x01, 0xfc, 0xfc, 0xb3, 0xff, 0x1e, 0x17, 0x82, 0x01, 0x00, 0xff, 0x1e, 0x17, 0xff, 0x01,
	0x00, 0xf9, 0x01, 0x00, 0x93, 0x1e, 0x17, 0x8f, 0x1e, 0x17, 0x00, 0xa2, 0xff, 0x1e, 0x17, 0x94,
	0x58, 0x03, 0x00, 0x0c, 0x8c, 0x8c, 0x05, 0xff, 0xd6, 0x16, 0xff, 0x14, 0x01, 0x00, 0x8c, 0x8e,
	0x14, 0x01, 0xff, 0x7a, 0x45, 0xfe, 0x28, 0x02, 0x8c, 0x80, 0x05, 0xf3, 0x2a, 0x45, 0x02, 0xa2,
	0x02, 0x9e, 0xff, 0xe2, 0x09, 0x8d, 0x2e, 0x02, 0x8e, 0x1a, 0x01, 0xff, 0xa6, 0x44, 0xfd, 0x14,
	0x01, 0x00, 0x14, 0x8e, 0x42, 0x03, 0xff, 0xb0, 0x15, 0xfd, 0x14, 0x01, 0x00, 0x94, 0x8e, 0x14,
	0x01, 0xf1, 0x68, 0x15, 0x02, 0x40, 0x04, 0xa3, 0xff, 0x42, 0x03, 0x8d, 0x2e, 0x02, 0x8e, 0x42,
	0x03, 0xff, 0x20, 0x15, 0xfe, 0x2e, 0x02, 0x8e, 0x14, 0x01, 0xff, 0xa6, 0x88, 0xff, 0x1e, 0x01,
	0x85, 0x1e, 0x01, 0x00, 0x1c, 0x8e, 0x42, 0x0e, 0xf1, 0x4e, 0x88, 0x01, 0xe3, 0x05, 0xff, 0x8e,
	0x06, 0x8d, 0x1a, 0x01, 0x00, 0x9c, 0x8e, 0x1a, 0x01, 0xff, 0x58, 0x44, 0xfe, 0x2e, 0x02, 0x8e,
	0x5c, 0x0f, 0xff, 0xfa, 0x13, 0xfe, 0x28, 0x02, 0x8e, 0x14, 0x01, 0xf1, 0xb2, 0x13, 0x01, 0x81,
	0x07, 0xff, 0xb2, 0x13, 0x85, 0x1a, 0x01, 0x00, 0x01, 0x84, 0x1a, 0x01, 0x00, 0x24, 0xff, 0xb2,
	0x13, 0xff, 0x2e, 0x02, 0x8c, 0x14, 0x01, 0x00, 0xa4, 0xff, 0xb2, 0x13, 0xff, 0x14, 0x01, 0x8d,
	0x28, 0x02, 0xff, 0xb2, 0x13, 0x86, 0xb2, 0x13, 0x01, 0x22, 0x09, 0xff, 0xb2, 0x13, 0x8e, 0x34,
	0x02, 0xff, 0xb2, 0x13, 0x88, 0xb2, 0x13, 0x00, 0xb0, 0xff, 0x8e, 0x9d, 0x82, 0x01, 0x00, 0xff,
	0xb2, 0x13, 0xff, 0x01, 0x00, 0xf9, 0x01, 0x00, 0x93, 0xb2, 0x13, 0xff, 0xb2, 0x13, 0xa7, 0x58,
	0x03, 0x00, 0x2c, 0xff, 0xb2, 0x13, 0xff, 0x8c, 0x05, 0x8c, 0x14, 0x01, 0x00, 0xac, 0xff, 0xb2,
	0x13, 0xff, 0x14, 0x01, 0x8d, 0x28, 0x02, 0xff, 0xb2, 0x13, 0xff, 0xb2, 0x13, 0x93, 0x2e, 0x02,
	0xff, 0xb2, 0x13, 0xff, 0x2e, 0x02, 0x8c, 0x14, 0x01, 0x00, 0x34, 0xff, 0xb2, 0x13, 0xff, 0x14,
	0x01, 0x8c, 0x14, 0x01, 0x00, 0xb4, 0xff, 0xb2, 0x13, 0xff, 0xb2, 0x13, 0x93, 0x2e, 0x02, 0xff,
	0xb2, 0x13, 0xff, 0x2e, 0x02, 0x8d, 0x2e, 0x02, 0xff, 0xb2, 0x13, 0xff, 0xb2, 0x13, 0x96, 0x1e,
	0x01, 0x00, 0x3c, 0xff, 0xb2, 0x13, 0xff, 0xb2, 0x13, 0x92, 0x1a, 0x01, 0x00, 0xbc, 0xff, 0xb2,
	0x13, 0xff, 0x2e, 0x02, 0x8d, 0x2e, 0x02, 0xff, 0xb2, 0x13, 0xff, 0x14, 0x01, 0x8d, 0x28, 0x02,
	0xff, 0xb2, 0x13, 0xff, 0xb2, 0x13, 0x8a, 0x1a, 0x01, 0x00, 0x02, 0x84, 0x1a, 0x01, 0x00, 0x44,
	0xff, 0xb2, 0x13, 0xff, 0x2e, 0x02, 0x8c, 0x14, 0x01, 0x00, 0xc4, 0xff, 0xb2, 0x13, 0xff, 0x14,
	0x01, 0x8d, 0x28, 0x02, 0xff, 0xb2, 0x13, 0xff, 0xb2, 0x13, 0x99, 0x34, 0x02, 0xff, 0xb2, 0x13,
	0xff, 0xb2, 0x13, 0xff, 0xb2, 0x13, 0xff, 0x01, 0x00, 0xff, 0x01, 0x00, 0x88, 0x01, 0x00, 0x93,
	0xb2, 0x13, 0xff, 0xb2, 0x13, 0xa7, 0x58, 0x03, 0x00, 0x4c, 0xff, 0xb2, 0x13, 0xff, 0x8c, 0x05,
	0x8c, 0x14, 0x01, 0x00, 0xcc, 0xff, 0xb2, 0x13, 0xff, 0x14, 0x01, 0x8d, 0x28, 0x02, 0xff, 0xb2,
	0x13, 0xff, 0xb2, 0x13, 0x93, 0x2e, 0x02, 0xff, 0xb2, 0x13, 0xff, 0x2e, 0x02, 0x8c, 0x14, 0x01,
	0x00, 0x54, 0xff, 0xb2, 0x13, 0xff, 0x14, 0x01, 0x8c, 0x14, 0x01, 0x00, 0xd4, 0xff, 0xb2, 0x13,
	0xff, 0xb2, 0x13, 0x93, 0x2e, 0x02, 0xff, 0xb2, 0x13, 0xff, 0x2e, 0x02, 0x8d, 0x2e, 0x02, 0xff,
	0xb2, 0x13, 0xff, 0xb2, 0x13, 0x96, 0x1e, 0x01, 0x00, 0x5c, 0xff, 0xb2, 0x13, 0xff, 0xb2, 0x13,
	0x92, 0x1a, 0x01, 0x00, 0xdc, 0xff, 0xb2, 0x13, 0xff, 0x2e, 0x02, 0x8d, 0x2e, 0x02, 0xff, 0xb2,
	0x13, 0xff, 0x14, 0x01, 0x8d, 0x28, 0x02, 0xff, 0xb2, 0x13, 0xff, 0xb2, 0x13, 0x8a, 0x1a, 0x01,
	0x00, 0x03, 0x84, 0x1a, 0x01, 0x00, 0x64, 0xff, 0xb2, 0x13, 0xff, 0x2e, 0x02, 0x8c, 0x14, 0x01,
	0x00, 0xe4, 0xff, 0xb2, 0x13, 0xff, 0x14, 0x01, 0x8d, 0x28, 0x02, 0xff, 0xb2, 0x13, 0xff, 0xb2,
	0x13, 0x99, 0x34, 0x02, 0xff, 0xb2, 0x13, 0xff, 0xb2, 0x13, 0xff, 0xb2, 0x13, 0xff, 0x01, 0x00,
	0xff, 0x01, 0x00, 0x88, 0x01, 0x00, 0x93, 0xb2, 0x13, 0xff, 0xb2, 0x13, 0xa7, 0x58, 0x03, 0x00,
	0x6c, 0xff, 0xb2, 0x13, 0xff, 0x8c, 0x05, 0x8c, 0x14, 0x01, 0x00, 0xec, 0xff, 0xb2, 0x13, 0xff,
	0x14, 0x01, 0x8d, 0x28, 0x02, 0xff, 0xb2, 0x13, 0xff, 0xb2, 0x13, 0x93, 0x2e, 0x02, 0xff, 0xb2,
	0x13, 0xff, 0x2e, 0x02, 0x8c, 0x14, 0x01, 0x00, 0x74, 0xff, 0xb2, 0x13, 0xff, 0x14, 0x01, 0x8c,
	0x14, 0x01, 0x00, 0xf4, 0xff, 0xb2, 0x13, 0xff, 0xb2, 0x13, 0x93, 0x2e, 0x02, 0xff, 0xb2, 0x13,
	0xff, 0x2e, 0x02, 0x8d, 0x2e, 0x02, 0xff, 0xb2, 0x13, 0xff, 0xb2, 0x13, 0x96, 0x1e, 0x01, 0x00,
	0x7c, 0xff, 0xb2, 0x13, 0xff, 0xb2, 0x13, 0x92, 0x1a, 0x01, 0x00, 0xfc, 0xff, 0xb2, 0x13, 0xff,
	0x2e, 0x02, 0x8d, 0x2e, 0x02, 0xff, 0xb2, 0x13, 0xff, 0x14, 0x01, 0x8d, 0x28, 0x02, 0xff, 0xb2,
	0x13, 0xff, 0xb2, 0x13, 0x86, 0x1a, 0x01, 0x00, 0x05, 0x88, 0x30, 0x3c, 0x00, 0x05, 0xff, 0xb2,
	0x13, 0xff, 0x2e, 0x02, 0x8c, 0x14, 0x01, 0x00, 0x85, 0xff, 0xb2, 0x13, 0xff, 0x14, 0x01, 0x8d,
	0x28, 0x02, 0xff, 0xb2, 0x13, 0xff, 0xb2, 0x13, 0x99, 0x34, 0x02, 0xff, 0xb2, 0x13, 0xff, 0xb2,
	0x13, 0xff, 0xb2, 0x13, 0xff, 0x01, 0x00, 0xff, 0x01, 0x00, 0x88, 0x01, 0x00, 0x93, 0xb2, 0x13,
	0xff, 0xb2, 0x13, 0xa7, 0x58, 0x03, 0x00, 0x0d, 0xff, 0xb2, 0x13, 0xff, 0x8c, 0x05, 0x8c, 0x14,
	0x01, 0x00, 0x8d, 0xff, 0xb2, 0x13, 0xff, 0x14, 0x01, 0x8d, 0x28, 0x02, 0xff, 0xb2, 0x13, 0xff,
	0xb2, 0x13, 0x93, 0x2e, 0x02, 0xff, 0xb2, 0x13, 0xff, 0x2e, 0x02, 0x8c, 0x14, 0x01, 0x00, 0x15,
	0xff, 0xb2, 0x13, 0xff, 0x14, 0x01, 0x8c, 0x14, 0x01, 0x00, 0x95, 0xff, 0xb2, 0x13, 0xff, 0xb2,
	0x13, 0x93, 0x2e, 0x02, 0xff, 0xb2, 0x13, 0xff, 0x2e, 0x02, 0x8d, 0x2e, 0x02, 0xff, 0xb2, 0x13,
	0xff, 0xb2, 0x13, 0x96, 0x1e, 0x01, 0x00, 0x1d, 0xff, 0xb2, 0x13, 0xff, 0xb2, 0x13, 0x92, 0x1a,
	0x01, 0x00, 0x9d, 0xff, 0xb2, 0x13, 0xff, 0x2e, 0x02, 0x8d, 0x2e, 0x02, 0xff, 0xb2, 0x13, 0xff,
	0x14, 0x01, 0x8d, 0x28, 0x02, 0xff, 0xb2, 0x13, 0xff, 0xb2, 0x13, 0x8a, 0x1a, 0x01, 0x85, 0x30,
	0x3c, 0x00, 0x25, 0xff, 0xb2, 0x13, 0xff, 0x2e, 0x02, 0x8c, 0x14, 0x01, 0x00, 0xa5, 0xff, 0xb2,
	0x13, 0xff, 0x14, 0x01, 0x8d, 0x28, 0x02, 0xff, 0xb2, 0x13, 0xff, 0xb2, 0x13, 0x99, 0x34, 0x02,
	0xff, 0xb2, 0x13, 0xff, 0xb2, 0x13, 0xff, 0xb2, 0x13, 0xff, 0x01, 0x00, 0xff, 0x01, 0x00, 0x88,
	0x01, 0x00, 0x93, 0xb2, 0x13, 0xff, 0xb2, 0x13, 0xa7, 0x58, 0x03, 0x00, 0x2d, 0xff, 0xb2, 0x13,
	0xff, 0x8c, 0x05, 0x8c, 0x14, 0x01, 0x00, 0xad, 0xff, 0xb2, 0x13, 0xff, 0x14, 0x01, 0x8d, 0x28,
	0x02, 0xff, 0xb2, 0x13, 0xff, 0xb2, 0x13, 0x93, 0x2e, 0x02, 0xff, 0xb2, 0x13, 0xff, 0x2e, 0x02,
	0x8c, 0x14, 0x01, 0x00, 0x35, 0xff, 0xb2, 0x13, 0xff, 0x14, 0x01, 0x8c, 0x14, 0x01, 0x00, 0xb5,
	0xff, 0xb2, 0x13, 0xff, 0xb2, 0x13, 0x93, 0x2e, 0x02, 0xff, 0xb2, 0x13, 0xff, 0x2e, 0x02, 0x8d,
	0x2e, 0x02, 0xff, 0xb2, 0x13, 0xff, 0xb2, 0x13, 0x96, 0x1e, 0x01, 0x00, 0x3d, 0xff, 0xb2, 0x13,
	0xff, 0xb2, 0x13, 0x92, 0x1a, 0x01, 0x00, 0xbd, 0xff, 0xb2, 0x13, 0xff, 0x2e, 0x02, 0x8d, 0x2e,
	0x02, 0xff, 0xb2, 0x13, 0xff, 0x14, 0x01, 0x8d, 0x28, 0x02, 0xff, 0xb2, 0x13, 0xff, 0xb2, 0x13,
	0x8a, 0x1a, 0x01, 0x85, 0x30, 0x3c, 0x00, 0x45, 0xff, 0xb2, 0x13, 0xff, 0x2e, 0x02, 0x8c, 0x14,
	0x01, 0x00, 0xc5, 0xff, 0xb2, 0x13, 0xff, 0x14, 0x01, 0x8d, 0x28, 0x02, 0xff, 0xb2, 0x13, 0xff,
	0xb2, 0x13, 0x99, 0x34, 0x02, 0xff, 0xb2, 0x13, 0xff, 0xb2, 0x13, 0xff, 0xb2, 0x13, 0xff, 0x01,
	0x00, 0xff, 0x01, 0x00, 0x88, 0x01, 0x00, 0x93, 0xb2, 0x13, 0xff, 0xb2, 0x13, 0xa7, 0x58, 0x03,
	0x00, 0x4d, 0xff, 0xb2, 0x13, 0xff, 0x8c, 0x05, 0x8c, 0x14, 0x01, 0x00, 0xcd, 0xff, 0xb2, 0x13,
	0xff, 0x14, 0x01, 0x8d, 0x28, 0x02, 0xff, 0xb2, 0x13, 0xff, 0xb2, 0x13, 0x93, 0x2e, 0x02, 0xff,
	0xb2, 0x13, 0xff, 0x2e, 0x02, 0x8c, 0x14, 0x01, 0x00, 0x55, 0xff, 0xb2, 0x13, 0xff, 0x14, 0x01,
	0x8c, 0x14, 0x01, 0x00, 0xd5, 0xff, 0xb2, 0x13, 0xff, 0xb2, 0x13, 0x93, 0x2e, 0x02, 0xff, 0xb2,
	0x13, 0xff, 0x2e, 0x02, 0x8d, 0x2e, 0x02, 0xff, 0xb2, 0x13, 0xff, 0xb2, 0x13, 0x96, 0x1e, 0x01,
	0x00, 0x5d, 0xff, 0xb2, 0x13, 0xff, 0xb2, 0x13, 0x92, 0x1a, 0x01, 0x00, 0xdd, 0xff, 0xb2, 0x13,
	0xff, 0x2e, 0x02, 0x8d, 0x2e, 0x02, 0xff, 0xb2, 0x13, 0xff, 0x14, 0x01, 0x8d, 0x28, 0x02, 0xff,
	0xb2, 0x13, 0xff, 0xb2, 0x13, 0x8a, 0x1a, 0x01, 0x85, 0x30, 0x3c, 0x00, 0x65, 0xff, 0xb2, 0x13,
	0xff, 0x2e, 0x02, 0x8c, 0x14, 0x01, 0x00, 0xe5, 0xff, 0xb2, 0x13, 0xff, 0x14, 0x01, 0x8d, 0x28,
	0x02, 0xff, 0xb2, 0x13, 0xff, 0xb2, 0x13, 0x99, 0x34, 0x02, 0xff, 0xb2, 0x13, 0xff, 0xb2, 0x13,
	0xff, 0xb2, 0x13, 0xff, 0x01, 0x00, 0xff, 0x01, 0x00, 0x88, 0x01, 0x00, 0x93, 0xb2, 0x13, 0xff,
	0xb2, 0x13, 0xa7, 0x58, 0x03, 0x00, 0x6d, 0xff, 0xb2, 0x13, 0xff, 0x8c, 0x05, 0x8c, 0x14, 0x01,
	0x00, 0xed, 0xff, 0xb2, 0x13, 0xff, 0x14, 0x01, 0x8d, 0x28, 0x02, 0xff, 0xb2, 0x13, 0xff, 0xb2,
	0x13, 0x93, 0x2e, 0x02, 0xff, 0xb2, 0x13, 0xff, 0x2e, 0x02, 0x8c, 0x14, 0x01, 0x00, 0x75, 0xff,
	0xb2, 0x13, 0xff, 0x14, 0x01, 0x8c, 0x14, 0x01, 0x00, 0xf5, 0xff, 0xb2, 0x13, 0xff, 0xb2, 0x13,
	0x93, 0x2e, 0x02, 0xff, 0xb2, 0x13, 0xff, 0x2e, 0x02, 0x8d, 0x2e, 0x02, 0xff, 0xb2, 0x13, 0xff,
	0xb2, 0x13, 0x96, 0x1e, 0x01, 0x00, 0x7d, 0xff, 0xb2, 0x13, 0xff, 0xb2, 0x13, 0x92, 0x1a, 0x01,
	0x00, 0xfd, 0xff, 0xb2, 0x13, 0xff, 0x2e, 0x02, 0x8d, 0x2e, 0x02, 0xff, 0xb2, 0x13, 0xff, 0x14,
	0x01, 0x8d, 0x28, 0x02, 0xff, 0xb2, 0x13, 0x82, 0xb2, 0x13, 0x00, 0xb6, 0xff, 0x42, 0x03, 0x00,
	0x5e, 0x81, 0x7e, 0xb5, 0x0d, 0xef, 0xbe, 0xbc, 0xd4, 0x90, 0xd6, 0x00, 0x5e, 0x90, 0xd6, 0x04,
	0x5e, 0x08, 0x11, 0x81, 0x22, 0x01, 0x04, 0x80, 0x5f, 0x1a, 0x5e, 0x08, 0x8e, 0xd8, 0xbd, 0xff,
	0xc0, 0x13, 0xff, 0x22, 0x01, 0x85, 0x22, 0x01, 0x00, 0xa0, 0x94, 0x22, 0x01, 0xff, 0xce, 0x13,
	0xff, 0x22, 0x01, 0x83, 0x22, 0x01, 0x00, 0xc0, 0x94, 0x22, 0x01, 0xf7, 0xdc, 0x13, 0x02, 0x37,
	0x09, 0x97, 0xff, 0xdc, 0x13, 0x94, 0x2e, 0x01, 0x00, 0xe0, 0x92, 0x2e, 0x01, 0xfb, 0xea, 0x13,
	0x00, 0xcc, 0xff, 0xea, 0x13, 0x82, 0x01, 0x00, 0xff, 0xea, 0x13, 0xff, 0x01, 0x00, 0xf9, 0x01,
	0x00, 0x93, 0xea, 0x13, 0x8f, 0xea, 0x13, 0x00, 0xb7, 0xff, 0xea, 0x13, 0x9c, 0x66, 0x03, 0x00,
	0x88, 0x92, 0x66, 0x03, 0xff, 0xf8, 0x13, 0xff, 0x22, 0x01, 0x85, 0x22, 0x01, 0x00, 0xa8, 0x94,
	0x22, 0x01, 0xff, 0x06, 0x14, 0xff, 0x22, 0x01, 0x83, 0x22, 0x01, 0x00, 0xc8, 0x94, 0x22, 0x01,
	0xf1, 0x14, 0x14, 0x02, 0xb7, 0x02, 0xb3, 0xff, 0x44, 0x0a, 0x94, 0x28, 0x01, 0x00, 0xe8, 0x94,
	0x28, 0x01, 0xff, 0x22, 0x14, 0xff, 0x22, 0x01, 0x83, 0x22, 0x01, 0x00, 0x90, 0x94, 0x22, 0x01,
	0xff, 0x30, 0x14, 0xff, 0x22, 0x01, 0x83, 0x22, 0x01, 0x00, 0xb0, 0x94, 0x22, 0x01, 0xf1, 0x3e,
	0x14, 0x01, 0x6a, 0x04, 0xff, 0x5e, 0xe0, 0x95, 0x28, 0x01, 0x00, 0xd0, 0x94, 0x28, 0x01, 0xff,
	0x4c, 0x14, 0xff, 0x22, 0x01, 0x83, 0x22, 0x01, 0x00, 0xf0, 0x94, 0x22, 0x01, 0xff, 0x5a, 0x14,
	0xff, 0x2c, 0x01, 0x8d, 0x2c, 0x01, 0x00, 0x98, 0x94, 0xba, 0x0d, 0xf1, 0x68, 0x14, 0x01, 0x22,
	0x06, 0xff, 0xe2, 0x06, 0x95, 0x28, 0x01, 0x00, 0xb8, 0x94, 0x28, 0x01, 0xff, 0x76, 0x14, 0xff,
	0x22, 0x01, 0x83, 0x22, 0x01, 0x00, 0xd8, 0x94, 0x22, 0x01, 0xff, 0x84, 0x14, 0xff, 0x22, 0x01,
	0x83, 0x22, 0x01, 0x00, 0xf8, 0x94, 0x22, 0x01, 0xf1, 0x92, 0x14, 0x00, 0xd5, 0xff, 0x92, 0x14,
	0x8e, 0x28, 0x01, 0x00, 0x05, 0x84, 0x28, 0x01, 0x00, 0x84, 0xff, 0x92, 0x14, 0xff, 0x92, 0x14,
	0x9a, 0x22, 0x01, 0x00, 0xa4, 0xff, 0x92, 0x14, 0xff, 0x92, 0x14, 0x9a, 0x22, 0x01, 0x00, 0xc4,
	0xff, 0x92, 0x14, 0x8c, 0x92, 0x14, 0x00, 0x8b, 0xff, 0x92, 0x14, 0x96, 0x2e, 0x01, 0x00, 0xe4,
	0xff, 0x92, 0x14, 0x8e, 0x92, 0x14, 0x00, 0x20, 0xff, 0xb6, 0xe1, 0x82, 0x01, 0x00, 0xff, 0x92,
	0x14, 0xff, 0x01, 0x00, 0xf9, 0x01, 0x00, 0x93, 0x92, 0x14, 0xff, 0x92, 0x14, 0xaf, 0x66, 0x03,
	0x00, 0x8c, 0xff, 0x92, 0x14, 0xff, 0x92, 0x14, 0x9a, 0x22, 0x01, 0x00, 0xac, 0xff, 0x92, 0x14,
	0xff, 0x92, 0x14, 0x9a, 0x22, 0x01, 0x00, 0xcc, 0xff, 0x92, 0x14, 0xff, 0x92, 0x14, 0xa0, 0x28,
	0x01, 0x00, 0xec, 0xff, 0x92, 0x14, 0xff, 0x92, 0x14, 0x9a, 0x22, 0x01, 0x00, 0x94, 0xff, 0x92,
	0x14, 0xff, 0x92, 0x14, 0x9a, 0x22, 0x01, 0x00, 0xb4, 0xff, 0x92, 0x14, 0xff, 0x92, 0x14, 0xa0,
	0x28, 0x01, 0x00, 0xd4, 0xff, 0x92, 0x14, 0xff, 0x92, 0x14, 0x9a, 0x22, 0x01, 0x00, 0xf4, 0xff,
	0x92, 0x14, 0xff, 0x92, 0x14, 0xa4, 0x2c, 0x01, 0x00, 0x9c, 0xff, 0x92, 0x14, 0xff, 0x92, 0x14,
	0xa0, 0x28, 0x01, 0x00, 0xbc, 0xff, 0x92, 0x14, 0xff, 0x92, 0x14, 0x9a, 0x22, 0x01, 0x00, 0xdc,
	0xff, 0x92, 0x14, 0xff, 0x92, 0x14, 0x9a, 0x22, 0x01, 0x00, 0xfc, 0xff, 0x92, 0x14, 0xff, 0x92,
	0x14, 0x94, 0x28, 0x01, 0x00, 0x01, 0x88, 0xba, 0x15, 0x00, 0x81, 0xff, 0x92, 0x14, 0xff, 0x92,
	0x14, 0x9a, 0x22, 0x01, 0x00, 0xa1, 0xff, 0x92, 0x14, 0xff, 0x92, 0x14, 0x9a, 0x22, 0x01, 0x00,
	0xc1, 0xff, 0x92, 0x14, 0xff, 0x92, 0x14, 0xa6, 0x2e, 0x01, 0x00, 0xe1, 0xff, 0x92, 0x14, 0xff,
	0x92, 0x14, 0x8a, 0x10, 0x00, 0xff, 0x92, 0x14, 0xff, 0x01, 0x00, 0xff, 0x01, 0x00, 0x81, 0x01,
	0x00, 0x93, 0x92, 0x14, 0xff, 0x92, 0x14, 0xaf, 0x66, 0x03, 0x00, 0x89, 0xff, 0x92, 0x14, 0xff,
	0x92, 0x14, 0x9a, 0x22, 0x01, 0x00, 0xa9, 0xff, 0x92, 0x14, 0xff, 0x92, 0x14, 0x9a, 0x22, 0x01,
	0x00, 0xc9, 0xff, 0x92, 0x14, 0xff, 0x92, 0x14, 0xa0, 0x28, 0x01, 0x00, 0xe9, 0xff, 0x92, 0x14,
	0xff, 0x92, 0x14, 0x9a, 0x22, 0x01, 0x00, 0x91, 0xff, 0x92, 0x14, 0xff, 0x92, 0x14, 0x9a, 0x22,
	0x01, 0x00, 0xb1, 0xff, 0x92, 0x14, 0xff, 0x92, 0x14, 0xa0, 0x28, 0x01, 0x00, 0xd1, 0xff, 0x92,
	0x14, 0xff, 0x92, 0x14, 0x9a, 0x22, 0x01, 0x00, 0xf1, 0xff, 0x92, 0x14, 0xff, 0x92, 0x14, 0xa4,
	0x2c, 0x01, 0x00, 0x99, 0xff, 0x92, 0x14, 0xff, 0x92, 0x14, 0xa0, 0x28, 0x01, 0x00, 0xb9, 0xff,
	0x92, 0x14, 0xff, 0x92, 0x14, 0x9a, 0x22, 0x01, 0x00, 0xd9, 0xff, 0x92, 0x14, 0xff, 0x92, 0x14,
	0x9a, 0x22, 0x01, 0x00, 0xf9, 0xff, 0x92, 0x14, 0xff, 0x92, 0x14, 0x98, 0x28, 0x01, 0x85, 0xba,
	0x15, 0x00, 0x85, 0xff, 0x92, 0x14, 0xff, 0x92, 0x14, 0x9a, 0x22, 0x01, 0x00, 0xa5, 0xff, 0x92,
	0x14, 0xff, 0x92, 0x14, 0x9a, 0x22, 0x01, 0x00, 0xc5, 0xff, 0x92, 0x14, 0xff, 0x92, 0x14, 0xa6,
	0x2e, 0x01, 0x00, 0xe5, 0xff, 0x92, 0x14, 0xff, 0x92, 0x14, 0x8a, 0x10, 0x00, 0xff, 0x92, 0x14,
	0xff, 0x01, 0x00, 0xff, 0x01, 0x00, 0x81, 0x01, 0x00, 0x93, 0x92, 0x14, 0xff, 0x92, 0x14, 0xaf,
	0x66, 0x03, 0x00, 0x8d, 0xff, 0x92, 0x14, 0xff, 0x92, 0x14, 0x9a, 0x22, 0x01, 0x00, 0xad, 0xff,
	0x92, 0x14, 0xff, 0x92, 0x14, 0x9a, 0x22, 0x01, 0x00, 0xcd, 0xff, 0x92, 0x14, 0xff, 0x92, 0x14,
	0xa0, 0x28, 0x01, 0x00, 0xed, 0xff, 0x92, 0x14, 0xff, 0x92, 0x14, 0x9a, 0x22, 0x01, 0x00, 0x95,
	0xff, 0x92, 0x14, 0xff, 0x92, 0x14, 0x9a, 0x22, 0x01, 0x00, 0xb5, 0xff, 0x92, 0x14, 0xff, 0x92,
	0x14, 0xa0, 0x28, 0x01, 0x00, 0xd5, 0xff, 0x92, 0x14, 0xff, 0x92, 0x14, 0x9a, 0x22, 0x01, 0x00,
	0xf5, 0xff, 0x92, 0x14, 0xff, 0x92, 0x14, 0xa4, 0x2c, 0x01, 0x00, 0x9d, 0xff, 0x92, 0x14, 0xff,
	0x92, 0x14, 0xa0, 0x28, 0x01, 0x00, 0xbd, 0xff, 0x92, 0x14, 0xff, 0x92, 0x14, 0x9a, 0x22, 0x01,
	0x00, 0xdd, 0xff, 0x92, 0x14, 0xff, 0x92, 0x14, 0x9a, 0x22, 0x01, 0x00, 0xfd, 0xff, 0x92, 0x14,
	0xff, 0x92, 0x14, 0x94, 0x28, 0x01, 0x00, 0x02, 0x88, 0xba, 0x15, 0x00, 0x82, 0xff, 0x92, 0x14,
	0xff, 0x92, 0x14, 0x9a, 0x22, 0x01, 0x00, 0xa2, 0xff, 0x92, 0x14, 0xff, 0x92, 0x14, 0x9a, 0x22,
	0x01, 0x00, 0xc2, 0xff, 0x92, 0x14, 0xff, 0x92, 0x14, 0xa6, 0x2e, 0x01, 0x00, 0xe2, 0xff, 0x92,
	0x14, 0xff, 0x92, 0x14, 0x8a, 0x10, 0x00, 0xff, 0x92, 0x14, 0xff, 0x01, 0x00, 0xff, 0x01, 0x00,
	0x81, 0x01, 0x00, 0x93, 0x92, 0x14, 0xff, 0x92, 0x14, 0xaf, 0x66, 0x03, 0x00, 0x8a, 0xff, 0x92,
	0x14, 0xff, 0x92, 0x14, 0x9a, 0x22, 0x01, 0x00, 0xaa, 0xff, 0x92, 0x14, 0xff, 0x92, 0x14, 0x9a,
	0x22, 0x01, 0x00, 0xca, 0xff, 0x92, 0x14, 0xff, 0x92, 0x14, 0xa0, 0x28, 0x01, 0x00, 0xea, 0xff,
	0x92, 0x14, 0xff, 0x92, 0x14, 0x9a, 0x22, 0x01, 0x00, 0x92, 0xff, 0x92, 0x14, 0xff, 0x92, 0x14,
	0x9a, 0x22, 0x01, 0x00, 0xb2, 0xff, 0x92, 0x14, 0xff, 0x92, 0x14, 0xa0, 0x28, 0x01, 0x00, 0xd2,
	0xff, 0x92, 0x14, 0xff, 0x92, 0x14, 0x9a, 0x22, 0x01, 0x00, 0xf2, 0xff, 0x92, 0x14, 0xff, 0x92,
	0x14, 0xa4, 0x2c, 0x01, 0x00, 0x9a, 0xff, 0x92, 0x14, 0xff, 0x92, 0x14, 0xa0, 0x28, 0x01, 0x00,
	0xba, 0xff, 0x92, 0x14, 0xff, 0x92, 0x14, 0x9a, 0x22, 0x01, 0x00, 0xda, 0xff, 0x92, 0x14, 0xff,
	0x92, 0x14, 0x9a, 0x22, 0x01, 0x00, 0xfa, 0xff, 0x92, 0x14, 0xff, 0x92, 0x14, 0x98, 0x28, 0x01,
	0x85, 0xba, 0x15, 0x00, 0x86, 0xff, 0x92, 0x14, 0xff, 0x92, 0x14, 0x9a, 0x22, 0x01, 0x00, 0xa6,
	0xff, 0x92, 0x14, 0xff, 0x92, 0x14, 0x9a, 0x22, 0x01, 0x00, 0xc6, 0xff, 0x92, 0x14, 0xff, 0x92,
	0x14, 0xa6, 0x2e, 0x01, 0x00, 0xe6, 0xff, 0x92, 0x14, 0xff, 0x92, 0x14, 0x8a, 0x10, 0x00, 0xff,
	0x92, 0x14, 0xff, 0x01, 0x00, 0xff, 0x01, 0x00, 0x81, 0x01, 0x00, 0x93, 0x92, 0x14, 0xff, 0x92,
	0x14, 0xaf, 0x66, 0x03, 0x00, 0x8e, 0xff, 0x92, 0x14, 0xff, 0x92, 0x14, 0x9a, 0x22, 0x01, 0x00,
	0xae, 0xff, 0x92, 0x14, 0xff, 0x92, 0x14, 0x9a, 0x22, 0x01, 0x00, 0xce, 0xff, 0x92, 0x14, 0xff,
	0x92, 0x14, 0xa0, 0x28, 0x01, 0x00, 0xee, 0xff, 0x92, 0x14, 0xff, 0x92, 0x14, 0x9a, 0x22, 0x01,
	0x00, 0x96, 0xff, 0x92, 0x14, 0xff, 0x92, 0x14, 0x9a, 0x22, 0x01, 0x00, 0xb6, 0xff, 0x92, 0x14,
	0xff, 0x92, 0x14, 0xa0, 0x28, 0x01, 0x00, 0xd6, 0xff, 0x92, 0x14, 0xff, 0x92, 0x14, 0x9a, 0x22,
	0x01, 0x00, 0xf6, 0xff, 0x92, 0x14, 0xff, 0x92, 0x14, 0xa4, 0x2c, 0x01, 0x00, 0x9e, 0xff, 0x92,
	0x14, 0xff, 0x92, 0x14, 0xa0, 0x28, 0x01, 0x00, 0xbe, 0xff, 0x92, 0x14, 0xff, 0x92, 0x14, 0x9a,
	0x22, 0x01, 0x00, 0xde, 0xff, 0x92, 0x14, 0xff, 0x92, 0x14, 0x9a, 0x22, 0x01, 0x00, 0xfe, 0xff,
	0x92, 0x14, 0xff, 0x92, 0x14, 0x94, 0x28, 0x01, 0x00, 0x03, 0x88, 0xba, 0x15, 0x00, 0x83, 0xff,
	0x92, 0x14, 0xff, 0x92, 0x14, 0x9a, 0x22, 0x01, 0x00, 0xa3, 0xff, 0x92, 0x14, 0xff, 0x92, 0x14,
	0x9a, 0x22, 0x01, 0x00, 0xc3, 0xff, 0x92, 0x14, 0xff, 0x92, 0x14, 0xa6, 0x2e, 0x01, 0x00, 0xe3,
	0xff, 0x92, 0x14, 0xff, 0x92, 0x14, 0x8a, 0x10, 0x00, 0xff, 0x92, 0x14, 0xff, 0x01, 0x00, 0xff,
	0x01, 0x00, 0x81, 0x01, 0x00, 0x93, 0x92, 0x14, 0xff, 0x92, 0x14, 0xaf, 0x66, 0x03, 0x00, 0x8b,
	0xff, 0x92, 0x14, 0xff, 0x92, 0x14, 0x9a, 0x22, 0x01, 0x00, 0xab, 0xff, 0x92, 0x14, 0xff, 0x92,
	0x14, 0x9a, 0x22, 0x01, 0x00, 0xcb, 0xff, 0x92, 0x14, 0xff, 0x92, 0x14, 0xa0, 0x28, 0x01, 0x00,
	0xeb, 0xff, 0x92, 0x14, 0xff, 0x92, 0x14, 0x9a, 0x22, 0x01, 0x00, 0x93, 0xff, 0x92, 0x14, 0xff,
	0x92, 0x14, 0x9a, 0x22, 0x01, 0x00, 0xb3, 0xff, 0x92, 0x14, 0xff, 0x92, 0x14, 0xa0, 0x28, 0x01,
	0x00, 0xd3, 0xff, 0x92, 0x14, 0xff, 0x92, 0x14, 0x9a, 0x22, 0x01, 0x00, 0xf3, 0xff, 0x92, 0x14,
	0xff, 0x92, 0x14, 0xa4, 0x2c, 0x01, 0x00, 0x9b, 0xff, 0x92, 0x14, 0xff, 0x92, 0x14, 0xa0, 0x28,
	0x01, 0x00, 0xbb, 0xff, 0x92, 0x14, 0xff, 0x92, 0x14, 0x9a, 0x22, 0x01, 0x00, 0xdb, 0xff, 0x92,
	0x14, 0xff, 0x92, 0x14, 0x9a, 0x22, 0x01, 0x00, 0xfb, 0xff, 0x92, 0x14, 0xff, 0x92, 0x14, 0x98,
	0x28, 0x01, 0x85, 0xba, 0x15, 0x00, 0x87, 0xff, 0x92, 0x14, 0xff, 0x92, 0x14, 0x9a, 0x22, 0x01,
	0x00, 0xa7, 0xff, 0x92, 0x14, 0xff, 0x92, 0x14, 0x9a, 0x22, 0x01, 0x00, 0xc7, 0xff, 0x92, 0x14,
	0xff, 0x92, 0x14, 0xa6, 0x2e, 0x01, 0x00, 0xe7, 0xff, 0x92, 0x14, 0xff, 0x92, 0x14, 0x8a, 0x10,
	0x00, 0xff, 0x92, 0x14, 0xff, 0x01, 0x00, 0xff, 0x01, 0x00, 0x81, 0x01, 0x00, 0x93, 0x92, 0x14,
	0xff, 0x92, 0x14, 0xaf, 0x66, 0x03, 0x00, 0x8f, 0xff, 0x92, 0x14, 0xff, 0x92, 0x14, 0x9a, 0x22,
	0x01, 0x00, 0xaf, 0xff, 0x92, 0x14, 0xff, 0x92, 0x14, 0x9a, 0x22, 0x01, 0x00, 0xcf, 0xff, 0x92,
	0x14, 0xff, 0x92, 0x14, 0xa0, 0x28, 0x01, 0x00, 0xef, 0xff, 0x92, 0x14, 0xff, 0x92, 0x14, 0x9a,
	0x22, 0x01, 0x00, 0x97, 0xff, 0x92, 0x14, 0xff, 0x92, 0x14, 0x9a, 0x22, 0x01, 0x00, 0xb7, 0xff,
	0x92, 0x14, 0xff, 0x92, 0x14, 0xa0, 0x28, 0x01, 0x00, 0xd7, 0xff, 0x92, 0x14, 0xff, 0x92, 0x14,
	0x9a, 0x22, 0x01, 0x00, 0xf7, 0xff, 0x92, 0x14, 0xff, 0x92, 0x14, 0xa4, 0x2c, 0x01, 0x00, 0x9f,
	0xff, 0x92, 0x14, 0xff, 0x92, 0x14, 0xa0, 0x28, 0x01, 0x00, 0xbf, 0xff, 0x92, 0x14, 0xff, 0x92,
	0x14, 0x9a, 0x22, 0x01, 0x00, 0xdf, 0xff, 0x92, 0x14, 0xff, 0x92, 0x14, 0x9a, 0x22, 0x01, 0x00,
	0xff, 0xff, 0x92, 0x14, 0x88, 0x92, 0x14, 0x00, 0x98, 0xff, 0x6c, 0x03, 0x04, 0x5e, 0x11, 0x00,
	0x00, 0x29, 0x81, 0x6c, 0x0e, 0x01, 0x14, 0x58, 0xff, 0x7e, 0x14, 0xff, 0x0e, 0x01, 0x02, 0x11,
	0x00, 0x01, 0x94, 0x0e, 0x01, 0xff, 0x6a, 0x14, 0xf1, 0x0e, 0x01, 0x00, 0x7f, 0x94, 0x0e, 0x01,
	0xf7, 0x56, 0x14, 0x02, 0x6d, 0x09, 0x8d, 0xff, 0x56, 0x14, 0x03, 0x5e, 0x11, 0x00, 0x80, 0x92,
	0x1a, 0x01, 0xfb, 0x42, 0x14, 0x00, 0xf8, 0xff, 0x40, 0xa4, 0x82, 0x01, 0x00, 0xff, 0x42, 0x14,
	0xff, 0x01, 0x00, 0xf9, 0x01, 0x00, 0x93, 0x42, 0x14, 0x8f, 0x42, 0x14, 0x00, 0x99, 0xff, 0x42,
	0x14, 0x88, 0x52, 0x03, 0x00, 0xff, 0x92, 0x52, 0x03, 0xff, 0x2e, 0x14, 0xf3, 0x0e, 0x01, 0x00,
	0x55, 0x94, 0x0e, 0x01, 0xff, 0x1a, 0x14, 0xf1, 0x0e, 0x01, 0x00, 0xaa, 0x94, 0x0e, 0x01, 0xf1,
	0x06, 0x14, 0x02, 0x99, 0x02, 0x95, 0xff, 0xb8, 0x09, 0x81, 0xb8, 0x09, 0x00, 0x2d, 0x81, 0x14,
	0x01, 0x00, 0x15, 0x8e, 0x14, 0x01, 0xff, 0xf2, 0x13, 0xf2, 0xb8, 0x09, 0x94, 0x0e, 0x01, 0xff,
	0xde, 0x13, 0xf2, 0xb8, 0x09, 0x94, 0x0e, 0x01, 0xf1, 0xca, 0x13, 0x02, 0x2e, 0x04, 0x9a, 0xff,
	0x30, 0x03, 0x81, 0xb2, 0x09, 0x94, 0x14, 0x01, 0xff, 0xb6, 0x13, 0xf2, 0x6e, 0x07, 0x94, 0x0e,
	0x01, 0xff, 0xa2, 0x13, 0xfc, 0x78, 0x07, 0x92, 0x18, 0x01, 0xf3, 0x8e, 0x13, 0x01, 0xc8, 0x05,
	0xff, 0x6a, 0x06, 0x82, 0x7e, 0x07, 0x94, 0x14, 0x01, 0xff, 0x7a, 0x13, 0xf2, 0x78, 0x07, 0x00,
	0x39, 0x81, 0x0e, 0x01, 0x00, 0x16, 0x8e, 0x0e, 0x01, 0xff, 0x66, 0x13, 0xf2, 0x78, 0x07, 0x94,
	0x0e, 0x01, 0xf1, 0x52, 0x13, 0x00, 0x5d, 0xff, 0x52, 0x13, 0x83, 0x7e, 0x07, 0x94, 0x14, 0x01,
	0xff, 0x52, 0x13, 0xf2, 0x78, 0x07, 0x94, 0x0e, 0x01, 0xff, 0x52, 0x13, 0xf2, 0x78, 0x07, 0x94,
	0x0e, 0x01, 0xf7, 0x52, 0x13, 0x01, 0xf5, 0x08, 0xff, 0x52, 0x13, 0x82, 0x7a, 0x07, 0x92, 0x1a,
	0x01, 0xfb, 0x52, 0x13, 0x00, 0x80, 0xff, 0x52, 0x13, 0x82, 0x01, 0x00, 0xff, 0x52, 0x13, 0xff,
	0x01, 0x00, 0xf9, 0x01, 0x00, 0x93, 0x52, 0x13, 0xff, 0x52, 0x13, 0x9c, 0xb8, 0x09, 0x92, 0x52,
	0x03, 0xff, 0x52, 0x13, 0xf4, 0xb8, 0x09, 0x00, 0x3d, 0x81, 0x0e, 0x01, 0x00, 0x17, 0xff, 0x52,
	0x13, 0xff, 0x0e, 0x01, 0x81, 0x3a, 0x00, 0x94, 0x0e, 0x01, 0xff, 0x52, 0x13, 0xf8, 0xb8, 0x09,
	0x94, 0x14, 0x01, 0xff, 0x52, 0x13, 0xf2, 0xb8, 0x09, 0x94, 0x0e, 0x01, 0xff, 0x52, 0x13, 0xf2,
	0xb8, 0x09, 0x94, 0x0e, 0x01, 0xf3, 0x52, 0x13, 0x00, 0xab, 0xff, 0x30, 0x03, 0x81, 0xb2, 0x09,
	0x94, 0x14, 0x01, 0xff, 0x52, 0x13, 0xf2, 0x6e, 0x07, 0x94, 0x0e, 0x01, 0xff, 0x52, 0x13, 0xfb,
	0x18, 0x01, 0x8b, 0x62, 0x00, 0x81, 0x12, 0x00, 0x07, 0x08, 0x5e, 0x00, 0x00, 0x20, 0x00, 0x03,
	0x21, 0x81, 0x8a, 0x00, 0xff, 0x68, 0x13, 0x87, 0xee, 0x0b, 0x02, 0xd7, 0x05, 0x00, 0xff, 0xee,
	0x0b, 0x00, 0x00, 0xff, 0xee, 0x0b, 0xff, 0x01, 0x00, 0xfb, 0x01, 0x00, 0x93, 0xee, 0x0b,
};
static const uint32_t DSP_INSTRUCTION_IMAGES_OFFSETS[] = {
	0, 2325, 2562, 2821, 3080, 3370, 3603, 3823, 4027, 4274, 4507, 4752,
	5009, 5282, 5486, 5678, 5848, 6045, 6265, 6512, 6711, 6997, 7269, 7623,
	7919, 8194, 8459, 8722, 8905, 9089, 9251, 9418, 9653, 9871, 10101, 10300,
	10681, 11034, 11301, 11530, 11735, 12007, 12267, 12478, 12697, 12966, 13203, 13484,
	13789, 14091, 14466, 14716, 14956, 15191, 15450, 15697, 16007, 16304, 16505, 16706,
	16964, 17328, 17580, 17838, 18070, 18252, 18482, 18733, 18924, 19181, 19455, 19696,
	19923, 20140, 20364, 20617, 20908, 21153, 21378, 21672, 21955, 22146, 22332, 22494,
	22661, 22881, 23147, 23392, 23635, 23925, 24169, 24400, 24629, 24897, 25178, 25397,
	25633, 25897, 26170, 26450, 26739, 27009, 27262, 27505, 27743, 27967, 28165, 28371,
	28576, 28872, 29238, 29503, 29734, 29968, 30214, 30406, 30589, 30798, 31008, 31215,
	31404, 31596, 31779, 31996, 32206, 32413, 32625, 32820, 33003, 33206, 33413, 33620,
	33809, 34001, 34184, 34401, 34611, 34818, 35030, 35225, 35408, 35611, 35818, 36025,
	36214, 36406, 36589, 36806, 37016, 37223, 37435, 37630, 37813, 38016, 38223, 38430,
	38619, 38811, 38994, 39211, 39421, 39628, 39840, 40035, 40218, 40421, 40628, 40835,
	41024, 41216, 41399, 41733, 41979, 42220, 42498, 42711, 42918, 43138, 43351, 43558,
	43782, 43995, 44202, 44499, 44782, 45009, 45216, 45437, 45644, 45865, 46072, 46293,
	46500, 46721, 46928, 47149, 47356, 47577, 47784, 48005, 48212, 48433, 48640, 48861,
	49068, 49289, 49496, 49717, 49924, 50145, 50352, 50573, 50780, 51001, 51208, 51491,
	51737, 51956, 52164, 52352, 52537, 52745, 52933, 53118, 53326, 53514, 53699, 53907,
	54095, 54280, 54488, 54676, 54861, 55069, 55257, 55442, 55650, 55838, 56023, 56231,
	56419, 56604, 56812, 57000, 57185, 57393, 57581, 57766, 57974, 58162, 58347, 58555,
	58743, 58928, 59136, 59324, 59509, 59717, 59905, 60090, 60298, 60486, 60671, 60946,
	61191, 61391, 61591, 61793, 61993, 62193, 62393, 62629, 62831, 63027, 63223, 63419,
	63615, 63811, 64007, 64241, 64443, 64639, 64835, 65031, 65227, 65423, 65619, 65853,
	66055, 66251, 66447, 66643, 66839, 67035, 67231, 67465, 67667, 67863, 68059, 68255,
	68451, 68647, 68843, 69077, 69279, 69475, 69671, 69867, 70063, 70259, 70455, 70689,
	70891, 71087, 71283, 71479, 71675, 71871, 72067, 72301, 72503, 72699, 72895, 73091,
	73287, 73483, 73679, 73913, 74115, 74311, 74507, 74703, 74899, 75095, 75291, 75525,
	75727, 75923, 76119, 76315, 76511, 76707, 76903, 77137, 77339, 77535, 77731, 77927,
	78123, 78319, 78515, 78749, 78951, 79147, 79343, 79539, 79735, 79931, 80127, 80361,
	80563, 80759, 80955, 81151, 81347, 81543, 81739, 81973, 82175, 82371, 82567, 82763,
	82959, 83155, 83351, 83585, 83787, 83983, 84179, 84375, 84571, 84767, 84963, 85197,
	85399, 85595, 85791, 85987, 86183, 86379, 86575, 86854, 87105, 87314, 87532, 87730,
	87925, 88141, 88339, 88534, 88750, 88948, 89143, 89359, 89557, 89752, 89968, 90166,
	90361, 90577, 90775, 90970, 91186, 91384, 91579, 91795, 91993, 92188, 92404, 92602,
	92797, 93013, 93211, 93406, 93622, 93820, 94015, 94231, 94429, 94624, 94840, 95038,
	95233, 95449, 95647, 95842, 96058, 96256, 96451, 96712, 96940, 97234, 97495, 97722,
	97919, 98126, 98329, 98523, 98723, 98917, 99121, 99321, 99518, 99724, 99924, 100126,
	100333, 100533, 100727, 100927, 101124, 101328, 101528, 101722, 101922, 102116, 102320, 102520,
	102714, 102914, 103108, 103312, 103512, 103706, 103906, 104100, 104304, 104504, 104698, 104898,
	105122, 105411, 105622, 105818, 106036, 106236, 106432, 106650, 106850, 107046, 107264, 107464,
	107660, 107878, 108078, 108274, 108492, 108692, 108888, 109106, 109306, 109502, 109720, 109920,
	110116, 110334, 110534, 110730, 110948, 111148, 111344, 111562, 111762, 111958, 112176, 112376,
	112572, 112790, 112990, 113186, 113404, 113604, 113800, 114018, 114218, 114414, 114632, 114832,
	115045, 115294, 115497, 115700, 115903, 116106, 116309, 116512, 116732, 117016, 117221, 117404,
	117568, 117751, 117915, 118098, 118262, 118445, 118609, 118792, 118956, 119139, 119303, 119486,
	119669, 119914, 120124, 120330, 120507, 120690, 120879, 121067, 121251, 121427, 121615, 121805,
	121991, 122164, 122347, 122536, 122724, 122908, 123084, 123272, 123462, 123648, 123821, 124004,
	124193, 124381, 124565, 124741, 124929, 125119, 125305, 125478, 125661, 125850, 126038, 126222,
	126428, 126725, 126912, 127099, 127309, 127585, 127822, 128069, 128351, 128575, 128796, 129006,
	129202, 129454, 129669, 129878, 130096, 130294, 130489, 130766, 131013, 131215, 131417, 131619,
	131819, 132019, 132219, 132455, 132657, 132853, 133049, 133245, 133441, 133637, 133833, 134084,
	134322, 134535, 134712, 134881, 135049, 135222, 135393, 135561, 135808, 136069, 136313, 136554,
	136766, 136971, 137180, 137389, 137594, 137803, 138012, 138217, 138430, 138638, 138843, 139048,
	139253, 139458, 139663, 139868, 140073, 140315, 140568, 140785, 140990, 141195, 141400, 141605,
	141810, 142015, 142220, 142436, 142720, 142973, 143212, 143434, 143641, 143857, 144094, 144318,
	144530, 144737, 144946, 145161, 145366, 145570, 145772, 146004, 146296, 146556, 146850, 147128,
	147357, 147577, 147788, 147999, 148210, 148421, 148632, 148843, 149054, 149265, 149519, 149778,
	150011, 150260, 150470, 150675, 150880, 151097, 151303, 151506, 151711, 151917, 152123, 152296,
	152469, 152667, 152905, 153182, 153443, 153697, 154057, 154341, 154567, 154795, 154978, 155161,
	155344, 155525, 155706, 155887, 156116, 156378, 156580, 156780, 156982, 157182, 157384, 157584,
	157801, 158024,
};
static const uint16_t DSP_INSTRUCTION_IMAGES_SIZES[] = {
	5230, 5234, 5214, 5206, 5122, 5146, 5202, 5202, 5106, 4998, 5138, 5250,
	5458, 5458, 4978, 4978, 4966, 4862, 4918, 4978, 5074, 5138, 5418, 5440,
	5256, 5154, 5298, 5298, 5298, 5298, 5298, 5226, 5056, 4942, 5010, 5640,
	6044, 5024, 4978, 4978, 5338, 5312, 4946, 5170, 5472, 5490, 5704, 5070,
	5052, 5328, 5226, 5302, 5088, 5116, 5396, 5456, 5474, 5474, 5474, 5212,
	5794, 6142, 6202, 6206, 6206, 6218, 6270, 6270, 6368, 6360, 6302, 6302,
	6304, 6300, 6324, 6226, 6142, 6170, 5836, 5362, 5362, 5362, 5362, 5362,
	5732, 5800, 6258, 6284, 5610, 5288, 5280, 5286, 5306, 5522, 5522, 5498,
	5074, 5006, 5138, 6340, 6510, 6454, 6456, 6448, 6450, 6456, 6448, 6450,
	6106, 5522, 6294, 6414, 6404, 6408, 6414, 6404, 6408, 6414, 6404, 6408,
	6414, 6404, 6408, 6414, 6404, 6408, 6414, 6404, 6408, 6414, 6404, 6408,
	6414, 6404, 6408, 6414, 6404, 6408, 6414, 6404, 6408, 6414, 6404, 6408,
	6414, 6404, 6408, 6414, 6404, 6408, 6414, 6404, 6408, 6414, 6404, 6408,
	6414, 6404, 6408, 6414, 6404, 6408, 6414, 6404, 6408, 6414, 6404, 6408,
	6414, 6404, 6780, 6862, 6828, 6848, 6862, 6828, 6848, 6862, 6828, 6848,
	6862, 6828, 6304, 6206, 6206, 6206, 6206, 6206, 6206, 6206, 6206, 6206,
	6206, 6206, 6206, 6206, 6206, 6206, 6206, 6206, 6206, 6206, 6206, 6206,
	6206, 6206, 6206, 6206, 6206, 6206, 6206, 6206, 6206, 6206, 6430, 6462,
	6462, 6462, 6462, 6462, 6462, 6462, 6462, 6462, 6462, 6462, 6462, 6462,
	6462, 6462, 6462, 6462, 6462, 6462, 6462, 6462, 6462, 6462, 6462, 6462,
	6462, 6462, 6462, 6462, 6462, 6462, 6462, 6462, 6462, 6462, 6462, 6462,
	6462, 6462, 6462, 6462, 6462, 6462, 6462, 6462, 6462, 6462, 6602, 6622,
	6622, 6622, 6622, 6622, 6622, 6622, 6622, 6622, 6622, 6622, 6622, 6622,
	6622, 6622, 6622, 6622, 6622, 6622, 6622, 6622, 6622, 6622, 6622, 6622,
	6622, 6622, 6622, 6622, 6622, 6622, 6622, 6622, 6622, 6622, 6622, 6622,
	6622, 6622, 6622, 6622, 6622, 6622, 6622, 6622, 6622, 6622, 6622, 6622,
	6622, 6622, 6622, 6622, 6622, 6622, 6622, 6622, 6622, 6622, 6622, 6622,
	6622, 6622, 6622, 6622, 6622, 6622, 6622, 6622, 6622, 6622, 6622, 6622,
	6622, 6622, 6622, 6622, 6622, 6622, 6622, 6622, 6622, 6622, 6622, 6622,
	6622, 6622, 6622, 6622, 6622, 6622, 6622, 6622, 6622, 6622, 6622, 6622,
	6622, 6622, 6622, 6622, 6622, 6622, 6622, 6622, 6622, 6622, 6622, 6622,
	6622, 6622, 6622, 6622, 6622, 6622, 6622, 6622, 6622, 6622, 6622, 6622,
	6622, 6622, 6622, 6622, 6622, 6622, 6482, 6462, 6462, 6462, 6462, 6462,
	6462, 6462, 6462, 6462, 6462, 6462, 6462, 6462, 6462, 6462, 6462, 6462,
	6462, 6462, 6462, 6462, 6462, 6462, 6462, 6462, 6462, 6462, 6462, 6462,
	6462, 6462, 6462, 6462, 6462, 6462, 6462, 6462, 6462, 6462, 6462, 6462,
	6462, 6462, 6462, 6462, 6462, 6462, 6350, 6334, 6218, 6206, 6202, 6202,
	6202, 6202, 6206, 6202, 6202, 6202, 6202, 6206, 6202, 6202, 6202, 6202,
	6202, 6206, 6202, 6202, 6202, 6202, 6206, 6202, 6202, 6202, 6202, 6206,
	6202, 6202, 6202, 6202, 6206, 6202, 6202, 6202, 6202, 6206, 6202, 6230,
	6430, 6430, 6430, 6430, 6430, 6430, 6430, 6430, 6430, 6430, 6430, 6430,
	6430, 6430, 6430, 6430, 6430, 6430, 6430, 6430, 6430, 6430, 6430, 6430,
	6430, 6430, 6430, 6430, 6430, 6430, 6430, 6430, 6430, 6430, 6430, 6430,
	6430, 6430, 6430, 6430, 6430, 6430, 6430, 6430, 6430, 6430, 6430, 6418,
	6334, 6334, 6334, 6334, 6334, 6334, 6334, 6322, 6238, 6238, 6238, 6238,
	6238, 6238, 6238, 6238, 6238, 6238, 6238, 6238, 6238, 6238, 6238, 6242,
	6270, 6270, 6270, 6270, 6270, 6270, 6270, 6270, 6270, 6270, 6270, 6270,
	6270, 6270, 6270, 6270, 6270, 6270, 6270, 6270, 6270, 6270, 6270, 6270,
	6270, 6270, 6270, 6270, 6270, 6270, 6270, 6270, 6270, 6270, 6270, 6294,
	6462, 6462, 6462, 6458, 6430, 6330, 6282, 6346, 6438, 6442, 6442, 6438,
	6462, 6462, 6462, 6462, 6462, 6462, 6602, 6622, 6622, 6622, 6622, 6622,
	6622, 6622, 6622, 6622, 6622, 6622, 6622, 6622, 6622, 6622, 6454, 6430,
	6430, 6430, 6430, 6430, 6430, 6430, 6430, 6346, 6310, 6270, 6370, 6430,
	6430, 6430, 6430, 6430, 6430, 6430, 6430, 6430, 6430, 6430, 6430, 6430,
	6430, 6430, 6430, 6430, 6290, 6234, 6430, 6430, 6430, 6430, 6430, 6430,
	6430, 6430, 6402, 6206, 6206, 6206, 6206, 6206, 6206, 6290, 6430, 6430,
	6430, 6430, 6430, 6430, 6430, 6430, 6394, 6362, 6166, 6316, 6558, 6558,
	6558, 6558, 6558, 6558, 6558, 6558, 6558, 6558, 6558, 6528, 6462, 6452,
	6430, 6430, 6430, 6430, 6430, 6430, 6430, 6430, 6430, 6430, 6430, 6430,
	5934, 4850, 6062, 6246, 5218, 5642, 6206, 5918, 5042, 5042, 5042, 5042,
	5042, 5042, 5042, 5098, 5266, 5266, 5266, 5266, 5266, 5266, 5266, 5186,
	4946, 3054,
};
