// Generated by pack_instructions.pl.
#define DSP_INSTRUCTION_GOLDEN_COUNT 11737
#define DSP_INSTRUCTION_GOLDEN_PACKED 1
#define DSP_INSTRUCTION_GOLDEN_MAX_SIZE 1120
static const uint8_t DSP_INSTRUCTION_GOLDEN_DATA[] = {
	0x0e, 0x00, 0x00, 0x00, 0x03, 0x00, 0x10, 0x57, 0x13, 0x68, 0x24, 0xab, 0x89, 0x67, 0x45, 0x00,
	0x84, 0x01, 0x00, 0x13, 0x11, 0x00, 0x22, 0x11, 0x33, 0x22, 0x44, 0x33, 0x55, 0x44, 0x77, 0x66,
	0x88, 0x77, 0xaa, 0xaa, 0x00, 0x00, 0x00, 0xd7, 0x85, 0x1a, 0x00, 0x05, 0x00, 0x00, 0x3c, 0xc3,
	0xa5, 0x5a, 0x84, 0x29, 0x00, 0x00, 0x0a, 0x83, 0x06, 0x00, 0x01, 0xf0, 0x0f, 0xb9, 0x46, 0x00,
	0x01, 0xb0, 0x0b, 0x84, 0x06, 0x00, 0x00, 0x0a, 0x81, 0x46, 0x00, 0x81, 0x0c, 0x00, 0xb9, 0x8c,
	0x00, 0x83, 0xd2, 0x00, 0x02, 0x00, 0x00, 0x01, 0xba, 0x46, 0x00, 0x01, 0x60, 0x85, 0x84, 0x8c,
	0x00, 0x00, 0x80, 0xb1, 0x46, 0x00, 0x00, 0x20, 0x82, 0xd2, 0x00, 0x02, 0x20, 0x0b, 0x80, 0xba,
	0xd2, 0x00, 0x00, 0x80, 0x82, 0x8c, 0x00, 0x03, 0x80, 0x0a, 0x40, 0x84, 0xba, 0x8c, 0x00, 0x82,
	0x46, 0x00, 0x03, 0x20, 0x0a, 0x80, 0x02, 0x81, 0x46, 0x00, 0x03, 0x04, 0x50, 0x55, 0x55, 0xb9,
	0x8c, 0x00, 0xc9, 0xa4, 0x01, 0x01, 0xfe, 0xff, 0xbb, 0x46, 0x00, 0x01, 0x40, 0x70, 0x81, 0x46,
	0x00, 0x03, 0xff, 0xff, 0xff, 0x7f, 0xb9, 0x18, 0x01, 0x01, 0x00, 0xf4, 0x83, 0x8c, 0x00, 0x01,
	0xff, 0xff, 0xba, 0x30, 0x02, 0x00, 0x71, 0xba, 0x8c, 0x00, 0x85, 0x30, 0x02, 0x82, 0xa4, 0x01,
	0x02, 0x50, 0x05, 0x56, 0xff, 0xa4, 0x01, 0x84, 0xa4, 0x01, 0x00, 0xff, 0xbc, 0xa4, 0x01, 0xc9,
	0xa4, 0x01, 0x00, 0xff, 0xbd, 0xa4, 0x01, 0x00, 0x81, 0xc2, 0xd4, 0x03, 0x82, 0xa4, 0x01, 0x01,
	0xaa, 0xaa, 0xff, 0x48, 0x03, 0x85, 0xa4, 0x01, 0x00, 0x01, 0xff, 0x46, 0x00, 0xc7, 0x46, 0x00,
	0xc8, 0x18, 0x01, 0x01, 0x0a, 0xa0, 0xff, 0x8c, 0x00, 0xff, 0x48, 0x03, 0x81, 0x01, 0x00, 0xcb,
	0x48, 0x03, 0xc3, 0x90, 0x06, 0x00, 0x00, 0x82, 0x48, 0x03, 0x01, 0xfa, 0xaf, 0xb3, 0x48, 0x03,
	0x85, 0x8c, 0x00, 0xff, 0x90, 0x06, 0x87, 0x46, 0x00, 0xff, 0x90, 0x06, 0x88, 0x8c, 0x00, 0xc8,
	0xa4, 0x01, 0x01, 0xf0, 0x0f, 0xff, 0xa4, 0x01, 0x86, 0xd8, 0x09, 0x00, 0x80, 0xbb, 0x46, 0x00,
	0xc3, 0xd8, 0x09, 0xc4, 0xee, 0x07, 0xba, 0x8e, 0x03, 0x86, 0x4a, 0x06, 0x00, 0xf6, 0x81, 0x46,
	0x00, 0x03, 0x55, 0x55, 0xaa, 0xaa, 0xbf, 0x5e, 0x01, 0x00, 0x02, 0xbc, 0x36, 0x0b, 0x83, 0x46,
	0x00, 0x02, 0x10, 0x00, 0x0f, 0xba, 0x46, 0x00, 0x01, 0xc0, 0xc4, 0xb9, 0xa4, 0x01, 0x00, 0xa0,
	0x82, 0x46, 0x00, 0x02, 0xa0, 0x0a, 0x80, 0x82, 0x18, 0x01, 0xb5, 0x46, 0x00, 0x85, 0x5e, 0x01,
	0x83, 0xd2, 0x00, 0x00, 0x01, 0xbc, 0x18, 0x01, 0x00, 0xc0, 0xba, 0x8e, 0x03, 0x85, 0xd2, 0x00,
	0x83, 0x8c, 0x00, 0xbd, 0xda, 0x0c, 0x83, 0x46, 0x00, 0xbd, 0xf2, 0x0d, 0x83, 0x46, 0x00, 0x00,
	0x58, 0xc2, 0x46, 0x00, 0xc3, 0x8c, 0x00, 0x00, 0x56, 0xff, 0x8c, 0x00, 0x02, 0x00, 0x00, 0x0a,
	0x83, 0xd4, 0x03, 0x03, 0xa9, 0xec, 0x97, 0xdb, 0xbf, 0x76, 0x02, 0xbe, 0x18, 0x01, 0x82, 0x8c,
	0x00, 0x00, 0xa8, 0xb4, 0x8c, 0x00, 0xcc, 0xa4, 0x01, 0x82, 0x4a, 0x06, 0x03, 0xae, 0x26, 0xd0,
	0x48, 0xff, 0x8c, 0x00, 0x00, 0x80, 0x82, 0x46, 0x00, 0x03, 0xab, 0x09, 0x34, 0x12, 0xbf, 0xa4,
	0x01, 0x8d, 0x8e, 0x03, 0x00, 0x01, 0xac, 0x8c, 0x00, 0x93, 0x04, 0x06, 0xa5, 0x46, 0x00, 0x8b,
	0x8c, 0x00, 0x01, 0x50, 0x05, 0x8b, 0x1c, 0x07, 0x01, 0xf0, 0x0f, 0xb1, 0xa4, 0x01, 0x03, 0xf0,
	0xa5, 0xa5, 0x5a, 0x8a, 0x46, 0x00, 0xb2, 0xea, 0x01, 0x01, 0x55, 0x55, 0x8b, 0x34, 0x08, 0x01,
	0xff, 0xff, 0xac, 0xc0, 0x08, 0x00, 0x10, 0x91, 0x62, 0x07, 0xa5, 0x18, 0x01, 0x86, 0xc0, 0x08,
	0x84, 0xa4, 0x01, 0x00, 0x69, 0x8a, 0x30, 0x02, 0xb3, 0xa4, 0x01, 0x01, 0x57, 0x13, 0xc1, 0xa4,
	0x01, 0x02, 0xff, 0xff, 0x67, 0xba, 0x8c, 0x00, 0x83, 0x46, 0x00, 0x8d, 0x02, 0x03, 0x00, 0x00,
	0xd0, 0x46, 0x00, 0x82, 0x11, 0x00, 0xa8, 0x46, 0x00, 0x03, 0xaa, 0xaa, 0xff, 0xff, 0x81, 0xfe,
	0x0d, 0xbb, 0xd2, 0x00, 0x83, 0x42, 0x00, 0x8d, 0x46, 0x00, 0x81, 0x12, 0x00, 0xa9, 0x46, 0x00,
	0x09, 0x56, 0x55, 0x55, 0xd5, 0xff, 0x7f, 0x00, 0x00, 0xff, 0x7f, 0xbb, 0x8c, 0x00, 0x01, 0xff,
	0x3f, 0x8f, 0x46, 0x00, 0x81, 0x12, 0x00, 0xab, 0x5e, 0x01, 0x07, 0xab, 0x2a, 0x00, 0x80, 0xff,
	0xff, 0x00, 0x80, 0xbc, 0xa4, 0x01, 0x00, 0x40, 0x8f, 0x46, 0x00, 0x81, 0x0e, 0x0b, 0x9b, 0x46,
	0x00, 0x8d, 0x18, 0x01, 0x81, 0x8a, 0x03, 0x81, 0x01, 0x00, 0xbd, 0xa4, 0x01, 0x8f, 0x46, 0x00,
	0x81, 0xe2, 0x0e, 0xa9, 0x46, 0x00, 0x09, 0x72, 0x1c, 0x8e, 0xe3, 0x55, 0x55, 0x00, 0x00, 0x55,
	0x55, 0xb9, 0x8c, 0x00, 0x03, 0x39, 0x8e, 0x71, 0x1c, 0x8f, 0x46, 0x00, 0x81, 0x12, 0x00, 0xe1,
	0xc0, 0x08, 0xc4, 0xf8, 0x16, 0xff, 0x8c, 0x00, 0xff, 0x8c, 0x00, 0x96, 0x8c, 0x00, 0xbd, 0xee,
	0x07, 0x00, 0x30, 0xba, 0xd2, 0x00, 0x00, 0x30, 0x82, 0x46, 0x00, 0x82, 0x06, 0x00, 0xff, 0x8c,
	0x00, 0x8a, 0x8c, 0x00, 0xff, 0xa4, 0x01, 0x81, 0x06, 0x00, 0x83, 0x8c, 0x00, 0xff, 0x18, 0x01,
	0xff, 0xa4, 0x01, 0xff, 0x8c, 0x00, 0xff, 0x8c, 0x00, 0xff, 0xbc, 0x02, 0xaf, 0xbc, 0x02, 0x03,
	0x5a, 0xa5, 0x57, 0x13, 0xbf, 0x94, 0x0c, 0x00, 0x5b, 0xc2, 0x46, 0x00, 0x00, 0xd9, 0xc2, 0x46,
	0x00, 0x00, 0xda, 0xc2, 0x46, 0x00, 0x01, 0x59, 0xa6, 0xc1, 0x46, 0x00, 0xbd, 0x5e, 0x01, 0x84,
	0x8c, 0x00, 0xc2, 0x46, 0x00, 0x01, 0xdb, 0xa4, 0xc2, 0x5e, 0x01, 0xc2, 0x46, 0x00, 0x00, 0x5b,
	0xc2, 0x46, 0x00, 0xc3, 0x5e, 0x01, 0xff, 0x46, 0x00, 0xff, 0x46, 0x00, 0x8c, 0x46, 0x00, 0x83,
	0xb2, 0x16, 0x00, 0xa5, 0xc2, 0x40, 0x1a, 0xbd, 0x46, 0x00, 0x84, 0xd2, 0x00, 0xff, 0x8c, 0x00,
	0xc6, 0x8c, 0x00, 0xff, 0x78, 0x05, 0x86, 0x46, 0x00, 0x83, 0x46, 0x00, 0x00, 0x7f, 0xff, 0x78,
	0x05, 0x86, 0x46, 0x00, 0x00, 0xff, 0xff, 0x02, 0x03, 0xcc, 0x5e, 0x01, 0x00, 0x25, 0xff, 0x5e,
	0x01, 0x86, 0x46, 0x00, 0x00, 0xa5, 0xbd, 0x46, 0x00, 0x00, 0x04, 0x91, 0x7a, 0x08, 0x00, 0x01,
	0xad, 0xdc, 0x0f, 0x92, 0x46, 0x00, 0xae, 0x96, 0x0f, 0xc3, 0x46, 0x00, 0x92, 0x1e, 0x0a, 0x00,
	0xfe, 0xad, 0x3a, 0x11, 0x92, 0x8c, 0x00, 0x01, 0xaa, 0xaa, 0xac, 0x46, 0x00, 0x00, 0x08, 0x91,
	0x46, 0x00, 0xae, 0xde, 0x12, 0xff, 0xa4, 0x01, 0x86, 0x46, 0x00, 0xc4, 0xd2, 0x00, 0xd8, 0x18,
	0x01, 0xad, 0x98, 0x12, 0x00, 0x80, 0xba, 0x8c, 0x00, 0x86, 0x0e, 0x15, 0xc3, 0xd2, 0x00, 0x93,
	0xc8, 0x14, 0xad, 0xea, 0x01, 0x92, 0x8c, 0x00, 0xad, 0xea, 0x01, 0x00, 0x80, 0xba, 0x30, 0x02,
	0x9b, 0xfa, 0x19, 0xae, 0xc8, 0x14, 0xd9, 0x5e, 0x01, 0xc2, 0xbc, 0x02, 0xc3, 0xa6, 0x04, 0xff,
	0x8c, 0x00, 0xfd, 0x8c, 0x00, 0xff, 0x8c, 0x00, 0xff, 0x8c, 0x00, 0xff, 0x8c, 0x00, 0x9c, 0x1a,
	0x04, 0xc2, 0x06, 0x2c, 0xa3, 0x46, 0x00, 0x01, 0xe1, 0xff, 0xa1, 0x60, 0x04, 0x01, 0xcf, 0x8a,
	0xc1, 0xc2, 0x0b, 0x9d, 0x46, 0x00, 0x00, 0xf1, 0x94, 0x8c, 0x00, 0x86, 0x18, 0x01, 0x82, 0x46,
	0x00, 0x03, 0xd5, 0xc4, 0xb3, 0x22, 0xba, 0x18, 0x01, 0xa2, 0x46, 0x00, 0x00, 0xff, 0x9c, 0x18,
	0x01, 0x00, 0x40, 0x83, 0x7c, 0x0b, 0xbc, 0xbc, 0x25, 0xa3, 0x46, 0x00, 0x00, 0x01, 0x9c, 0x46,
	0x00, 0x01, 0xe0, 0x31, 0xb9, 0x8c, 0x00, 0x00, 0xa0, 0x82, 0xde, 0x12, 0x01, 0xa0, 0x0b, 0xa3,
	0x46, 0x00, 0x00, 0x0f, 0x9c, 0x46, 0x00, 0x01, 0xe0, 0x51, 0xc2, 0x8c, 0x00, 0xa2, 0x46, 0x00,
	0x00, 0x1f, 0x9c, 0x46, 0x00, 0x00, 0x00, 0x82, 0x5e, 0x01, 0x01, 0x1f, 0x00, 0x8b, 0x76, 0x02,
	0x8d, 0xd4, 0x03, 0x95, 0x46, 0x00, 0x8b, 0xbc, 0x02, 0x00, 0x0e, 0x8c, 0x46, 0x00, 0x8d, 0xb6,
	0x1c, 0x00, 0x0e, 0xa2, 0x46, 0x00, 0x81, 0x0b, 0x00, 0xba, 0xa8, 0x07, 0x92, 0x46, 0x00, 0xb3,
	0x2a, 0x1c, 0x00, 0x0f, 0x8d, 0x8c, 0x00, 0x8c, 0xa6, 0x04, 0x95, 0xea, 0x01, 0x9b, 0x8c, 0x00,
	0xb3, 0x9e, 0x1b, 0x8d, 0x72, 0x1f, 0x03, 0x00, 0xd6, 0x01, 0x00, 0x8d, 0x46, 0x00, 0x00, 0x03,
	0xae, 0x46, 0x00, 0x00, 0x01, 0xc2, 0x46, 0x00, 0x01, 0xff, 0xd5, 0xc1, 0x46, 0x00, 0x00, 0x03,
	0xb2, 0x8c, 0x00, 0x01, 0xfe, 0xff, 0x8c, 0x90, 0x06, 0xc2, 0x46, 0x00, 0xb3, 0x18, 0x01, 0x8d,
	0x46, 0x00, 0xb3, 0x18, 0x01, 0x8d, 0x46, 0x00, 0xad, 0x18, 0x01, 0x83, 0x46, 0x00, 0x00, 0xff,
	0x8e, 0x18, 0x01, 0x01, 0x68, 0x24, 0xbf, 0x46, 0x00, 0x00, 0x01, 0xc2, 0x46, 0x00, 0x01, 0xff,
	0xd5, 0xc1, 0x46, 0x00, 0x00, 0x03, 0xb2, 0x8c, 0x00, 0x01, 0xf0, 0x0f, 0x8c, 0x1a, 0x04, 0x02,
	0xd6, 0xf0, 0x0f, 0xbf, 0x46, 0x00, 0x00, 0x01, 0xc2, 0x46, 0x00, 0x01, 0xff, 0xd5, 0xc1, 0x46,
	0x00, 0x00, 0x03, 0xb2, 0x8c, 0x00, 0x8f, 0x30, 0x02, 0x00, 0xf0, 0xc0, 0x76, 0x02, 0x00, 0x01,
	0xc2, 0x46, 0x00, 0x01, 0xff, 0xd5, 0xc1, 0x46, 0x00, 0x00, 0x03, 0xb2, 0x8c, 0x00, 0x01, 0x00,
	0x00, 0x8d, 0x18, 0x01, 0x01, 0xff, 0xff, 0xbf, 0x46, 0x00, 0x00, 0x01, 0xc2, 0x46, 0x00, 0x01,
	0xff, 0xd5, 0xc1, 0x46, 0x00, 0x00, 0x03, 0xac, 0x8c, 0x00, 0x83, 0x46, 0x00, 0x01, 0xff, 0xff,
	0xc1, 0x90, 0x06, 0x8d, 0x46, 0x00, 0xb3, 0x78, 0x05, 0x8d, 0x46, 0x00, 0xb3, 0x78, 0x05, 0x8d,
	0x46, 0x00, 0xb3, 0x78, 0x05, 0xff, 0xa8, 0x07, 0x97, 0x46, 0x00, 0xf9, 0xa8, 0x07, 0x8d, 0xa6,
	0x27, 0xb5, 0x30, 0x02, 0x8c, 0xec, 0x27, 0xc2, 0x46, 0x00, 0xb5, 0x30, 0x02, 0x8b, 0x46, 0x00,
	0xff, 0xc0, 0x08, 0xff, 0xc0, 0x08, 0xc1, 0xc0, 0x08, 0x83, 0x46, 0x00, 0xcb, 0x6a, 0x13, 0xc3,
	0x4a, 0x29, 0xc3, 0x04, 0x29, 0x03, 0x00, 0x00, 0x55, 0xd5, 0xbf, 0xbe, 0x28, 0x01, 0x56, 0x55,
	0x81, 0xd4, 0x00, 0xbd, 0x78, 0x28, 0xc3, 0x32, 0x28, 0x84, 0x1c, 0x00, 0x00, 0x00, 0xff, 0xa4,
	0x01, 0xc7, 0xa4, 0x01, 0xc1, 0x62, 0x2a, 0xc3, 0x1c, 0x2a, 0xff, 0xa4, 0x01, 0x89, 0xa4, 0x01,
	0x91, 0x4c, 0x2c, 0xaf, 0x18, 0x01, 0x01, 0x54, 0x55, 0xc2, 0xa4, 0x01, 0x00, 0xaa, 0xb1, 0xa4,
	0x01, 0x8d, 0x8c, 0x00, 0x83, 0xa2, 0x01, 0xbd, 0xa4, 0x01, 0x01, 0xe3, 0x38, 0xff, 0xa4, 0x01,
	0xff, 0x48, 0x03, 0xff, 0x48, 0x03, 0x97, 0x46, 0x00, 0xff, 0x48, 0x03, 0xff, 0x48, 0x03, 0x93,
	0xd2, 0x00, 0x01, 0x55, 0x55, 0xbf, 0xa4, 0x01, 0x81, 0x8a, 0x14, 0xa9, 0xa4, 0x01, 0x8b, 0x50,
	0x32, 0xff, 0x48, 0x03, 0x8f, 0x46, 0x00, 0xb5, 0x48, 0x03, 0x8b, 0x46, 0x00, 0xff, 0x34, 0x08,
	0xff, 0x34, 0x08, 0x93, 0xd2, 0x00, 0x85, 0x01, 0x00, 0xff, 0xa4, 0x01, 0xff, 0xa4, 0x01, 0xff,
	0xa4, 0x01, 0x93, 0xd2, 0x00, 0x85, 0x01, 0x00, 0xc1, 0x46, 0x00, 0xc3, 0x98, 0x35, 0x00, 0x7f,
	0xc2, 0x46, 0x00, 0x00, 0x80, 0xc2, 0x46, 0x00, 0xbd, 0x30, 0x02, 0x85, 0x8d, 0x00, 0xab, 0x46,
	0x00, 0x94, 0x8c, 0x00, 0xc2, 0xce, 0x1d, 0xae, 0x30, 0x02, 0x82, 0x9a, 0x38, 0xbe, 0x30, 0x02,
	0xc3, 0xce, 0x40, 0x92, 0x8c, 0x00, 0xb3, 0x76, 0x02, 0xbe, 0x12, 0x3e, 0x92, 0x8c, 0x00, 0xb3,
	0xbc, 0x02, 0x81, 0x38, 0x00, 0xcf, 0x8c, 0x00, 0x00, 0x80, 0xad, 0x30, 0x02, 0x82, 0xb2, 0x39,
	0x81, 0x38, 0x00, 0xcf, 0x8c, 0x00, 0xae, 0xbc, 0x02, 0x84, 0x8c, 0x00, 0xbb, 0xd0, 0x43, 0xc4,
	0x76, 0x02, 0x82, 0xa4, 0x01, 0xc3, 0xea, 0x47, 0x81, 0x07, 0x39, 0xbf, 0x46, 0x00, 0x81, 0xc1,
	0x38, 0xb9, 0x46, 0x00, 0x00, 0x01, 0x83, 0xde, 0x12, 0xb4, 0x46, 0x00, 0x00, 0x01, 0x82, 0x46,
	0x00, 0x02, 0x01, 0x0a, 0x01, 0x92, 0xea, 0x01, 0x03, 0x5a, 0xa5, 0x5a, 0xa5, 0xa9, 0x46, 0x00,
	0x01, 0xa0, 0x05, 0x91, 0x46, 0x00, 0x01, 0xa0, 0x05, 0xa3, 0x8c, 0x00, 0x85, 0xe6, 0x1e, 0x03,
	0x20, 0x02, 0x57, 0x13, 0x83, 0x46, 0x00, 0x81, 0xa6, 0x0a, 0x85, 0x46, 0x00, 0x01, 0x57, 0x13,
	0xab, 0xaa, 0x0a, 0x04, 0x20, 0x02, 0x00, 0x03, 0x68, 0x8e, 0x8c, 0x00, 0x01, 0x68, 0x10, 0xaf,
	0x46, 0x00, 0x91, 0x18, 0x01, 0x8b, 0x46, 0x00, 0x01, 0x5a, 0xa5, 0xb1, 0x46, 0x00, 0xb1, 0xd2,
	0x00, 0x8f, 0x46, 0x00, 0x01, 0x68, 0x24, 0xac, 0x46, 0x00, 0x82, 0x30, 0x02, 0x8d, 0xc2, 0x2e,
	0x8d, 0xd2, 0x00, 0x9e, 0x46, 0x00, 0x84, 0x5c, 0x44, 0x01, 0x5a, 0xa5, 0xba, 0x46, 0x00, 0x82,
	0xd2, 0x00, 0x81, 0x42, 0x00, 0xb1, 0xbc, 0x02, 0x86, 0x94, 0x0c, 0x92, 0x1a, 0x04, 0xb3, 0x06,
	0x09, 0x8d, 0x1a, 0x04, 0xb3, 0x90, 0x06, 0x81, 0xb6, 0x02, 0xba, 0x7a, 0x08, 0x83, 0x32, 0x05,
	0x00, 0x80, 0x8b, 0x32, 0x05, 0xae, 0x7a, 0x08, 0x92, 0x5a, 0x41, 0xad, 0xbe, 0x05, 0x83, 0xd2,
	0x00, 0x81, 0x9e, 0x0a, 0xba, 0x7a, 0x08, 0x83, 0x1c, 0x07, 0x8c, 0xbc, 0x48, 0xb4, 0xa4, 0x01,
	0x8c, 0x46, 0x00, 0xb4, 0xa4, 0x01, 0x8c, 0xec, 0x4a, 0xad, 0xa4, 0x01, 0x93, 0x8e, 0x26, 0xa5,
	0xa4, 0x01, 0x8b, 0xbc, 0x25, 0x8e, 0x30, 0x02, 0xb2, 0x34, 0x2b, 0x01, 0x55, 0xd5, 0xbc, 0xa4,
	0x01, 0x01, 0xf4, 0xd6, 0x82, 0x1a, 0x04, 0x8d, 0xa8, 0x07, 0xa3, 0x04, 0x06, 0x87, 0x34, 0x08,
	0x81, 0x46, 0x00, 0xb5, 0x4a, 0x06, 0xff, 0x8c, 0x00, 0xff, 0x8c, 0x00, 0xcd, 0x8c, 0x00, 0x01,
	0x5a, 0xa5, 0xc1, 0x8c, 0x00, 0x90, 0x46, 0x00, 0xc2, 0x18, 0x01, 0x00, 0x01, 0xba, 0x18, 0x01,
	0x86, 0xc0, 0x08, 0x00, 0x00, 0x83, 0x8c, 0x00, 0x8d, 0x06, 0x09, 0xac, 0x46, 0x00, 0x00, 0xf6,
	0x81, 0x46, 0x00, 0x8d, 0xd6, 0x06, 0xae, 0x46, 0x00, 0x82, 0x78, 0x05, 0x8d, 0x18, 0x01, 0x01,
	0x00, 0xd6, 0xc2, 0x46, 0x00, 0x00, 0xd7, 0x87, 0x46, 0x00, 0x01, 0x00, 0xd7, 0xb5, 0x46, 0x00,
	0x00, 0x3f, 0xc2, 0x46, 0x00, 0x00, 0xff, 0x88, 0xd2, 0x00, 0xb7, 0x46, 0x00, 0x00, 0xc0, 0xc2,
	0x46, 0x00, 0x01, 0x00, 0xd8, 0xc2, 0x46, 0x00, 0xc3, 0x8c, 0x00, 0x90, 0xea, 0x01, 0x91, 0x42,
	0x1d, 0x9b, 0x46, 0x00, 0x00, 0x01, 0xc2, 0x46, 0x00, 0x01, 0xff, 0xd5, 0xc1, 0x46, 0x00, 0x00,
	0x03, 0xc2, 0x8c, 0x00, 0x03, 0x00, 0xd6, 0x00, 0xd6, 0xc1, 0x18, 0x01, 0x00, 0x01, 0xaa, 0x46,
	0x00, 0x95, 0x18, 0x01, 0x01, 0xff, 0xd5, 0xc1, 0x18, 0x01, 0x00, 0x03, 0xc0, 0x8c, 0x00, 0x81,
	0x30, 0x02, 0x01, 0x00, 0xd6, 0xc1, 0x30, 0x02, 0x00, 0x01, 0xbe, 0x46, 0x00, 0x81, 0x30, 0x02,
	0x01, 0xff, 0xd5, 0xc1, 0x30, 0x02, 0x00, 0x03, 0xbe, 0x8c, 0x00, 0x83, 0x48, 0x03, 0x01, 0x00,
	0xd6, 0xc1, 0x48, 0x03, 0x00, 0x01, 0xbc, 0x46, 0x00, 0x83, 0x48, 0x03, 0x01, 0xff, 0xd5, 0xc1,
	0x48, 0x03, 0x00, 0x03, 0xbc, 0x8c, 0x00, 0x85, 0x60, 0x04, 0x01, 0x00, 0xd6, 0xc1, 0x60, 0x04,
	0x00, 0x01, 0xba, 0x46, 0x00, 0x85, 0x60, 0x04, 0x01, 0xff, 0xd5, 0xff, 0xd2, 0x00, 0x87, 0x78,
	0x05, 0x01, 0x00, 0xd6, 0xc1, 0x78, 0x05, 0x00, 0x01, 0xa2, 0x46, 0x00, 0x9d, 0x78, 0x05, 0x01,
	0xff, 0xd5, 0xe8, 0xd2, 0x00, 0x84, 0x26, 0x16, 0x00, 0x00, 0x82, 0xae, 0x1c, 0x87, 0x46, 0x00,
	0x87, 0x08, 0x0c, 0x01, 0x00, 0xd6, 0xb5, 0x46, 0x00, 0x00, 0x01, 0x88, 0x46, 0x00, 0x00, 0x01,
	0xb6, 0x46, 0x00, 0x01, 0xff, 0xd5, 0x87, 0x46, 0x00, 0x01, 0xff, 0xd5, 0xb5, 0x46, 0x00, 0x00,
	0x03, 0x88, 0x8c, 0x00, 0x00, 0x03, 0xb6, 0x8c, 0x00, 0x89, 0x90, 0x06, 0xb9, 0x18, 0x01, 0x87,
	0x46, 0x00, 0xb9, 0x18, 0x01, 0x87, 0x46, 0x00, 0xb9, 0x18, 0x01, 0x87, 0x46, 0x00, 0xb9, 0x18,
	0x01, 0x01, 0x22, 0x11, 0x85, 0x90, 0x06, 0xbb, 0x30, 0x02, 0x85, 0x46, 0x00, 0xbb, 0x30, 0x02,
	0x85, 0x46, 0x00, 0xbb, 0x30, 0x02, 0x85, 0x46, 0x00, 0xbb, 0x18, 0x01, 0x85, 0x90, 0x06, 0xbd,
	0x48, 0x03, 0x83, 0x46, 0x00, 0xa1, 0x18, 0x01, 0x99, 0x48, 0x03, 0x83, 0x46, 0x00, 0xbd, 0x48,
	0x03, 0x83, 0x46, 0x00, 0xbd, 0x18, 0x01, 0x83, 0xbe, 0x05, 0xbf, 0x60, 0x04, 0x81, 0x46, 0x00,
	0xbf, 0x60, 0x04, 0x81, 0x46, 0x00, 0xb7, 0x18, 0x01, 0xc3, 0xd2, 0x00, 0x87, 0x78, 0x05, 0x81,
	0x6a, 0x04, 0xbf, 0x78, 0x05, 0x01, 0x00, 0xd6, 0xc1, 0x78, 0x05, 0x01, 0x00, 0xd6, 0xbf, 0x18,
	0x01, 0xa5, 0xd2, 0x00, 0x00, 0x00, 0x82, 0x96, 0x0f, 0xa1, 0x64, 0x2d, 0x83, 0x19, 0x00, 0x94,
	0xf4, 0x10, 0xc8, 0x46, 0x00, 0xa1, 0xc0, 0x2b, 0xe5, 0x46, 0x00, 0x8f, 0xc4, 0x31, 0xf1, 0x46,
	0x00, 0x83, 0x46, 0x00, 0x8d, 0xf8, 0x16, 0xf9, 0x46, 0x00, 0xff, 0x18, 0x01, 0x87, 0x46, 0x00,
	0xff, 0x30, 0x02, 0x82, 0x06, 0x00, 0xc2, 0xe2, 0x18, 0x83, 0xa0, 0x41, 0x8d, 0x46, 0x00, 0xad,
	0xc6, 0x57, 0x93, 0x46, 0x00, 0xa5, 0x3e, 0x17, 0x9b, 0x46, 0x00, 0xae, 0x3e, 0x17, 0x93, 0x8c,
	0x00, 0xac, 0x3e, 0x17, 0x93, 0x46, 0x00, 0xa5, 0x3e, 0x17, 0xe1, 0xd0, 0x43, 0xc4, 0x24, 0x59,
	0xc3, 0x16, 0x44, 0xac, 0x28, 0x19, 0x93, 0x46, 0x00, 0xc3, 0xea, 0x24, 0xae, 0x5e, 0x47, 0xc3,
	0x30, 0x25, 0x92, 0xd2, 0x00, 0xae, 0xa4, 0x01, 0x93, 0x30, 0x02, 0xc3, 0x5e, 0x24, 0xc2, 0xea,
	0x24, 0xf9, 0xa4, 0x01, 0x01, 0x02, 0x00, 0x8d, 0x4a, 0x06, 0x8f, 0x46, 0x00, 0x9f, 0x96, 0x32,
	0x8d, 0x46, 0x00, 0x89, 0xc4, 0x0e, 0xb7, 0x46, 0x00, 0x89, 0xc4, 0x0e, 0xb7, 0x46, 0x00, 0x89,
	0xc4, 0x0e, 0xb7, 0x46, 0x00, 0x01, 0x11, 0x00, 0xa3, 0x54, 0x15, 0x9d, 0x46, 0x00, 0xa3, 0x54,
	0x15, 0x9d, 0x46, 0x00, 0xa3, 0x54, 0x15, 0x9d, 0x46, 0x00, 0xa3, 0x54, 0x15, 0x85, 0x46, 0x00,
	0x95, 0x46, 0x00, 0x87, 0xf2, 0x0d, 0xbb, 0x46, 0x00, 0xa1, 0x54, 0x15, 0x9f, 0x46, 0x00, 0xa1,
	0x54, 0x15, 0x9f, 0x46, 0x00, 0xa1, 0x54, 0x15, 0x9f, 0x46, 0x00, 0xa1, 0x54, 0x15, 0xa1, 0x46,
	0x00, 0x9f, 0x54, 0x15, 0xa1, 0x46, 0x00, 0x9f, 0x54, 0x15, 0xa1, 0x46, 0x00, 0x9f, 0x54, 0x15,
	0xa1, 0x46, 0x00, 0x9f, 0x82, 0x14, 0xa3, 0x46, 0x00, 0x9d, 0x54, 0x15, 0xa3, 0x46, 0x00, 0x9d,
	0x54, 0x15, 0xe9, 0xd2, 0x00, 0x9d, 0x82, 0x14, 0xa5, 0x46, 0x00, 0x9b, 0x54, 0x15, 0xa5, 0x46,
	0x00, 0x9b, 0x54, 0x15, 0xcb, 0xd2, 0x00, 0x93, 0x88, 0x63, 0xa5, 0x90, 0x06, 0x86, 0x18, 0x47,
	0x93, 0xce, 0x63, 0xc2, 0x46, 0x00, 0xa5, 0x90, 0x06, 0x9b, 0x46, 0x00, 0xa5, 0x90, 0x06, 0x9b,
	0x46, 0x00, 0xa5, 0x90, 0x06, 0x9d, 0x46, 0x00, 0xa3, 0x90, 0x06, 0x9d, 0x46, 0x00, 0xa3, 0x90,
	0x06, 0x9d, 0x46, 0x00, 0xa3, 0x90, 0x06, 0x9d, 0x46, 0x00, 0xa3, 0x90, 0x06, 0x9f, 0x46, 0x00,
	0xa1, 0x90, 0x06, 0x9f, 0x46, 0x00, 0xa1, 0x90, 0x06, 0x9f, 0x46, 0x00, 0xa1, 0x90, 0x06, 0x9f,
	0x46, 0x00, 0xa1, 0x90, 0x06, 0xa1, 0x46, 0x00, 0x9f, 0x90, 0x06, 0xa1, 0x46, 0x00, 0x9f, 0x90,
	0x06, 0xa1, 0x46, 0x00, 0x9f, 0x90, 0x06, 0x85, 0x46, 0x00, 0x99, 0x46, 0x00, 0x9f, 0xbe, 0x05,
	0xa3, 0x46, 0x00, 0x9d, 0x90, 0x06, 0xa3, 0x46, 0x00, 0x9d, 0x90, 0x06, 0xe9, 0xd2, 0x00, 0x9d,
	0xbe, 0x05, 0xa5, 0x46, 0x00, 0x9b, 0x90, 0x06, 0xa5, 0x46, 0x00, 0x9b, 0x90, 0x06, 0xcb, 0xd2,
	0x00, 0x83, 0x94, 0x2f, 0x03, 0x00, 0x00, 0x00, 0x40, 0xba, 0x20, 0x0d, 0xff, 0x46, 0x00, 0xe2,
	0x46, 0x00, 0xae, 0x20, 0x0d, 0xff, 0x46, 0x00, 0xcc, 0x46, 0x00, 0x95, 0x46, 0x00, 0xac, 0x20,
	0x0d, 0xff, 0x46, 0x00, 0xe6, 0x46, 0x00, 0xaa, 0x20, 0x0d, 0xff, 0x46, 0x00, 0xe8, 0x46, 0x00,
	0xa8, 0x4e, 0x0c, 0xff, 0x46, 0x00, 0xea, 0x46, 0x00, 0xa6, 0x20, 0x0d, 0xff, 0x46, 0x00, 0xcc,
	0x46, 0x00, 0x83, 0x46, 0x00, 0xbd, 0x20, 0x0d, 0xff, 0x46, 0x00, 0xe3, 0x46, 0x00, 0xad, 0x20,
	0x0d, 0xff, 0x46, 0x00, 0xe5, 0x46, 0x00, 0xab, 0x20, 0x0d, 0xff, 0x46, 0x00, 0xe7, 0x46, 0x00,
	0xa9, 0x20, 0x0d, 0xff, 0x46, 0x00, 0xcd, 0x46, 0x00, 0x99, 0x46, 0x00, 0xa7, 0x4e, 0x0c, 0xff,
	0x46, 0x00, 0xeb, 0x46, 0x00, 0xab, 0x4e, 0x0c, 0xff, 0x46, 0x00, 0xc8, 0x46, 0x00, 0x92, 0x86,
	0x1a, 0x87, 0x46, 0x00, 0x87, 0x5e, 0x01, 0x85, 0x1a, 0x00, 0x91, 0xd6, 0x06, 0x83, 0x9a, 0x38,
	0x97, 0x8c, 0x00, 0x9b, 0x46, 0x00, 0x85, 0x8c, 0x00, 0x85, 0x26, 0x39, 0xc1, 0x84, 0x80, 0xb5,
	0x8c, 0x00, 0x86, 0xa8, 0x07, 0xba, 0x8c, 0x00, 0x85, 0x46, 0x00, 0x83, 0xb0, 0x36, 0x01, 0xaa,
	0x2a, 0x83, 0x54, 0x15, 0xad, 0xd0, 0x43, 0x86, 0x2c, 0x1f, 0x82, 0xee, 0x2a, 0x03, 0x56, 0xd5,
	0x55, 0xd5, 0x81, 0x46, 0x00, 0xbb, 0xd0, 0x43, 0x03, 0x00, 0x80, 0xab, 0x2a, 0x83, 0xd2, 0x00,
	0xb3, 0xbc, 0x48, 0x83, 0x46, 0x00, 0x00, 0x56, 0x84, 0x3c, 0x37, 0xb5, 0xbc, 0x48, 0x03, 0x80,
	0x00, 0x00, 0x07, 0x87, 0x26, 0x39, 0x01, 0x55, 0xd5, 0xb6, 0x18, 0x01, 0x06, 0x07, 0x00, 0x10,
	0xab, 0x2a, 0xab, 0xea, 0x81, 0x46, 0x00, 0x03, 0xab, 0xaa, 0xaa, 0xea, 0xb4, 0x18, 0x01, 0x00,
	0x07, 0x81, 0xea, 0x01, 0x01, 0x56, 0x15, 0x82, 0x18, 0x01, 0x02, 0x80, 0x55, 0x15, 0xb4, 0x18,
	0x01, 0x81, 0x8c, 0x00, 0x00, 0xaa, 0x83, 0xd2, 0x00, 0x01, 0xab, 0x2a, 0xb4, 0xd4, 0x49, 0x06,
	0xf4, 0x00, 0x0b, 0x00, 0x10, 0x54, 0xd5, 0x83, 0xd8, 0x2c, 0x01, 0x54, 0x55, 0xb4, 0x00, 0x46,
	0x00, 0xf6, 0x81, 0x46, 0x00, 0x02, 0xac, 0x2a, 0xab, 0x82, 0xe2, 0x81, 0x03, 0xac, 0xaa, 0xaa,
	0xaa, 0xb2, 0x18, 0x01, 0x00, 0x02, 0x81, 0x46, 0x00, 0x01, 0x00, 0x80, 0x85, 0x5c, 0x8a, 0x00,
	0x56, 0xb5, 0x48, 0x49, 0x82, 0x8c, 0x00, 0x83, 0x72, 0x42, 0x01, 0xac, 0xaa, 0xb6, 0x18, 0x01,
	0x04, 0x0f, 0x00, 0x10, 0xa8, 0x2a, 0x83, 0x18, 0x01, 0x02, 0xa8, 0xaa, 0xfe, 0xb2, 0x18, 0x01,
	0x00, 0x40, 0x82, 0x46, 0x00, 0x00, 0x00, 0x87, 0xd4, 0x03, 0x00, 0x80, 0xa9, 0x18, 0x01, 0x86,
	0x98, 0x12, 0x00, 0x00, 0x81, 0x46, 0x00, 0x85, 0x60, 0x04, 0x81, 0x08, 0x00, 0xa9, 0x18, 0x01,
	0x88, 0x78, 0x05, 0x04, 0x0f, 0x00, 0x10, 0x58, 0xd5, 0x83, 0x18, 0x01, 0x02, 0x58, 0x55, 0x01,
	0xc0, 0x04, 0x4c, 0x84, 0x1c, 0x00, 0x00, 0x00, 0xff, 0x76, 0x48, 0xb7, 0xa6, 0x04, 0x8d, 0xd2,
	0x00, 0xff, 0x62, 0x4d, 0xe1, 0x76, 0x48, 0x82, 0x11, 0x00, 0xa8, 0x46, 0x00, 0x83, 0xa0, 0x01,
	0x8d, 0xa4, 0x01, 0x82, 0x7c, 0x2a, 0xaa, 0x46, 0x00, 0xc3, 0xb0, 0x7c, 0xc1, 0x6a, 0x7c, 0x81,
	0xbc, 0x00, 0x8f, 0xa4, 0x01, 0xad, 0x24, 0x7c, 0xb6, 0xde, 0x7b, 0x92, 0x2c, 0x42, 0xae, 0x34,
	0x08, 0x8a, 0x46, 0x00, 0x85, 0x48, 0x03, 0xbb, 0x46, 0x00, 0x01, 0x56, 0xaa, 0x82, 0x47, 0x03,
	0xbc, 0x46, 0x00, 0x84, 0x47, 0x03, 0x00, 0xff, 0xbc, 0x8c, 0x00, 0x84, 0x48, 0x03, 0xae, 0x46,
	0x00, 0xa6, 0xa6, 0x27, 0x9a, 0x3a, 0x11, 0xc2, 0x46, 0x00, 0x93, 0x46, 0x00, 0x91, 0x1a, 0x04,
	0xf5, 0x46, 0x00, 0x00, 0x03, 0xc2, 0xd2, 0x00, 0xc3, 0x46, 0x00, 0x00, 0x02, 0xf2, 0x46, 0x00,
	0x00, 0x10, 0xa6, 0xd6, 0x06, 0x91, 0x46, 0x00, 0x00, 0x10, 0x82, 0x46, 0x00, 0x00, 0x10, 0xc4,
	0x46, 0x00, 0x93, 0xd2, 0x00, 0x00, 0x04, 0xc2, 0x18, 0x01, 0xad, 0x46, 0x00, 0xff, 0x18, 0x01,
	0x9d, 0x18, 0x01, 0x00, 0xfe, 0xc2, 0x02, 0x03, 0xc3, 0x46, 0x00, 0xf3, 0xbc, 0x02, 0x83, 0x46,
	0x00, 0xc3, 0x32, 0x4b, 0x97, 0x8c, 0x23, 0xa9, 0x46, 0x00, 0x81, 0xae, 0x00, 0xbf, 0x46, 0x00,
	0x00, 0x04, 0xc2, 0x46, 0x00, 0x00, 0x08, 0xc2, 0x46, 0x00, 0x8e, 0x38, 0x31, 0xc2, 0x5e, 0x01,
	0xb3, 0xf0, 0x0a, 0x8d, 0x18, 0x01, 0x91, 0x78, 0x05, 0x9f, 0x46, 0x00, 0x81, 0xcd, 0x09, 0xbf,
	0x18, 0x01, 0x81, 0xc4, 0x00, 0x9d, 0x90, 0x06, 0x9c, 0x46, 0x00, 0x00, 0x23, 0x83, 0xd2, 0x00,
	0x82, 0xd6, 0x0c, 0xab, 0xd2, 0x00, 0x02, 0x80, 0x60, 0xa4, 0x82, 0x06, 0x00, 0x00, 0xb4, 0x93,
	0x46, 0x00, 0x02, 0x11, 0x00, 0x03, 0xa1, 0xc4, 0x31, 0x9e, 0x46, 0x00, 0x03, 0x22, 0x11, 0x03,
	0x00, 0xc1, 0x46, 0x00, 0x03, 0x33, 0x22, 0x03, 0x00, 0xc1, 0x46, 0x00, 0x03, 0x44, 0x33, 0x03,
	0x00, 0xc1, 0x46, 0x00, 0x03, 0x55, 0x44, 0x03, 0x00, 0xa1, 0x46, 0x00, 0x9d, 0x46, 0x00, 0x03,
	0x77, 0x66, 0x03, 0x00, 0xc1, 0x46, 0x00, 0x01, 0x88, 0x77, 0x82, 0xe6, 0x04, 0x9a, 0x46, 0x00,
	0x00, 0x03, 0x83, 0x46, 0x00, 0x06, 0x0a, 0x00, 0x00, 0x21, 0x20, 0x20, 0x20, 0x93, 0x46, 0x00,
	0x93, 0x8c, 0x00, 0x0e, 0xb1, 0xa0, 0xb0, 0xa0, 0x43, 0xa4, 0xc1, 0xb0, 0xc0, 0xb0, 0x43, 0xb4,
	0x00, 0x00, 0x03, 0x81, 0x48, 0x03, 0x00, 0x03, 0xaf, 0x46, 0x00, 0x8d, 0xd2, 0x00, 0x02, 0x03,
	0x10, 0x04, 0x82, 0x38, 0x51, 0x95, 0xd2, 0x00, 0xc3, 0x18, 0x01, 0x96, 0x04, 0x06, 0xb0, 0x46,
	0x00, 0x81, 0x5e, 0x03, 0x98, 0x46, 0x00, 0x84, 0xbe, 0x05, 0x81, 0x4a, 0x00, 0xb8, 0xd2, 0x00,
	0x84, 0xa6, 0x04, 0x83, 0xb2, 0x00, 0xb9, 0x46, 0x00, 0x81, 0x05, 0x00, 0xc3, 0x8c, 0x00, 0x89,
	0x8e, 0x00, 0xd7, 0xa4, 0x01, 0x83, 0x68, 0x00, 0xb9, 0x46, 0x00, 0x00, 0x03, 0x9c, 0x8c, 0x00,
	0x00, 0x20, 0x93, 0x6a, 0x36, 0x01, 0xd7, 0x00, 0xaa, 0xec, 0x04, 0xc4, 0x46, 0x00, 0x93, 0x1c,
	0x07, 0x00, 0xd7, 0xa2, 0x3c, 0x37, 0x86, 0x46, 0x00, 0x83, 0xca, 0x3a, 0xb4, 0x46, 0x00, 0x8c,
	0x10, 0x3b, 0x8d, 0xa8, 0x4d, 0x03, 0x00, 0xd7, 0xff, 0x7f, 0xf5, 0x46, 0x00, 0x8e, 0x4c, 0x4f,
	0x02, 0xd7, 0x00, 0x80, 0xf5, 0x46, 0x00, 0x8d, 0x4c, 0x4f, 0x01, 0x00, 0xd7, 0x8f, 0xa4, 0x6a,
	0xe5, 0x46, 0x00, 0x8d, 0x04, 0x4c, 0x89, 0x32, 0x4b, 0xe7, 0x46, 0x00, 0x93, 0xd6, 0x92, 0xa5,
	0x20, 0x53, 0x8b, 0x28, 0x19, 0x01, 0xad, 0xd2, 0xb3, 0x46, 0x00, 0x86, 0x06, 0x09, 0x92, 0x5c,
	0x44, 0xad, 0x46, 0x00, 0x83, 0xd2, 0x00, 0x01, 0xb4, 0x4a, 0xbb, 0xd2, 0x00, 0x83, 0x46, 0x00,
	0x03, 0x00, 0x00, 0xad, 0xd2, 0xba, 0x46, 0x00, 0x02, 0x04, 0x00, 0xf3, 0x83, 0xda, 0x0c, 0x81,
	0x62, 0x01, 0xb5, 0x46, 0x00, 0x00, 0x00, 0x86, 0x46, 0x00, 0x81, 0x62, 0x01, 0xad, 0x46, 0x00,
	0x85, 0x18, 0x01, 0x87, 0x46, 0x00, 0x81, 0x62, 0x01, 0xb5, 0x46, 0x00, 0x87, 0xd2, 0x00, 0x81,
	0x62, 0x01, 0xb5, 0xd2, 0x00, 0x87, 0x46, 0x00, 0x81, 0x62, 0x01, 0xb5, 0x46, 0x00, 0x00, 0x00,
	0x9c, 0x6a, 0x59, 0x01, 0xa5, 0x5a, 0xa2, 0xd2, 0x00, 0x82, 0x48, 0x03, 0x01, 0x52, 0x2d, 0xb3,
	0x46, 0x00, 0x8b, 0xda, 0x52, 0x81, 0x16, 0x00, 0xb9, 0x8c, 0x00, 0x83, 0x46, 0x00, 0x01, 0x4a,
	0xb5, 0xc1, 0x46, 0x00, 0x03, 0x00, 0x80, 0x52, 0x2d, 0xba, 0x46, 0x00, 0x82, 0x5e, 0x01, 0x83,
	0xa4, 0x01, 0x87, 0x01, 0x00, 0xb3, 0x5e, 0x01, 0x81, 0x46, 0x00, 0x81, 0x62, 0x01, 0xad, 0x46,
	0x00, 0x8f, 0x6c, 0x7f, 0x86, 0x60, 0x00, 0xb0, 0x8c, 0x00, 0x87, 0x46, 0x00, 0x81, 0x62, 0x01,
	0xbf, 0x46, 0x00, 0x81, 0x62, 0x01, 0xb5, 0x46, 0x00, 0x9f, 0x52, 0x9e, 0x01, 0x01, 0x80, 0xa6,
	0xa6, 0x04, 0x00, 0xc0, 0xbb, 0x46, 0x00, 0x83, 0x78, 0x05, 0x00, 0x01, 0x8c, 0xc6, 0x57, 0xa5,
	0x46, 0x00, 0x85, 0xd2, 0x00, 0x83, 0x8c, 0x00, 0x00, 0x02, 0x98, 0x3e, 0x5d, 0xa8, 0xd2, 0x00,
	0x02, 0x80, 0x00, 0xc0, 0xba, 0x46, 0x00, 0x92, 0x78, 0x05, 0xb7, 0x46, 0x00, 0x81, 0x62, 0x01,
	0xb5, 0x46, 0x00, 0x87, 0x78, 0x05, 0x81, 0x62, 0x01, 0xad, 0x46, 0x00, 0x8f, 0x78, 0x05, 0x81,
	0x62, 0x01, 0xc0, 0xd2, 0x00, 0x02, 0x80, 0x00, 0xc0, 0xb6, 0xd2, 0x00, 0xa0, 0xe2, 0x5e, 0x9f,
	0xcc, 0x1a, 0x84, 0x52, 0x58, 0x00, 0x3f, 0xb3, 0x46, 0x00, 0x8c, 0xac, 0x99, 0x8c, 0xaa, 0x0a,
	0xad, 0x8c, 0x00, 0x83, 0x46, 0x00, 0x9b, 0x56, 0xa4, 0xa5, 0x46, 0x00, 0x03, 0x00, 0x80, 0xff,
	0x3f, 0xba, 0x46, 0x00, 0x9c, 0x78, 0x05, 0xa9, 0x5e, 0x01, 0x82, 0x02, 0x03, 0x00, 0x3f, 0xaf,
	0x46, 0x00, 0x8f, 0x78, 0x05, 0x87, 0xaa, 0x0d, 0xb5, 0x18, 0x01, 0x81, 0x46, 0x00, 0x81, 0x62,
	0x01, 0xb5, 0x46, 0x00, 0x87, 0x46, 0x00, 0x81, 0x62, 0x01, 0xb6, 0x46, 0x00, 0x82, 0xc6, 0x57,
	0x81, 0x7a, 0x1d, 0x8b, 0xa4, 0x01, 0xa3, 0xda, 0x0c, 0xcc, 0x46, 0x00, 0x84, 0xc6, 0x57, 0x8d,
	0xea, 0x24, 0xa3, 0xda, 0x0c, 0x85, 0x46, 0x00, 0x00, 0x40, 0x84, 0x46, 0x46, 0x8e, 0xee, 0x2a,
	0xa2, 0x46, 0x00, 0x87, 0xbc, 0x25, 0xc1, 0xd2, 0x00, 0x01, 0x40, 0x50, 0x93, 0x8c, 0x00, 0xa3,
	0x46, 0x00, 0x86, 0x8c, 0x00, 0xc3, 0x18, 0x01, 0x94, 0x8c, 0x00, 0xf2, 0x18, 0x01, 0x82, 0x82,
	0x5a, 0x8f, 0xd2, 0x00, 0xf1, 0x18, 0x01, 0xc4, 0x46, 0x00, 0x00, 0x0a, 0x84, 0x46, 0x00, 0x8d,
	0xa0, 0x41, 0xac, 0x30, 0x48, 0xc2, 0x46, 0x00, 0x82, 0x02, 0x03, 0x90, 0x2c, 0x42, 0xaa, 0x46,
	0x00, 0x93, 0x1a, 0x4a, 0xb3, 0x46, 0x00, 0x81, 0xbc, 0x05, 0x8b, 0x46, 0x00, 0x00, 0x11, 0xb0,
	0x46, 0x00, 0x02, 0x12, 0x01, 0x02, 0xc0, 0x46, 0x00, 0x8f, 0xd6, 0x06, 0xa2, 0x10, 0x18, 0x8c,
	0x46, 0x00, 0x00, 0xaa, 0x84, 0x48, 0x26, 0xbb, 0x46, 0x00, 0x8d, 0x28, 0x19, 0x03, 0x11, 0x00,
	0x01, 0x01, 0xaf, 0x46, 0x00, 0x02, 0x7f, 0x00, 0x81, 0xc0, 0x46, 0x00, 0x81, 0xca, 0x26, 0xba,
	0xbe, 0x05, 0x84, 0x76, 0x02, 0xbc, 0x46, 0x00, 0x00, 0x06, 0x81, 0xd6, 0x06, 0x81, 0x42, 0x00,
	0x8a, 0xc6, 0x11, 0x96, 0xc4, 0x31, 0x01, 0x00, 0xd6, 0xa7, 0x46, 0x00, 0x97, 0xb6, 0x3f, 0xa9,
	0x46, 0x00, 0x97, 0xb6, 0x3f, 0xa9, 0x46, 0x00, 0x97, 0xb6, 0x3f, 0xa9, 0x46, 0x00, 0xff, 0x18,
	0x01, 0xb7, 0x18, 0x01, 0x00, 0x01, 0xba, 0x18, 0x01, 0x86, 0xf6, 0x13, 0x92, 0x30, 0x25, 0xa5,
	0xf4, 0x33, 0x9b, 0x46, 0x00, 0xa5, 0xe6, 0x41, 0x9b, 0x46, 0x00, 0xa5, 0xe6, 0x41, 0x9b, 0x46,
	0x00, 0xa5, 0xe6, 0x41, 0xff, 0x18, 0x01, 0xff, 0x18, 0x01, 0xff, 0x18, 0x01, 0xff, 0x18, 0x01,
	0xff, 0x18, 0x01, 0xfd, 0x18, 0x01, 0xc4, 0x18, 0x01, 0x82, 0xa6, 0x04, 0x81, 0x46, 0x00, 0x8a,
	0x82, 0x0e, 0xad, 0xa6, 0x04, 0x92, 0x46, 0x00, 0xa5, 0x78, 0x05, 0x9b, 0x46, 0x00, 0xa5, 0x78,
	0x05, 0x9b, 0x46, 0x00, 0xae, 0x78, 0x05, 0xff, 0x18, 0x01, 0xff, 0x18, 0x01, 0x90, 0x46, 0x00,
	0x83, 0xaa, 0x96, 0xa1, 0x50, 0x55, 0x9a, 0x62, 0x07, 0x92, 0x46, 0x00, 0x97, 0x6e, 0x82, 0xa9,
	0x46, 0x00, 0x97, 0x6e, 0x82, 0xa9, 0x46, 0x00, 0x97, 0x6e, 0x82, 0xa9, 0x46, 0x00, 0xff, 0x18,
	0x01, 0xb7, 0x18, 0x01, 0xc9, 0x18, 0x01, 0x81, 0x0b, 0x00, 0x8b, 0x18, 0x01, 0x8f, 0x72, 0x1f,
	0xaf, 0x46, 0x00, 0x00, 0x01, 0xc2, 0x46, 0x00, 0x01, 0xff, 0xd5, 0xc1, 0x46, 0x00, 0x00, 0x03,
	0xad, 0x8c, 0x00, 0x84, 0xe8, 0x21, 0xa5, 0x18, 0x01, 0x9a, 0x82, 0x14, 0x8c, 0x46, 0x00, 0x97,
	0x18, 0x01, 0xa9, 0x46, 0x00, 0x97, 0x18, 0x01, 0xa9, 0x46, 0x00, 0x97, 0x18, 0x01, 0x99, 0x46,
	0x00, 0xaf, 0x90, 0x29, 0x81, 0x32, 0x00, 0x87, 0x46, 0x00, 0x01, 0xb0, 0x01, 0xb9, 0x46, 0x00,
	0x8b, 0x86, 0xa6, 0xaf, 0x62, 0x2a, 0x84, 0x9a, 0x5c, 0xd0, 0x8c, 0x00, 0xc3, 0x18, 0x01, 0xb5,
	0xd2, 0x00, 0xcb, 0x8c, 0x00, 0xff, 0x8c, 0x00, 0xd3, 0x8c, 0x00, 0xff, 0x30, 0x02, 0xff, 0x8c,
	0x00, 0xff, 0xbc, 0x02, 0xff, 0xa4, 0x01, 0xff, 0xa4, 0x01, 0xff, 0x8c, 0x00, 0xf9, 0x8c, 0x00,
	0xff, 0xbc, 0x02, 0x8d, 0x8c, 0x00, 0xff, 0xec, 0x04, 0x87, 0x8c, 0x00, 0xff, 0xa4, 0x01, 0x87,
	0x8c, 0x00, 0xff, 0xd4, 0x03, 0xc7, 0x8c, 0x00, 0x83, 0x8c, 0xaf, 0xad, 0x0a, 0x32, 0x81, 0xcb,
	0x0f, 0x81, 0x01, 0x00, 0x8b, 0x8c, 0xaf, 0xaf, 0x50, 0x32, 0x84, 0x72, 0x0a, 0x8a, 0x4c, 0x09,
	0xff, 0x46, 0x00, 0xb7, 0x46, 0x00, 0x85, 0x18, 0x01, 0xcc, 0x46, 0x00, 0x03, 0x02, 0x00, 0x03,
	0x01, 0x8e, 0x3a, 0x11, 0x00, 0x10, 0x90, 0x0a, 0x0f, 0x83, 0x39, 0x00, 0x93, 0xaa, 0x0a, 0x81,
	0x80, 0x11, 0x8f, 0x46, 0x00, 0x00, 0x16, 0xa4, 0x46, 0x00, 0x89, 0xc6, 0x11, 0xa3, 0x8c, 0x00,
	0x00, 0x02, 0xae, 0x46, 0x00, 0x91, 0x8c, 0x00, 0x00, 0x7d, 0xc2, 0x8c, 0x00, 0x00, 0x83, 0x82,
	0x0d, 0x04, 0xa9, 0x46, 0x00, 0x00, 0x17, 0xb0, 0x18, 0x01, 0x00, 0x02, 0x8e, 0x46, 0x00, 0x02,
	0x11, 0x00, 0x10, 0x8e, 0xd4, 0x49, 0xb1, 0x46, 0x00, 0x00, 0x16, 0xc2, 0x46, 0x00, 0x8f, 0x8c,
	0x00, 0x9d, 0xa4, 0x01, 0xa3, 0x8c, 0x00, 0x9d, 0xa4, 0x01, 0xa3, 0x8c, 0x00, 0x9d, 0xa4, 0x01,
	0x91, 0x46, 0x00, 0x00, 0x17, 0xae, 0x18, 0x01, 0x00, 0x04, 0x90, 0x46, 0x00, 0x02, 0x22, 0x11,
	0x10, 0x8c, 0x60, 0x4a, 0xb3, 0x46, 0x00, 0x00, 0x16, 0xc2, 0x46, 0x00, 0x8d, 0x8c, 0x00, 0x9d,
	0xa4, 0x01, 0xa3, 0x8c, 0x00, 0x9d, 0xa4, 0x01, 0xa3, 0x8c, 0x00, 0x99, 0xa4, 0x01, 0x97, 0x46,
	0x00, 0x00, 0x17, 0xac, 0x18, 0x01, 0x00, 0x08, 0x92, 0x46, 0x00, 0x02, 0x33, 0x22, 0x10, 0x8a,
	0xec, 0x4a, 0xb5, 0x46, 0x00, 0x00, 0x16, 0xc2, 0x46, 0x00, 0x8b, 0x8c, 0x00, 0x9d, 0xa4, 0x01,
	0xa3, 0x8c, 0x00, 0x9d, 0xa4, 0x01, 0xa3, 0x8c, 0x00, 0x9d, 0xa4, 0x01, 0x95, 0x46, 0x00, 0x00,
	0x17, 0xaa, 0x18, 0x01, 0x00, 0x10, 0x94, 0x46, 0x00, 0x02, 0x44, 0x33, 0x10, 0x88, 0x78, 0x4b,
	0x00, 0x00, 0x81, 0x00, 0x07, 0xb2, 0x46, 0x00, 0x00, 0x16, 0xc2, 0x46, 0x00, 0x8b, 0x8c, 0x00,
	0x81, 0xa6, 0x01, 0xbf, 0x8c, 0x00, 0x81, 0xa6, 0x01, 0xbf, 0x8c, 0x00, 0x81, 0xa6, 0x01, 0xb1,
	0x46, 0x00, 0x00, 0x17, 0xa8, 0x18, 0x01, 0x00, 0x20, 0x96, 0x46, 0x00, 0x02, 0x55, 0x44, 0x10,
	0x86, 0x04, 0x4c, 0xb9, 0x46, 0x00, 0x00, 0x16, 0xc2, 0x46, 0x00, 0x89, 0x8c, 0x00, 0x97, 0xa4,
	0x01, 0xa9, 0x8c, 0x00, 0x9b, 0xa4, 0x01, 0xa5, 0x8c, 0x00, 0x9b, 0xa4, 0x01, 0x99, 0x46, 0x00,
	0x00, 0x17, 0xa3, 0x18, 0x01, 0x00, 0xf4, 0x81, 0x7a, 0x08, 0x01, 0x07, 0xa0, 0x8b, 0x92, 0x2c,
	0x91, 0xc0, 0x08, 0x00, 0x80, 0x99, 0x8e, 0x03, 0x00, 0xf4, 0x81, 0x30, 0x02, 0x8d, 0x46, 0x00,
	0x93, 0x76, 0x02, 0x81, 0x48, 0x00, 0x93, 0x46, 0x00, 0x83, 0x24, 0x36, 0x8d, 0x8e, 0x26, 0xad,
	0xd6, 0x92, 0xda, 0x46, 0x00, 0xac, 0x8e, 0x49, 0xc3, 0x46, 0x00, 0x86, 0xc6, 0x34, 0x8a, 0x8e,
	0x26, 0xa5, 0x0a, 0x32, 0x86, 0xa4, 0x01, 0xd8, 0x46, 0x00, 0xa5, 0x02, 0x49, 0xcb, 0x46, 0x00,
	0xc4, 0xd8, 0x4f, 0x86, 0x46, 0x00, 0xb0, 0x9c, 0x3b, 0xcc, 0x46, 0x00, 0x87, 0x16, 0x8a, 0xb9,
	0x46, 0x00, 0x00, 0x21, 0xba, 0x18, 0x01, 0x00, 0x21, 0x82, 0x46, 0x00, 0x00, 0x21, 0x84, 0x46,
	0x00, 0x81, 0xa4, 0x01, 0xb1, 0x8c, 0x00, 0x8b, 0x46, 0x00, 0x81, 0x42, 0x00, 0x81, 0x4a, 0x00,
	0xbb, 0x46, 0x00, 0xb5, 0x18, 0x01, 0x85, 0x46, 0x00, 0x01, 0x20, 0xf0, 0x81, 0x46, 0x00, 0x00,
	0x00, 0x8c, 0xd6, 0x29, 0xa5, 0xa0, 0x41, 0x86, 0xa4, 0x01, 0xd9, 0x46, 0x00, 0xac, 0xa8, 0x4d,
	0xc3, 0x46, 0x00, 0x00, 0x01, 0x82, 0x46, 0x00, 0x01, 0xa5, 0x5a, 0x8b, 0x30, 0x02, 0x01, 0xa5,
	0x5a, 0xac, 0xd4, 0x03, 0xd8, 0x46, 0x00, 0xa5, 0x32, 0x05, 0xcb, 0x46, 0x00, 0xc3, 0xf2, 0x53,
	0x01, 0x20, 0xf6, 0x81, 0x50, 0x32, 0x81, 0x46, 0x00, 0x84, 0x04, 0x00, 0xf8, 0x46, 0x00, 0x01,
	0x20, 0x06, 0x87, 0x54, 0x38, 0xb7, 0x46, 0x00, 0x00, 0x21, 0xba, 0x18, 0x01, 0x86, 0xd4, 0x03,
	0x82, 0xd2, 0x00, 0x81, 0xa4, 0x01, 0xb1, 0x8c, 0x00, 0x8b, 0x46, 0x00, 0x81, 0x42, 0x00, 0x84,
	0x4a, 0x00, 0xb3, 0x46, 0x00, 0xba, 0x18, 0x01, 0x85, 0x46, 0x00, 0x00, 0x00, 0x84, 0xee, 0x07,
	0x02, 0x00, 0x00, 0x01, 0x82, 0xbc, 0x51, 0xab, 0x46, 0x00, 0x85, 0x24, 0x13, 0x83, 0x96, 0x32,
	0x03, 0x00, 0xc0, 0xff, 0x3f, 0xb1, 0x46, 0x00, 0x8f, 0x02, 0xb2, 0xb1, 0x46, 0x00, 0x85, 0xea,
	0x01, 0x01, 0xa0, 0xf5, 0x82, 0x8c, 0x00, 0x02, 0x80, 0x00, 0xc0, 0xb1, 0x46, 0x00, 0x89, 0xea,
	0xb0, 0x00, 0x80, 0xc2, 0x18, 0x01, 0x00, 0x80, 0xc2, 0x18, 0x01, 0x81, 0x8c, 0x00, 0xbb, 0x18,
	0x01, 0x81, 0x82, 0x37, 0x00, 0x80, 0xb6, 0x18, 0x01, 0x88, 0x54, 0x38, 0x82, 0xbc, 0x02, 0x03,
	0xff, 0xff, 0x57, 0x13, 0xaf, 0x76, 0x02, 0x86, 0x18, 0x01, 0x82, 0x46, 0x00, 0x03, 0xab, 0x09,
	0x00, 0xc0, 0xb1, 0x46, 0x00, 0x85, 0x8c, 0x00, 0x00, 0xc0, 0x84, 0x8c, 0x00, 0x01, 0x00, 0x80,
	0xb1, 0x46, 0x00, 0x85, 0xd4, 0xd5, 0x01, 0x20, 0x01, 0x82, 0x46, 0x00, 0x02, 0x80, 0xab, 0x09,
	0xb1, 0x46, 0x00, 0x85, 0x4a, 0xd8, 0x09, 0x00, 0x00, 0x00, 0xf3, 0x80, 0x10, 0x00, 0x00, 0x1f,
	0x00, 0xb9, 0x18, 0x01, 0x01, 0xc0, 0x70, 0x81, 0x46, 0x00, 0x81, 0xea, 0x01, 0xb9, 0xd2, 0x00,
	0x81, 0x18, 0x01, 0x81, 0x8c, 0x00, 0xbb, 0x18, 0x01, 0x84, 0xd2, 0x00, 0xb4, 0x18, 0x01, 0x86,
	0x84, 0x17, 0x92, 0x54, 0x38, 0xae, 0xec, 0x90, 0x83, 0x1a, 0x04, 0x8c, 0x54, 0x38, 0xad, 0xf4,
	0x79, 0x00, 0x00, 0x82, 0x46, 0x00, 0x8d, 0x38, 0x31, 0xb5, 0xf6, 0x59, 0x8b, 0x0e, 0x38, 0xae,
	0x46, 0x00, 0x00, 0x0a, 0x82, 0x8e, 0x03, 0x00, 0x00, 0xbf, 0x18, 0x01, 0x00, 0x80, 0xc2, 0x18,
	0x01, 0x00, 0x80, 0xc2, 0x18, 0x01, 0x81, 0x30, 0x02, 0xbb, 0x18, 0x01, 0x94, 0x8e, 0xd5, 0xad,
	0x98, 0x7b, 0x92, 0x40, 0x3d, 0xb3, 0x46, 0x00, 0x8d, 0xfa, 0x3c, 0xad, 0x46, 0x00, 0x00, 0x81,
	0x92, 0xfa, 0x3c, 0xa5, 0x46, 0x00, 0x00, 0x81, 0x82, 0x46, 0x00, 0x02, 0x81, 0x0a, 0x81, 0x84,
	0x04, 0x06, 0x8b, 0xd8, 0xdb, 0xad, 0x46, 0x00, 0x01, 0xc1, 0x70, 0x84, 0x90, 0x06, 0xb2, 0xd2,
	0x00, 0x86, 0x8c, 0x00, 0x82, 0x4a, 0x06, 0xb5, 0x18, 0x01, 0x8b, 0x46, 0x00, 0xbd, 0x18, 0x01,
	0x83, 0xb8, 0x88, 0x02, 0xfe, 0xff, 0xfe, 0x82, 0x8c, 0x00, 0x05, 0x52, 0x55, 0xfe, 0xff, 0x05,
	0x00, 0x81, 0xa1, 0x03, 0x00, 0x05, 0xab, 0x5e, 0x47, 0x8a, 0xf2, 0xdf, 0xb8, 0x46, 0x00, 0x00,
	0x07, 0x81, 0xb4, 0x3c, 0x83, 0x46, 0x00, 0x02, 0xa9, 0x2a, 0xff, 0xb9, 0x46, 0x00, 0x84, 0x8c,
	0x00, 0xb8, 0x46, 0x00, 0x05, 0x0b, 0x00, 0x10, 0xfc, 0xff, 0xfd, 0x82, 0x46, 0x00, 0x02, 0xa4,
	0xaa, 0xfc, 0xb8, 0x46, 0x00, 0x00, 0xfd, 0x84, 0x8c, 0x00, 0xb8, 0x46, 0x00, 0x05, 0x0f, 0x00,
	0x10, 0xf8, 0xff, 0xfb, 0x82, 0x46, 0x00, 0x02, 0x48, 0x55, 0xf9, 0xb8, 0x46, 0x00, 0x00, 0xfb,
	0x84, 0x8c, 0x00, 0xb5, 0x46, 0x00, 0x83, 0x14, 0x41, 0x81, 0x4a, 0x58, 0x81, 0x46, 0x00, 0x81,
	0x38, 0x02, 0x81, 0x23, 0x14, 0x81, 0x13, 0x20, 0xaa, 0xec, 0x04, 0x8a, 0x46, 0x00, 0x87, 0xe0,
	0x5b, 0xb9, 0x46, 0x00, 0xb5, 0x8c, 0x00, 0xff, 0x8c, 0x00, 0xd3, 0x8c, 0x00, 0x81, 0xf0, 0x5c,
	0x89, 0x8c, 0x00, 0x01, 0xff, 0x7f, 0xb9, 0x46, 0x00, 0x87, 0x3e, 0x5d, 0xff, 0x8c, 0x00, 0xff,
	0x8c, 0x00, 0xc0, 0x8c, 0x00, 0x84, 0x06, 0x2c, 0x83, 0xfc, 0x62, 0x85, 0x8c, 0x00, 0x81, 0x29,
	0x17, 0xb7, 0x46, 0x00, 0x81, 0x08, 0x00, 0x83, 0xf8, 0x5c, 0xff, 0x8c, 0x00, 0xff, 0x8c, 0x00,
	0xc5, 0x8c, 0x00, 0x81, 0x64, 0x5c, 0x8a, 0x30, 0x02, 0x00, 0xff, 0xab, 0x46, 0x00, 0x8b, 0x46,
	0x00, 0x87, 0xfa, 0x5f, 0xff, 0x8c, 0x00, 0xff, 0x8c, 0x00, 0xc5, 0x8c, 0x00, 0xbd, 0xec, 0x27,
	0x83, 0x46, 0x00, 0xbd, 0x30, 0x25, 0xc3, 0x32, 0x28, 0x83, 0x46, 0x00, 0xb5, 0x8c, 0x00, 0xcb,
	0xec, 0x27, 0x83, 0x46, 0x00, 0xbd, 0xd4, 0x26, 0xff, 0x18, 0x01, 0xcd, 0x1c, 0x2a, 0x83, 0x46,
	0x00, 0xc3, 0x30, 0x02, 0xbd, 0x4a, 0x29, 0xb3, 0x18, 0x01, 0x85, 0xa4, 0x01, 0xff, 0x18, 0x01,
	0xff, 0x18, 0x01, 0x8b, 0x46, 0x00, 0xff, 0x18, 0x01, 0xff, 0x18, 0x01, 0xa5, 0x18, 0x01, 0xff,
	0x60, 0x04, 0x81, 0x06, 0x00, 0xff, 0x60, 0x04, 0xff, 0x18, 0x01, 0xd7, 0x18, 0x01, 0xff, 0x78,
	0x05, 0x87, 0xd2, 0x00, 0x83, 0x46, 0x00, 0xff, 0x48, 0x03, 0xff, 0x48, 0x03, 0xff, 0x30, 0x02,
	0xff, 0x48, 0x03, 0xff, 0x18, 0x01, 0xff, 0x18, 0x01, 0xa5, 0x8c, 0x00, 0xff, 0x18, 0x01, 0x95,
	0x18, 0x01, 0xff, 0x18, 0x01, 0x87, 0xd2, 0x00, 0x83, 0x46, 0x00, 0xff, 0x18, 0x01, 0xff, 0x78,
	0x05, 0xff, 0x78, 0x05, 0xe1, 0x78, 0x05, 0xff, 0x18, 0x01, 0x81, 0x06, 0x00, 0xff, 0x30, 0x02,
	0xff, 0x48, 0x03, 0x97, 0x48, 0x03, 0xbd, 0x30, 0x02, 0xff, 0xa8, 0x07, 0x87, 0xd2, 0x00, 0x83,
	0x46, 0x00, 0xff, 0x18, 0x01, 0xc7, 0x18, 0x01, 0xc3, 0xc8, 0x37, 0x87, 0x46, 0x00, 0x83, 0xec,
	0x1e, 0xbd, 0x46, 0x00, 0xc3, 0x8c, 0x00, 0xe1, 0x46, 0x00, 0x00, 0x01, 0xc2, 0x46, 0x00, 0x00,
	0x03, 0xc2, 0x46, 0x00, 0x00, 0xff, 0x9a, 0x46, 0x00, 0x00, 0x00, 0xb4, 0x32, 0x05, 0x84, 0x29,
	0x00, 0x8a, 0x02, 0x03, 0xc3, 0xbc, 0x6b, 0x00, 0x06, 0xc2, 0x46, 0x00, 0xbd, 0x02, 0x6c, 0x83,
	0x46, 0x00, 0x81, 0xb7, 0x02, 0xbf, 0x46, 0x00, 0x01, 0x00, 0x02, 0xc1, 0x46, 0x00, 0x8f, 0xa4,
	0x01, 0xa2, 0xb8, 0x65, 0x9e, 0xa4, 0x01, 0xad, 0xf2, 0x53, 0x93, 0x5e, 0x01, 0xb1, 0xe0, 0x15,
	0x8f, 0x5e, 0x01, 0x00, 0x07, 0xb0, 0x46, 0x00, 0x81, 0x07, 0x00, 0xb9, 0x5e, 0x01, 0x03, 0x40,
	0x10, 0x00, 0x13, 0xb6, 0xf0, 0x2d, 0x86, 0xd0, 0x66, 0x01, 0x40, 0x10, 0x81, 0xe8, 0x67, 0xb1,
	0x46, 0x00, 0x81, 0x30, 0x00, 0x00, 0x60, 0x82, 0x98, 0x24, 0xb9, 0x46, 0x00, 0x83, 0x8c, 0x00,
	0x83, 0x4c, 0x00, 0x01, 0x40, 0x20, 0xbb, 0x46, 0x00, 0xc2, 0xd2, 0x00, 0x81, 0x62, 0x6b, 0xc5,
	0xd2, 0x00, 0x02, 0x20, 0x40, 0xa4, 0x81, 0x46, 0x00, 0x81, 0x12, 0x00, 0xba, 0xd2, 0x00, 0x02,
	0x14, 0x00, 0xa3, 0x83, 0x8c, 0x00, 0x81, 0x10, 0x00, 0xb8, 0x46, 0x00, 0xbf, 0x5e, 0x01, 0x00,
	0xa4, 0x01, 0x40, 0xb4, 0xc4, 0xd2, 0x00, 0x00, 0xb3, 0xfe, 0xd2, 0x00, 0x81, 0xe4, 0x6a, 0x81,
	0x46, 0x00, 0xb6, 0xa4, 0x01, 0x8a, 0x02, 0x03, 0xbc, 0x18, 0x01, 0x84, 0x02, 0x03, 0xb6, 0xea,
	0x01, 0x8a, 0xbc, 0x02, 0xbc, 0x5e, 0x01, 0x86, 0xbc, 0x02, 0x00, 0xb3, 0xb3, 0xf0, 0x2d, 0x83,
	0xcc, 0x00, 0x84, 0x46, 0x00, 0x00, 0xb4, 0x81, 0xd2, 0x00, 0xb6, 0x46, 0x00, 0x00, 0x20, 0xc2,
	0x18, 0x01, 0x85, 0xa4, 0x01, 0xc1, 0x18, 0x01, 0x00, 0x10, 0xbc, 0x30, 0x02, 0x85, 0xa4, 0x01,
	0xc1, 0x30, 0x02, 0xbe, 0x60, 0x04, 0xbd, 0x5e, 0x01, 0x8a, 0x8c, 0x00, 0xb6, 0xd2, 0x00, 0x89,
	0xa4, 0x01, 0xb7, 0xa4, 0x01, 0x89, 0x5e, 0x01, 0x00, 0x00, 0x82, 0xbe, 0x6e, 0x81, 0x7a, 0x08,
	0xb9, 0xa6, 0x04, 0x00, 0xc0, 0x82, 0x46, 0x00, 0xb5, 0x60, 0x04, 0x00, 0xe0, 0x82, 0x46, 0x00,
	0x00, 0xe0, 0xbe, 0x4a, 0x06, 0x84, 0x18, 0x01, 0x02, 0x20, 0x00, 0x23, 0x83, 0x4c, 0x2c, 0xba,
	0x46, 0x00, 0x00, 0x84, 0x81, 0x46, 0x00, 0x81, 0x0c, 0x00, 0xb9, 0x46, 0x00, 0x00, 0x00, 0x86,
	0x7a, 0x94, 0xb9, 0xee, 0x70, 0x00, 0xc0, 0xba, 0xc0, 0x08, 0xcc, 0x5e, 0x01, 0x02, 0x10, 0x00,
	0x43, 0xbf, 0x5e, 0x01, 0x01, 0xc0, 0x10, 0x85, 0xda, 0x2f, 0xb9, 0xd2, 0x00, 0x00, 0x00, 0xb6,
	0xd6, 0x06, 0x05, 0xf5, 0xff, 0xff, 0xff, 0x20, 0xf4, 0x84, 0x8c, 0x00, 0xba, 0x1c, 0x07, 0x01,
	0xe0, 0xd4, 0x83, 0x8c, 0x00, 0xc2, 0x34, 0x08, 0x81, 0x18, 0x01, 0xb4, 0xbc, 0x02, 0x81, 0x30,
	0x00, 0x01, 0xe0, 0x50, 0x83, 0x8c, 0x00, 0x81, 0xd2, 0x00, 0xb8, 0x5e, 0x01, 0x00, 0x84, 0x83,
	0x46, 0x00, 0xb7, 0x5e, 0x01, 0x83, 0xd2, 0x00, 0x00, 0xf7, 0x82, 0x64, 0x01, 0xbc, 0x5e, 0x01,
	0x83, 0xea, 0x01, 0x00, 0xd4, 0xfd, 0x5e, 0x01, 0x83, 0x8c, 0x00, 0x82, 0x64, 0x01, 0x00, 0x70,
	0x81, 0x48, 0x03, 0xb9, 0x02, 0x03, 0x82, 0x7e, 0x05, 0x81, 0x0c, 0x00, 0x00, 0x23, 0x83, 0x0c,
	0x12, 0xba, 0x60, 0x04, 0x00, 0x00, 0x81, 0x8c, 0x00, 0xbd, 0x46, 0x00, 0xbd, 0xd2, 0x00, 0x83,
	0x46, 0x00, 0x01, 0x60, 0x85, 0xba, 0x62, 0x07, 0x00, 0xa5, 0x82, 0x06, 0x00, 0x00, 0xb5, 0x87,
	0x32, 0x05, 0x84, 0xb2, 0x15, 0xb2, 0x8c, 0x00, 0x81, 0x46, 0x00, 0x83, 0xd2, 0x00, 0xb9, 0x46,
	0x00, 0xc3, 0x18, 0x01, 0x00, 0xe0, 0x81, 0x3b, 0x0f, 0xb7, 0x76, 0x02, 0x82, 0x18, 0x01, 0x02,
	0xe0, 0xb5, 0x80, 0xb6, 0x02, 0x03, 0x04, 0xfa, 0xff, 0xff, 0xff, 0xa0, 0x82, 0xec, 0x04, 0x02,
	0xe0, 0xb4, 0x80, 0xb6, 0xd2, 0x00, 0x81, 0x4b, 0x0f, 0x00, 0xa0, 0x83, 0x92, 0x00, 0x82, 0xec,
	0x04, 0xbf, 0x18, 0x01, 0x01, 0xe0, 0x15, 0xba, 0x1a, 0x04, 0x00, 0x85, 0xbd, 0x18, 0x01, 0x82,
	0x40, 0x00, 0x00, 0xa4, 0x81, 0x58, 0x2d, 0x01, 0xa0, 0xf4, 0xb7, 0x18, 0x01, 0x83, 0x46, 0x00,
	0x81, 0x55, 0x15, 0x01, 0xa0, 0x00, 0xc3, 0x18, 0x01, 0x01, 0x60, 0x11, 0xba, 0xec, 0x04, 0x00,
	0xa5, 0x82, 0x60, 0x04, 0x00, 0x01, 0x81, 0x62, 0x07, 0xc3, 0x34, 0x08, 0xc2, 0xee, 0x07, 0xb8,
	0x68, 0x10, 0x00, 0xe0, 0x83, 0x92, 0x00, 0xb8, 0x8c, 0x00, 0x82, 0x12, 0x01, 0x84, 0xf0, 0x0a,
	0xb7, 0x8c, 0x00, 0x83, 0x18, 0x01, 0x83, 0x92, 0x00, 0xc2, 0x04, 0x06, 0x00, 0x20, 0xbd, 0x8c,
	0x00, 0x84, 0x18, 0x01, 0x00, 0x40, 0xff, 0xa4, 0x01, 0x00, 0xe0, 0x82, 0xf8, 0x05, 0xbe, 0xa4,
	0x01, 0x00, 0x40, 0xbd, 0x8c, 0x00, 0x83, 0x18, 0x01, 0x83, 0x92, 0x00, 0xc2, 0xa4, 0x01, 0x02,
	0x40, 0xc0, 0xd4, 0xb9, 0xd6, 0x06, 0x85, 0xa4, 0x01, 0x01, 0xc0, 0x50, 0xbb, 0x60, 0x04, 0x84,
	0x46, 0x00, 0x02, 0x14, 0x00, 0xd3, 0xb7, 0x7e, 0x0e, 0x86, 0x46, 0x00, 0x02, 0x10, 0x00, 0x53,
	0xc2, 0x8c, 0x00, 0xc0, 0xd8, 0x09, 0xc2, 0x92, 0x09, 0x00, 0x50, 0xc4, 0xa4, 0x01, 0x00, 0x70,
	0xff, 0xa4, 0x01, 0x88, 0xa4, 0x01, 0x00, 0x73, 0xfe, 0xa4, 0x01, 0x84, 0xda, 0x0c, 0xbc, 0x94,
	0x0c, 0x00, 0x70, 0x83, 0x46, 0x00, 0x01, 0x00, 0x0a, 0x84, 0xa4, 0x01, 0x9a, 0xaa, 0x0a, 0x00,
	0xdc, 0x93, 0x2c, 0xf1, 0xac, 0x68, 0x10, 0x94, 0x72, 0xf1, 0xcc, 0x0a, 0x0f, 0xa3, 0x68, 0x10,
	0x00, 0x01, 0x9c, 0x46, 0x00, 0x01, 0x80, 0x0a, 0x84, 0x68, 0x10, 0x9a, 0x18, 0x01, 0x00, 0x24,
	0x9d, 0x0a, 0x0f, 0x00, 0x1a, 0x85, 0xee, 0x07, 0x85, 0x42, 0x00, 0x91, 0x46, 0x00, 0x9e, 0x5e,
	0x01, 0xa2, 0x68, 0x10, 0xe4, 0x5e, 0x01, 0xa2, 0x68, 0x10, 0x9e, 0x5e, 0x01, 0x00, 0x1a, 0x85,
	0x08, 0x0c, 0x88, 0x17, 0x01, 0xae, 0x5e, 0x01, 0xa3, 0x64, 0x0a, 0x91, 0x5e, 0x01, 0x01, 0xff,
	0xff, 0x87, 0x7c, 0x0b, 0xa3, 0x8e, 0x03, 0x96, 0x5e, 0x01, 0xf0, 0x68, 0x10, 0x91, 0x5e, 0x01,
	0x83, 0x72, 0x05, 0x84, 0x18, 0x01, 0x00, 0x1a, 0xa1, 0x46, 0x00, 0x94, 0x5e, 0x01, 0x83, 0x6a,
	0x3f, 0xba, 0x5e, 0x01, 0x82, 0x40, 0x00, 0x81, 0x04, 0x06, 0x01, 0xff, 0xa0, 0xa4, 0x68, 0x10,
	0x9c, 0xbc, 0x02, 0xea, 0x68, 0x10, 0x95, 0xbc, 0x02, 0x85, 0x68, 0x10, 0xba, 0x5e, 0x01, 0x83,
	0xd2, 0x00, 0x81, 0x14, 0x41, 0xa2, 0x08, 0x0c, 0xa1, 0xd4, 0x03, 0xbf, 0x8e, 0x03, 0xa3, 0xd8,
	0x09, 0x91, 0x8c, 0x00, 0x82, 0x12, 0x01, 0x83, 0x92, 0x00, 0xb8, 0x8c, 0x00, 0x81, 0x30, 0x00,
	0xab, 0x08, 0x0c, 0x97, 0x18, 0x01, 0x83, 0x92, 0x00, 0xbd, 0x18, 0x01, 0x83, 0x92, 0x00, 0xbd,
	0x8c, 0x00, 0x84, 0x18, 0x01, 0xa2, 0x08, 0x0c, 0xdc, 0xa4, 0x01, 0xaa, 0x08, 0x0c, 0x96, 0xa4,
	0x01, 0xaa, 0x08, 0x0c, 0x9c, 0xa4, 0x01, 0xa4, 0x08, 0x0c, 0x9c, 0xa4, 0x01, 0xa4, 0x08, 0x0c,
	0x9d, 0xa4, 0x01, 0xa3, 0x08, 0x0c, 0x97, 0x1a, 0x04, 0x84, 0x46, 0x00, 0xa2, 0x64, 0x0a, 0x9d,
	0x8c, 0x00, 0xa3, 0x08, 0x0c, 0xa0, 0x8c, 0x00, 0xc0, 0x78, 0x05, 0xc2, 0x32, 0x05, 0xa4, 0x08,
	0x0c, 0x9e, 0x18, 0x01, 0xa2, 0x08, 0x0c, 0xe6, 0xa4, 0x01, 0xa0, 0x08, 0x0c, 0xdc, 0xa4, 0x01,
	0xaa, 0x08, 0x0c, 0x96, 0x34, 0x08, 0x85, 0x08, 0x0c, 0x84, 0xc2, 0x0b, 0xbf, 0xf8, 0x16, 0x83,
	0x7e, 0x77, 0xbf, 0x46, 0x00, 0x01, 0xff, 0x7f, 0xbb, 0x46, 0x00, 0xc3, 0xf0, 0x0a, 0x81, 0x08,
	0x0c, 0x9f, 0x20, 0x0d, 0x95, 0x46, 0x00, 0x86, 0xaa, 0x0a, 0x84, 0xd2, 0x00, 0xbb, 0x46, 0x00,
	0x87, 0x84, 0x17, 0x87, 0x9a, 0x81, 0xaf, 0xd2, 0x00, 0x87, 0x46, 0x00, 0x81, 0xa8, 0x01, 0xbf,
	0x46, 0x00, 0x81, 0xa8, 0x01, 0xb5, 0x46, 0x00, 0xc3, 0x02, 0x26, 0x81, 0x4e, 0x0c, 0x9f, 0x66,
	0x0d, 0x95, 0x46, 0x00, 0x86, 0xa4, 0x01, 0x88, 0xd2, 0x00, 0xb8, 0x46, 0x00, 0x82, 0xea, 0x01,
	0x81, 0x10, 0xa4, 0x81, 0x4a, 0x00, 0xac, 0x6a, 0x9f, 0xcc, 0x46, 0x00, 0x01, 0x00, 0xf4, 0x81,
	0x46, 0x00, 0x81, 0x56, 0xa4, 0x81, 0x46, 0x00, 0xac, 0xb0, 0x9f, 0x87, 0xea, 0x01, 0xc3, 0x46,
	0x00, 0x83, 0x1a, 0x04, 0x02, 0x80, 0xab, 0x2a, 0x83, 0xa8, 0x01, 0xaa, 0xf6, 0x9f, 0xd2, 0x46,
	0x00, 0x81, 0xe2, 0xa4, 0x83, 0xd2, 0x00, 0x85, 0x2a, 0x3f, 0xf1, 0x46, 0x00, 0x03, 0x80, 0x00,
	0x00, 0x27, 0x83, 0x28, 0xa5, 0x81, 0x46, 0x00, 0xac, 0x28, 0xa5, 0x89, 0x30, 0x02, 0xc0, 0x46,
	0x00, 0x01, 0x00, 0xf4, 0x81, 0x46, 0x00, 0x81, 0x6e, 0xa5, 0x81, 0x46, 0x00, 0xac, 0x6e, 0xa5,
	0x86, 0xd2, 0x00, 0xc4, 0x46, 0x00, 0x82, 0xd2, 0x00, 0x81, 0xb4, 0xa5, 0x82, 0xea, 0x01, 0xab,
	0xb4, 0xa5, 0xd2, 0x46, 0x00, 0x81, 0xfa, 0xa5, 0x82, 0xd2, 0x00, 0xab, 0xfa, 0xa5, 0xcd, 0x46,
	0x00, 0x02, 0xf4, 0x00, 0x2b, 0x83, 0x40, 0xa6, 0x81, 0x46, 0x00, 0xac, 0x40, 0xa6, 0xcd, 0x46,
	0x00, 0x00, 0xf6, 0x81, 0x46, 0x00, 0x81, 0x86, 0xa6, 0x81, 0x46, 0x00, 0xac, 0x86, 0xa6, 0xcd,
	0x46, 0x00, 0x00, 0x02, 0x81, 0x46, 0x00, 0x81, 0xcc, 0xa6, 0x83, 0x1a, 0x04, 0xaa, 0xcc, 0xa6,
	0xcd, 0x46, 0x00, 0x00, 0x00, 0x83, 0xd2, 0x00, 0x83, 0xc0, 0x08, 0xac, 0x12, 0xa7, 0xcd, 0x46,
	0x00, 0x02, 0xf4, 0x00, 0x2f, 0x83, 0x58, 0xa7, 0x81, 0x46, 0x00, 0xac, 0x58, 0xa7, 0xcc, 0x46,
	0x00, 0x00, 0x40, 0x82, 0x46, 0x00, 0x81, 0x0c, 0x00, 0x84, 0xac, 0x07, 0xa9, 0x9e, 0xa7, 0x86,
	0x46, 0x00, 0xc4, 0x46, 0x00, 0x00, 0x00, 0x81, 0x46, 0x00, 0x85, 0x7a, 0x08, 0x83, 0x1e, 0x04,
	0xaf, 0xea, 0x01, 0xc3, 0x46, 0x00, 0x00, 0x00, 0x82, 0x46, 0x00, 0x81, 0x2a, 0xa8, 0x81, 0x42,
	0x00, 0xac, 0x2a, 0xa8, 0xcc, 0x46, 0x00, 0x87, 0x06, 0x09, 0x81, 0x7e, 0x08, 0xb6, 0xc0, 0x08,
	0xff, 0x46, 0x00, 0x89, 0x8e, 0x26, 0x00, 0xf3, 0x83, 0x46, 0x00, 0x81, 0xc4, 0x08, 0xb6, 0xc0,
	0x08, 0xff, 0x46, 0x00, 0x91, 0xc2, 0x0b, 0x00, 0x80, 0x81, 0x48, 0x06, 0xb4, 0x06, 0x09, 0xff,
	0x46, 0x00, 0x90, 0x46, 0x00, 0x81, 0x50, 0x09, 0xb6, 0x92, 0x09, 0xc2, 0x46, 0x00, 0xc3, 0x46,
	0x00, 0x01, 0x80, 0x10, 0x84, 0x36, 0x51, 0x00, 0x7f, 0x82, 0xae, 0xa8, 0xb5, 0xd8, 0x09, 0xff,
	0x46, 0x00, 0x89, 0x48, 0x03, 0x00, 0xf7, 0x83, 0x46, 0x00, 0x82, 0x90, 0xaf, 0xb5, 0xd8, 0x09,
	0xff, 0x46, 0x00, 0x89, 0xea, 0x01, 0x84, 0x18, 0x01, 0x81, 0x22, 0x0a, 0xb6, 0x1e, 0x0a, 0xff,
	0x46, 0x00, 0x90, 0x46, 0x00, 0x82, 0xa8, 0xb0, 0xb5, 0x64, 0x0a, 0xff, 0x46, 0x00, 0x89, 0xea,
	0x01, 0x00, 0xfb, 0x83, 0x46, 0x00, 0x81, 0xae, 0x0a, 0xb6, 0xaa, 0x0a, 0xff, 0x46, 0x00, 0x86,
	0x46, 0x00, 0x01, 0x00, 0x16, 0x85, 0x46, 0x00, 0x81, 0xf4, 0x0a, 0xb6, 0xf0, 0x0a, 0xff, 0x46,
	0x00, 0x87, 0x46, 0x00, 0x00, 0x12, 0x81, 0x96, 0x55, 0x83, 0x04, 0x06, 0x81, 0x30, 0x05, 0xb4,
	0x36, 0x0b, 0xff, 0x46, 0x00, 0x89, 0xbc, 0x02, 0x84, 0x46, 0x00, 0x81, 0x80, 0x0b, 0xb6, 0x7c,
	0x0b, 0xff, 0x46, 0x00, 0x89, 0xbc, 0x02, 0x00, 0xff, 0x83, 0x46, 0x00, 0x81, 0xc6, 0x0b, 0xb6,
	0x08, 0x0c, 0xff, 0x46, 0x00, 0x87, 0x7c, 0x0b, 0x86, 0x46, 0x00, 0x81, 0x10, 0x00, 0x81, 0x04,
	0x00, 0xb2, 0x08, 0x0c, 0xff, 0x46, 0x00, 0x87, 0x46, 0x00, 0x00, 0x10, 0x85, 0x78, 0xb4, 0x85,
	0x04, 0x00, 0xb1, 0xbc, 0x02, 0xff, 0x46, 0x00, 0x8a, 0xbc, 0x02, 0x84, 0x46, 0x00, 0x81, 0x98,
	0x0c, 0xb6, 0xda, 0x0c, 0xff, 0x46, 0x00, 0x86, 0x46, 0x00, 0x8b, 0xfc, 0x1c, 0xac, 0x98, 0x58,
	0x89, 0x40, 0x1a, 0xff, 0x46, 0x00, 0x9a, 0x46, 0x00, 0xa4, 0x80, 0x57, 0xff, 0x46, 0x00, 0x90,
	0x46, 0x00, 0x00, 0x40, 0x8a, 0x8e, 0x26, 0xac, 0xf4, 0x56, 0x89, 0xdc, 0x0f, 0xff, 0x46, 0x00,
	0x87, 0x8e, 0x03, 0x91, 0x18, 0x01, 0xa3, 0xdc, 0x55, 0xcc, 0x46, 0x00, 0xc3, 0x46, 0x00, 0x8b,
	0xea, 0x01, 0x01, 0x09, 0x00, 0x81, 0x51, 0x40, 0x8d, 0xbc, 0x02, 0x82, 0x2a, 0x01, 0xa8, 0x30,
	0x02, 0xfc, 0x46, 0x00, 0x8a, 0xea, 0x01, 0x85, 0x46, 0x00, 0x8b, 0xbc, 0x02, 0xff, 0x46, 0x00,
	0xa9, 0x46, 0x00, 0x8b, 0xea, 0x01, 0x85, 0x46, 0x00, 0x8b, 0xbc, 0x02, 0x97, 0x46, 0x00, 0x93,
	0x30, 0x02, 0xff, 0x46, 0x00, 0x90, 0x18, 0x01, 0x8a, 0xbc, 0x02, 0xff, 0x46, 0x00, 0xa9, 0x46,
	0x00, 0x82, 0x37, 0x00, 0x02, 0x10, 0x16, 0x00, 0xb2, 0x8a, 0x43, 0x8c, 0x46, 0x00, 0x00, 0x2e,
	0xbc, 0x46, 0x00, 0x03, 0x40, 0x10, 0x00, 0x33, 0x87, 0xd2, 0x00, 0xb5, 0x46, 0x00, 0x01, 0x40,
	0x30, 0xc4, 0xa8, 0x2a, 0xc0, 0x5a, 0x1e, 0x01, 0xc0, 0xe4, 0xc1, 0xc2, 0x2e, 0xc3, 0x8a, 0x20,
	0xc2, 0xda, 0x2f, 0x88, 0xde, 0x12, 0x87, 0xb6, 0x1f, 0xb2, 0x30, 0x02, 0x00, 0x23, 0xbf, 0x26,
	0x39, 0xff, 0x30, 0x02, 0xff, 0x8c, 0x00, 0x92, 0x5e, 0x01, 0xba, 0xd0, 0x20, 0x91, 0x9a, 0x15,
	0xb7, 0x46, 0x00, 0xc6, 0x36, 0x2e, 0xc3, 0x02, 0x03, 0xc0, 0xc4, 0x31, 0x00, 0x40, 0xba, 0x46,
	0x00, 0x88, 0xd2, 0x00, 0x00, 0x43, 0xbf, 0xd2, 0x00, 0xbd, 0x54, 0x38, 0x82, 0x06, 0x00, 0x00,
	0xb5, 0xc3, 0x88, 0x40, 0x88, 0xe2, 0x3b, 0x02, 0x02, 0x02, 0x22, 0xfb, 0x18, 0x01, 0xc4, 0x5a,
	0x41, 0xc5, 0x8e, 0x49, 0xc1, 0x4a, 0x06, 0x92, 0x46, 0x00, 0xa4, 0x5e, 0x6a, 0x9c, 0x4a, 0x06,
	0xa5, 0x46, 0x00, 0x93, 0x7c, 0x0b, 0xfb, 0x8c, 0x00, 0x87, 0x76, 0x02, 0x00, 0x1f, 0x85, 0x43,
	0x00, 0x82, 0x01, 0x00, 0x8b, 0x46, 0x00, 0x00, 0x1f, 0xb2, 0x60, 0x04, 0xa4, 0x50, 0x78, 0x90,
	0x8c, 0x00, 0x00, 0x0e, 0x88, 0x8a, 0x00, 0x8d, 0x98, 0x12, 0x00, 0x0e, 0x9c, 0x46, 0x00, 0x94,
	0x18, 0x01, 0xb8, 0xa6, 0x27, 0x87, 0x01, 0x00, 0xb0, 0x52, 0x12, 0x90, 0x8c, 0x00, 0xb8, 0x70,
	0x1c, 0x89, 0x01, 0x00, 0xaf, 0x52, 0x12, 0x91, 0xa4, 0x01, 0xb6, 0x30, 0x02, 0x00, 0x0f, 0x88,
	0x8b, 0x00, 0x8d, 0xc6, 0x11, 0x00, 0x0f, 0xb3, 0x18, 0x01, 0xb6, 0x2a, 0x1c, 0x88, 0x8b, 0x00,
	0xa5, 0x3e, 0xc6, 0x9c, 0x8c, 0x00, 0xad, 0x46, 0x00, 0x00, 0x00, 0x82, 0xc2, 0x0b, 0x81, 0x7e,
	0x77, 0x89, 0x5a, 0x41, 0xa4, 0x68, 0x9c, 0x9c, 0x46, 0x00, 0xa4, 0x68, 0x9c, 0x9c, 0x46, 0x00,
	0xa4, 0x68, 0x9c, 0x9c, 0x46, 0x00, 0xa4, 0x68, 0x9c, 0x9c, 0x46, 0x00, 0x00, 0x11, 0xa3, 0xa4,
	0xd3, 0x9e, 0x46, 0x00, 0xa2, 0x96, 0xe1, 0x9e, 0x46, 0x00, 0xa2, 0x96, 0xe1, 0x86, 0x46, 0x00,
	0x95, 0x46, 0x00, 0xb1, 0x26, 0xe8, 0x8f, 0x46, 0x00, 0xb1, 0x26, 0xe8, 0x91, 0x46, 0x00, 0xaf,
	0x26, 0xe8, 0x91, 0x46, 0x00, 0xaf, 0x26, 0xe8, 0x91, 0x46, 0x00, 0xaf, 0x26, 0xe8, 0x91, 0x46,
	0x00, 0xaf, 0x26, 0xe8, 0x93, 0x46, 0x00, 0xad, 0x26, 0xe8, 0x93, 0x46, 0x00, 0xad, 0x26, 0xe8,
	0x93, 0x46, 0x00, 0xad, 0x26, 0xe8, 0x93, 0x46, 0x00, 0xad, 0x54, 0xe7, 0x95, 0x46, 0x00, 0xab,
	0x26, 0xe8, 0x95, 0x46, 0x00, 0xab, 0x26, 0xe8, 0xdb, 0xd2, 0x00, 0xab, 0x26, 0xe8, 0x97, 0x46,
	0x00, 0xa9, 0x26, 0xe8, 0x97, 0x46, 0x00, 0xa3, 0x26, 0xe8, 0x9d, 0x46, 0x00, 0xa4, 0x26, 0xe8,
	0x00, 0x00, 0x81, 0xf0, 0x0a, 0x8d, 0x6e, 0x82, 0xae, 0x26, 0xe8, 0x92, 0x46, 0x00, 0xae, 0x26,
	0xe8, 0x92, 0x46, 0x00, 0xae, 0x26, 0xe8, 0x92, 0x46, 0x00, 0xae, 0x26, 0xe8, 0x92, 0x46, 0x00,
	0xa4, 0x90, 0x06, 0x9e, 0x46, 0x00, 0xac, 0x26, 0xe8, 0x94, 0x46, 0x00, 0xac, 0x26, 0xe8, 0x94,
	0x46, 0x00, 0xac, 0x26, 0xe8, 0x94, 0x46, 0x00, 0xac, 0x26, 0xe8, 0x96, 0x46, 0x00, 0xaa, 0x26,
	0xe8, 0x96, 0x46, 0x00, 0xaa, 0x26, 0xe8, 0x96, 0x46, 0x00, 0xaa, 0x26, 0xe8, 0x96, 0x46, 0x00,
	0xaa, 0x26, 0xe8, 0x98, 0x46, 0x00, 0xa8, 0x26, 0xe8, 0x98, 0x46, 0x00, 0xa7, 0x26, 0xe8, 0x99,
	0x46, 0x00, 0xa8, 0x26, 0xe8, 0x98, 0x46, 0x00, 0xa8, 0x54, 0xe7, 0x9a, 0x46, 0x00, 0xa6, 0x26,
	0xe8, 0x9a, 0x46, 0x00, 0xa6, 0x26, 0xe8, 0xe0, 0xd2, 0x00, 0xa6, 0x26, 0xe8, 0x9c, 0x46, 0x00,
	0xa4, 0x26, 0xe8, 0x9c, 0x46, 0x00, 0xa4, 0x26, 0xe8, 0xc5, 0xd2, 0x00, 0x84, 0xd6, 0x06, 0xbc,
	0x90, 0x06, 0x90, 0x46, 0x00, 0xb0, 0x90, 0x06, 0x90, 0x46, 0x00, 0xb0, 0x90, 0x06, 0x90, 0x46,
	0x00, 0xb0, 0x90, 0x06, 0x90, 0x46, 0x00, 0xb0, 0x90, 0x06, 0x92, 0x46, 0x00, 0xae, 0x90, 0x06,
	0x92, 0x46, 0x00, 0xab, 0x90, 0x06, 0x95, 0x46, 0x00, 0xae, 0x90, 0x06, 0x92, 0x46, 0x00, 0xae,
	0x90, 0x06, 0x94, 0x46, 0x00, 0xac, 0x90, 0x06, 0x94, 0x46, 0x00, 0xac, 0x90, 0x06, 0x94, 0x46,
	0x00, 0xac, 0x90, 0x06, 0x94, 0x46, 0x00, 0xac, 0x90, 0x06, 0x96, 0x46, 0x00, 0xaa, 0x90, 0x06,
	0x96, 0x46, 0x00, 0xaa, 0x90, 0x06, 0x96, 0x46, 0x00, 0xaa, 0x90, 0x06, 0x96, 0x46, 0x00, 0xaa,
	0xbe, 0x05, 0x98, 0x46, 0x00, 0xa8, 0x90, 0x06, 0x98, 0x46, 0x00, 0xa8, 0x90, 0x06, 0xde, 0xd2,
	0x00, 0xbb, 0xbe, 0x05, 0xb0, 0x90, 0x06, 0x9a, 0x46, 0x00, 0xa3, 0x90, 0x06, 0xc6, 0xd2, 0x00,
	0xff, 0x20, 0x0d, 0xff, 0x20, 0x0d, 0xff, 0x20, 0x0d, 0xb0, 0x46, 0x00, 0xff, 0x20, 0x0d, 0x87,
	0x46, 0x00, 0xff, 0x20, 0x0d, 0x89, 0x46, 0x00, 0xff, 0x20, 0x0d, 0x87, 0x46, 0x00, 0xff, 0x20,
	0x0d, 0x89, 0x46, 0x00, 0xa7, 0x90, 0x06, 0xff, 0x20, 0x0d, 0xa5, 0x46, 0x00, 0xff, 0x20, 0x0d,
	0xcd, 0xd2, 0x00, 0xff, 0x20, 0x0d, 0xb2, 0x90, 0x06, 0xc0, 0xd2, 0x00, 0x93, 0x74, 0x22, 0xb7,
	0x42, 0x1d, 0x89, 0x5e, 0x24, 0xb7, 0xfc, 0x1c, 0x89, 0x8e, 0x00, 0xb7, 0x6c, 0x39, 0x82, 0xba,
	0x2e, 0x85, 0x01, 0x00, 0xad, 0x70, 0x1c, 0x86, 0x46, 0x00, 0x01, 0xff, 0xff, 0x87, 0x46, 0x00,
	0xb7, 0x2a, 0x1c, 0x82, 0xaa, 0xe0, 0x84, 0x01, 0x00, 0xae, 0xe4, 0x1b, 0x92, 0xd2, 0x23, 0xad,
	0xa4, 0x01, 0x88, 0xa4, 0x01, 0x88, 0x46, 0x00, 0xb8, 0xa4, 0x01, 0x88, 0x8c, 0x46, 0xad, 0xa4,
	0x01, 0x93, 0xba, 0x45, 0xa5, 0xa4, 0x01, 0x9b, 0xba, 0x45, 0xa5, 0xa4, 0x01, 0x8f, 0x00, 0x23,
	0x01, 0x55, 0xd5, 0x87, 0x46, 0x00, 0xae, 0xa4, 0x01, 0x82, 0x6a, 0xc2, 0x81, 0x8e, 0x03, 0x89,
	0xd1, 0x00, 0xa4, 0xec, 0x6d, 0xcd, 0x46, 0x00, 0x82, 0x3a, 0xc0, 0x81, 0x46, 0x00, 0x8c, 0xb6,
	0x1c, 0xb4, 0x46, 0x00, 0x8b, 0x32, 0x28, 0xb5, 0x46, 0x00, 0x89, 0xd4, 0x00, 0xa4, 0x6a, 0xc2,
	0x90, 0x46, 0x00, 0x81, 0xb4, 0xc2, 0xbf, 0x46, 0x00, 0x8b, 0x28, 0xc8, 0xad, 0xc0, 0xda, 0x85,
	0x46, 0x00, 0x81, 0xb4, 0xc2, 0xbf, 0x46, 0x00, 0x8b, 0x8e, 0x49, 0xa2, 0x6a, 0xc2, 0x90, 0x46,
	0x00, 0x81, 0xb4, 0xc2, 0xbf, 0x46, 0x00, 0x83, 0x92, 0x35, 0x85, 0x2c, 0x00, 0xa2, 0x6a, 0xc2,
	0x86, 0x46, 0x00, 0x89, 0x76, 0x02, 0xae, 0x46, 0x00, 0x89, 0x1c, 0x70, 0xc0, 0xd2, 0x23, 0x8b,
	0x46, 0x00, 0xad, 0x42, 0x40, 0x93, 0x46, 0x00, 0xb5, 0xb6, 0x3f, 0x8d, 0xd2, 0x00, 0xb3, 0x2a,
	0x3f, 0x8d, 0x8c, 0x00, 0xb3, 0x0e, 0x38, 0x8b, 0x46, 0x00, 0xac, 0xf8, 0xe8, 0x94, 0x48, 0x26,
	0xff, 0xc6, 0x34, 0xd5, 0x46, 0x00, 0xff, 0x0c, 0x35, 0xb8, 0x0c, 0x35, 0x8a, 0x78, 0x28, 0xb8,
	0x80, 0x34, 0xff, 0x46, 0x00, 0x84, 0x46, 0x00, 0xff, 0xc6, 0x34, 0xdb, 0x46, 0x00, 0x83, 0x2a,
	0x00, 0x81, 0x01, 0x00, 0x89, 0x8e, 0x03, 0x82, 0x11, 0x00, 0xa8, 0x46, 0x00, 0x83, 0xe8, 0x04,
	0x8d, 0xec, 0x04, 0x82, 0x90, 0x05, 0xaa, 0x46, 0x00, 0xaa, 0x40, 0xec, 0x97, 0xd2, 0x00, 0xa9,
	0x40, 0xec, 0x98, 0xd2, 0x00, 0x8f, 0xec, 0x04, 0x96, 0x40, 0xec, 0x94, 0x46, 0x00, 0xac, 0x40,
	0xec, 0x94, 0xec, 0x04, 0xff, 0xb0, 0x36, 0xc2, 0x46, 0x00, 0x88, 0x8e, 0x03, 0xb6, 0x6a, 0x36,
	0xff, 0x46, 0x00, 0xcc, 0xb0, 0x36, 0xff, 0x46, 0x00, 0x9d, 0x46, 0x00, 0xff, 0xb0, 0x36, 0xb8,
	0xb0, 0x36, 0xa0, 0x76, 0xd4, 0xa1, 0x64, 0x0a, 0x87, 0x46, 0x00, 0xb7, 0x7e, 0x54, 0x03, 0x60,
	0x05, 0x00, 0x83, 0x86, 0x8c, 0x00, 0xaf, 0x0a, 0x32, 0x84, 0x7e, 0x31, 0x00, 0x80, 0xba, 0xd2,
	0x00, 0x86, 0xbc, 0x02, 0x00, 0x04, 0xba, 0x8c, 0x00, 0x85, 0x50, 0x0f, 0x86, 0xe4, 0xa7, 0x01,
	0x04, 0x50, 0x87, 0x6a, 0x10, 0xad, 0x8c, 0x00, 0x00, 0x00, 0x86, 0x5e, 0x01, 0x03, 0x5a, 0xa5,
	0x57, 0x13, 0xb5, 0x8c, 0x00, 0x87, 0x46, 0x00, 0x00, 0x5b, 0xc2, 0x46, 0x00, 0x00, 0xd9, 0xc2,
	0x46, 0x00, 0x00, 0xda, 0xc2, 0x46, 0x00, 0x01, 0x59, 0xa6, 0xb7, 0x46, 0x00, 0xba, 0x02, 0x03,
	0x90, 0xa6, 0x27, 0x97, 0xec, 0xd6, 0xa0, 0x66, 0x0d, 0x02, 0x00, 0x00, 0x73, 0x99, 0x3c, 0x14,
	0x9b, 0x46, 0x00, 0x86, 0x3c, 0x14, 0x86, 0xee, 0xd9, 0x81, 0xb2, 0x9c, 0xb5, 0x8c, 0x00, 0x01,
	0x60, 0x01, 0xba, 0x8c, 0x00, 0x84, 0xf8, 0xa2, 0x87, 0x02, 0x03, 0x01, 0x50, 0x05, 0x81, 0x1e,
	0x0d, 0xab, 0x46, 0x00, 0x8f, 0x90, 0xd8, 0xb0, 0x02, 0x03, 0x90, 0xa4, 0x01, 0x00, 0x59, 0xc2,
	0x46, 0x00, 0x01, 0xdb, 0xa4, 0xc1, 0x46, 0x00, 0x00, 0xda, 0xc2, 0x46, 0x00, 0x00, 0x5b, 0xb9,
	0x46, 0x00, 0xcc, 0x02, 0x03, 0xb0, 0x0e, 0x5b, 0xd6, 0x02, 0x03, 0x81, 0xa0, 0x0a, 0xb5, 0x8c,
	0x00, 0x01, 0x60, 0x01, 0xb8, 0x04, 0x06, 0x86, 0x02, 0x03, 0x87, 0x02, 0x03, 0x01, 0xaa, 0xaa,
	0xae, 0x04, 0x06, 0xd6, 0x02, 0x03, 0xff, 0x46, 0x00, 0xff, 0x46, 0x00, 0x88, 0x46, 0x00, 0xcc,
	0x02, 0x03, 0xb0, 0xcc, 0x3d, 0xff, 0x46, 0x00, 0xe0, 0x18, 0x01, 0x00, 0x0a, 0x82, 0x1b, 0x75,
	0xbe, 0x8c, 0x00, 0x81, 0xea, 0x09, 0xfb, 0x46, 0x00, 0x88, 0x76, 0x02, 0xfd, 0x8c, 0x00, 0xce,
	0x8c, 0x00, 0x88, 0x01, 0x00, 0xff, 0x04, 0x06, 0xfd, 0x04, 0x06, 0xba, 0x08, 0x0c, 0x87, 0x8c,
	0x00, 0x86, 0x04, 0x06, 0x01, 0xfa, 0xaf, 0xaf, 0x04, 0x06, 0xd5, 0x32, 0x05, 0xb0, 0x08, 0x0c,
	0x90, 0x46, 0x00, 0x00, 0x7f, 0xc2, 0x46, 0x00, 0xb0, 0x08, 0x0c, 0x91, 0x76, 0x02, 0xff, 0x04,
	0x06, 0xff, 0x08, 0x0c, 0xcc, 0x08, 0x0c, 0xcd, 0x02, 0x03, 0x01, 0xf0, 0x0f, 0xff, 0x02, 0x03,
	0xcb, 0x02, 0x03, 0x00, 0x25, 0xff, 0x02, 0x03, 0x86, 0x46, 0x00, 0x00, 0xa5, 0xc2, 0x46, 0x00,
	0x89, 0xc6, 0x11, 0xad, 0xa6, 0xf9, 0x93, 0x84, 0xe9, 0xa5, 0x46, 0x00, 0x8f, 0xf0, 0x0a, 0x00,
	0x50, 0x81, 0xc7, 0xa9, 0x84, 0x01, 0x00, 0x01, 0xf0, 0x0f, 0xac, 0xd2, 0x00, 0x87, 0x76, 0x02,
	0x00, 0xa5, 0x86, 0x1c, 0x00, 0x01, 0x00, 0xf0, 0xad, 0x18, 0x01, 0x86, 0x46, 0x00, 0x01, 0x55,
	0x55, 0x87, 0xbc, 0x02, 0xad, 0xec, 0xf9, 0x94, 0x1c, 0x2a, 0xad, 0x48, 0x03, 0x88, 0xa4, 0x01,
	0x00, 0x69, 0x87, 0x4a, 0xd8, 0xb6, 0xa4, 0x01, 0x01, 0x57, 0x13, 0xc1, 0xa4, 0x01, 0x02, 0xff,
	0xff, 0x67, 0xb6, 0x8c, 0x00, 0x93, 0xd2, 0x00, 0x97, 0x32, 0xd7, 0xa9, 0x46, 0x00, 0x97, 0x32,
	0xd7, 0xa9, 0x46, 0x00, 0x97, 0x32, 0xd7, 0xa9, 0x46, 0x00, 0x97, 0x32, 0xd7, 0x9f, 0x4a, 0x06,
	0x89, 0x7a, 0xda, 0xc1, 0x46, 0x00, 0xb7, 0x18, 0x01, 0x89, 0x46, 0x00, 0xb7, 0x18, 0x01, 0x89,
	0x46, 0x00, 0xb7, 0x18, 0x01, 0x00, 0xff, 0x8a, 0x18, 0x01, 0x01, 0x68, 0x24, 0xbf, 0x46, 0x00,
	0x00, 0x01, 0xc2, 0x46, 0x00, 0x01, 0xff, 0xd5, 0xc1, 0x46, 0x00, 0x00, 0x03, 0xb6, 0x8c, 0x00,
	0x00, 0xf0, 0x89, 0x8b, 0x43, 0x02, 0xd6, 0xf0, 0x0f, 0xbf, 0x46, 0x00, 0x00, 0x01, 0xc2, 0x46,
	0x00, 0x01, 0xff, 0xd5, 0xc1, 0x46, 0x00, 0x00, 0x03, 0xac, 0x8c, 0x00, 0x87, 0x46, 0x00, 0x8b,
	0x30, 0x02, 0x00, 0xf0, 0xc0, 0x76, 0x02, 0x00, 0x01, 0xc2, 0x46, 0x00, 0x01, 0xff, 0xd5, 0xc1,
	0x46, 0x00, 0x00, 0x03, 0xb6, 0x8c, 0x00, 0x01, 0x00, 0x00, 0x89, 0x18, 0x01, 0x8f, 0xd4, 0xf8,
	0xaf, 0x46, 0x00, 0x00, 0x01, 0xc2, 0x46, 0x00, 0x01, 0xff, 0xd5, 0xc1, 0x46, 0x00, 0x00, 0x03,
	0xb6, 0x8c, 0x00, 0x01, 0xff, 0xff, 0xc1, 0x90, 0x06, 0x89, 0x46, 0x00, 0xb7, 0x78, 0x05, 0x89,
	0x46, 0x00, 0xb7, 0x78, 0x05, 0x89, 0x46, 0x00, 0xb7, 0x78, 0x05, 0xff, 0xa8, 0x07, 0x93, 0x46,
	0x00, 0xf3, 0xa8, 0x07, 0x87, 0x46, 0x00, 0x89, 0x06, 0x09, 0xb9, 0x30, 0x02, 0x88, 0x4c, 0x09,
	0xc2, 0x46, 0x00, 0xb9, 0x30, 0x02, 0x87, 0x46, 0x00, 0xff, 0xc0, 0x08, 0xff, 0xc0, 0x08, 0xc3,
	0xc0, 0x08, 0x87, 0x62, 0x2a, 0x9b, 0x48, 0x03, 0x83, 0x19, 0x00, 0xe3, 0x46, 0x00, 0x9d, 0xa4,
	0x01, 0xe9, 0x46, 0x00, 0x8b, 0xa8, 0x07, 0xfb, 0x46, 0x00, 0x89, 0x3e, 0x17, 0xf3, 0x46, 0x00,
	0xff, 0x18, 0x01, 0x91, 0x46, 0x00, 0xff, 0x30, 0x02, 0x02, 0x00, 0x04, 0xd6, 0x90, 0xd8, 0xfe,
	0x03, 0x11, 0x00, 0x5a, 0xa5, 0xff, 0x46, 0x00, 0xe7, 0x46, 0x00, 0x00, 0x5a, 0x87, 0xd8, 0x10,
	0xcb, 0x8c, 0x00, 0x86, 0xa4, 0x01, 0x8b, 0x56, 0x18, 0xac, 0x46, 0x00, 0x00, 0x06, 0x85, 0x8c,
	0x00, 0x81, 0xaa, 0x00, 0xb6, 0x46, 0x00, 0x86, 0xae, 0x10, 0x89, 0xd2, 0x00, 0x01, 0x00, 0xd6,
	0xac, 0x46, 0x00, 0xcc, 0xe0, 0x15, 0xb0, 0xea, 0x24, 0x92, 0x46, 0x00, 0x87, 0x61, 0x2a, 0xae,
	0x46, 0x00, 0x87, 0xd6, 0xfb, 0x01, 0x00, 0x80, 0xb6, 0xe0, 0x15, 0x00, 0x01, 0x88, 0x46, 0x00,
	0xaf, 0x26, 0x16, 0x86, 0x7e, 0xbd, 0xba, 0x5e, 0x01, 0x8b, 0x44, 0xcf, 0x8d, 0x32, 0x05, 0xb7,
	0x46, 0x00, 0x89, 0xc7, 0x34, 0xb7, 0x46, 0x00, 0x89, 0xdd, 0x35, 0xb7, 0x46, 0x00, 0x88, 0x0f,
	0x18, 0xaf, 0x46, 0x00, 0x93, 0x02, 0x03, 0x00, 0xd7, 0x87, 0x02, 0x03, 0x01, 0x00, 0xd7, 0xb5,
	0x46, 0x00, 0x00, 0x3f, 0xc2, 0x46, 0x00, 0x00, 0xff, 0x88, 0x8e, 0x03, 0xb7, 0x46, 0x00, 0x00,
	0xc0, 0xc2, 0x46, 0x00, 0x91, 0x1a, 0x04, 0x91, 0x92, 0x09, 0x9b, 0x46, 0x00, 0x00, 0x01, 0xc2,
	0x46, 0x00, 0x01, 0xff, 0xd5, 0xc1, 0x46, 0x00, 0x00, 0x03, 0xc2, 0x8c, 0x00, 0x01, 0x00, 0xd6,
	0xa3, 0xb6, 0x3f, 0x9d, 0x18, 0x01, 0xa3, 0xb6, 0x3f, 0x85, 0x46, 0x00, 0x95, 0x18, 0x01, 0xa3,
	0xb6, 0x3f, 0x9d, 0x18, 0x01, 0xa3, 0xb6, 0x3f, 0x9f, 0x30, 0x02, 0xa1, 0xb6, 0x3f, 0x9f, 0x30,
	0x02, 0xa1, 0xb6, 0x3f, 0x9f, 0x30, 0x02, 0xa1, 0xb6, 0x3f, 0x9f, 0x30, 0x02, 0xa1, 0xb6, 0x3f,
	0xa1, 0x48, 0x03, 0x9f, 0xb6, 0x3f, 0xa1, 0x48, 0x03, 0x9f, 0xb6, 0x3f, 0xa1, 0x48, 0x03, 0x9f,
	0xb6, 0x3f, 0xa1, 0x48, 0x03, 0x9f, 0xb6, 0x3f, 0xa3, 0x60, 0x04, 0x9d, 0xe4, 0x3e, 0xa3, 0x60,
	0x04, 0x9d, 0xb6, 0x3f, 0xa3, 0x60, 0x04, 0x9d, 0xb6, 0x3f, 0xe1, 0xd2, 0x00, 0x87, 0x78, 0x05,
	0x9b, 0xe4, 0x3e, 0xa5, 0x78, 0x05, 0x9b, 0xb6, 0x3f, 0x85, 0x46, 0x00, 0x9d, 0x78, 0x05, 0x9b,
	0xb6, 0x3f, 0xcb, 0xd2, 0x00, 0x00, 0x40, 0x92, 0x78, 0x91, 0xad, 0x9a, 0x38, 0x01, 0x20, 0x02,
	0xc1, 0x46, 0x00, 0x00, 0x41, 0x84, 0xfc, 0x85, 0x04, 0x00, 0x80, 0x21, 0x20, 0x20, 0x81, 0xce,
	0x8b, 0xa6, 0x46, 0x00, 0x0c, 0xb1, 0xa0, 0xb0, 0xa0, 0x41, 0xa4, 0xc1, 0xb0, 0xc0, 0xb0, 0x41,
	0xb4, 0x21, 0x86, 0x8c, 0x00, 0xb1, 0x46, 0x00, 0x00, 0x61, 0x82, 0x46, 0x00, 0x00, 0x61, 0xc4,
	0xe0, 0x5b, 0x94, 0x18, 0x01, 0xac, 0x46, 0x00, 0x00, 0x41, 0x82, 0x8c, 0x00, 0x81, 0x13, 0x00,
	0x8a, 0xd2, 0x00, 0xa0, 0x46, 0x00, 0xa0, 0x18, 0x01, 0xa4, 0x46, 0x00, 0x85, 0x18, 0x01, 0x01,
	0x00, 0xf6, 0x83, 0x8c, 0x00, 0x00, 0x01, 0x8a, 0xd0, 0x66, 0xae, 0x14, 0x41, 0xc2, 0x46, 0x00,
	0x00, 0x01, 0x86, 0x46, 0x00, 0x89, 0xd2, 0x00, 0xa1, 0x46, 0x00, 0x89, 0x18, 0x01, 0xc3, 0x46,
	0x00, 0x93, 0xe6, 0x87, 0xad, 0x42, 0x40, 0xc3, 0x46, 0x00, 0x00, 0x81, 0x86, 0x46, 0x00, 0xb1,
	0xea, 0x01, 0x00, 0xc1, 0x82, 0xd2, 0x00, 0x00, 0xc1, 0xc4, 0x46, 0x00, 0x83, 0xec, 0x4a, 0x02,
	0x11, 0x10, 0x10, 0x8a, 0xa4, 0x41, 0xb0, 0x60, 0x04, 0xc0, 0x46, 0x00, 0x00, 0x41, 0x86, 0x8c,
	0x00, 0x81, 0x10, 0x00, 0xa9, 0x46, 0x00, 0x8c, 0x48, 0x03, 0xb4, 0x8c, 0x00, 0x8a, 0x60, 0x04,
	0x82, 0x5c, 0x21, 0x8e, 0x46, 0x00, 0xaf, 0x60, 0x04, 0x91, 0x8c, 0x00, 0xad, 0x60, 0x04, 0x86,
	0x8c, 0x00, 0x85, 0x42, 0x00, 0xa5, 0x46, 0x00, 0xa0, 0x18, 0x01, 0xad, 0x60, 0x04, 0x82, 0x04,
	0xd8, 0x83, 0x8c, 0x00, 0x88, 0x5e, 0x44, 0xad, 0x60, 0x04, 0xc2, 0x46, 0x00, 0x00, 0x01, 0xb6,
	0x46, 0x00, 0x8a, 0x60, 0x04, 0xc2, 0x46, 0x00, 0x83, 0x24, 0x36, 0xb1, 0xa4, 0x01, 0x81, 0x6c,
	0x00, 0x88, 0x60, 0x04, 0xc0, 0x46, 0x00, 0x00, 0x81, 0xb6, 0x46, 0x00, 0x8c, 0x60, 0x04, 0xc0,
	0x46, 0x00, 0xff, 0xfc, 0x3f, 0xce, 0x46, 0x00, 0x92, 0xf0, 0x73, 0xae, 0xfc, 0x3f, 0xff, 0x46,
	0x00, 0x94, 0x56, 0x3b, 0xcb, 0xb6, 0x3f, 0xff, 0x46, 0x00, 0xff, 0xfc, 0x3f, 0xc1, 0x46, 0x00,
	0xff, 0x02, 0x03, 0x87, 0x46, 0x00, 0xc6, 0x46, 0x00, 0x90, 0x2c, 0x42, 0xb0, 0x44, 0x43, 0xff,
	0x46, 0x00, 0xff, 0x48, 0x03, 0xff, 0x48, 0x03, 0xff, 0x46, 0x00, 0xa3, 0x7a, 0x08, 0x82, 0xec,
	0x90, 0x81, 0x28, 0x48, 0x81, 0x46, 0x00, 0xac, 0x30, 0xd4, 0xff, 0x46, 0x00, 0x96, 0x46, 0x00,
	0x82, 0xb4, 0x48, 0x00, 0xff, 0x89, 0xbc, 0x48, 0xff, 0x46, 0x00, 0xb5, 0x46, 0x00, 0x00, 0x00,
	0x84, 0x68, 0x10, 0x8d, 0x04, 0x92, 0xff, 0x46, 0x00, 0xbb, 0x46, 0x00, 0x84, 0xcc, 0x49, 0x88,
	0xd4, 0x49, 0xff, 0x46, 0x00, 0xb6, 0x46, 0x00, 0x86, 0x36, 0x51, 0x81, 0xb8, 0x02, 0xb6, 0xbc,
	0x02, 0xff, 0x46, 0x00, 0x90, 0x46, 0x00, 0x81, 0xb8, 0x02, 0xb6, 0xbc, 0x02, 0xff, 0x46, 0x00,
	0x87, 0x46, 0x00, 0x88, 0xbe, 0x6e, 0x89, 0xba, 0x8b, 0xff, 0x46, 0x00, 0xbf, 0x46, 0x00, 0x84,
	0xfa, 0x85, 0xb2, 0xbc, 0x02, 0xff, 0x46, 0x00, 0x87, 0x46, 0x00, 0x95, 0x08, 0x98, 0xab, 0x7a,
	0x08, 0xff, 0x46, 0x00, 0x88, 0x5c, 0x44, 0x94, 0x4e, 0x98, 0xb2, 0x4a, 0x06, 0xff, 0x46, 0x00,
	0x87, 0x04, 0x06, 0x8e, 0x94, 0x98, 0xff, 0x46, 0x00, 0xbc, 0x90, 0x06, 0x8e, 0xda, 0x98, 0xff,
	0x46, 0x00, 0xb6, 0x48, 0x03, 0x94, 0x4a, 0x92, 0xac, 0x02, 0x03, 0xc2, 0x46, 0x00, 0xc3, 0x46,
	0x00, 0x95, 0x4a, 0x92, 0xb6, 0x4a, 0x06, 0xff, 0x46, 0x00, 0x94, 0x4a, 0x92, 0xff, 0x46, 0x00,
	0xc0, 0x90, 0x06, 0x8a, 0x4a, 0x92, 0xff, 0x46, 0x00, 0xb5, 0x46, 0x00, 0xff, 0x22, 0x10, 0xe3,
	0x46, 0x00, 0xff, 0xf2, 0x53, 0xb7, 0x46, 0x00, 0x8b, 0x14, 0x1e, 0xff, 0xfe, 0x88, 0xff, 0x68,
	0x10, 0xff, 0x46, 0x00, 0xff, 0x48, 0x03, 0xf3, 0x46, 0x00, 0xff, 0x48, 0x03, 0xff, 0x3a, 0x57,
	0xff, 0x46, 0x00, 0xcb, 0xbc, 0x02, 0xff, 0x46, 0x00, 0x95, 0x48, 0x03, 0xff, 0x96, 0x55, 0xc0,
	0x46, 0x00, 0xff, 0x00, 0x8c, 0xff, 0x46, 0x8c, 0x9e, 0x30, 0x02, 0xff, 0x46, 0x00, 0x90, 0x18,
	0x01, 0x8a, 0xbc, 0x02, 0xff, 0x46, 0x00, 0xa9, 0x46, 0x00, 0xff, 0x02, 0x03, 0x87, 0x46, 0x00,
	0xff, 0xde, 0x58, 0xff, 0x46, 0x00, 0xff, 0x48, 0x03, 0xff, 0x48, 0x03, 0xff, 0x46, 0x00, 0xaf,
	0x46, 0x00, 0x00, 0x20, 0x82, 0xa4, 0x24, 0x81, 0x42, 0x00, 0x89, 0xc6, 0x34, 0x89, 0xd6, 0x6f,
	0x01, 0x00, 0xd6, 0x83, 0xd6, 0x06, 0x82, 0x4c, 0x00, 0xaa, 0x46, 0x00, 0x89, 0xd6, 0x6f, 0x00,
	0x01, 0xb6, 0x46, 0x00, 0x89, 0xd6, 0x6f, 0x01, 0xff, 0xd5, 0xb5, 0x46, 0x00, 0x89, 0xd6, 0x6f,
	0x00, 0x03, 0xb6, 0x8c, 0x00, 0x89, 0x20, 0x30, 0xb9, 0x18, 0x01, 0x87, 0x46, 0x00, 0xa1, 0x18,
	0x01, 0x83, 0x22, 0x33, 0x81, 0x76, 0x2b, 0x8b, 0x18, 0x01, 0x87, 0x46, 0x00, 0x98, 0x18, 0x01,
	0x8c, 0x68, 0x33, 0x8d, 0x46, 0x00, 0x00, 0x03, 0x88, 0x8c, 0x00, 0x98, 0x18, 0x01, 0x9c, 0x46,
	0x00, 0x81, 0x30, 0x02, 0x85, 0x20, 0x30, 0x98, 0x18, 0x01, 0x9c, 0x46, 0x00, 0x81, 0x30, 0x02,
	0x85, 0x46, 0x00, 0x98, 0x18, 0x01, 0x9c, 0x46, 0x00, 0x81, 0x30, 0x02, 0x85, 0x46, 0x00, 0xb9,
	0x18, 0x01, 0x87, 0x46, 0x00, 0xbb, 0x18, 0x01, 0x85, 0x20, 0x30, 0xbb, 0x18, 0x01, 0x85, 0x46,
	0x00, 0xbb, 0x18, 0x01, 0x85, 0x46, 0x00, 0xbb, 0x18, 0x01, 0x85, 0x46, 0x00, 0xbd, 0x18, 0x01,
	0x83, 0x4e, 0x2f, 0xbd, 0x18, 0x01, 0x83, 0x46, 0x00, 0xbd, 0x18, 0x01, 0x83, 0x46, 0x00, 0xb7,
	0x18, 0x01, 0xc3, 0xd2, 0x00, 0x87, 0x78, 0x05, 0x81, 0x6a, 0x04, 0xbd, 0x18, 0x01, 0x81, 0x46,
	0x00, 0xa1, 0x18, 0x01, 0x9b, 0x18, 0x01, 0x81, 0x46, 0x00, 0xbf, 0x18, 0x01, 0xa5, 0xd2, 0x00,
	0x00, 0x00, 0x83, 0xb4, 0x19, 0x00, 0xaa, 0x85, 0xb4, 0x19, 0x81, 0x48, 0x09, 0xb0, 0xfc, 0x1c,
	0xff, 0x46, 0x00, 0x87, 0x46, 0x00, 0x82, 0x08, 0x2f, 0x01, 0x56, 0x55, 0x81, 0x7e, 0xa3, 0x81,
	0x10, 0x18, 0x01, 0x54, 0x55, 0xb2, 0x6c, 0x16, 0xff, 0x46, 0x00, 0x8c, 0x46, 0x00, 0x81, 0x92,
	0x64, 0x81, 0x46, 0x00, 0x81, 0x08, 0x00, 0xb2, 0x6c, 0x16, 0xff, 0x46, 0x00, 0x94, 0xf6, 0x13,
	0x84, 0x04, 0x00, 0x00, 0xff, 0xae, 0x22, 0x10, 0xff, 0x46, 0x00, 0x89, 0xbc, 0x02, 0x89, 0x60,
	0xb3, 0x00, 0x55, 0xb6, 0x02, 0x03, 0xc0, 0x46, 0x00, 0xc9, 0x46, 0x00, 0x02, 0xab, 0x2a, 0xaa,
	0x82, 0x2a, 0x1c, 0x82, 0x08, 0x00, 0xb3, 0xfc, 0x1c, 0xff, 0x46, 0x00, 0x8a, 0x46, 0x00, 0x01,
	0x00, 0x80, 0x83, 0x46, 0x00, 0x81, 0x08, 0x00, 0xb4, 0xfc, 0x1c, 0xff, 0x46, 0x00, 0x87, 0x8e,
	0x03, 0x82, 0x32, 0xb4, 0x83, 0x60, 0x04, 0x84, 0x08, 0x00, 0xaf, 0xbc, 0x02, 0xff, 0x46, 0x00,
	0x89, 0x18, 0x01, 0x81, 0x78, 0xb4, 0x83, 0x7c, 0xa3, 0x00, 0x7f, 0x81, 0x08, 0x00, 0xb4, 0xbc,
	0x02, 0xff, 0x46, 0x00, 0x87, 0x60, 0x04, 0x00, 0x2b, 0x8c, 0x60, 0x04, 0xb0, 0xbc, 0x02, 0xff,
	0x46, 0x00, 0x87, 0x46, 0x00, 0x8f, 0x46, 0x00, 0xb4, 0x04, 0x06, 0xff, 0x46, 0x00, 0x87, 0xdc,
	0x0f, 0x8d, 0x18, 0x01, 0xb1, 0x4a, 0x06, 0xff, 0x46, 0x00, 0x89, 0xbc, 0x02, 0x81, 0x90, 0xb5,
	0x01, 0xaa, 0x02, 0x82, 0xbc, 0x02, 0x81, 0x08, 0x00, 0xb4, 0x02, 0x03, 0xff, 0x46, 0x00, 0x87,
	0x18, 0x01, 0x8c, 0x4a, 0xb5, 0xb2, 0xbc, 0x02, 0xff, 0x46, 0x00, 0x98, 0x46, 0x00, 0xb4, 0xbc,
	0x02, 0xff, 0x46, 0x00, 0x85, 0x46, 0x00, 0x00, 0x20, 0x8e, 0x18, 0x01, 0xb0, 0xbc, 0x02, 0xff,
	0x46, 0x00, 0x88, 0xbc, 0x02, 0x87, 0x8c, 0x23, 0x00, 0xaa, 0x81, 0x8c, 0x23, 0xb4, 0x4c, 0x09,
	0xff, 0x46, 0x00, 0x87, 0x46, 0x00, 0x00, 0x12, 0x85, 0x46, 0x00, 0x81, 0x90, 0x0c, 0xb6, 0x94,
	0x0c, 0xff, 0x46, 0x00, 0x90, 0x46, 0x00, 0x82, 0x90, 0x0c, 0xb5, 0xda, 0x0c, 0xff, 0x46, 0x00,
	0x89, 0x8e, 0x03, 0x84, 0x46, 0x00, 0xba, 0x02, 0x03, 0xff, 0x46, 0x00, 0x89, 0xbc, 0x02, 0x89,
	0x62, 0xb6, 0xb5, 0x94, 0x0c, 0xc2, 0x46, 0x00, 0xcd, 0x46, 0x00, 0x81, 0x90, 0x0c, 0xb6, 0x94,
	0x0c, 0xff, 0x46, 0x00, 0x90, 0x46, 0x00, 0x83, 0x90, 0x0c, 0xb4, 0x94, 0x0c, 0xff, 0x46, 0x00,
	0x89, 0x8e, 0x03, 0x86, 0x62, 0xb6, 0x01, 0x54, 0x55, 0xb6, 0x94, 0x0c, 0xff, 0x46, 0x00, 0x89,
	0x18, 0x01, 0x84, 0xec, 0xb3, 0x81, 0x90, 0x0c, 0xb6, 0xda, 0x0c, 0xff, 0x46, 0x00, 0x89, 0x60,
	0x04, 0x84, 0x46, 0x00, 0x86, 0x04, 0x00, 0xb3, 0x4c, 0x09, 0xff, 0x46, 0x00, 0x84, 0x46, 0x00,
	0x8f, 0x46, 0x00, 0xb4, 0x04, 0x06, 0xff, 0x46, 0x00, 0x87, 0x46, 0x00, 0x00, 0x1b, 0xc2, 0x4a,
	0x06, 0xff, 0x46, 0x00, 0x87, 0xbc, 0x02, 0x84, 0xec, 0xb3, 0x81, 0x90, 0x0c, 0xb6, 0xda, 0x0c,
	0xff, 0x46, 0x00, 0x89, 0x18, 0x01, 0x00, 0x1f, 0xc2, 0xbc, 0x02, 0xff, 0x46, 0x00, 0x96, 0x46,
	0x00, 0xb4, 0xbc, 0x02, 0xff, 0x46, 0x00, 0x97, 0x38, 0x0e, 0xb0, 0xbc, 0x02, 0xff, 0x46, 0x00,
	0x88, 0xbc, 0x02, 0xff, 0xfa, 0x19, 0xcd, 0x46, 0x00, 0xff, 0xfa, 0x19, 0xd2, 0x46, 0x00, 0xff,
	0xfa, 0x19, 0xc7, 0x46, 0x00, 0xff, 0xfa, 0x19, 0xcd, 0x46, 0x00, 0x00, 0x00, 0xff, 0xfa, 0x19,
	0x86, 0x46, 0x00, 0xc9, 0x46, 0x00, 0xff, 0xfa, 0x19, 0xcd, 0x46, 0x00, 0xff, 0xfa, 0x19, 0xc8,
	0x46, 0x00, 0xff, 0xfa, 0x19, 0xcd, 0x46, 0x00, 0xff, 0xfa, 0x19, 0xcc, 0x46, 0x00, 0xff, 0xfa,
	0x19, 0xcd, 0x46, 0x00, 0xff, 0xfa, 0x19, 0xce, 0x46, 0x00, 0xff, 0xfa, 0x19, 0xcc, 0x46, 0x00,
	0x00, 0x00, 0xff, 0xfa, 0x19, 0xcc, 0x46, 0x00, 0xff, 0xfa, 0x19, 0xdf, 0x46, 0x00, 0xff, 0x40,
	0x1a, 0xbc, 0x46, 0x00, 0xc2, 0xb4, 0x19, 0xff, 0x46, 0x00, 0x88, 0xbc, 0x02, 0xff, 0xfa, 0x19,
	0xcd, 0x46, 0x00, 0xff, 0xfa, 0x19, 0xd6, 0x46, 0x00, 0xff, 0xfa, 0x19, 0xff, 0x40, 0x1a, 0xff,
	0x46, 0x00, 0x94, 0xbc, 0x02, 0xff, 0xfa, 0x19, 0x84, 0x46, 0x00, 0xff, 0x40, 0x1a, 0xff, 0x46,
	0x00, 0x9b, 0x46, 0x00, 0xff, 0xfa, 0x19, 0xff, 0x40, 0x1a, 0xff, 0x46, 0x00, 0x94, 0x18, 0x01,
	0xff, 0xfa, 0x19, 0xca, 0x46, 0x00, 0xff, 0xfa, 0x19, 0xcd, 0x46, 0x00, 0xff, 0xfa, 0x19, 0xd0,
	0x46, 0x00, 0xff, 0xfa, 0x19, 0xca, 0x46, 0x00, 0xff, 0xfa, 0x19, 0xcd, 0x46, 0x00, 0xff, 0xfa,
	0x19, 0xdf, 0x46, 0x00, 0xff, 0x40, 0x1a, 0xcd, 0x66, 0x0d, 0xb1, 0xbc, 0x02, 0xff, 0x46, 0x00,
	0x8a, 0x46, 0x00, 0xb8, 0x5c, 0x44, 0xff, 0x46, 0x00, 0xa5, 0x46, 0x00, 0xb0, 0xbc, 0x02, 0xff,
	0x46, 0x00, 0x9a, 0x46, 0x00, 0xc3, 0x5c, 0x44, 0xff, 0x46, 0x00, 0xff, 0xe8, 0x44, 0xc4, 0x46,
	0x00, 0x00, 0x27, 0x88, 0x8e, 0x03, 0x00, 0x7f, 0x81, 0x40, 0x00, 0xb2, 0xbc, 0x02, 0xc0, 0x46,
	0x00, 0xd9, 0x46, 0x00, 0xb0, 0xbc, 0x02, 0xff, 0x46, 0x00, 0x9a, 0x46, 0x00, 0xb0, 0xbc, 0x02,
	0xff, 0x46, 0x00, 0x9b, 0x18, 0x01, 0xc2, 0xbc, 0x02, 0xf6, 0x46, 0x00, 0x88, 0x3e, 0x17, 0x02,
	0xfc, 0xff, 0xfd, 0xb5, 0xbc, 0x02, 0xff, 0x46, 0x00, 0x9a, 0x46, 0x00, 0xb0, 0xbc, 0x02, 0xff,
	0x46, 0x00, 0x84, 0x46, 0x00, 0x93, 0x46, 0x00, 0xbb, 0xb4, 0x19, 0xfc, 0x46, 0x00, 0x00, 0x20,
	0x92, 0x18, 0x01, 0xaf, 0xb2, 0x16, 0xff, 0x46, 0x00, 0x92, 0x1e, 0x0a, 0x02, 0xf8, 0xff, 0xfb,
	0xb5, 0xbc, 0x02, 0xff, 0x46, 0x00, 0x87, 0x18, 0x01, 0x90, 0x46, 0x00, 0xae, 0xbc, 0x02, 0xff,
	0x46, 0x00, 0x9c, 0x46, 0x00, 0xbb, 0xb4, 0x19, 0xfc, 0x46, 0x00, 0x00, 0x30, 0x92, 0x18, 0x01,
	0xac, 0xbc, 0x02, 0xff, 0x46, 0x00, 0x8a, 0xbc, 0x02, 0xff, 0xda, 0x0c, 0xff, 0x20, 0x0d, 0xff,
	0x46, 0x00, 0xae, 0x46, 0x00, 0xff, 0xda, 0x0c, 0xff, 0x20, 0x0d, 0xff, 0x46, 0x00, 0xff, 0xda,
	0x0c, 0x8f, 0x46, 0x00, 0xff, 0x20, 0x0d, 0xff, 0x46, 0x00, 0xff, 0xda, 0x0c, 0xff, 0x20, 0x0d,
	0xff, 0x46, 0x00, 0xff, 0x20, 0x0d, 0xff, 0x46, 0x00, 0xff, 0xda, 0x0c, 0xcd, 0x46, 0x00, 0xff,
	0xda, 0x0c, 0xd0, 0x46, 0x00, 0x00, 0x3b, 0xc2, 0x94, 0x0c, 0xff, 0x46, 0x00, 0xff, 0xda, 0x0c,
	0xd7, 0x46, 0x00, 0x00, 0x3f, 0xc0, 0x94, 0x0c, 0xff, 0x46, 0x00, 0x9c, 0x46, 0x00, 0xb0, 0xbc,
	0x02, 0xff, 0x46, 0x00, 0x87, 0x46, 0x00, 0x00, 0x4f, 0xbf, 0x94, 0x0c, 0xff, 0x46, 0x00, 0x8a,
	0x46, 0x00, 0xff, 0xda, 0x0c, 0xff, 0x20, 0x0d, 0xff, 0x46, 0x00, 0xae, 0x46, 0x00, 0xff, 0xda,
	0x0c, 0xff, 0x20, 0x0d, 0xff, 0x46, 0x00, 0xff, 0xda, 0x0c, 0x8f, 0x46, 0x00, 0xff, 0x20, 0x0d,
	0xff, 0x46, 0x00, 0xff, 0xda, 0x0c, 0xff, 0x20, 0x0d, 0xff, 0x46, 0x00, 0xff, 0x20, 0x0d, 0xff,
	0x46, 0x00, 0xff, 0xda, 0x0c, 0xcd, 0x46, 0x00, 0xff, 0xda, 0x0c, 0xce, 0x46, 0x00, 0xff, 0xfa,
	0x19, 0xcd, 0x46, 0x00, 0xff, 0xda, 0x0c, 0xcd, 0x46, 0x00, 0xff, 0xfa, 0x19, 0xe2, 0x46, 0x00,
	0xff, 0x40, 0x1a, 0xfd, 0x40, 0x1a, 0xff, 0x46, 0x00, 0x8a, 0xbc, 0x02, 0xff, 0xda, 0x0c, 0xff,
	0x20, 0x0d, 0xff, 0x46, 0x00, 0xae, 0x46, 0x00, 0xff, 0xda, 0x0c, 0xff, 0x20, 0x0d, 0xff, 0x46,
	0x00, 0xff, 0xda, 0x0c, 0x8f, 0x46, 0x00, 0xff, 0x20, 0x0d, 0xff, 0x46, 0x00, 0xff, 0xda, 0x0c,
	0xff, 0x20, 0x0d, 0xff, 0x46, 0x00, 0xff, 0x20, 0x0d, 0xff, 0x46, 0x00, 0xff, 0xda, 0x0c, 0xcd,
	0x46, 0x00, 0xff, 0xda, 0x0c, 0xd0, 0x46, 0x00, 0xff, 0xfa, 0x19, 0xcd, 0x46, 0x00, 0xff, 0xda,
	0x0c, 0xcd, 0x46, 0x00, 0xff, 0xfa, 0x19, 0xe0, 0x46, 0x00, 0xff, 0x40, 0x1a, 0xfd, 0x40, 0x1a,
	0xff, 0x46, 0x00, 0x87, 0x46, 0x00, 0x00, 0x00, 0x84, 0xb4, 0x82, 0x83, 0xa4, 0x47, 0x81, 0x30,
	0x00, 0xb8, 0x7a, 0x4e, 0xff, 0x46, 0x00, 0x81, 0x46, 0x00, 0x83, 0x34, 0x4e, 0x00, 0xd5, 0xc2,
	0x7a, 0x4e, 0xff, 0x46, 0x00, 0x86, 0x46, 0x00, 0x01, 0x00, 0x80, 0xc2, 0x7a, 0x4e, 0xff, 0x46,
	0x00, 0x81, 0xbc, 0x02, 0xff, 0x7a, 0x4e, 0xcc, 0x46, 0x00, 0x00, 0x00, 0x83, 0x34, 0x4e, 0x84,
	0x86, 0x83, 0xbc, 0x7a, 0x4e, 0xbc, 0x46, 0x00, 0xc9, 0x46, 0x00, 0x01, 0xab, 0xaa, 0xc2, 0x7a,
	0x4e, 0xff, 0x46, 0x00, 0x86, 0x46, 0x00, 0x86, 0x8c, 0x8c, 0xbb, 0x7a, 0x4e, 0xff, 0x46, 0x00,
	0x83, 0x8e, 0x03, 0x82, 0xd8, 0x4f, 0x83, 0x8e, 0x03, 0xbc, 0x7a, 0x4e, 0xff, 0x46, 0x00, 0x83,
	0x18, 0x01, 0x81, 0x34, 0x4e, 0x00, 0xd5, 0xc2, 0x7a, 0x4e, 0xff, 0x46, 0x00, 0x83, 0x60, 0x04,
	0xff, 0x7a, 0x4e, 0xca, 0x46, 0x00, 0xff, 0x7a, 0x4e, 0xce, 0x46, 0x00, 0xff, 0x7a, 0x4e, 0xcc,
	0x46, 0x00, 0x00, 0x00, 0x83, 0x34, 0x4e, 0x01, 0x2a, 0x03, 0xc1, 0x7a, 0x4e, 0xff, 0x46, 0x00,
	0x8e, 0x66, 0x0d, 0xb6, 0xbc, 0x02, 0xff, 0x46, 0x00, 0x98, 0x46, 0x00, 0xff, 0xc0, 0x4e, 0xbc,
	0x46, 0x00, 0xc2, 0x34, 0x4e, 0xff, 0x46, 0x00, 0x88, 0xbc, 0x02, 0x88, 0x8c, 0x8c, 0x00, 0x01,
	0xc1, 0x7a, 0x4e, 0xff, 0x46, 0x00, 0x87, 0x34, 0x4e, 0x00, 0xd5, 0xc2, 0x7a, 0x4e, 0xff, 0x46,
	0x00, 0x87, 0x34, 0x4e, 0x00, 0x80, 0xc2, 0x7a, 0x4e, 0xfe, 0x46, 0x00, 0x00, 0x40, 0xff, 0x7a,
	0x4e, 0xcc, 0x46, 0x00, 0x88, 0x34, 0x4e, 0x00, 0xd5, 0xc2, 0x7a, 0x4e, 0xb8, 0x46, 0x00, 0xcd,
	0x46, 0x00, 0x81, 0x98, 0x0c, 0xc0, 0x7a, 0x4e, 0xff, 0x46, 0x00, 0x87, 0x34, 0x4e, 0x82, 0xd0,
	0x8f, 0xbe, 0x7a, 0x4e, 0xff, 0x46, 0x00, 0x87, 0x34, 0x4e, 0x01, 0x2a, 0x55, 0xc1, 0x7a, 0x4e,
	0xff, 0x46, 0x00, 0x87, 0x34, 0x4e, 0x00, 0xd5, 0xc2, 0x7a, 0x4e, 0xfe, 0x46, 0x00, 0x00, 0x40,
	0xff, 0x7a, 0x4e, 0xcc, 0x46, 0x00, 0x8f, 0x46, 0x00, 0xff, 0xc0, 0x4e, 0xbe, 0x46, 0x00, 0xff,
	0x7a, 0x4e, 0xca, 0x46, 0x00, 0x88, 0x34, 0x4e, 0x01, 0x2a, 0x03, 0xc1, 0x7a, 0x4e, 0xfe, 0x46,
	0x00, 0x00, 0x40, 0xff, 0x7a, 0x4e, 0xde, 0x46, 0x00, 0xff, 0xc0, 0x4e, 0xcd, 0x66, 0x0d, 0xb1,
	0xbc, 0x02, 0xff, 0x46, 0x00, 0x88, 0xbc, 0x02, 0xff, 0xfa, 0x19, 0xcd, 0x46, 0x00, 0xff, 0xfa,
	0x19, 0xd2, 0x46, 0x00, 0xff, 0xfa, 0x19, 0xc7, 0x46, 0x00, 0xff, 0xfa, 0x19, 0xcd, 0x46, 0x00,
	0x00, 0x00, 0xff, 0xfa, 0x19, 0x86, 0x46, 0x00, 0xc9, 0x46, 0x00, 0xff, 0xfa, 0x19, 0xcd, 0x46,
	0x00, 0xff, 0xfa, 0x19, 0xc8, 0x46, 0x00, 0xff, 0xfa, 0x19, 0xcd, 0x46, 0x00, 0xff, 0xfa, 0x19,
	0xcc, 0x46, 0x00, 0xff, 0xfa, 0x19, 0xcd, 0x46, 0x00, 0xff, 0xfa, 0x19, 0xce, 0x46, 0x00, 0xff,
	0xfa, 0x19, 0xcc, 0x46, 0x00, 0x00, 0x00, 0xff, 0xfa, 0x19, 0xcc, 0x46, 0x00, 0xff, 0xfa, 0x19,
	0xdf, 0x46, 0x00, 0xff, 0x40, 0x1a, 0xbc, 0x46, 0x00, 0xc2, 0xb4, 0x19, 0xff, 0x46, 0x00, 0x88,
	0xbc, 0x02, 0xff, 0xfa, 0x19, 0xcd, 0x46, 0x00, 0xff, 0xfa, 0x19, 0xd6, 0x46, 0x00, 0xff, 0xfa,
	0x19, 0xff, 0x40, 0x1a, 0xff, 0x46, 0x00, 0x94, 0xbc, 0x02, 0xff, 0xfa, 0x19, 0x84, 0x46, 0x00,
	0xff, 0x40, 0x1a, 0xff, 0x46, 0x00, 0x9b, 0x46, 0x00, 0xff, 0xfa, 0x19, 0xff, 0x40, 0x1a, 0xff,
	0x46, 0x00, 0x94, 0x18, 0x01, 0xff, 0xfa, 0x19, 0xca, 0x46, 0x00, 0xff, 0xfa, 0x19, 0xcd, 0x46,
	0x00, 0xff, 0xfa, 0x19, 0xd0, 0x46, 0x00, 0xff, 0xfa, 0x19, 0xca, 0x46, 0x00, 0xff, 0xfa, 0x19,
	0xcd, 0x46, 0x00, 0xff, 0xfa, 0x19, 0xdf, 0x46, 0x00, 0xff, 0x40, 0x1a, 0xcd, 0x66, 0x0d, 0xb1,
	0xbc, 0x02, 0xff, 0x46, 0x00, 0x8a, 0x46, 0x00, 0xff, 0x5a, 0x41, 0xcb, 0x46, 0x00, 0xba, 0x54,
	0xc4, 0xff, 0x46, 0x00, 0xa5, 0x46, 0x00, 0xbb, 0xb4, 0x19, 0xfb, 0x46, 0x00, 0x83, 0x86, 0x1a,
	0x03, 0xbb, 0xba, 0x66, 0x65, 0x8a, 0x18, 0x01, 0xaf, 0xb2, 0x16, 0xff, 0x46, 0x00, 0x87, 0xbc,
	0x02, 0xff, 0x5a, 0x41, 0x84, 0x46, 0x00, 0xc4, 0x46, 0x00, 0x82, 0xe2, 0x18, 0x8d, 0x46, 0x00,
	0xb0, 0xbc, 0x02, 0xff, 0x46, 0x00, 0x9a, 0x46, 0x00, 0xb0, 0x02, 0x03, 0xff, 0x46, 0x00, 0x9b,
	0x18, 0x01, 0xaf, 0x42, 0x1d, 0xff, 0x46, 0x00, 0x87, 0xbc, 0x02, 0xff, 0x5a, 0x41, 0xca, 0x46,
	0x00, 0x01, 0x00, 0x02, 0x81, 0x46, 0x00, 0x02, 0x65, 0x65, 0x67, 0x82, 0x60, 0x04, 0xb5, 0x14,
	0x41, 0xff, 0x46, 0x00, 0x87, 0x46, 0x00, 0x83, 0x46, 0x00, 0x01, 0x11, 0x10, 0x83, 0x32, 0x05,
	0xb5, 0x14, 0x41, 0xff, 0x46, 0x00, 0x87, 0x46, 0x00, 0x01, 0x80, 0xf6, 0x83, 0x18, 0x01, 0x01,
	0xbd, 0xba, 0x8a, 0x18, 0x01, 0xa4, 0xbc, 0x02, 0x86, 0x38, 0xbd, 0xff, 0x46, 0x00, 0x89, 0x8c,
	0xaf, 0xff, 0x5a, 0x41, 0xca, 0x46, 0x00, 0x01, 0x80, 0xf6, 0x81, 0x46, 0x00, 0x02, 0xb9, 0xba,
	0xbe, 0x82, 0x18, 0x01, 0xad, 0x14, 0x41, 0x88, 0x5e, 0x01, 0xff, 0x46, 0x00, 0x8a, 0x46, 0x00,
	0x02, 0x11, 0x10, 0xbc, 0x8a, 0x46, 0x00, 0xa5, 0xbc, 0x02, 0xff, 0x46, 0x00, 0x8f, 0x46, 0x00,
	0x01, 0xc0, 0xe4, 0x81, 0x46, 0x00, 0x81, 0x0c, 0x00, 0x8a, 0x18, 0x01, 0xac, 0xbc, 0x02, 0xff,
	0x46, 0x00, 0x95, 0xd4, 0xb2, 0xff, 0x20, 0x0d, 0xc2, 0x46, 0x00, 0xb8, 0x2c, 0xce, 0xff, 0x46,
	0x00, 0xa5, 0x46, 0x00, 0xb0, 0xdc, 0x0f, 0xff, 0x46, 0x00, 0x9b, 0x18, 0x01, 0xaf, 0x4c, 0x09,
	0xff, 0x46, 0x00, 0xff, 0xda, 0x0c, 0x8e, 0x46, 0x00, 0xc6, 0x46, 0x00, 0x00, 0x17, 0xc0, 0x94,
	0x0c, 0xff, 0x46, 0x00, 0x9c, 0x46, 0x00, 0xb0, 0xbc, 0x02, 0xff, 0x46, 0x00, 0x9b, 0x18, 0x01,
	0xaf, 0xbc, 0x02, 0xff, 0x46, 0x00, 0xff, 0xda, 0x0c, 0xd7, 0x46, 0x00, 0x88, 0x10, 0x18, 0xb8,
	0x34, 0x4e, 0xff, 0x46, 0x00, 0x84, 0x46, 0x00, 0x93, 0x46, 0x00, 0xbb, 0xb4, 0x19, 0xfe, 0x46,
	0x00, 0x88, 0x86, 0x1a, 0xb8, 0x34, 0x4e, 0xff, 0x46, 0x00, 0xff, 0xda, 0x0c, 0xd7, 0x46, 0x00,
	0x84, 0x86, 0x1a, 0x89, 0x46, 0x00, 0xb0, 0xbc, 0x02, 0xff, 0x46, 0x00, 0x9a, 0x46, 0x00, 0xb0,
	0xbc, 0x02, 0xff, 0x46, 0x00, 0x84, 0x46, 0x00, 0x03, 0xc0, 0x14, 0x00, 0xff, 0x83, 0x46, 0x00,
	0x81, 0x10, 0x00, 0xb5, 0x94, 0x0c, 0xff, 0x46, 0x00, 0xff, 0x20, 0x0d, 0xd8, 0x46, 0x00, 0xff,
	0xfa, 0x19, 0xe2, 0x46, 0x00, 0xff, 0x40, 0x1a, 0xff, 0x40, 0x1a, 0xff, 0x46, 0x00, 0xff, 0xda,
	0x0c, 0x8f, 0x46, 0x00, 0xff, 0x40, 0x1a, 0xff, 0x46, 0x00, 0xa7, 0x46, 0x00, 0xff, 0xfa, 0x19,
	0xcd, 0x46, 0x00, 0xff, 0x40, 0x1a, 0xb8, 0x46, 0x00, 0xff, 0xda, 0x0c, 0xcc, 0x46, 0x00, 0xff,
	0xfa, 0x19, 0xcd, 0x46, 0x00, 0xff, 0xfa, 0x19, 0xcd, 0x46, 0x00, 0xff, 0xfa, 0x19, 0xff, 0x40,
	0x1a, 0xff, 0x20, 0x0d, 0x9e, 0xa4, 0x01, 0xff, 0xfa, 0x19, 0xd0, 0x46, 0x00, 0xff, 0xfa, 0x19,
	0xff, 0x40, 0x1a, 0x8b, 0x46, 0x00, 0xff, 0x46, 0x00, 0xff, 0x20, 0x0d, 0xda, 0x46, 0x00, 0xff,
	0xfa, 0x19, 0xe0, 0x46, 0x00, 0xff, 0xfa, 0x19, 0xff, 0x40, 0x1a, 0xff, 0x46, 0x00, 0xff, 0xda,
	0x0c, 0x8f, 0x46, 0x00, 0xff, 0x40, 0x1a, 0xff, 0x46, 0x00, 0xa7, 0x46, 0x00, 0xff, 0xfa, 0x19,
	0xcd, 0x46, 0x00, 0xff, 0x40, 0x1a, 0xff, 0x20, 0x0d, 0xff, 0x46, 0x00, 0x88, 0x46, 0x00, 0xff,
	0xfa, 0x19, 0xca, 0x46, 0x00, 0xff, 0xfa, 0x19, 0xd0, 0x46, 0x00, 0xff, 0xfa, 0x19, 0xcd, 0x46,
	0x00, 0xff, 0xda, 0x0c, 0xcd, 0x46, 0x00, 0xff, 0xfa, 0x19, 0xe0, 0x46, 0x00, 0xff, 0x40, 0x1a,
	0xfd, 0x40, 0x1a, 0xff, 0x46, 0x00, 0x9d, 0x34, 0xda, 0x8b, 0xbc, 0x02, 0x82, 0x2a, 0x01, 0xa8,
	0xda, 0x0c, 0xff, 0x46, 0x00, 0x8f, 0x46, 0x00, 0x8b, 0xbc, 0x02, 0xff, 0x46, 0x00, 0xbf, 0x46,
	0x00, 0x8b, 0xbc, 0x02, 0xff, 0x46, 0x00, 0xc0, 0x18, 0x01, 0x8a, 0xbc, 0x02, 0xff, 0x46, 0x00,
	0xac, 0x46, 0x00, 0x88, 0x94, 0x0c, 0x00, 0x04, 0x84, 0x46, 0x00, 0xb0, 0xbc, 0x02, 0xc0, 0x46,
	0x00, 0xd9, 0x46, 0x00, 0xb0, 0xbc, 0x02, 0xff, 0x46, 0x00, 0x9a, 0x46, 0x00, 0xb0, 0xbc, 0x02,
	0xff, 0x46, 0x00, 0x9b, 0x18, 0x01, 0xc2, 0xbc, 0x02, 0xf6, 0x46, 0x00, 0x88, 0x94, 0x0c, 0x00,
	0x12, 0x84, 0x46, 0x00, 0xb0, 0xbc, 0x02, 0xff, 0x46, 0x00, 0x9a, 0x46, 0x00, 0xb0, 0xbc, 0x02,
	0xff, 0x46, 0x00, 0x84, 0x46, 0x00, 0x93, 0x46, 0x00, 0xb0, 0xbc, 0x02, 0xff, 0x46, 0x00, 0x85,
	0x46, 0x00, 0x8a, 0xb4, 0x82, 0x86, 0x18, 0x01, 0xad, 0xbc, 0x02, 0xff, 0x46, 0x00, 0x94, 0x94,
	0x0c, 0x00, 0x24, 0x84, 0x46, 0x00, 0xb0, 0xbc, 0x02, 0xff, 0x46, 0x00, 0x87, 0x18, 0x01, 0x90,
	0x46, 0x00, 0xae, 0xbc, 0x02, 0xff, 0x46, 0x00, 0x9c, 0x46, 0x00, 0xb0, 0xbc, 0x02, 0xff, 0x46,
	0x00, 0x85, 0x46, 0x00, 0x8a, 0xb4, 0x82, 0x86, 0x18, 0x01, 0xac, 0xbc, 0x02, 0xff, 0x46, 0x00,
	0x8a, 0xbc, 0x02, 0xff, 0xda, 0x0c, 0xff, 0x20, 0x0d, 0xff, 0x46, 0x00, 0xae, 0x46, 0x00, 0xff,
	0xda, 0x0c, 0xff, 0x20, 0x0d, 0xff, 0x46, 0x00, 0xff, 0xda, 0x0c, 0x8f, 0x46, 0x00, 0xff, 0x20,
	0x0d, 0xff, 0x46, 0x00, 0xff, 0xda, 0x0c, 0xff, 0x20, 0x0d, 0xff, 0x46, 0x00, 0xff, 0x20, 0x0d,
	0xff, 0x46, 0x00, 0xff, 0xda, 0x0c, 0xcd, 0x46, 0x00, 0xff, 0xda, 0x0c, 0xd0, 0x46, 0x00, 0x88,
	0xb4, 0x82, 0xb8, 0x94, 0x0c, 0xff, 0x46, 0x00, 0xff, 0xda, 0x0c, 0xd7, 0x46, 0x00, 0x88, 0xe2,
	0x81, 0xb6, 0x94, 0x0c, 0xff, 0x46, 0x00, 0x9c, 0x46, 0x00, 0xb0, 0xbc, 0x02, 0xff, 0x46, 0x00,
	0x87, 0x46, 0x00, 0x88, 0xb4, 0x82, 0xb5, 0x94, 0x0c, 0xff, 0x46, 0x00, 0x8a, 0x46, 0x00, 0xff,
	0xda, 0x0c, 0xff, 0x20, 0x0d, 0xff, 0x46, 0x00, 0xae, 0x46, 0x00, 0xff, 0xda, 0x0c, 0xff, 0x20,
	0x0d, 0xff, 0x46, 0x00, 0xff, 0xda, 0x0c, 0x8f, 0x46, 0x00, 0xff, 0x20, 0x0d, 0xff, 0x46, 0x00,
	0xff, 0xda, 0x0c, 0xff, 0x20, 0x0d, 0xff, 0x46, 0x00, 0xff, 0x20, 0x0d, 0xff, 0x46, 0x00, 0xff,
	0xda, 0x0c, 0xcd, 0x46, 0x00, 0xff, 0xda, 0x0c, 0xce, 0x46, 0x00, 0xff, 0xfa, 0x19, 0xcd, 0x46,
	0x00, 0xff, 0xda, 0x0c, 0xcd, 0x46, 0x00, 0xff, 0xfa, 0x19, 0xe2, 0x46, 0x00, 0xff, 0x40, 0x1a,
	0xfd, 0x40, 0x1a, 0xff, 0x46, 0x00, 0x8a, 0xbc, 0x02, 0xff, 0xda, 0x0c, 0xff, 0x20, 0x0d, 0xff,
	0x46, 0x00, 0xae, 0x46, 0x00, 0xff, 0xda, 0x0c, 0xff, 0x20, 0x0d, 0xff, 0x46, 0x00, 0xff, 0xda,
	0x0c, 0x8f, 0x46, 0x00, 0xff, 0x20, 0x0d, 0xff, 0x46, 0x00, 0xff, 0xda, 0x0c, 0xff, 0x20, 0x0d,
	0xff, 0x46, 0x00, 0xff, 0x20, 0x0d, 0xff, 0x46, 0x00, 0xff, 0xda, 0x0c, 0xcd, 0x46, 0x00, 0xff,
	0xda, 0x0c, 0xd0, 0x46, 0x00, 0xff, 0xfa, 0x19, 0xcd, 0x46, 0x00, 0xff, 0xda, 0x0c, 0xcd, 0x46,
	0x00, 0xff, 0xfa, 0x19, 0xe0, 0x46, 0x00, 0xff, 0x40, 0x1a, 0xfd, 0x40, 0x1a, 0xff, 0x46, 0x00,
	0x87, 0x46, 0x00, 0x03, 0x80, 0x14, 0x00, 0xf3, 0x83, 0x46, 0x00, 0x03, 0xa6, 0xaa, 0xfd, 0xff,
	0x81, 0x04, 0x00, 0x01, 0x07, 0x00, 0x83, 0xbc, 0x02, 0x03, 0x05, 0x00, 0x07, 0x00, 0x83, 0x46,
	0x00, 0xa0, 0xfe, 0x42, 0xff, 0x46, 0x00, 0x86, 0x46, 0x00, 0x01, 0x00, 0x04, 0x85, 0x46, 0x00,
	0x03, 0xaa, 0xaa, 0xff, 0xff, 0x81, 0x04, 0x00, 0x81, 0x8e, 0x6c, 0x83, 0xf0, 0x6a, 0x00, 0x01,
	0x9e, 0x46, 0x00, 0x85, 0x18, 0x01, 0xff, 0x46, 0x00, 0x88, 0xa4, 0x01, 0x88, 0x38, 0xe0, 0x01,
	0xaa, 0x2a, 0x81, 0x04, 0x00, 0x00, 0x01, 0x82, 0xbc, 0x6b, 0x81, 0x12, 0x00, 0x01, 0x01, 0x80,
	0xa6, 0x5e, 0x01, 0xff, 0x46, 0x00, 0x87, 0x46, 0x00, 0x81, 0xad, 0x02, 0x82, 0x46, 0x00, 0x03,
	0x56, 0x55, 0x00, 0x00, 0x81, 0x04, 0x00, 0x00, 0xff, 0x82, 0x01, 0x00, 0x01, 0xaa, 0xaa, 0x81,
	0x7e, 0x7f, 0xff, 0x46, 0x00, 0xb0, 0x46, 0x00, 0x02, 0x14, 0x00, 0xf7, 0x83, 0x46, 0x00, 0x03,
	0x53, 0xd5, 0xfe, 0xff, 0x81, 0x04, 0x00, 0xb4, 0x02, 0x03, 0xc0, 0x46, 0x00, 0xc3, 0x46, 0x00,
	0x01, 0x00, 0x04, 0x85, 0x46, 0x00, 0x03, 0x55, 0xd5, 0xff, 0xff, 0x81, 0x04, 0x00, 0xb4, 0x02,
	0x03, 0xff, 0x46, 0x00, 0x87, 0x48, 0x03, 0x86, 0x38, 0xe0, 0x01, 0x55, 0x15, 0x81, 0x04, 0x00,
	0xb4, 0x02, 0x03, 0xff, 0x46, 0x00, 0x8e, 0x46, 0x00, 0x01, 0xab, 0x2a, 0x82, 0x68, 0x76, 0xb3,
	0xbc, 0x02, 0xff, 0x46, 0x00, 0x89, 0xbc, 0x02, 0x00, 0xfb, 0x83, 0x46, 0x00, 0x03, 0x4c, 0x55,
	0xfb, 0xff, 0x81, 0x04, 0x00, 0xb4, 0x02, 0x03, 0xff, 0x46, 0x00, 0x87, 0x48, 0x03, 0x84, 0x46,
	0x00, 0x81, 0x32, 0x77, 0x81, 0x04, 0x00, 0xb4, 0x02, 0x03, 0xff, 0x46, 0x00, 0x84, 0x46, 0x00,
	0x01, 0x80, 0x12, 0x87, 0x38, 0xe0, 0x01, 0x55, 0x55, 0x81, 0x04, 0x00, 0xb2, 0xbc, 0x02, 0xff,
	0x46, 0x00, 0x89, 0x04, 0x06, 0x84, 0x46, 0x00, 0x03, 0xac, 0xaa, 0x00, 0x00, 0x81, 0x04, 0x00,
	0xb4, 0x4a, 0x06, 0xff, 0x46, 0x00, 0x87, 0xbc, 0x02, 0x84, 0x9e, 0x3e, 0x03, 0x98, 0xaa, 0xf6,
	0xff, 0x81, 0x04, 0x00, 0xb4, 0x02, 0x03, 0xff, 0x46, 0x00, 0x87, 0x48, 0x03, 0x0a, 0xff, 0x00,
	0x10, 0xc1, 0xba, 0x66, 0x65, 0xa8, 0xaa, 0xfe, 0xff, 0x81, 0x04, 0x00, 0xb4, 0x02, 0x03, 0xff,
	0x46, 0x00, 0x84, 0x46, 0x00, 0x00, 0xc0, 0x8a, 0x14, 0x41, 0x83, 0xb2, 0x02, 0xaf, 0xbc, 0x02,
	0xff, 0x46, 0x00, 0x8a, 0xbc, 0x02, 0x84, 0x46, 0x00, 0x03, 0x58, 0x55, 0x01, 0x00, 0x81, 0x04,
	0x00, 0xb1, 0xbc, 0x02, 0xff, 0x46, 0x00, 0x88, 0x46, 0x00, 0x00, 0xf4, 0x81, 0x3e, 0x17, 0x81,
	0x8c, 0x0c, 0x81, 0x4a, 0x00, 0xb6, 0xda, 0x0c, 0xff, 0x46, 0x00, 0x87, 0x48, 0x03, 0x00, 0xf4,
	0x81, 0x90, 0x4c, 0x81, 0x8c, 0x0c, 0x81, 0x46, 0x00, 0xb6, 0xda, 0x0c, 0xff, 0x46, 0x00, 0x87,
	0x90, 0x06, 0x84, 0x78, 0xfa, 0x83, 0x5e, 0x8d, 0xb8, 0x94, 0x0c, 0xff, 0x46, 0x00, 0x8a, 0x46,
	0x00, 0x84, 0x8c, 0x0c, 0x82, 0x98, 0x0c, 0xb4, 0x02, 0x03, 0xff, 0x46, 0x00, 0x87, 0xbc, 0x02,
	0x02, 0x27, 0x00, 0x10, 0x81, 0x8c, 0x0c, 0x81, 0x46, 0x00, 0xb6, 0xda, 0x0c, 0xc2, 0x46, 0x00,
	0xc3, 0x46, 0x00, 0x00, 0x00, 0x82, 0x46, 0x00, 0x81, 0x8c, 0x0c, 0x81, 0x46, 0x00, 0xb6, 0xda,
	0x0c, 0xff, 0x46, 0x00, 0x89, 0x48, 0x03, 0x81, 0x46, 0x00, 0x02, 0x55, 0x55, 0x15, 0x82, 0x46,
	0x00, 0xb5, 0x94, 0x0c, 0xff, 0x46, 0x00, 0x8c, 0x46, 0x00, 0x84, 0x8c, 0x0c, 0x82, 0x98, 0x0c,
	0xb4, 0x02, 0x03, 0xff, 0x46, 0x00, 0x87, 0xbc, 0x02, 0x02, 0x2b, 0x00, 0x10, 0x81, 0x8c, 0x0c,
	0x81, 0x46, 0x00, 0xb6, 0xda, 0x0c, 0xff, 0x46, 0x00, 0x89, 0x48, 0x03, 0x00, 0x1b, 0x81, 0xa6,
	0xf9, 0x83, 0xbc, 0x02, 0xb6, 0xda, 0x0c, 0xff, 0x46, 0x00, 0x86, 0x46, 0x00, 0x00, 0x80, 0x82,
	0x54, 0x5b, 0x81, 0x8c, 0x0c, 0x83, 0x46, 0x00, 0xb4, 0x94, 0x0c, 0xff, 0x46, 0x00, 0x89, 0xbc,
	0x02, 0x02, 0x1b, 0x00, 0x10, 0x84, 0x8c, 0x0c, 0x82, 0x98, 0x0c, 0xb4, 0x02, 0x03, 0xff, 0x46,
	0x00, 0x87, 0xbc, 0x02, 0x02, 0x2f, 0x00, 0x10, 0x81, 0x8c, 0x0c, 0x81, 0x46, 0x00, 0xb6, 0xda,
	0x0c, 0xff, 0x46, 0x00, 0x89, 0x48, 0x03, 0x00, 0x1f, 0x81, 0xa6, 0xf9, 0x83, 0xd6, 0x06, 0xb6,
	0xda, 0x0c, 0xff, 0x46, 0x00, 0x87, 0x20, 0x0d, 0x82, 0x78, 0x91, 0x81, 0x42, 0x00, 0x85, 0x04,
	0x00, 0xb2, 0xda, 0x0c, 0xff, 0x46, 0x00, 0x89, 0xbc, 0x02, 0x02, 0x1f, 0x00, 0x10, 0x84, 0x8c,
	0x0c, 0x82, 0x98, 0x0c, 0xb1, 0xbc, 0x02, 0xff, 0x46, 0x00, 0x88, 0x46, 0x00, 0xff, 0xfa, 0x19,
	0xcc, 0x46, 0x00, 0xff, 0xfa, 0x19, 0xff, 0x40, 0x1a, 0x92, 0x5e, 0x01, 0xff, 0x46, 0x00, 0x89,
	0xbc, 0x02, 0xff, 0xfa, 0x19, 0xcb, 0x46, 0x00, 0xff, 0xfa, 0x19, 0x86, 0x46, 0x00, 0xff, 0x40,
	0x1a, 0xff, 0x40, 0x1a, 0x94, 0x48, 0x03, 0xff, 0xfa, 0x19, 0xd4, 0x46, 0x00, 0xff, 0xfa, 0x19,
	0xff, 0x40, 0x1a, 0xff, 0x46, 0x00, 0x94, 0x48, 0x03, 0xff, 0xfa, 0x19, 0xca, 0x46, 0x00, 0xff,
	0xfa, 0x19, 0xce, 0x46, 0x00, 0xff, 0xfa, 0x19, 0xcd, 0x46, 0x00, 0xff, 0xfa, 0x19, 0xcc, 0x46,
	0x00, 0xff, 0xfa, 0x19, 0xff, 0x40, 0x1a, 0x92, 0xda, 0x0c, 0xff, 0x46, 0x00, 0x89, 0xbc, 0x02,
	0xc0, 0xb4, 0x19, 0xff, 0x46, 0x00, 0x88, 0x46, 0x00, 0xff, 0xfa, 0x19, 0xcc, 0x46, 0x00, 0xff,
	0xfa, 0x19, 0xff, 0x40, 0x1a, 0x94, 0x30, 0x02, 0xff, 0x46, 0x00, 0x8a, 0x46, 0x00, 0xff, 0xfa,
	0x19, 0xc8, 0x46, 0x00, 0xff, 0xfa, 0x19, 0x86, 0x46, 0x00, 0xff, 0x40, 0x1a, 0xff, 0x40, 0x1a,
	0x94, 0x48, 0x03, 0xff, 0xfa, 0x19, 0xd0, 0x46, 0x00, 0xff, 0xfa, 0x19, 0xc8, 0x46, 0x00, 0xff,
	0xfa, 0x19, 0xcc, 0x46, 0x00, 0xff, 0xfa, 0x19, 0xcd, 0x46, 0x00, 0xff, 0xfa, 0x19, 0xce, 0x46,
	0x00, 0xff, 0xfa, 0x19, 0xcd, 0x46, 0x00, 0xff, 0xfa, 0x19, 0xcc, 0x46, 0x00, 0xff, 0xfa, 0x19,
	0xff, 0x40, 0x1a, 0x92, 0xda, 0x0c, 0xff, 0x46, 0x00, 0x89, 0xbc, 0x02, 0xc0, 0xb4, 0x19, 0xff,
	0x46, 0x00, 0x88, 0x76, 0x02, 0x8a, 0x9e, 0x3e, 0x85, 0xc2, 0x0b, 0x03, 0x01, 0x00, 0x22, 0x11,
	0x87, 0xc6, 0x34, 0xa0, 0x30, 0x02, 0x8a, 0x46, 0x00, 0x83, 0x72, 0xa5, 0x81, 0x5e, 0x01, 0xb9,
	0x46, 0x00, 0x85, 0x8c, 0x00, 0x02, 0x11, 0x00, 0x01, 0x88, 0x52, 0x35, 0xb5, 0x8c, 0x00, 0x03,
	0x11, 0x00, 0x00, 0x80, 0xc1, 0x8c, 0x00, 0x03, 0x22, 0x11, 0x01, 0x00, 0xbf, 0x8c, 0x00, 0x03,
	0x22, 0x11, 0x00, 0x80, 0xc1, 0x8c, 0x00, 0x01, 0x33, 0x22, 0xa8, 0xd4, 0x03, 0x96, 0x8c, 0x00,
	0x02, 0x33, 0x22, 0x00, 0x9e, 0x02, 0x03, 0xa1, 0x8c, 0x00, 0x03, 0x44, 0x33, 0x01, 0x00, 0xbf,
	0x8c, 0x00, 0x03, 0x44, 0x33, 0x00, 0x80, 0xc1, 0x8c, 0x00, 0x03, 0x55, 0x44, 0x01, 0x00, 0xbf,
	0x8c, 0x00, 0x03, 0x55, 0x44, 0x00, 0x80, 0xc1, 0x8c, 0x00, 0x01, 0x77, 0x66, 0x83, 0x72, 0xad,
	0xbb, 0x8c, 0x00, 0x03, 0x77, 0x66, 0x00, 0x80, 0x9f, 0x46, 0x00, 0x8b, 0x46, 0x00, 0x83, 0xd0,
	0x03, 0x8b, 0x8c, 0x00, 0x01, 0x88, 0x77, 0x81, 0x12, 0x00, 0xab, 0x8c, 0x00, 0x01, 0x00, 0x40,
	0x8d, 0x8c, 0x00, 0x03, 0x88, 0x77, 0x00, 0x80, 0x9d, 0x46, 0x00, 0x00, 0x01, 0x82, 0x7e, 0x0e,
	0x07, 0x11, 0x10, 0x10, 0x10, 0x21, 0x20, 0x20, 0x20, 0x91, 0x18, 0x01, 0x95, 0x5e, 0x01, 0x0d,
	0xb1, 0xa0, 0xb0, 0xa0, 0x41, 0xa4, 0xc1, 0xb0, 0xc0, 0xb0, 0x41, 0xb4, 0x00, 0x80, 0x81, 0x46,
	0x00, 0x81, 0x52, 0x00, 0x95, 0x18, 0x01, 0xa3, 0xa4, 0x01, 0x00, 0x01, 0x84, 0x2a, 0x1c, 0x82,
	0x8c, 0x00, 0x04, 0xa8, 0xff, 0xfe, 0x01, 0x03, 0xa3, 0x8c, 0x00, 0x8c, 0x18, 0x01, 0x00, 0x83,
	0x83, 0x46, 0x00, 0x81, 0x10, 0x00, 0x05, 0x00, 0xfe, 0xaa, 0x29, 0x00, 0x83, 0xb0, 0x8c, 0x00,
	0x82, 0x18, 0x01, 0x82, 0x56, 0x07, 0x94, 0x30, 0x02, 0xa7, 0x46, 0x00, 0x81, 0x86, 0x01, 0xbb,
	0x18, 0x01, 0x85, 0x42, 0x1d, 0x81, 0x84, 0x00, 0xb6, 0x8c, 0x00, 0x86, 0x46, 0x00, 0x82, 0x16,
	0x02, 0xb5, 0x8c, 0x00, 0x83, 0xd2, 0x00, 0x00, 0x00, 0x85, 0xc4, 0xbd, 0xb4, 0x8c, 0x00, 0x00,
	0xf6, 0xc3, 0x30, 0x02, 0x86, 0xd2, 0x00, 0x00, 0x00, 0x81, 0xbe, 0x03, 0xb4, 0x8c, 0x00, 0x00,
	0x16, 0x85, 0x44, 0x20, 0x81, 0x10, 0x00, 0xb8, 0x8c, 0x00, 0x9c, 0x60, 0x04, 0x89, 0x46, 0x00,
	0x00, 0x01, 0xb6, 0x60, 0x04, 0x8a, 0x8c, 0x00, 0x00, 0x80, 0x93, 0x46, 0x00, 0xa3, 0x8c, 0x00,
	0x00, 0x01, 0xbe, 0xec, 0x04, 0x82, 0x8c, 0x00, 0x00, 0x80, 0xb1, 0x18, 0x01, 0xff, 0xc0, 0x08,
	0xff, 0xc0, 0x08, 0xff, 0xc0, 0x08, 0xff, 0xc0, 0x08, 0xff, 0xc0, 0x08, 0xb7, 0x8c, 0x00, 0xff,
	0xc0, 0x08, 0xf5, 0xc0, 0x08, 0xff, 0xc0, 0x08, 0xff, 0xc0, 0x08, 0xff, 0xc0, 0x08, 0xff, 0xc0,
	0x08, 0xff, 0xc0, 0x08, 0xff, 0xc0, 0x08, 0xff, 0xc0, 0x08, 0xff, 0xc0, 0x08, 0xcd, 0xc0, 0x08,
	0xff, 0xc0, 0x08, 0xdd, 0xc0, 0x08, 0x01, 0x55, 0xd5, 0xff, 0xc0, 0x08, 0x8b, 0x8c, 0x00, 0xff,
	0xc0, 0x08, 0x89, 0x8c, 0x00, 0xff, 0xc0, 0x08, 0x89, 0x8c, 0x00, 0xff, 0xc0, 0x08, 0x89, 0x8c,
	0x00, 0xfd, 0xc0, 0x08, 0x8b, 0x8c, 0x00, 0xfb, 0xc0, 0x08, 0x8d, 0x8c, 0x00, 0xa3, 0xc0, 0x08,
	0xd4, 0xc0, 0x08, 0x00, 0xc0, 0xff, 0xc0, 0x08, 0x85, 0x90, 0x06, 0x8f, 0x18, 0x01, 0xf7, 0xc0,
	0x08, 0x01, 0x54, 0xd4, 0xff, 0xc0, 0x08, 0x85, 0xc0, 0x08, 0xb5, 0x18, 0x01, 0xd1, 0xc0, 0x08,
	0xb4, 0x8c, 0x00, 0xd2, 0xc0, 0x08, 0xbd, 0x18, 0x01, 0xc9, 0xc0, 0x08, 0xb6, 0x8c, 0x00, 0xd0,
	0xc0, 0x08, 0x9c, 0x8c, 0x00, 0x94, 0xc0, 0x08, 0xd3, 0xc0, 0x08, 0x94, 0x8c, 0x00, 0xff, 0xc0,
	0x08, 0xff, 0xc0, 0x08, 0xff, 0xc0, 0x08, 0xff, 0xc0, 0x08, 0xff, 0xc0, 0x08, 0xa6, 0xbc, 0x02,
	0xff, 0xc0, 0x08, 0xff, 0xc0, 0x08, 0xb9, 0xc0, 0x08, 0xff, 0xc0, 0x08, 0xff, 0xc0, 0x08, 0xff,
	0xc0, 0x08, 0xff, 0xc0, 0x08, 0xff, 0xc0, 0x08, 0xff, 0xc0, 0x08, 0xff, 0xc0, 0x08, 0xff, 0xc0,
	0x08, 0xcd, 0xc0, 0x08, 0xff, 0xc0, 0x08, 0x87, 0x46, 0x00, 0x8b, 0x9e, 0x61, 0xb5, 0xc0, 0x08,
	0x8b, 0x46, 0x00, 0xb5, 0x40, 0x1a, 0x93, 0x8c, 0x00, 0xad, 0xc0, 0x08, 0x93, 0x8c, 0x00, 0xad,
	0xc0, 0x08, 0x95, 0x8c, 0x00, 0xab, 0xc0, 0x08, 0x95, 0x8c, 0x00, 0xab, 0xc0, 0x08, 0x97, 0x8c,
	0x00, 0xa9, 0xc0, 0x08, 0x97, 0x8c, 0x00, 0xa9, 0xc0, 0x08, 0x99, 0x8c, 0x00, 0xa7, 0xc0, 0x08,
	0x99, 0x8c, 0x00, 0xa7, 0xc0, 0x08, 0x9b, 0x8c, 0x00, 0xa5, 0xc0, 0x08, 0x9b, 0x8c, 0x00, 0xa5,
	0xc0, 0x08, 0x9d, 0x8c, 0x00, 0xa3, 0xc0, 0x08, 0x9d, 0x8c, 0x00, 0xa3, 0xc0, 0x08, 0x8b, 0x46,
	0x00, 0xb5, 0xc0, 0x08, 0x8d, 0x8c, 0x00, 0xf9, 0x40, 0x1a, 0x01, 0x40, 0x84, 0x8b, 0x90, 0x06,
	0xb3, 0x84, 0x17, 0x00, 0x40, 0xc2, 0xc0, 0x08, 0x00, 0x40, 0xff, 0x40, 0x1a, 0x96, 0xc0, 0x08,
	0xb5, 0x18, 0x01, 0xc1, 0xc0, 0x08, 0x87, 0x46, 0x00, 0xff, 0x40, 0x1a, 0xc3, 0x40, 0x1a, 0x88,
	0xd2, 0x00, 0xb8, 0xc0, 0x08, 0x01, 0x40, 0x10, 0xc1, 0x40, 0x1a, 0x9f, 0x60, 0x04, 0xa1, 0xc0,
	0x08, 0x9f, 0x60, 0x04, 0xa1, 0xc0, 0x08, 0xa3, 0x8c, 0x00, 0x9d, 0xc0, 0x08, 0xa4, 0x8c, 0x00,
	0xff, 0xc0, 0x08, 0xff, 0xc0, 0x08, 0xff, 0xc0, 0x08, 0xff, 0xc0, 0x08, 0xff, 0xc0, 0x08, 0xa6,
	0xbc, 0x02, 0xff, 0xc0, 0x08, 0xff, 0xc0, 0x08, 0xb9, 0xc0, 0x08, 0xff, 0xc0, 0x08, 0x87, 0x46,
	0x00, 0x00, 0x41, 0xc3, 0xc0, 0x08, 0xff, 0x00, 0x23, 0x87, 0x18, 0x01, 0x00, 0x14, 0xc1, 0xc0,
	0x08, 0x83, 0x48, 0xb2, 0xbd, 0xc0, 0x08, 0x83, 0x46, 0x00, 0xff, 0x00, 0x23, 0x8b, 0x46, 0x00,
	0xb9, 0xc0, 0x08, 0x84, 0xd2, 0x00, 0xbc, 0xc0, 0x08, 0x01, 0x40, 0xf0, 0xc3, 0x30, 0x02, 0xff,
	0x00, 0x23, 0xff, 0xc0, 0x08, 0x8f, 0x46, 0x00, 0xff, 0xc0, 0x08, 0x97, 0x8c, 0x00, 0x83, 0xec,
	0x04, 0xbe, 0xc0, 0x08, 0x00, 0xaa, 0xc1, 0xc0, 0x08, 0x85, 0x78, 0x05, 0xbc, 0xc0, 0x08, 0x82,
	0x8c, 0x00, 0xbd, 0xc0, 0x08, 0x87, 0x04, 0x06, 0xba, 0xc0, 0x08, 0x84, 0x8c, 0x00, 0xbb, 0xc0,
	0x08, 0x89, 0x90, 0x06, 0xb8, 0xc0, 0x08, 0x86, 0x8c, 0x00, 0xb9, 0xc0, 0x08, 0x8b, 0x1c, 0x07,
	0xb6, 0xc0, 0x08, 0x88, 0x8c, 0x00, 0xb7, 0xc0, 0x08, 0x8d, 0xa8, 0x07, 0xb4, 0xc0, 0x08, 0x8a,
	0x8c, 0x00, 0xb5, 0xc0, 0x08, 0x8f, 0x34, 0x08, 0xb2, 0xc0, 0x08, 0x8c, 0x8c, 0x00, 0xa3, 0xc0,
	0x08, 0xd4, 0xc0, 0x08, 0xc2, 0x40, 0x1a, 0x91, 0x8c, 0x00, 0xa0, 0xc0, 0x08, 0x8d, 0x80, 0x11,
	0x8e, 0x18, 0x01, 0xb1, 0x80, 0x11, 0x01, 0x00, 0x02, 0xc2, 0x80, 0x11, 0x00, 0xac, 0xc1, 0x80,
	0x11, 0xa7, 0x18, 0x01, 0x8f, 0x46, 0x00, 0x88, 0xc0, 0x08, 0xb4, 0x18, 0x01, 0x8b, 0xc0, 0x08,
	0xb3, 0x8c, 0x00, 0x8e, 0x80, 0x11, 0xb2, 0x8c, 0x00, 0x84, 0xd2, 0x00, 0x86, 0xc0, 0x08, 0xb4,
	0x18, 0x01, 0x8d, 0x80, 0x11, 0xbc, 0x18, 0x01, 0x83, 0xc0, 0x08, 0xb6, 0x18, 0x01, 0x8b, 0xc0,
	0x08, 0xb5, 0x8c, 0x00, 0x9c, 0x60, 0x04, 0xb2, 0xc0, 0x08, 0x9b, 0x8c, 0x00, 0x94, 0xc0, 0x08,
	0xa3, 0x8c, 0x00, 0xae, 0xc0, 0x08, 0x93, 0x8c, 0x00, 0xff, 0xc0, 0x08, 0xff, 0xc0, 0x08, 0xff,
	0xc0, 0x08, 0xff, 0xc0, 0x08, 0xff, 0xc0, 0x08, 0xa6, 0xbc, 0x02, 0xff, 0xc0, 0x08, 0xff, 0xc0,
	0x08, 0xb9, 0xc0, 0x08, 0xff, 0xc0, 0x08, 0x87, 0x46, 0x00, 0x8d, 0x80, 0x11, 0xb4, 0xc0, 0x08,
	0x8d, 0x80, 0x11, 0xb3, 0x1c, 0x07, 0xc3, 0xc0, 0x08, 0x8d, 0x80, 0x11, 0xb2, 0xc0, 0x08, 0x8d,
	0x80, 0x11, 0xb4, 0x1c, 0x07, 0xc2, 0xc0, 0x08, 0x8d, 0x80, 0x11, 0xb4, 0x34, 0x08, 0xc2, 0xc0,
	0x08, 0x8d, 0x80, 0x11, 0xb4, 0x18, 0x01, 0x8d, 0x80, 0x11, 0xbc, 0x18, 0x01, 0xb9, 0xc0, 0x08,
	0x8e, 0x80, 0x11, 0xff, 0xc0, 0x08, 0xbc, 0xc0, 0x08, 0xff, 0xc0, 0x08, 0x97, 0x8c, 0x00, 0xff,
	0x40, 0x1a, 0x8d, 0x8c, 0x00, 0xff, 0x40, 0x1a, 0xff, 0x40, 0x1a, 0x97, 0xb0, 0x13, 0xff, 0x40,
	0x1a, 0xff, 0x40, 0x1a, 0xff, 0x40, 0x1a, 0x9f, 0x8c, 0x00, 0xe9, 0x40, 0x1a, 0xd4, 0xc0, 0x08,
	0xff, 0x00, 0x23, 0x87, 0x90, 0x06, 0xff, 0x00, 0x23, 0x87, 0xc0, 0x08, 0xff, 0x00, 0x23, 0xff,
	0x00, 0x23, 0x91, 0x80, 0x11, 0xff, 0x00, 0x23, 0xbe, 0x30, 0x02, 0xff, 0x00, 0x23, 0xa7, 0x60,
	0x04, 0xb2, 0xc0, 0x08, 0xb2, 0x40, 0x1a, 0xa3, 0x8c, 0x00, 0xf3, 0x40, 0x1a, 0xff, 0xc0, 0x08,
	0xff, 0xc0, 0x08, 0xff, 0xc0, 0x08, 0xa5, 0x8c, 0x00, 0xff, 0xc0, 0x08, 0xff, 0xc0, 0x08, 0xff,
	0xc0, 0x08, 0xff, 0xc0, 0x08, 0x8b, 0x46, 0x00, 0xff, 0xc0, 0x08, 0x87, 0x46, 0x00, 0xff, 0x00,
	0x23, 0x88, 0xd6, 0x06, 0xff, 0x00, 0x23, 0x96, 0x80, 0x11, 0xff, 0x00, 0x23, 0xbd, 0xc0, 0x08,
	0xff, 0x00, 0x23, 0x88, 0x46, 0x00, 0xff, 0x00, 0x23, 0x97, 0x80, 0x11, 0xff, 0xc0, 0x08, 0xbc,
	0xc0, 0x08, 0xff, 0xc0, 0x08, 0x97, 0x8c, 0x00, 0xc3, 0x40, 0x1a, 0x01, 0x55, 0x55, 0xff, 0x40,
	0x1a, 0x8b, 0x8c, 0x00, 0xbd, 0xc0, 0x08, 0xc3, 0x40, 0x1a, 0x85, 0x8c, 0x00, 0xff, 0x40, 0x1a,
	0x89, 0x8c, 0x00, 0xff, 0x40, 0x1a, 0x89, 0x8c, 0x00, 0xfd, 0x40, 0x1a, 0x8b, 0x8c, 0x00, 0xfb,
	0x40, 0x1a, 0x8d, 0x8c, 0x00, 0xa3, 0xc0, 0x08, 0xff, 0xc0, 0x08, 0x87, 0x46, 0x00, 0x8d, 0x80,
	0x11, 0xc3, 0x00, 0x23, 0x8f, 0x18, 0x01, 0xb1, 0x80, 0x11, 0xc3, 0x00, 0x23, 0x01, 0x54, 0x57,
	0xff, 0x00, 0x23, 0x86, 0x40, 0x3d, 0xb4, 0x18, 0x01, 0xd1, 0x00, 0x23, 0xb3, 0x8c, 0x00, 0x84,
	0xd2, 0x00, 0xcc, 0x00, 0x23, 0xbd, 0x18, 0x01, 0xc9, 0x00, 0x23, 0xb6, 0x8c, 0x00, 0x9c, 0x60,
	0x04, 0xb1, 0xc0, 0x08, 0x9c, 0x8c, 0x00, 0x94, 0xc0, 0x08, 0xa3, 0x8c, 0x00, 0xad, 0xc0, 0x08,
	0x94, 0x8c, 0x00, 0xff, 0xc0, 0x08, 0xff, 0xc0, 0x08, 0xff, 0xc0, 0x08, 0xff, 0xc0, 0x08, 0xff,
	0xc0, 0x08, 0xa6, 0xbc, 0x02, 0xff, 0xc0, 0x08, 0xff, 0xc0, 0x08, 0xb9, 0xc0, 0x08, 0xff, 0xc0,
	0x08, 0x87, 0x46, 0x00, 0xd3, 0x00, 0x23, 0xb4, 0x1c, 0x07, 0xd2, 0x00, 0x23, 0xb3, 0xc0, 0x08,
	0xd3, 0x00, 0x23, 0xb5, 0x18, 0x01, 0xd1, 0x00, 0x23, 0xb4, 0xa8, 0x07, 0xd2, 0x00, 0x23, 0xbd,
	0x18, 0x01, 0xc9, 0x00, 0x23, 0xff, 0xc0, 0x08, 0xbd, 0xc0, 0x08, 0xff, 0xc0, 0x08, 0x97, 0x8c,
	0x00, 0xc3, 0x40, 0x1a, 0xb3, 0xc0, 0x4e, 0x95, 0x98, 0x12, 0xbc, 0xc0, 0x08, 0xb2, 0xc0, 0x4e,
	0x97, 0x24, 0x13, 0xba, 0xc0, 0x08, 0xb2, 0xc0, 0x4e, 0x99, 0xb0, 0x13, 0xb8, 0xc0, 0x08, 0xb2,
	0xc0, 0x4e, 0x9b, 0x3c, 0x14, 0xb6, 0xc0, 0x08, 0xb2, 0xc0, 0x4e, 0x9d, 0xc8, 0x14, 0xb4, 0xc0,
	0x08, 0xb2, 0xc0, 0x4e, 0x9f, 0x54, 0x15, 0xb2, 0xc0, 0x08, 0xb2, 0xc0, 0x4e, 0xd4, 0xc0, 0x08,
	0xf8, 0xc0, 0x4e, 0x8e, 0x80, 0x11, 0xb2, 0x04, 0x4c, 0xd3, 0x00, 0x23, 0xff, 0xc0, 0x4e, 0xbd,
	0xc0, 0x4e, 0x8d, 0x80, 0x11, 0xc3, 0x00, 0x23, 0xff, 0xc0, 0x4e, 0x81, 0x0c, 0x00, 0xc3, 0x18,
	0x01, 0xc9, 0x00, 0x23, 0xb6, 0x8c, 0x00, 0x9c, 0x60, 0x04, 0xb2, 0xc0, 0x08, 0xb2, 0xc0, 0x4e,
	0xa3, 0x8c, 0x00, 0xae, 0xc0, 0x08, 0xff, 0xc0, 0x4e, 0xff, 0xc0, 0x08, 0xff, 0xc0, 0x08, 0xa4,
	0xa4, 0x01, 0xff, 0xc0, 0x08, 0xff, 0xc0, 0x08, 0xff, 0xc0, 0x08, 0xff, 0xc0, 0x08, 0xab, 0x8c,
	0x00, 0xa3, 0xc0, 0x08, 0xff, 0xc0, 0x08, 0x87, 0x46, 0x00, 0xd3, 0x00, 0x23, 0xf9, 0x80, 0x57,
	0x8e, 0x80, 0x11, 0xb2, 0xc0, 0x08, 0xd3, 0x00, 0x23, 0xff, 0x80, 0x57, 0xbd, 0xc0, 0x08, 0xd3,
	0x00, 0x23, 0xff, 0x80, 0x57, 0xff, 0xc0, 0x08, 0xc7, 0xc0, 0x08, 0xff, 0xc0, 0x08, 0xff, 0xc0,
	0x08, 0xff, 0xc0, 0x08, 0xff, 0xc0, 0x08, 0xff, 0xc0, 0x08, 0xff, 0xc0, 0x08, 0xff, 0xc0, 0x08,
	0xff, 0xc0, 0x08, 0xcd, 0xc0, 0x08, 0xff, 0xc0, 0x08, 0x87, 0x46, 0x00, 0xff, 0x80, 0x11, 0x89,
	0xd2, 0x00, 0xff, 0x80, 0x11, 0xff, 0x80, 0x11, 0xff, 0x80, 0x11, 0xa0, 0xd2, 0x00, 0xff, 0x80,
	0x11, 0xff, 0x80, 0x11, 0x8d, 0x46, 0x00, 0xff, 0xc0, 0x08, 0x84, 0x46, 0x00, 0xff, 0xc0, 0x08,
	0xff, 0xc0, 0x08, 0xff, 0xc0, 0x08, 0xff, 0xc0, 0x08, 0xff, 0xc0, 0x08, 0xff, 0xc0, 0x08, 0xff,
	0xc0, 0x08, 0xff, 0xc0, 0x08, 0xcd, 0xc0, 0x08, 0xff, 0xc0, 0x08, 0x87, 0x46, 0x00, 0xff, 0x80,
	0x11, 0x88, 0xd6, 0x06, 0xff, 0x80, 0x11, 0xff, 0x80, 0x11, 0xff, 0x80, 0x11, 0xff, 0x80, 0x11,
	0xff, 0x80, 0x11, 0xff, 0xc0, 0x08, 0xb8, 0xc0, 0x08, 0xff, 0xc0, 0x08, 0x89, 0xa4, 0x01, 0x00,
	0xd6, 0x90, 0x8c, 0x00, 0x01, 0x00, 0xd6, 0x8f, 0xd2, 0x00, 0x82, 0xcc, 0xc0, 0x97, 0x46, 0x00,
	0x91, 0x5e, 0x8d, 0xaf, 0x46, 0x00, 0x91, 0x4c, 0x09, 0xc2, 0x8c, 0x00, 0xb0, 0x46, 0x00, 0x90,
	0x8c, 0x00, 0x01, 0xff, 0xd5, 0xc1, 0x8c, 0x00, 0xb0, 0x46, 0x00, 0x90, 0x8c, 0x00, 0x00, 0x03,
	0xc2, 0x18, 0x01, 0xb0, 0x46, 0x00, 0x92, 0xf0, 0x0a, 0x01, 0x00, 0xd6, 0xc0, 0xa4, 0x01, 0x00,
	0x80, 0xae, 0x46, 0x00, 0x92, 0x8c, 0x00, 0x00, 0x01, 0xc2, 0x8c, 0x00, 0xae, 0x46, 0x00, 0x92,
	0x8c, 0x00, 0x01, 0xff, 0xd5, 0xc1, 0x8c, 0x00, 0xab, 0x46, 0x00, 0x95, 0x8c, 0x00, 0x00, 0x03,
	0xc2, 0x18, 0x01, 0xae, 0x46, 0x00, 0x94, 0x20, 0x0d, 0x01, 0x00, 0xd6, 0xbf, 0x8c, 0x00, 0xae,
	0x46, 0x00, 0x94, 0x8c, 0x00, 0x00, 0x01, 0xc2, 0x8c, 0x00, 0xac, 0x46, 0x00, 0x94, 0x8c, 0x00,
	0x01, 0xff, 0xd5, 0xc1, 0x8c, 0x00, 0xac, 0x46, 0x00, 0x94, 0x8c, 0x00, 0x00, 0x03, 0xc2, 0x18,
	0x01, 0xac, 0x46, 0x00, 0x96, 0x50, 0x0f, 0x01, 0x00, 0xd6, 0xbf, 0x8c, 0x00, 0xac, 0x46, 0x00,
	0x96, 0x8c, 0x00, 0x00, 0x01, 0xc2, 0x8c, 0x00, 0xaa, 0x46, 0x00, 0x96, 0x8c, 0x00, 0x01, 0xff,
	0xd5, 0xc1, 0x8c, 0x00, 0xa7, 0x46, 0x00, 0x99, 0x8c, 0x00, 0x00, 0x03, 0xc2, 0x18, 0x01, 0xaa,
	0x46, 0x00, 0x98, 0x80, 0x11, 0x01, 0x00, 0xd6, 0xbf, 0x8c, 0x00, 0xaa, 0x46, 0x00, 0x98, 0x8c,
	0x00, 0x00, 0x01, 0xc2, 0x8c, 0x00, 0xa8, 0x46, 0x00, 0x98, 0x8c, 0x00, 0x01, 0xff, 0xd5, 0xc1,
	0x8c, 0x00, 0xa8, 0x46, 0x00, 0xff, 0xa4, 0x01, 0xa2, 0x8c, 0x00, 0x03, 0x55, 0x44, 0x00, 0xd6,
	0xbf, 0x8c, 0x00, 0xa8, 0x46, 0x00, 0x9a, 0x8c, 0x00, 0x00, 0x01, 0xc2, 0x8c, 0x00, 0xa6, 0x46,
	0x00, 0x9a, 0x8c, 0x00, 0x01, 0xff, 0xd5, 0xc1, 0x8c, 0x00, 0xa3, 0x46, 0x00, 0xff, 0xa4, 0x01,
	0x9d, 0x8c, 0x00, 0xff, 0x20, 0x0d, 0xff, 0x20, 0x0d, 0xff, 0x20, 0x0d, 0xff, 0x20, 0x0d, 0xff,
	0x20, 0x0d, 0xff, 0x20, 0x0d, 0xff, 0x20, 0x0d, 0xad, 0x20, 0x0d, 0xff, 0x20, 0x0d, 0xa1, 0xec,
	0x04, 0xff, 0x20, 0x0d, 0xff, 0x20, 0x0d, 0x91, 0x8c, 0x00, 0xff, 0x20, 0x0d, 0xff, 0x20, 0x0d,
	0x91, 0x8c, 0x00, 0xff, 0x20, 0x0d, 0xff, 0x20, 0x0d, 0x93, 0x8c, 0x00, 0xed, 0x20, 0x0d, 0xff,
	0x20, 0x0d, 0xa3, 0x8c, 0x00, 0xff, 0x7c, 0x0b, 0xff, 0x20, 0x0d, 0x93, 0x8c, 0x00, 0xff, 0x20,
	0x0d, 0xff, 0xa4, 0x01, 0x91, 0x8c, 0x00, 0xff, 0x7c, 0x0b, 0xff, 0x20, 0x0d, 0x93, 0x8c, 0x00,
	0xe9, 0x20, 0x0d, 0xff, 0xa4, 0x01, 0x9d, 0x8c, 0x00, 0xbb, 0x20, 0x0d, 0x81, 0x14, 0x00, 0xff,
	0x20, 0x0d, 0x8b, 0x8c, 0x00, 0xff, 0x20, 0x0d, 0x87, 0x8c, 0x00, 0xff, 0x20, 0x0d, 0x87, 0x8c,
	0x00, 0xff, 0x20, 0x0d, 0x88, 0xa4, 0x01, 0xff, 0x20, 0x0d, 0x88, 0x8c, 0x00, 0xff, 0x20, 0x0d,
	0x87, 0x8c, 0x00, 0xab, 0x46, 0x00, 0xd1, 0x20, 0x0d, 0x87, 0x8c, 0x00, 0xff, 0x20, 0x0d, 0x87,
	0x8c, 0x00, 0xff, 0x20, 0x0d, 0x89, 0x8c, 0x00, 0xfd, 0x20, 0x0d, 0x89, 0x8c, 0x00, 0xfd, 0x20,
	0x0d, 0x89, 0x8c, 0x00, 0xfd, 0x20, 0x0d, 0x89, 0x8c, 0x00, 0xfd, 0x20, 0x0d, 0x8b, 0x8c, 0x00,
	0xfb, 0x20, 0x0d, 0x8b, 0x8c, 0x00, 0xa7, 0x46, 0x00, 0xd1, 0x20, 0x0d, 0x8b, 0x8c, 0x00, 0xfb,
	0x20, 0x0d, 0x8b, 0x8c, 0x00, 0xfb, 0x20, 0x0d, 0x8d, 0x8c, 0x00, 0xf9, 0x20, 0x0d, 0x8d, 0x8c,
	0x00, 0xf9, 0x20, 0x0d, 0xd3, 0xa4, 0x01, 0xb3, 0x7c, 0x0b, 0x8d, 0x8c, 0x00, 0xf9, 0x20, 0x0d,
	0x8f, 0x8c, 0x00, 0xf7, 0x20, 0x0d, 0x8f, 0x8c, 0x00, 0xa3, 0x46, 0x00, 0xff, 0xa4, 0x01, 0x9d,
	0x8c, 0x00, 0xff, 0x20, 0x0d, 0xff, 0x20, 0x0d, 0xff, 0x20, 0x0d, 0xff, 0x20, 0x0d, 0xff, 0x20,
	0x0d, 0xff, 0x20, 0x0d, 0xff, 0x20, 0x0d, 0xad, 0x20, 0x0d, 0xff, 0x20, 0x0d, 0xa1, 0xec, 0x04,
	0xff, 0x20, 0x0d, 0xff, 0x20, 0x0d, 0x91, 0x8c, 0x00, 0xff, 0x20, 0x0d, 0xff, 0x20, 0x0d, 0x93,
	0x1c, 0x07, 0xff, 0x20, 0x0d, 0xff, 0x20, 0x0d, 0xff, 0x20, 0x0d, 0x01, 0x60, 0xb4, 0xff, 0x20,
	0x0d, 0xa3, 0x8c, 0x00, 0xff, 0x7c, 0x0b, 0xff, 0x20, 0x0d, 0xff, 0x20, 0x0d, 0xff, 0xa4, 0x01,
	0xa7, 0x8c, 0x00, 0xff, 0x7c, 0x0b, 0xff, 0x20, 0x0d, 0x93, 0x8c, 0x00, 0xe9, 0x20, 0x0d, 0xff,
	0xa4, 0x01, 0x87, 0x46, 0x00, 0x00, 0x40, 0xc2, 0x20, 0x0d, 0x00, 0x40, 0x92, 0xcc, 0x1a, 0xb0,
	0x46, 0x00, 0xc0, 0x20, 0x0d, 0x93, 0x8c, 0x00, 0xb0, 0x46, 0x00, 0xc0, 0x20, 0x0d, 0x93, 0x8c,
	0x00, 0xb0, 0x46, 0x00, 0xc0, 0x20, 0x0d, 0x93, 0x8c, 0x00, 0xb0, 0x46, 0x00, 0xc0, 0x20, 0x0d,
	0x94, 0xa4, 0x01, 0xac, 0x20, 0x0d, 0x95, 0x8c, 0x00, 0xab, 0xda, 0x0c, 0x95, 0x8c, 0x00, 0xae,
	0x46, 0x00, 0xc0, 0x20, 0x0d, 0x95, 0x8c, 0x00, 0xab, 0x46, 0x00, 0x95, 0x8c, 0x00, 0xab, 0xda,
	0x0c, 0x95, 0x8c, 0x00, 0xae, 0x46, 0x00, 0xc0, 0x20, 0x0d, 0x95, 0x8c, 0x00, 0xae, 0x46, 0x00,
	0xc0, 0x20, 0x0d, 0x97, 0x8c, 0x00, 0xac, 0x46, 0x00, 0xc0, 0x20, 0x0d, 0x97, 0x8c, 0x00, 0xac,
	0x46, 0x00, 0xc0, 0x20, 0x0d, 0x97, 0x8c, 0x00, 0xac, 0x46, 0x00, 0xc0, 0x20, 0x0d, 0x97, 0x8c,
	0x00, 0xac, 0x46, 0x00, 0xc0, 0x20, 0x0d, 0x99, 0x8c, 0x00, 0xaa, 0x46, 0x00, 0xc0, 0x20, 0x0d,
	0x99, 0x8c, 0x00, 0xa7, 0x46, 0x00, 0x99, 0x8c, 0x00, 0xa7, 0xda, 0x0c, 0x99, 0x8c, 0x00, 0xaa,
	0x46, 0x00, 0xc0, 0x7c, 0x0b, 0x99, 0x8c, 0x00, 0xaa, 0x46, 0x00, 0xc0, 0x20, 0x0d, 0x9b, 0x8c,
	0x00, 0xa8, 0x46, 0x00, 0xc0, 0x20, 0x0d, 0x9b, 0x8c, 0x00, 0xa8, 0x46, 0x00, 0xff, 0xa4, 0x01,
	0xa2, 0x8c, 0x00, 0xa8, 0x36, 0x0b, 0x98, 0x8c, 0x00, 0xbb, 0x7c, 0x0b, 0xad, 0x20, 0x0d, 0x9d,
	0x8c, 0x00, 0xa6, 0x46, 0x00, 0xc0, 0x20, 0x0d, 0x9d, 0x8c, 0x00, 0xa3, 0x46, 0x00, 0xff, 0xa4,
	0x01, 0x9d, 0x8c, 0x00, 0xff, 0x20, 0x0d, 0xff, 0x20, 0x0d, 0xff, 0x20, 0x0d, 0xff, 0x20, 0x0d,
	0xff, 0x20, 0x0d, 0xff, 0x20, 0x0d, 0xff, 0x20, 0x0d, 0xad, 0x20, 0x0d, 0xff, 0x20, 0x0d, 0xa1,
	0xec, 0x04, 0xff, 0x20, 0x0d, 0xff, 0x20, 0x0d, 0x91, 0x8c, 0x00, 0xff, 0x20, 0x0d, 0xff, 0x20,
	0x0d, 0x91, 0x8c, 0x00, 0xff, 0x20, 0x0d, 0xff, 0x20, 0x0d, 0x93, 0x8c, 0x00, 0xed, 0x20, 0x0d,
	0xff, 0x20, 0x0d, 0xa3, 0x8c, 0x00, 0xff, 0x7c, 0x0b, 0xff, 0x20, 0x0d, 0x93, 0x8c, 0x00, 0xff,
	0x20, 0x0d, 0xff, 0xa4, 0x01, 0x91, 0x8c, 0x00, 0xff, 0x7c, 0x0b, 0xff, 0x20, 0x0d, 0x93, 0x8c,
	0x00, 0xe9, 0x20, 0x0d, 0xff, 0xa4, 0x01, 0x97, 0x8c, 0x00, 0x82, 0xec, 0x0a, 0xbc, 0x20, 0x0d,
	0x81, 0x14, 0x00, 0xc1, 0x20, 0x0d, 0x83, 0x8c, 0x00, 0xbb, 0x20, 0x0d, 0x85, 0x8c, 0x00, 0xbd,
	0x20, 0x0d, 0x83, 0x8c, 0x00, 0xbb, 0x20, 0x0d, 0x85, 0x8c, 0x00, 0xbd, 0x20, 0x0d, 0x83, 0x8c,
	0x00, 0xbb, 0x20, 0x0d, 0x85, 0x8c, 0x00, 0xbd, 0x20, 0x0d, 0x84, 0xa4, 0x01, 0xba, 0x20, 0x0d,
	0x86, 0xa4, 0x01, 0xbc, 0x20, 0x0d, 0x85, 0x8c, 0x00, 0xb9, 0x20, 0x0d, 0x87, 0x8c, 0x00, 0xbb,
	0x20, 0x0d, 0x85, 0x8c, 0x00, 0xb9, 0x20, 0x0d, 0x87, 0x8c, 0x00, 0xab, 0x46, 0x00, 0x95, 0x8c,
	0x00, 0xb9, 0x20, 0x0d, 0x87, 0x8c, 0x00, 0xbb, 0x20, 0x0d, 0x85, 0x8c, 0x00, 0xb9, 0x20, 0x0d,
	0x87, 0x8c, 0x00, 0xbb, 0x20, 0x0d, 0x87, 0x8c, 0x00, 0xb7, 0x20, 0x0d, 0x89, 0x8c, 0x00, 0xb9,
	0x20, 0x0d, 0x87, 0x8c, 0x00, 0xb7, 0x20, 0x0d, 0x89, 0x8c, 0x00, 0xb9, 0x20, 0x0d, 0x87, 0x8c,
	0x00, 0xb7, 0x20, 0x0d, 0x89, 0x8c, 0x00, 0xb9, 0x20, 0x0d, 0x87, 0x8c, 0x00, 0xb7, 0x20, 0x0d,
	0x89, 0x8c, 0x00, 0xb9, 0x20, 0x0d, 0x89, 0x8c, 0x00, 0xb5, 0x20, 0x0d, 0x8b, 0x8c, 0x00, 0xb7,
	0x20, 0x0d, 0x89, 0x8c, 0x00, 0xb5, 0x20, 0x0d, 0x8b, 0x8c, 0x00, 0xa7, 0x46, 0x00, 0x99, 0x8c,
	0x00, 0xb5, 0x20, 0x0d, 0x8b, 0x8c, 0x00, 0xb7, 0x20, 0x0d, 0x89, 0x8c, 0x00, 0xb5, 0x7c, 0x0b,
	0x8b, 0x8c, 0x00, 0xb7, 0x7c, 0x0b, 0x8b, 0x8c, 0x00, 0xb3, 0x20, 0x0d, 0x8d, 0x8c, 0x00, 0xb5,
	0x20, 0x0d, 0x8b, 0x8c, 0x00, 0xb3, 0x20, 0x0d, 0x8d, 0x8c, 0x00, 0xb5, 0x20, 0x0d, 0xff, 0xa4,
	0x01, 0x95, 0x8c, 0x00, 0xb3, 0x7c, 0x0b, 0x8d, 0x8c, 0x00, 0xbb, 0x7c, 0x0b, 0xbb, 0x20, 0x0d,
	0x8f, 0x8c, 0x00, 0xb3, 0x20, 0x0d, 0x8d, 0x8c, 0x00, 0xb1, 0x20, 0x0d, 0x8f, 0x8c, 0x00, 0xa3,
	0x46, 0x00, 0xff, 0xa4, 0x01, 0x9d, 0x8c, 0x00, 0xff, 0x20, 0x0d, 0xff, 0x20, 0x0d, 0xff, 0x20,
	0x0d, 0xff, 0x20, 0x0d, 0xff, 0x20, 0x0d, 0xff, 0x20, 0x0d, 0xff, 0x20, 0x0d, 0xad, 0x20, 0x0d,
	0xff, 0x20, 0x0d, 0xa1, 0xec, 0x04, 0xff, 0x20, 0x0d, 0xff, 0x20, 0x0d, 0x91, 0x8c, 0x00, 0xff,
	0x20, 0x0d, 0xff, 0x20, 0x0d, 0x93, 0x1c, 0x07, 0xff, 0x20, 0x0d, 0xff, 0x20, 0x0d, 0xff, 0x20,
	0x0d, 0x01, 0x60, 0xb4, 0xff, 0x20, 0x0d, 0xa3, 0x8c, 0x00, 0xff, 0x7c, 0x0b, 0xff, 0x20, 0x0d,
	0xff, 0x20, 0x0d, 0xff, 0xa4, 0x01, 0xa7, 0x8c, 0x00, 0xff, 0x7c, 0x0b, 0xff, 0x20, 0x0d, 0x93,
	0x8c, 0x00, 0xe9, 0x20, 0x0d, 0xff, 0xa4, 0x01, 0x97, 0x8c, 0x00, 0x83, 0xcc, 0x1a, 0xff, 0x60,
	0x27, 0x88, 0x58, 0x1b, 0xff, 0x60, 0x27, 0x86, 0x8c, 0x00, 0xff, 0x60, 0x27, 0x87, 0x8c, 0x00,
	0xff, 0x60, 0x27, 0x89, 0xfc, 0x1c, 0xff, 0x60, 0x27, 0xff, 0x60, 0x27, 0x91, 0x8c, 0x00, 0xf1,
	0x60, 0x27, 0x95, 0x8c, 0x00, 0xff, 0x60, 0x27, 0xff, 0x60, 0x27, 0x93, 0x8c, 0x00, 0xff, 0x60,
	0x27, 0x87, 0x8c, 0x00, 0xff, 0x60, 0x27, 0x87, 0x8c, 0x00, 0xff, 0x60, 0x27, 0x87, 0x8c, 0x00,
	0xff, 0x60, 0x27, 0x89, 0x8c, 0x00, 0xff, 0x60, 0x27, 0xbf, 0x20, 0x0d, 0x8b, 0x8c, 0x00, 0xa7,
	0x46, 0x00, 0x99, 0x8c, 0x00, 0xff, 0x60, 0x27, 0xbf, 0x7c, 0x0b, 0x8b, 0x8c, 0x00, 0xff, 0x60,
	0x27, 0xc1, 0x20, 0x0d, 0x8b, 0x8c, 0x00, 0xff, 0x60, 0x27, 0xff, 0xa4, 0x01, 0x91, 0x8c, 0x00,
	0xff, 0x60, 0x27, 0xbd, 0x20, 0x0d, 0x8f, 0x8c, 0x00, 0xff, 0x60, 0x27, 0xad, 0x20, 0x0d, 0xff,
	0xa4, 0x01, 0x9d, 0x8c, 0x00, 0xff, 0x20, 0x0d, 0xff, 0x20, 0x0d, 0xff, 0x20, 0x0d, 0xff, 0x20,
	0x0d, 0xff, 0x20, 0x0d, 0xff, 0x20, 0x0d, 0xff, 0x20, 0x0d, 0xad, 0x20, 0x0d, 0xff, 0x20, 0x0d,
	0xa1, 0xec, 0x04, 0xff, 0x20, 0x0d, 0xff, 0x20, 0x0d, 0x91, 0x8c, 0x00, 0xff, 0x20, 0x0d, 0xff,
	0x20, 0x0d, 0x91, 0x8c, 0x00, 0xff, 0x20, 0x0d, 0xff, 0x20, 0x0d, 0x93, 0x8c, 0x00, 0xed, 0x20,
	0x0d, 0xff, 0x20, 0x0d, 0xa3, 0x8c, 0x00, 0xff, 0x7c, 0x0b, 0xff, 0x20, 0x0d, 0x93, 0x8c, 0x00,
	0xff, 0x20, 0x0d, 0xff, 0xa4, 0x01, 0x91, 0x8c, 0x00, 0xff, 0x7c, 0x0b, 0xff, 0x20, 0x0d, 0x93,
	0x8c, 0x00, 0xe9, 0x20, 0x0d, 0xff, 0xa4, 0x01, 0x97, 0x8c, 0x00, 0x83, 0xcc, 0x1a, 0xff, 0x20,
	0x0d, 0x88, 0x58, 0x1b, 0xff, 0x20, 0x0d, 0x86, 0x8c, 0x00, 0xff, 0x20, 0x0d, 0x87, 0x8c, 0x00,
	0xff, 0x20, 0x0d, 0x89, 0xfc, 0x1c, 0xff, 0x20, 0x0d, 0x87, 0x8c, 0x00, 0xff, 0x20, 0x0d, 0x87,
	0x8c, 0x00, 0xf1, 0x20, 0x0d, 0x95, 0x8c, 0x00, 0xff, 0x20, 0x0d, 0x87, 0x8c, 0x00, 0xff, 0x20,
	0x0d, 0x89, 0x8c, 0x00, 0xff, 0x20, 0x0d, 0x87, 0x8c, 0x00, 0xff, 0x20, 0x0d, 0x87, 0x8c, 0x00,
	0xff, 0x20, 0x0d, 0x87, 0x8c, 0x00, 0xff, 0x20, 0x0d, 0x89, 0x8c, 0x00, 0xfd, 0x20, 0x0d, 0x89,
	0x8c, 0x00, 0xed, 0x20, 0x0d, 0x99, 0x8c, 0x00, 0xfd, 0x20, 0x0d, 0x89, 0x8c, 0x00, 0xfd, 0x7c,
	0x0b, 0x8b, 0x8c, 0x00, 0xfb, 0x20, 0x0d, 0x8b, 0x8c, 0x00, 0xfb, 0x20, 0x0d, 0xff, 0xa4, 0x01,
	0x95, 0x8c, 0x00, 0xff, 0x7c, 0x0b, 0xff, 0x20, 0x0d, 0x93, 0x8c, 0x00, 0xe9, 0x20, 0x0d, 0xff,
	0xa4, 0x01, 0x9d, 0x8c, 0x00, 0xff, 0x20, 0x0d, 0xff, 0x20, 0x0d, 0xff, 0x20, 0x0d, 0xff, 0x20,
	0x0d, 0xff, 0x20, 0x0d, 0xff, 0x20, 0x0d, 0xff, 0x20, 0x0d, 0xad, 0x20, 0x0d, 0xff, 0x20, 0x0d,
	0xa1, 0xec, 0x04, 0xff, 0x20, 0x0d, 0xff, 0x20, 0x0d, 0x91, 0x8c, 0x00, 0xff, 0x20, 0x0d, 0xff,
	0x20, 0x0d, 0x91, 0x8c, 0x00, 0xff, 0x20, 0x0d, 0xff, 0x20, 0x0d, 0x93, 0x8c, 0x00, 0xed, 0x20,
	0x0d, 0xff, 0x20, 0x0d, 0xa3, 0x8c, 0x00, 0xff, 0x7c, 0x0b, 0xff, 0x20, 0x0d, 0x93, 0x8c, 0x00,
	0xff, 0x20, 0x0d, 0xff, 0xa4, 0x01, 0x91, 0x8c, 0x00, 0xff, 0x7c, 0x0b, 0xff, 0x20, 0x0d, 0x93,
	0x8c, 0x00, 0xe9, 0x20, 0x0d, 0xff, 0xa4, 0x01, 0x97, 0x8c, 0x00, 0x83, 0xcc, 0x1a, 0xff, 0xa0,
	0x41, 0x88, 0x58, 0x1b, 0xff, 0xa0, 0x41, 0x86, 0x8c, 0x00, 0xff, 0xa0, 0x41, 0x87, 0x8c, 0x00,
	0xff, 0xa0, 0x41, 0x89, 0xfc, 0x1c, 0xff, 0xa0, 0x41, 0xc3, 0x60, 0x27, 0x87, 0x8c, 0x00, 0xff,
	0x60, 0x27, 0x87, 0x8c, 0x00, 0xab, 0x46, 0x00, 0x95, 0x8c, 0x00, 0xff, 0xa0, 0x41, 0xc3, 0x60,
	0x27, 0x87, 0x8c, 0x00, 0xff, 0x60, 0x27, 0x89, 0x8c, 0x00, 0xfd, 0x60, 0x27, 0x89, 0x8c, 0x00,
	0xfd, 0x60, 0x27, 0x89, 0x8c, 0x00, 0xfd, 0x60, 0x27, 0x89, 0x8c, 0x00, 0xfd, 0x60, 0x27, 0x8b,
	0x8c, 0x00, 0xfb, 0x60, 0x27, 0x8b, 0x8c, 0x00, 0xa7, 0x46, 0x00, 0x99, 0x8c, 0x00, 0xfd, 0xa0,
	0x41, 0x89, 0x8c, 0x00, 0xfd, 0xfc, 0x3f, 0x8b, 0x8c, 0x00, 0xfb, 0xa0, 0x41, 0x8b, 0x8c, 0x00,
	0xfb, 0xa0, 0x41, 0xff, 0xa4, 0x01, 0x95, 0x8c, 0x00, 0xff, 0xfc, 0x3f, 0xbd, 0x20, 0x0d, 0x8f,
	0x8c, 0x00, 0xf7, 0x60, 0x27, 0x8f, 0x8c, 0x00, 0xa3, 0x46, 0x00, 0xff, 0xa4, 0x01, 0x9d, 0x8c,
	0x00, 0xff, 0x20, 0x0d, 0xff, 0x20, 0x0d, 0xff, 0x20, 0x0d, 0xff, 0x20, 0x0d, 0xff, 0x20, 0x0d,
	0xff, 0x20, 0x0d, 0xff, 0x20, 0x0d, 0xad, 0x20, 0x0d, 0xff, 0x20, 0x0d, 0xa1, 0xec, 0x04, 0xff,
	0x20, 0x0d, 0xff, 0x20, 0x0d, 0x91, 0x8c, 0x00, 0xff, 0x20, 0x0d, 0xff, 0x20, 0x0d, 0x93, 0x1c,
	0x07, 0xff, 0x20, 0x0d, 0xff, 0x20, 0x0d, 0xff, 0x20, 0x0d, 0x01, 0x60, 0xb4, 0xff, 0x20, 0x0d,
	0xa3, 0x8c, 0x00, 0xff, 0x7c, 0x0b, 0xff, 0x20, 0x0d, 0xff, 0x20, 0x0d, 0xff, 0xa4, 0x01, 0xa7,
	0x8c, 0x00, 0xff, 0x7c, 0x0b, 0xff, 0x20, 0x0d, 0x93, 0x8c, 0x00, 0xe9, 0x20, 0x0d, 0xff, 0xa4,
	0x01, 0x9d, 0x8c, 0x00, 0xff, 0x20, 0x0d, 0xff, 0x20, 0x0d, 0xff, 0x20, 0x0d, 0xff, 0x20, 0x0d,
	0xff, 0x20, 0x0d, 0xff, 0x20, 0x0d, 0xff, 0x20, 0x0d, 0xad, 0x20, 0x0d, 0xff, 0x20, 0x0d, 0xa1,
	0xec, 0x04, 0xff, 0x20, 0x0d, 0xff, 0x20, 0x0d, 0x91, 0x8c, 0x00, 0xff, 0x20, 0x0d, 0xff, 0x20,
	0x0d, 0x93, 0x1c, 0x07, 0xff, 0x20, 0x0d, 0xff, 0x20, 0x0d, 0xff, 0x20, 0x0d, 0x01, 0x60, 0xb4,
	0xff, 0x20, 0x0d, 0xa3, 0x8c, 0x00, 0xff, 0x7c, 0x0b, 0xff, 0x20, 0x0d, 0xff, 0x20, 0x0d, 0xff,
	0xa4, 0x01, 0xa7, 0x8c, 0x00, 0xff, 0x7c, 0x0b, 0xff, 0x20, 0x0d, 0x93, 0x8c, 0x00, 0xe9, 0x20,
	0x0d, 0xff, 0xa4, 0x01, 0x9d, 0x8c, 0x00, 0xff, 0x20, 0x0d, 0xff, 0x20, 0x0d, 0xff, 0x20, 0x0d,
	0xff, 0x20, 0x0d, 0xff, 0x20, 0x0d, 0xff, 0x20, 0x0d, 0xff, 0x20, 0x0d, 0xad, 0x20, 0x0d, 0xff,
	0x20, 0x0d, 0xa1, 0xec, 0x04, 0xff, 0x20, 0x0d, 0xff, 0x20, 0x0d, 0x91, 0x8c, 0x00, 0xff, 0x20,
	0x0d, 0xff, 0x20, 0x0d, 0x93, 0x1c, 0x07, 0xff, 0x20, 0x0d, 0xff, 0x20, 0x0d, 0xff, 0x20, 0x0d,
	0x01, 0x60, 0xb4, 0xff, 0x20, 0x0d, 0xa3, 0x8c, 0x00, 0xff, 0x7c, 0x0b, 0xff, 0x20, 0x0d, 0xff,
	0x20, 0x0d, 0xff, 0xa4, 0x01, 0xa7, 0x8c, 0x00, 0xff, 0x7c, 0x0b, 0xff, 0x20, 0x0d, 0x93, 0x8c,
	0x00, 0xe9, 0x20, 0x0d, 0xff, 0xa4, 0x01, 0x87, 0x46, 0x00, 0x8e, 0xc6, 0x9d, 0x81, 0x38, 0xd4,
	0x86, 0xda, 0x0c, 0x00, 0x40, 0x82, 0x76, 0x02, 0x82, 0x32, 0x00, 0xb0, 0x46, 0x00, 0x85, 0x94,
	0x0c, 0xbb, 0x46, 0x00, 0x85, 0x4e, 0x0c, 0xbb, 0x46, 0x00, 0x85, 0x08, 0x0c, 0xbb, 0x46, 0x00,
	0x85, 0x18, 0x01, 0x00, 0x41, 0xc2, 0x18, 0x01, 0xbb, 0x46, 0x00, 0x85, 0x18, 0x01, 0xbb, 0x46,
	0x00, 0x85, 0x18, 0x01, 0xbb, 0x46, 0x00, 0x85, 0x18, 0x01, 0x00, 0x3f, 0xc2, 0x18, 0x01, 0xbb,
	0x46, 0x00, 0x85, 0x18, 0x01, 0xbb, 0x46, 0x00, 0x85, 0x18, 0x01, 0xbb, 0x46, 0x00, 0xf3, 0x48,
	0x03, 0xff, 0x48, 0x03, 0x9e, 0x8c, 0x00, 0x00, 0xff, 0x83, 0x0a, 0x0f, 0xbd, 0x46, 0x00, 0x83,
	0xc4, 0x0e, 0xbd, 0x46, 0x00, 0x83, 0x7e, 0x0e, 0xbd, 0x46, 0x00, 0x83, 0x38, 0x0e, 0xc3, 0x18,
	0x01, 0xbc, 0x1a, 0x04, 0x84, 0x18, 0x01, 0xbd, 0x46, 0x00, 0x83, 0x18, 0x01, 0xbd, 0x46, 0x00,
	0x83, 0x18, 0x01, 0xbd, 0x46, 0x00, 0x83, 0x18, 0x01, 0xbc, 0x1a, 0x04, 0x84, 0x18, 0x01, 0xbd,
	0x46, 0x00, 0x83, 0x18, 0x01, 0xbd, 0x46, 0x00, 0x83, 0x18, 0x01, 0xbd, 0x46, 0x00, 0xf1, 0x48,
	0x03, 0xff, 0x48, 0x03, 0x9f, 0x46, 0x00, 0x83, 0x3a, 0x11, 0xbf, 0x46, 0x00, 0x81, 0xf4, 0x10,
	0xbf, 0x46, 0x00, 0x81, 0xae, 0x10, 0xbf, 0x46, 0x00, 0x81, 0x68, 0x10, 0xc3, 0x18, 0x01, 0xbd,
	0x8e, 0x03, 0x83, 0x18, 0x01, 0xbf, 0x46, 0x00, 0x81, 0x18, 0x01, 0xbf, 0x46, 0x00, 0x81, 0x18,
	0x01, 0xbf, 0x46, 0x00, 0x81, 0x18, 0x01, 0xbd, 0x8e, 0x03, 0x83, 0x18, 0x01, 0xbf, 0x46, 0x00,
	0x81, 0x18, 0x01, 0xbf, 0x46, 0x00, 0x81, 0x18, 0x01, 0xbf, 0x46, 0x00, 0xef, 0x48, 0x03, 0xff,
	0x48, 0x03, 0xa1, 0x46, 0x00, 0x81, 0x6a, 0x13, 0xc1, 0x46, 0x00, 0x00, 0x01, 0xc2, 0x46, 0x00,
	0x01, 0xff, 0xd5, 0xc1, 0x46, 0x00, 0x00, 0x03, 0xc2, 0x8c, 0x00, 0x01, 0x00, 0xd6, 0xbf, 0x8e,
	0x03, 0x81, 0x18, 0x01, 0xc1, 0x46, 0x00, 0x01, 0xff, 0xd5, 0xc1, 0x46, 0x00, 0x00, 0x03, 0xc2,
	0x8c, 0x00, 0x01, 0x00, 0xd6, 0xbf, 0x8e, 0x03, 0x81, 0x18, 0x01, 0xc1, 0x46, 0x00, 0x01, 0xff,
	0xd5, 0xc1, 0x46, 0x00, 0x00, 0x03, 0xc2, 0x8c, 0x00, 0xed, 0x48, 0x03, 0xff, 0x48, 0x03, 0x9d,
	0x46, 0x00, 0x87, 0x5a, 0x1e, 0x01, 0x40, 0xd6, 0xbf, 0x38, 0x0e, 0xbb, 0x46, 0x00, 0x87, 0xce,
	0x1d, 0xb9, 0x46, 0x00, 0x87, 0x88, 0x1d, 0xb9, 0x46, 0x00, 0x87, 0x18, 0x01, 0x00, 0x41, 0xc2,
	0x18, 0x01, 0xb9, 0x46, 0x00, 0x87, 0x18, 0x01, 0xb9, 0x46, 0x00, 0x87, 0x18, 0x01, 0xb9, 0x46,
	0x00, 0x87, 0x18, 0x01, 0x00, 0x3f, 0xc2, 0x18, 0x01, 0xb9, 0x46, 0x00, 0x87, 0x18, 0x01, 0xb9,
	0x46, 0x00, 0x87, 0x18, 0x01, 0xb9, 0x46, 0x00, 0xf3, 0x48, 0x03, 0xff, 0x48, 0x03, 0x9f, 0xa6,
	0x04, 0x85, 0x8a, 0x20, 0xbb, 0x46, 0x00, 0x85, 0x44, 0x20, 0xbb, 0x46, 0x00, 0x85, 0xfe, 0x1f,
	0xbb, 0x46, 0x00, 0x85, 0xb8, 0x1f, 0xc3, 0x18, 0x01, 0xba, 0x1a, 0x04, 0x86, 0x18, 0x01, 0xbb,
	0x46, 0x00, 0x85, 0x18, 0x01, 0xbb, 0x46, 0x00, 0x85, 0x18, 0x01, 0xbb, 0x46, 0x00, 0x85, 0x18,
	0x01, 0xba, 0x1a, 0x04, 0x86, 0x18, 0x01, 0xbb, 0x46, 0x00, 0x85, 0x18, 0x01, 0xbb, 0x46, 0x00,
	0x85, 0x18, 0x01, 0xbb, 0x46, 0x00, 0xf1, 0x48, 0x03, 0xff, 0x48, 0x03, 0x9f, 0x46, 0x00, 0x85,
	0xba, 0x22, 0xbd, 0x46, 0x00, 0x83, 0x74, 0x22, 0xbd, 0x46, 0x00, 0x83, 0x2e, 0x22, 0xbd, 0x46,
	0x00, 0x83, 0xe8, 0x21, 0xc3, 0x18, 0x01, 0xbb, 0x8e, 0x03, 0x85, 0x18, 0x01, 0xbd, 0x46, 0x00,
	0x83, 0x18, 0x01, 0xbd, 0x46, 0x00, 0x83, 0x18, 0x01, 0xbd, 0x46, 0x00, 0x83, 0x18, 0x01, 0xbb,
	0x8e, 0x03, 0x85, 0x18, 0x01, 0xbd, 0x46, 0x00, 0x83, 0x18, 0x01, 0xbd, 0x46, 0x00, 0x83, 0x18,
	0x01, 0xbd, 0x46, 0x00, 0xef, 0x48, 0x03, 0xff, 0x48, 0x03, 0xa1, 0x46, 0x00, 0x83, 0xea, 0x24,
	0xbf, 0x46, 0x00, 0x81, 0xa4, 0x24, 0xbf, 0x46, 0x00, 0x81, 0x5e, 0x24, 0xbf, 0x46, 0x00, 0x81,
	0x18, 0x24, 0xc3, 0x18, 0x01, 0xbd, 0x8e, 0x03, 0x83, 0x18, 0x01, 0xbf, 0x46, 0x00, 0x81, 0x18,
	0x01, 0xbf, 0x46, 0x00, 0x81, 0x18, 0x01, 0xbf, 0x46, 0x00, 0x81, 0x18, 0x01, 0xbd, 0x8e, 0x03,
	0x83, 0x18, 0x01, 0xbf, 0x46, 0x00, 0x81, 0x18, 0x01, 0xbf, 0x46, 0x00, 0x81, 0x18, 0x01, 0xbf,
	0x46, 0x00, 0xed, 0x48, 0x03, 0xff, 0x48, 0x03, 0x9d, 0x46, 0x00, 0xff, 0xb8, 0x1f, 0x8f, 0x38,
	0x0e, 0xff, 0xb8, 0x1f, 0xff, 0x00, 0x23, 0x91, 0x18, 0x01, 0xff, 0x00, 0x23, 0xff, 0x00, 0x23,
	0x91, 0x18, 0x01, 0xff, 0x00, 0x23, 0xf5, 0x48, 0x03, 0xff, 0x48, 0x03, 0x9f, 0xa6, 0x04, 0xff,
	0xb8, 0x1f, 0x87, 0x46, 0x00, 0xff, 0xb8, 0x1f, 0x8d, 0x18, 0x01, 0xff, 0x00, 0x23, 0x87, 0x18,
	0x01, 0xff, 0x00, 0x23, 0x87, 0x18, 0x01, 0xff, 0x00, 0x23, 0x87, 0x18, 0x01, 0xff, 0x00, 0x23,
	0x87, 0x18, 0x01, 0xeb, 0x48, 0x03, 0xff, 0x48, 0x03, 0x9f, 0x46, 0x00, 0xff, 0xb8, 0x1f, 0x89,
	0x46, 0x00, 0xff, 0xb8, 0x1f, 0x8b, 0x18, 0x01, 0xff, 0x00, 0x23, 0x87, 0x18, 0x01, 0xff, 0x00,
	0x23, 0x87, 0x18, 0x01, 0xff, 0x00, 0x23, 0x87, 0x18, 0x01, 0xff, 0x00, 0x23, 0x87, 0x18, 0x01,
	0xeb, 0x48, 0x03, 0xff, 0x48, 0x03, 0xa1, 0x46, 0x00, 0xff, 0xb8, 0x1f, 0x8b, 0x38, 0x0e, 0xff,
	0xb8, 0x1f, 0x87, 0x18, 0x01, 0xff, 0x00, 0x23, 0x87, 0x18, 0x01, 0xff, 0x00, 0x23, 0x87, 0x18,
	0x01, 0xff, 0x00, 0x23, 0x87, 0x18, 0x01, 0xff, 0x00, 0x23, 0x87, 0x18, 0x01, 0xeb, 0x48, 0x03,
	0xff, 0x48, 0x03, 0x9d, 0x46, 0x00, 0xff, 0xb8, 0x1f, 0x8f, 0x38, 0x0e, 0xff, 0xb8, 0x1f, 0xff,
	0x00, 0x23, 0x93, 0x18, 0x01, 0xff, 0x00, 0x23, 0xff, 0x00, 0x23, 0x91, 0x18, 0x01, 0xff, 0x00,
	0x23, 0xf3, 0x48, 0x03, 0xff, 0x48, 0x03, 0x9f, 0xa6, 0x04, 0xff, 0xb8, 0x1f, 0x87, 0x46, 0x00,
	0xff, 0xb8, 0x1f, 0x8f, 0x18, 0x01, 0xff, 0x00, 0x23, 0x87, 0x18, 0x01, 0xff, 0x00, 0x23, 0xff,
	0x00, 0x23, 0x91, 0x18, 0x01, 0xff, 0x00, 0x23, 0xf3, 0x48, 0x03, 0xff, 0x48, 0x03, 0x9f, 0x46,
	0x00, 0xff, 0xb8, 0x1f, 0x89, 0x46, 0x00, 0xff, 0xb8, 0x1f, 0x8d, 0x18, 0x01, 0xff, 0x00, 0x23,
	0xff, 0x00, 0x23, 0x91, 0x18, 0x01, 0xff, 0x00, 0x23, 0xff, 0x00, 0x23, 0xfd, 0x48, 0x03, 0xff,
	0x48, 0x03, 0xa1, 0x46, 0x00, 0xff, 0xb8, 0x1f, 0x8b, 0x38, 0x0e, 0xff, 0xb8, 0x1f, 0x89, 0x18,
	0x01, 0xff, 0x00, 0x23, 0xff, 0x00, 0x23, 0x91, 0x18, 0x01, 0xff, 0x00, 0x23, 0xff, 0x00, 0x23,
	0xfd, 0x48, 0x03, 0xff, 0x48, 0x03, 0x9d, 0x46, 0x00, 0xff, 0xb8, 0x1f, 0x8f, 0x38, 0x0e, 0xff,
	0xb8, 0x1f, 0xff, 0x00, 0x23, 0x91, 0x18, 0x01, 0xff, 0x00, 0x23, 0xff, 0x00, 0x23, 0x91, 0x18,
	0x01, 0xff, 0x00, 0x23, 0xf5, 0x48, 0x03, 0xff, 0x48, 0x03, 0x9f, 0xa6, 0x04, 0xff, 0xb8, 0x1f,
	0x87, 0x46, 0x00, 0xff, 0xb8, 0x1f, 0x8d, 0x18, 0x01, 0xff, 0x00, 0x23, 0x87, 0x18, 0x01, 0xff,
	0x00, 0x23, 0x87, 0x18, 0x01, 0xff, 0x00, 0x23, 0x87, 0x18, 0x01, 0xff, 0x00, 0x23, 0x87, 0x18,
	0x01, 0xeb, 0x48, 0x03, 0xff, 0x48, 0x03, 0x9f, 0x46, 0x00, 0xff, 0xb8, 0x1f, 0x89, 0x46, 0x00,
	0xff, 0xb8, 0x1f, 0x8b, 0x18, 0x01, 0xff, 0x00, 0x23, 0x87, 0x18, 0x01, 0xff, 0x00, 0x23, 0x87,
	0x18, 0x01, 0xff, 0x00, 0x23, 0x87, 0x18, 0x01, 0xff, 0x00, 0x23, 0x87, 0x18, 0x01, 0xeb, 0x48,
	0x03, 0xff, 0x48, 0x03, 0xa1, 0x46, 0x00, 0xff, 0xb8, 0x1f, 0x8b, 0x38, 0x0e, 0xff, 0xb8, 0x1f,
	0x87, 0x18, 0x01, 0xff, 0x00, 0x23, 0x87, 0x18, 0x01, 0xff, 0x00, 0x23, 0x87, 0x18, 0x01, 0xff,
	0x00, 0x23, 0x87, 0x18, 0x01, 0xff, 0x00, 0x23, 0x87, 0x18, 0x01, 0xeb, 0x48, 0x03, 0xff, 0x48,
	0x03, 0x9d, 0x46, 0x00, 0xff, 0xb8, 0x1f, 0x8f, 0x38, 0x0e, 0xff, 0xb8, 0x1f, 0xff, 0x00, 0x23,
	0x93, 0x18, 0x01, 0xff, 0x00, 0x23, 0xff, 0x00, 0x23, 0x91, 0x18, 0x01, 0xff, 0x00, 0x23, 0xf3,
	0x48, 0x03, 0xff, 0x48, 0x03, 0x9f, 0xa6, 0x04, 0xff, 0xb8, 0x1f, 0x87, 0x46, 0x00, 0xff, 0xb8,
	0x1f, 0x8f, 0x18, 0x01, 0xff, 0x00, 0x23, 0x87, 0x18, 0x01, 0xff, 0x00, 0x23, 0xff, 0x00, 0x23,
	0x91, 0x18, 0x01, 0xff, 0x00, 0x23, 0xf3, 0x48, 0x03, 0xff, 0x48, 0x03, 0x9f, 0x46, 0x00, 0xff,
	0xb8, 0x1f, 0x89, 0x46, 0x00, 0xff, 0xb8, 0x1f, 0x8d, 0x18, 0x01, 0xff, 0x00, 0x23, 0xff, 0x00,
	0x23, 0x91, 0x18, 0x01, 0xff, 0x00, 0x23, 0xff, 0x00, 0x23, 0xfd, 0x48, 0x03, 0xff, 0x48, 0x03,
	0xa1, 0x46, 0x00, 0xff, 0xb8, 0x1f, 0x8b, 0x38, 0x0e, 0xff, 0xb8, 0x1f, 0x89, 0x18, 0x01, 0xff,
	0x00, 0x23, 0xff, 0x00, 0x23, 0x91, 0x18, 0x01, 0xff, 0x00, 0x23, 0xff, 0x00, 0x23, 0xfd, 0x48,
	0x03, 0xff, 0x48, 0x03, 0x9d, 0x46, 0x00, 0xff, 0xb8, 0x1f, 0x8f, 0x38, 0x0e, 0xff, 0xb8, 0x1f,
	0xff, 0x00, 0x23, 0x91, 0x18, 0x01, 0xff, 0x00, 0x23, 0xff, 0x00, 0x23, 0x91, 0x18, 0x01, 0xff,
	0x00, 0x23, 0xf5, 0x48, 0x03, 0xff, 0x48, 0x03, 0x9f, 0xa6, 0x04, 0xff, 0xb8, 0x1f, 0x87, 0x46,
	0x00, 0xff, 0xb8, 0x1f, 0x8d, 0x18, 0x01, 0xff, 0x00, 0x23, 0x87, 0x18, 0x01, 0xff, 0x00, 0x23,
	0x87, 0x18, 0x01, 0xff, 0x00, 0x23, 0x87, 0x18, 0x01, 0xff, 0x00, 0x23, 0x87, 0x18, 0x01, 0xeb,
	0x48, 0x03, 0xff, 0x48, 0x03, 0x9f, 0x46, 0x00, 0xff, 0xb8, 0x1f, 0x89, 0x46, 0x00, 0xff, 0xb8,
	0x1f, 0x8b, 0x18, 0x01, 0xff, 0x00, 0x23, 0x87, 0x18, 0x01, 0xff, 0x00, 0x23, 0x87, 0x18, 0x01,
	0xff, 0x00, 0x23, 0x87, 0x18, 0x01, 0xff, 0x00, 0x23, 0x87, 0x18, 0x01, 0xeb, 0x48, 0x03, 0xff,
	0x48, 0x03, 0xa1, 0x46, 0x00, 0xff, 0xb8, 0x1f, 0x8b, 0x38, 0x0e, 0xff, 0xb8, 0x1f, 0x87, 0x18,
	0x01, 0xff, 0x00, 0x23, 0x87, 0x18, 0x01, 0xff, 0x00, 0x23, 0x87, 0x18, 0x01, 0xff, 0x00, 0x23,
	0x87, 0x18, 0x01, 0xff, 0x00, 0x23, 0x87, 0x18, 0x01, 0xeb, 0x48, 0x03, 0xff, 0x48, 0x03, 0x9d,
	0x46, 0x00, 0xff, 0xb8, 0x1f, 0x8f, 0x38, 0x0e, 0xff, 0xb8, 0x1f, 0xff, 0x00, 0x23, 0x93, 0x18,
	0x01, 0xff, 0x00, 0x23, 0xff, 0x00, 0x23, 0x91, 0x18, 0x01, 0xff, 0x00, 0x23, 0xf3, 0x48, 0x03,
	0xff, 0x48, 0x03, 0x9f, 0xa6, 0x04, 0xff, 0xb8, 0x1f, 0x87, 0x46, 0x00, 0xff, 0xb8, 0x1f, 0x8f,
	0x18, 0x01, 0xff, 0x00, 0x23, 0x87, 0x18, 0x01, 0xff, 0x00, 0x23, 0xff, 0x00, 0x23, 0x91, 0x18,
	0x01, 0xff, 0x00, 0x23, 0xf3, 0x48, 0x03, 0xff, 0x48, 0x03, 0x9f, 0x46, 0x00, 0xff, 0xb8, 0x1f,
	0x89, 0x46, 0x00, 0xff, 0xb8, 0x1f, 0x8d, 0x18, 0x01, 0xff, 0x00, 0x23, 0xff, 0x00, 0x23, 0x91,
	0x18, 0x01, 0xff, 0x00, 0x23, 0xff, 0x00, 0x23, 0xfd, 0x48, 0x03, 0xff, 0x48, 0x03, 0xa1, 0x46,
	0x00, 0xff, 0xb8, 0x1f, 0x8b, 0x38, 0x0e, 0xff, 0xb8, 0x1f, 0x89, 0x18, 0x01, 0xff, 0x00, 0x23,
	0xff, 0x00, 0x23, 0x91, 0x18, 0x01, 0xff, 0x00, 0x23, 0xff, 0x00, 0x23, 0xfd, 0x48, 0x03, 0xff,
	0x48, 0x03, 0x87, 0x46, 0x00, 0x8e, 0x46, 0x8c, 0x8a, 0x38, 0x0e, 0xa5, 0xc6, 0x11, 0x93, 0x46,
	0x00, 0xad, 0xb8, 0x1f, 0x93, 0x46, 0x00, 0xad, 0xb8, 0x1f, 0x93, 0x46, 0x00, 0xad, 0xb8, 0x1f,
	0x9b, 0x18, 0x01, 0xa5, 0x0e, 0x15, 0x9b, 0x18, 0x01, 0xbb, 0x46, 0x00, 0xad, 0x00, 0x23, 0x9b,
	0x18, 0x01, 0xbb, 0x46, 0x00, 0xad, 0x00, 0x23, 0x9b, 0x18, 0x01, 0xbb, 0x46, 0x00, 0xad, 0x00,
	0x23, 0x9b, 0x18, 0x01, 0xbb, 0x46, 0x00, 0xf3, 0x48, 0x03, 0xff, 0x48, 0x03, 0x9e, 0x8c, 0x00,
	0xac, 0xb8, 0x1f, 0x95, 0x46, 0x00, 0xab, 0xb8, 0x1f, 0x95, 0x46, 0x00, 0xab, 0xb8, 0x1f, 0x95,
	0x46, 0x00, 0xab, 0xb8, 0x1f, 0x9b, 0x18, 0x01, 0xbc, 0x1a, 0x04, 0xac, 0x00, 0x23, 0x9b, 0x18,
	0x01, 0xbd, 0x46, 0x00, 0xab, 0x00, 0x23, 0x9b, 0x18, 0x01, 0xbc, 0x1a, 0x04, 0xac, 0x00, 0x23,
	0x9b, 0x18, 0x01, 0xbd, 0x46, 0x00, 0xab, 0x00, 0x23, 0xff, 0x48, 0x03, 0x87, 0x46, 0x00, 0xff,
	0x48, 0x03, 0x9f, 0x46, 0x00, 0xab, 0xb8, 0x1f, 0x97, 0x46, 0x00, 0xa9, 0xb8, 0x1f, 0x97, 0x46,
	0x00, 0xa9, 0xb8, 0x1f, 0x97, 0x46, 0x00, 0xa9, 0xb8, 0x1f, 0x9b, 0x18, 0x01, 0xbd, 0x8e, 0x03,
	0xab, 0x00, 0x23, 0x9b, 0x18, 0x01, 0xbf, 0x46, 0x00, 0xa9, 0x00, 0x23, 0x9b, 0x18, 0x01, 0xbd,
	0x8e, 0x03, 0xab, 0x00, 0x23, 0x9b, 0x18, 0x01, 0xbf, 0x46, 0x00, 0xa9, 0x00, 0x23, 0xff, 0x48,
	0x03, 0x87, 0x46, 0x00, 0xff, 0x48, 0x03, 0xa1, 0x46, 0x00, 0xa9, 0xb8, 0x1f, 0x99, 0x46, 0x00,
	0xa7, 0xb8, 0x1f, 0x99, 0x46, 0x00, 0xa7, 0xb8, 0x1f, 0x99, 0x46, 0x00, 0xa7, 0xb8, 0x1f, 0x9b,
	0x18, 0x01, 0xbf, 0x8e, 0x03, 0xa9, 0x00, 0x23, 0x9b, 0x18, 0x01, 0xc1, 0x46, 0x00, 0xa7, 0x00,
	0x23, 0x9b, 0x18, 0x01, 0xbf, 0x8e, 0x03, 0xa9, 0x00, 0x23, 0x9b, 0x18, 0x01, 0xc1, 0x46, 0x00,
	0xa7, 0x00, 0x23, 0xff, 0x48, 0x03, 0x87, 0x46, 0x00, 0xff, 0x48, 0x03, 0x9d, 0x46, 0x00, 0xad,
	0xb8, 0x1f, 0x9b, 0x38, 0x0e, 0xbb, 0x46, 0x00, 0xad, 0xb8, 0x1f, 0x9b, 0x38, 0x0e, 0xc3, 0x98,
	0x12, 0xa5, 0x0e, 0x15, 0x9d, 0x18, 0x01, 0xb9, 0x46, 0x00, 0xad, 0x00, 0x23, 0x9d, 0x18, 0x01,
	0xb9, 0x46, 0x00, 0xad, 0x00, 0x23, 0x9d, 0x18, 0x01, 0xb9, 0x46, 0x00, 0xad, 0x00, 0x23, 0x9d,
	0x18, 0x01, 0xb9, 0x46, 0x00, 0xf3, 0x48, 0x03, 0xff, 0x48, 0x03, 0x9f, 0xa6, 0x04, 0xab, 0xb8,
	0x1f, 0x9b, 0x38, 0x0e, 0xbd, 0x46, 0x00, 0xab, 0xb8, 0x1f, 0x9b, 0x38, 0x0e, 0xc5, 0x18, 0x01,
	0xba, 0x1a, 0x04, 0xac, 0x00, 0x23, 0x9d, 0x18, 0x01, 0xbb, 0x46, 0x00, 0xab, 0x00, 0x23, 0x9d,
	0x18, 0x01, 0xba, 0x1a, 0x04, 0xac, 0x00, 0x23, 0x9d, 0x18, 0x01, 0xbb, 0x46, 0x00, 0xab, 0x00,
	0x23, 0xff, 0x48, 0x03, 0x87, 0x46, 0x00, 0xff, 0x48, 0x03, 0x9f, 0x46, 0x00, 0xab, 0xb8, 0x1f,
	0x9b, 0x38, 0x0e, 0xbf, 0x46, 0x00, 0xa9, 0xb8, 0x1f, 0x9b, 0x38, 0x0e, 0xc5, 0x18, 0x01, 0xbb,
	0x8e, 0x03, 0xab, 0x00, 0x23, 0x9d, 0x18, 0x01, 0xbd, 0x46, 0x00, 0xa9, 0x00, 0x23, 0x9d, 0x18,
	0x01, 0xbb, 0x8e, 0x03, 0xab, 0x00, 0x23, 0x9d, 0x18, 0x01, 0xbd, 0x46, 0x00, 0xa9, 0x00, 0x23,
	0xff, 0x48, 0x03, 0x87, 0x46, 0x00, 0xff, 0x48, 0x03, 0xa1, 0x46, 0x00, 0xa9, 0xb8, 0x1f, 0x9b,
	0x38, 0x0e, 0xc1, 0x46, 0x00, 0xa7, 0xb8, 0x1f, 0x9b, 0x38, 0x0e, 0xc5, 0x18, 0x01, 0xbd, 0x8e,
	0x03, 0xa9, 0x00, 0x23, 0x9d, 0x18, 0x01, 0xbf, 0x46, 0x00, 0xa7, 0x00, 0x23, 0x9d, 0x18, 0x01,
	0xbd, 0x8e, 0x03, 0xa9, 0x00, 0x23, 0x9d, 0x18, 0x01, 0xbf, 0x46, 0x00, 0xa7, 0x00, 0x23, 0xff,
	0x48, 0x03, 0x87, 0x46, 0x00, 0xff, 0x48, 0x03, 0x9d, 0x46, 0x00, 0xff, 0xb8, 0x1f, 0x8f, 0x38,
	0x0e, 0xff, 0xb8, 0x1f, 0xff, 0x00, 0x23, 0x91, 0x18, 0x01, 0xff, 0x00, 0x23, 0xff, 0x00, 0x23,
	0x91, 0x18, 0x01, 0xff, 0x00, 0x23, 0xf5, 0x48, 0x03, 0xff, 0x48, 0x03, 0x9f, 0xa6, 0x04, 0xff,
	0xb8, 0x1f, 0x87, 0x46, 0x00, 0xff, 0xb8, 0x1f, 0x8d, 0x18, 0x01, 0xff, 0x00, 0x23, 0x87, 0x18,
	0x01, 0xff, 0x00, 0x23, 0x87, 0x18, 0x01, 0xff, 0x00, 0x23, 0x87, 0x18, 0x01, 0xff, 0x00, 0x23,
	0x87, 0x18, 0x01, 0xeb, 0x48, 0x03, 0xff, 0x48, 0x03, 0x9f, 0x46, 0x00, 0xff, 0xb8, 0x1f, 0x89,
	0x46, 0x00, 0xff, 0xb8, 0x1f, 0x8b, 0x18, 0x01, 0xff, 0x00, 0x23, 0x87, 0x18, 0x01, 0xff, 0x00,
	0x23, 0x87, 0x18, 0x01, 0xff, 0x00, 0x23, 0x87, 0x18, 0x01, 0xff, 0x00, 0x23, 0x87, 0x18, 0x01,
	0xeb, 0x48, 0x03, 0xff, 0x48, 0x03, 0xa1, 0x46, 0x00, 0xff, 0xb8, 0x1f, 0x8b, 0x38, 0x0e, 0xff,
	0xb8, 0x1f, 0x87, 0x18, 0x01, 0xff, 0x00, 0x23, 0x87, 0x18, 0x01, 0xff, 0x00, 0x23, 0x87, 0x18,
	0x01, 0xff, 0x00, 0x23, 0x87, 0x18, 0x01, 0xff, 0x00, 0x23, 0x87, 0x18, 0x01, 0xeb, 0x48, 0x03,
	0xff, 0x48, 0x03, 0x9d, 0x46, 0x00, 0xff, 0xb8, 0x1f, 0x8f, 0x38, 0x0e, 0xff, 0xb8, 0x1f, 0xff,
	0x00, 0x23, 0x93, 0x18, 0x01, 0xff, 0x00, 0x23, 0xff, 0x00, 0x23, 0x91, 0x18, 0x01, 0xff, 0x00,
	0x23, 0xf3, 0x48, 0x03, 0xff, 0x48, 0x03, 0x9f, 0xa6, 0x04, 0xff, 0xb8, 0x1f, 0x87, 0x46, 0x00,
	0xff, 0xb8, 0x1f, 0x8f, 0x18, 0x01, 0xff, 0x00, 0x23, 0x87, 0x18, 0x01, 0xff, 0x00, 0x23, 0xff,
	0x00, 0x23, 0x91, 0x18, 0x01, 0xff, 0x00, 0x23, 0xf3, 0x48, 0x03, 0xff, 0x48, 0x03, 0x9f, 0x46,
	0x00, 0xff, 0xb8, 0x1f, 0x89, 0x46, 0x00, 0xff, 0xb8, 0x1f, 0x8d, 0x18, 0x01, 0xff, 0x00, 0x23,
	0xff, 0x00, 0x23, 0x91, 0x18, 0x01, 0xff, 0x00, 0x23, 0xff, 0x00, 0x23, 0xfd, 0x48, 0x03, 0xff,
	0x48, 0x03, 0xa1, 0x46, 0x00, 0xff, 0xb8, 0x1f, 0x8b, 0x38, 0x0e, 0xff, 0xb8, 0x1f, 0x89, 0x18,
	0x01, 0xff, 0x00, 0x23, 0xff, 0x00, 0x23, 0x91, 0x18, 0x01, 0xff, 0x00, 0x23, 0xff, 0x00, 0x23,
	0xfd, 0x48, 0x03, 0xff, 0x48, 0x03, 0x9d, 0x46, 0x00, 0xff, 0xb8, 0x1f, 0x8f, 0x38, 0x0e, 0xff,
	0xb8, 0x1f, 0xff, 0x00, 0x23, 0x91, 0x18, 0x01, 0xff, 0x00, 0x23, 0xff, 0x00, 0x23, 0x91, 0x18,
	0x01, 0xff, 0x00, 0x23, 0xf5, 0x48, 0x03, 0xff, 0x48, 0x03, 0x9f, 0xa6, 0x04, 0xff, 0xb8, 0x1f,
	0x87, 0x46, 0x00, 0xff, 0xb8, 0x1f, 0x8d, 0x18, 0x01, 0xff, 0x00, 0x23, 0x87, 0x18, 0x01, 0xff,
	0x00, 0x23, 0x87, 0x18, 0x01, 0xff, 0x00, 0x23, 0x87, 0x18, 0x01, 0xff, 0x00, 0x23, 0x87, 0x18,
	0x01, 0xeb, 0x48, 0x03, 0xff, 0x48, 0x03, 0x9f, 0x46, 0x00, 0xff, 0xb8, 0x1f, 0x89, 0x46, 0x00,
	0xff, 0xb8, 0x1f, 0x8b, 0x18, 0x01, 0xff, 0x00, 0x23, 0x87, 0x18, 0x01, 0xff, 0x00, 0x23, 0x87,
	0x18, 0x01, 0xff, 0x00, 0x23, 0x87, 0x18, 0x01, 0xff, 0x00, 0x23, 0x87, 0x18, 0x01, 0xeb, 0x48,
	0x03, 0xff, 0x48, 0x03, 0xa1, 0x46, 0x00, 0xff, 0xb8, 0x1f, 0x8b, 0x38, 0x0e, 0xff, 0xb8, 0x1f,
	0x87, 0x18, 0x01, 0xff, 0x00, 0x23, 0x87, 0x18, 0x01, 0xff, 0x00, 0x23, 0x87, 0x18, 0x01, 0xff,
	0x00, 0x23, 0x87, 0x18, 0x01, 0xff, 0x00, 0x23, 0x87, 0x18, 0x01, 0xeb, 0x48, 0x03, 0xff, 0x48,
	0x03, 0x9d, 0x46, 0x00, 0xff, 0xb8, 0x1f, 0x8f, 0x38, 0x0e, 0xff, 0xb8, 0x1f, 0xff, 0x00, 0x23,
	0x93, 0x18, 0x01, 0xff, 0x00, 0x23, 0xff, 0x00, 0x23, 0x91, 0x18, 0x01, 0xff, 0x00, 0x23, 0xf3,
	0x48, 0x03, 0xff, 0x48, 0x03, 0x9f, 0xa6, 0x04, 0xff, 0xb8, 0x1f, 0x87, 0x46, 0x00, 0xff, 0xb8,
	0x1f, 0x8f, 0x18, 0x01, 0xff, 0x00, 0x23, 0x87, 0x18, 0x01, 0xff, 0x00, 0x23, 0xff, 0x00, 0x23,
	0x91, 0x18, 0x01, 0xff, 0x00, 0x23, 0xf3, 0x48, 0x03, 0xff, 0x48, 0x03, 0x9f, 0x46, 0x00, 0xff,
	0xb8, 0x1f, 0x89, 0x46, 0x00, 0xff, 0xb8, 0x1f, 0x8d, 0x18, 0x01, 0xff, 0x00, 0x23, 0xff, 0x00,
	0x23, 0x91, 0x18, 0x01, 0xff, 0x00, 0x23, 0xff, 0x00, 0x23, 0xfd, 0x48, 0x03, 0xff, 0x48, 0x03,
	0xa1, 0x46, 0x00, 0xff, 0xb8, 0x1f, 0x8b, 0x38, 0x0e, 0xff, 0xb8, 0x1f, 0x89, 0x18, 0x01, 0xff,
	0x00, 0x23, 0xff, 0x00, 0x23, 0x91, 0x18, 0x01, 0xff, 0x00, 0x23, 0xff, 0x00, 0x23, 0xfd, 0x48,
	0x03, 0xff, 0x48, 0x03, 0x9d, 0x46, 0x00, 0xff, 0xb8, 0x1f, 0x8f, 0x38, 0x0e, 0xff, 0xb8, 0x1f,
	0xff, 0x00, 0x23, 0x91, 0x18, 0x01, 0xff, 0x00, 0x23, 0xff, 0x00, 0x23, 0x91, 0x18, 0x01, 0xff,
	0x00, 0x23, 0xf5, 0x48, 0x03, 0xff, 0x48, 0x03, 0x9f, 0xa6, 0x04, 0xff, 0xb8, 0x1f, 0x87, 0x46,
	0x00, 0xff, 0xb8, 0x1f, 0x8d, 0x18, 0x01, 0xff, 0x00, 0x23, 0x87, 0x18, 0x01, 0xff, 0x00, 0x23,
	0x87, 0x18, 0x01, 0xff, 0x00, 0x23, 0x87, 0x18, 0x01, 0xff, 0x00, 0x23, 0x87, 0x18, 0x01, 0xeb,
	0x48, 0x03, 0xff, 0x48, 0x03, 0x9f, 0x46, 0x00, 0xff, 0xb8, 0x1f, 0x89, 0x46, 0x00, 0xff, 0xb8,
	0x1f, 0x8b, 0x18, 0x01, 0xff, 0x00, 0x23, 0x87, 0x18, 0x01, 0xff, 0x00, 0x23, 0x87, 0x18, 0x01,
	0xff, 0x00, 0x23, 0x87, 0x18, 0x01, 0xff, 0x00, 0x23, 0x87, 0x18, 0x01, 0xeb, 0x48, 0x03, 0xff,
	0x48, 0x03, 0xa1, 0x46, 0x00, 0xff, 0xb8, 0x1f, 0x8b, 0x38, 0x0e, 0xff, 0xb8, 0x1f, 0x87, 0x18,
	0x01, 0xff, 0x00, 0x23, 0x87, 0x18, 0x01, 0xff, 0x00, 0x23, 0x87, 0x18, 0x01, 0xff, 0x00, 0x23,
	0x87, 0x18, 0x01, 0xff, 0x00, 0x23, 0x87, 0x18, 0x01, 0xeb, 0x48, 0x03, 0xff, 0x48, 0x03, 0x9d,
	0x46, 0x00, 0xff, 0xb8, 0x1f, 0x8f, 0x38, 0x0e, 0xff, 0xb8, 0x1f, 0xff, 0x00, 0x23, 0x93, 0x18,
	0x01, 0xff, 0x00, 0x23, 0xff, 0x00, 0x23, 0x91, 0x18, 0x01, 0xff, 0x00, 0x23, 0xf3, 0x48, 0x03,
	0xff, 0x48, 0x03, 0x9f, 0xa6, 0x04, 0xff, 0xb8, 0x1f, 0x87, 0x46, 0x00, 0xff, 0xb8, 0x1f, 0x8f,
	0x18, 0x01, 0xff, 0x00, 0x23, 0x87, 0x18, 0x01, 0xff, 0x00, 0x23, 0xff, 0x00, 0x23, 0x91, 0x18,
	0x01, 0xff, 0x00, 0x23, 0xf3, 0x48, 0x03, 0xff, 0x48, 0x03, 0x9f, 0x46, 0x00, 0xff, 0xb8, 0x1f,
	0x89, 0x46, 0x00, 0xff, 0xb8, 0x1f, 0x8d, 0x18, 0x01, 0xff, 0x00, 0x23, 0xff, 0x00, 0x23, 0x91,
	0x18, 0x01, 0xff, 0x00, 0x23, 0xff, 0x00, 0x23, 0xfd, 0x48, 0x03, 0xff, 0x48, 0x03, 0xa1, 0x46,
	0x00, 0xff, 0xb8, 0x1f, 0x8b, 0x38, 0x0e, 0xff, 0xb8, 0x1f, 0x89, 0x18, 0x01, 0xff, 0x00, 0x23,
	0xff, 0x00, 0x23, 0x91, 0x18, 0x01, 0xff, 0x00, 0x23, 0xff, 0x00, 0x23, 0xfd, 0x48, 0x03, 0xff,
	0x48, 0x03, 0x9d, 0x46, 0x00, 0xff, 0xb8, 0x1f, 0x8f, 0x38, 0x0e, 0xff, 0xb8, 0x1f, 0xff, 0x00,
	0x23, 0x91, 0x18, 0x01, 0xff, 0x00, 0x23, 0xff, 0x00, 0x23, 0x91, 0x18, 0x01, 0xff, 0x00, 0x23,
	0xf5, 0x48, 0x03, 0xff, 0x48, 0x03, 0x9f, 0xa6, 0x04, 0xff, 0xb8, 0x1f, 0x87, 0x46, 0x00, 0xff,
	0xb8, 0x1f, 0x8d, 0x18, 0x01, 0xff, 0x00, 0x23, 0x87, 0x18, 0x01, 0xff, 0x00, 0x23, 0x87, 0x18,
	0x01, 0xff, 0x00, 0x23, 0x87, 0x18, 0x01, 0xff, 0x00, 0x23, 0x87, 0x18, 0x01, 0xeb, 0x48, 0x03,
	0xff, 0x48, 0x03, 0x9f, 0x46, 0x00, 0xff, 0xb8, 0x1f, 0x89, 0x46, 0x00, 0xff, 0xb8, 0x1f, 0x8b,
	0x18, 0x01, 0xff, 0x00, 0x23, 0x87, 0x18, 0x01, 0xff, 0x00, 0x23, 0x87, 0x18, 0x01, 0xff, 0x00,
	0x23, 0x87, 0x18, 0x01, 0xff, 0x00, 0x23, 0x87, 0x18, 0x01, 0xeb, 0x48, 0x03, 0xff, 0x48, 0x03,
	0xa1, 0x46, 0x00, 0xff, 0xb8, 0x1f, 0x8b, 0x38, 0x0e, 0xff, 0xb8, 0x1f, 0x87, 0x18, 0x01, 0xff,
	0x00, 0x23, 0x87, 0x18, 0x01, 0xff, 0x00, 0x23, 0x87, 0x18, 0x01, 0xff, 0x00, 0x23, 0x87, 0x18,
	0x01, 0xff, 0x00, 0x23, 0x87, 0x18, 0x01, 0xeb, 0x48, 0x03, 0xff, 0x48, 0x03, 0x9d, 0x46, 0x00,
	0xff, 0xb8, 0x1f, 0x8f, 0x38, 0x0e, 0xff, 0xb8, 0x1f, 0xff, 0x00, 0x23, 0x93, 0x18, 0x01, 0xff,
	0x00, 0x23, 0xff, 0x00, 0x23, 0x91, 0x18, 0x01, 0xff, 0x00, 0x23, 0xf3, 0x48, 0x03, 0xff, 0x48,
	0x03, 0x9f, 0xa6, 0x04, 0xff, 0xb8, 0x1f, 0x87, 0x46, 0x00, 0xff, 0xb8, 0x1f, 0x8f, 0x18, 0x01,
	0xff, 0x00, 0x23, 0x87, 0x18, 0x01, 0xff, 0x00, 0x23, 0xff, 0x00, 0x23, 0x91, 0x18, 0x01, 0xff,
	0x00, 0x23, 0xf3, 0x48, 0x03, 0xff, 0x48, 0x03, 0x9f, 0x46, 0x00, 0xff, 0xb8, 0x1f, 0x89, 0x46,
	0x00, 0xff, 0xb8, 0x1f, 0x8d, 0x18, 0x01, 0xff, 0x00, 0x23, 0xff, 0x00, 0x23, 0x91, 0x18, 0x01,
	0xff, 0x00, 0x23, 0xff, 0x00, 0x23, 0xfd, 0x48, 0x03, 0xff, 0x48, 0x03, 0xa1, 0x46, 0x00, 0xff,
	0xb8, 0x1f, 0x8b, 0x38, 0x0e, 0xff, 0xb8, 0x1f, 0x89, 0x18, 0x01, 0xff, 0x00, 0x23, 0xff, 0x00,
	0x23, 0x91, 0x18, 0x01, 0xff, 0x00, 0x23, 0xff, 0x00, 0x23, 0xfd, 0x48, 0x03, 0xff, 0x48, 0x03,
	0x9d, 0x46, 0x00, 0xff, 0xb8, 0x1f, 0x8f, 0x38, 0x0e, 0xff, 0xb8, 0x1f, 0xff, 0x00, 0x23, 0x91,
	0x18, 0x01, 0xff, 0x00, 0x23, 0xff, 0x00, 0x23, 0x91, 0x18, 0x01, 0xff, 0x00, 0x23, 0xf5, 0x48,
	0x03, 0xff, 0x48, 0x03, 0x9f, 0xa6, 0x04, 0xff, 0xb8, 0x1f, 0x87, 0x46, 0x00, 0xff, 0xb8, 0x1f,
	0x8d, 0x18, 0x01, 0xff, 0x00, 0x23, 0x87, 0x18, 0x01, 0xff, 0x00, 0x23, 0x87, 0x18, 0x01, 0xff,
	0x00, 0x23, 0x87, 0x18, 0x01, 0xff, 0x00, 0x23, 0x87, 0x18, 0x01, 0xeb, 0x48, 0x03, 0xff, 0x48,
	0x03, 0x9f, 0x46, 0x00, 0xff, 0xb8, 0x1f, 0x89, 0x46, 0x00, 0xff, 0xb8, 0x1f, 0x8b, 0x18, 0x01,
	0xff, 0x00, 0x23, 0x87, 0x18, 0x01, 0xff, 0x00, 0x23, 0x87, 0x18, 0x01, 0xff, 0x00, 0x23, 0x87,
	0x18, 0x01, 0xff, 0x00, 0x23, 0x87, 0x18, 0x01, 0xeb, 0x48, 0x03, 0xff, 0x48, 0x03, 0xa1, 0x46,
	0x00, 0xff, 0xb8, 0x1f, 0x8b, 0x38, 0x0e, 0xff, 0xb8, 0x1f, 0x87, 0x18, 0x01, 0xff, 0x00, 0x23,
	0x87, 0x18, 0x01, 0xff, 0x00, 0x23, 0x87, 0x18, 0x01, 0xff, 0x00, 0x23, 0x87, 0x18, 0x01, 0xff,
	0x00, 0x23, 0x87, 0x18, 0x01, 0xeb, 0x48, 0x03, 0xff, 0x48, 0x03, 0x9d, 0x46, 0x00, 0xff, 0xb8,
	0x1f, 0x8f, 0x38, 0x0e, 0xff, 0xb8, 0x1f, 0xff, 0x00, 0x23, 0x93, 0x18, 0x01, 0xff, 0x00, 0x23,
	0xff, 0x00, 0x23, 0x91, 0x18, 0x01, 0xff, 0x00, 0x23, 0xf3, 0x48, 0x03, 0xff, 0x48, 0x03, 0x9f,
	0xa6, 0x04, 0xff, 0xb8, 0x1f, 0x87, 0x46, 0x00, 0xff, 0xb8, 0x1f, 0x8f, 0x18, 0x01, 0xff, 0x00,
	0x23, 0x87, 0x18, 0x01, 0xff, 0x00, 0x23, 0xff, 0x00, 0x23, 0x91, 0x18, 0x01, 0xff, 0x00, 0x23,
	0xf3, 0x48, 0x03, 0xff, 0x48, 0x03, 0x9f, 0x46, 0x00, 0xff, 0xb8, 0x1f, 0x89, 0x46, 0x00, 0xff,
	0xb8, 0x1f, 0x8d, 0x18, 0x01, 0xff, 0x00, 0x23, 0xff, 0x00, 0x23, 0x91, 0x18, 0x01, 0xff, 0x00,
	0x23, 0xff, 0x00, 0x23, 0xfd, 0x48, 0x03, 0xff, 0x48, 0x03, 0xa1, 0x46, 0x00, 0xff, 0xb8, 0x1f,
	0x8b, 0x38, 0x0e, 0xff, 0xb8, 0x1f, 0x89, 0x18, 0x01, 0xff, 0x00, 0x23, 0xff, 0x00, 0x23, 0x91,
	0x18, 0x01, 0xff, 0x00, 0x23, 0xff, 0x00, 0x23, 0xfd, 0x48, 0x03, 0xff, 0x48, 0x03, 0x9d, 0x46,
	0x00, 0xff, 0xb8, 0x1f, 0x8f, 0x38, 0x0e, 0xff, 0xb8, 0x1f, 0xff, 0x00, 0x23, 0x91, 0x18, 0x01,
	0xff, 0x00, 0x23, 0xff, 0x00, 0x23, 0x91, 0x18, 0x01, 0xff, 0x00, 0x23, 0xf5, 0x48, 0x03, 0xff,
	0x48, 0x03, 0x9f, 0xa6, 0x04, 0xff, 0xb8, 0x1f, 0x87, 0x46, 0x00, 0xff, 0xb8, 0x1f, 0x8d, 0x18,
	0x01, 0xff, 0x00, 0x23, 0x87, 0x18, 0x01, 0xff, 0x00, 0x23, 0x87, 0x18, 0x01, 0xff, 0x00, 0x23,
	0x87, 0x18, 0x01, 0xff, 0x00, 0x23, 0x87, 0x18, 0x01, 0xeb, 0x48, 0x03, 0xff, 0x48, 0x03, 0x9f,
	0x46, 0x00, 0xff, 0xb8, 0x1f, 0x89, 0x46, 0x00, 0xff, 0xb8, 0x1f, 0x8b, 0x18, 0x01, 0xff, 0x00,
	0x23, 0x87, 0x18, 0x01, 0xff, 0x00, 0x23, 0x87, 0x18, 0x01, 0xff, 0x00, 0x23, 0x87, 0x18, 0x01,
	0xff, 0x00, 0x23, 0x87, 0x18, 0x01, 0xeb, 0x48, 0x03, 0xff, 0x48, 0x03, 0xa1, 0x46, 0x00, 0xff,
	0xb8, 0x1f, 0x8b, 0x38, 0x0e, 0xff, 0xb8, 0x1f, 0x87, 0x18, 0x01, 0xff, 0x00, 0x23, 0x87, 0x18,
	0x01, 0xff, 0x00, 0x23, 0x87, 0x18, 0x01, 0xff, 0x00, 0x23, 0x87, 0x18, 0x01, 0xff, 0x00, 0x23,
	0x87, 0x18, 0x01, 0xeb, 0x48, 0x03, 0xff, 0x48, 0x03, 0x9d, 0x46, 0x00, 0xff, 0xb8, 0x1f, 0x8f,
	0x38, 0x0e, 0xff, 0xb8, 0x1f, 0xff, 0x00, 0x23, 0x93, 0x18, 0x01, 0xff, 0x00, 0x23, 0xff, 0x00,
	0x23, 0x91, 0x18, 0x01, 0xff, 0x00, 0x23, 0xf3, 0x48, 0x03, 0xff, 0x48, 0x03, 0x9f, 0xa6, 0x04,
	0xff, 0xb8, 0x1f, 0x87, 0x46, 0x00, 0xff, 0xb8, 0x1f, 0x8f, 0x18, 0x01, 0xff, 0x00, 0x23, 0x87,
	0x18, 0x01, 0xff, 0x00, 0x23, 0xff, 0x00, 0x23, 0x91, 0x18, 0x01, 0xff, 0x00, 0x23, 0xf3, 0x48,
	0x03, 0xff, 0x48, 0x03, 0x9f, 0x46, 0x00, 0xff, 0xb8, 0x1f, 0x89, 0x46, 0x00, 0xff, 0xb8, 0x1f,
	0x8d, 0x18, 0x01, 0xff, 0x00, 0x23, 0xff, 0x00, 0x23, 0x91, 0x18, 0x01, 0xff, 0x00, 0x23, 0xff,
	0x00, 0x23, 0xfd, 0x48, 0x03, 0xff, 0x48, 0x03, 0xa1, 0x46, 0x00, 0xff, 0xb8, 0x1f, 0x8b, 0x38,
	0x0e, 0xff, 0xb8, 0x1f, 0x89, 0x18, 0x01, 0xff, 0x00, 0x23, 0xff, 0x00, 0x23, 0x91, 0x18, 0x01,
	0xff, 0x00, 0x23, 0xff, 0x00, 0x23, 0xfd, 0x48, 0x03, 0xff, 0x48, 0x03, 0x9d, 0x46, 0x00, 0xff,
	0xb8, 0x1f, 0x8f, 0x38, 0x0e, 0xff, 0xb8, 0x1f, 0xff, 0x00, 0x23, 0x91, 0x18, 0x01, 0xff, 0x00,
	0x23, 0xff, 0x00, 0x23, 0x91, 0x18, 0x01, 0xff, 0x00, 0x23, 0xf5, 0x48, 0x03, 0xff, 0x48, 0x03,
	0x9f, 0xa6, 0x04, 0xff, 0xb8, 0x1f, 0x87, 0x46, 0x00, 0xff, 0xb8, 0x1f, 0x8d, 0x18, 0x01, 0xff,
	0x00, 0x23, 0x87, 0x18, 0x01, 0xff, 0x00, 0x23, 0x87, 0x18, 0x01, 0xff, 0x00, 0x23, 0x87, 0x18,
	0x01, 0xff, 0x00, 0x23, 0x87, 0x18, 0x01, 0xeb, 0x48, 0x03, 0xff, 0x48, 0x03, 0x9f, 0x46, 0x00,
	0xff, 0xb8, 0x1f, 0x89, 0x46, 0x00, 0xff, 0xb8, 0x1f, 0x8b, 0x18, 0x01, 0xff, 0x00, 0x23, 0x87,
	0x18, 0x01, 0xff, 0x00, 0x23, 0x87, 0x18, 0x01, 0xff, 0x00, 0x23, 0x87, 0x18, 0x01, 0xff, 0x00,
	0x23, 0x87, 0x18, 0x01, 0xeb, 0x48, 0x03, 0xff, 0x48, 0x03, 0xa1, 0x46, 0x00, 0xff, 0xb8, 0x1f,
	0x8b, 0x38, 0x0e, 0xff, 0xb8, 0x1f, 0x87, 0x18, 0x01, 0xff, 0x00, 0x23, 0x87, 0x18, 0x01, 0xff,
	0x00, 0x23, 0x87, 0x18, 0x01, 0xff, 0x00, 0x23, 0x87, 0x18, 0x01, 0xff, 0x00, 0x23, 0x87, 0x18,
	0x01, 0xeb, 0x48, 0x03, 0xff, 0x48, 0x03, 0x9d, 0x46, 0x00, 0xff, 0xb8, 0x1f, 0x8f, 0x38, 0x0e,
	0xff, 0xb8, 0x1f, 0xff, 0x00, 0x23, 0x93, 0x18, 0x01, 0xff, 0x00, 0x23, 0xff, 0x00, 0x23, 0x91,
	0x18, 0x01, 0xff, 0x00, 0x23, 0xf3, 0x48, 0x03, 0xff, 0x48, 0x03, 0x9f, 0xa6, 0x04, 0xff, 0xb8,
	0x1f, 0x87, 0x46, 0x00, 0xff, 0xb8, 0x1f, 0x8f, 0x18, 0x01, 0xff, 0x00, 0x23, 0x87, 0x18, 0x01,
	0xff, 0x00, 0x23, 0xff, 0x00, 0x23, 0x91, 0x18, 0x01, 0xff, 0x00, 0x23, 0xf3, 0x48, 0x03, 0xff,
	0x48, 0x03, 0x9f, 0x46, 0x00, 0xff, 0xb8, 0x1f, 0x89, 0x46, 0x00, 0xff, 0xb8, 0x1f, 0x8d, 0x18,
	0x01, 0xff, 0x00, 0x23, 0xff, 0x00, 0x23, 0x91, 0x18, 0x01, 0xff, 0x00, 0x23, 0xff, 0x00, 0x23,
	0xfd, 0x48, 0x03, 0xff, 0x48, 0x03, 0xa1, 0x46, 0x00, 0xff, 0xb8, 0x1f, 0x8b, 0x38, 0x0e, 0xff,
	0xb8, 0x1f, 0x89, 0x18, 0x01, 0xff, 0x00, 0x23, 0xff, 0x00, 0x23, 0x91, 0x18, 0x01, 0xff, 0x00,
	0x23, 0xff, 0x00, 0x23, 0xfd, 0x48, 0x03, 0xff, 0x48, 0x03, 0x9d, 0x46, 0x00, 0xff, 0xb8, 0x1f,
	0x8f, 0x38, 0x0e, 0xff, 0xb8, 0x1f, 0xff, 0x00, 0x23, 0x91, 0x18, 0x01, 0xff, 0x00, 0x23, 0xff,
	0x00, 0x23, 0x91, 0x18, 0x01, 0xff, 0x00, 0x23, 0xf5, 0x48, 0x03, 0xff, 0x48, 0x03, 0x9f, 0xa6,
	0x04, 0xff, 0xb8, 0x1f, 0x87, 0x46, 0x00, 0xff, 0xb8, 0x1f, 0x8d, 0x18, 0x01, 0xff, 0x00, 0x23,
	0x87, 0x18, 0x01, 0xff, 0x00, 0x23, 0x87, 0x18, 0x01, 0xff, 0x00, 0x23, 0x87, 0x18, 0x01, 0xff,
	0x00, 0x23, 0x87, 0x18, 0x01, 0xeb, 0x48, 0x03, 0xff, 0x48, 0x03, 0x9f, 0x46, 0x00, 0xff, 0xb8,
	0x1f, 0x89, 0x46, 0x00, 0xff, 0xb8, 0x1f, 0x8b, 0x18, 0x01, 0xff, 0x00, 0x23, 0x87, 0x18, 0x01,
	0xff, 0x00, 0x23, 0x87, 0x18, 0x01, 0xff, 0x00, 0x23, 0x87, 0x18, 0x01, 0xff, 0x00, 0x23, 0x87,
	0x18, 0x01, 0xeb, 0x48, 0x03, 0xff, 0x48, 0x03, 0xa1, 0x46, 0x00, 0xff, 0xb8, 0x1f, 0x8b, 0x38,
	0x0e, 0xff, 0xb8, 0x1f, 0x87, 0x18, 0x01, 0xff, 0x00, 0x23, 0x87, 0x18, 0x01, 0xff, 0x00, 0x23,
	0x87, 0x18, 0x01, 0xff, 0x00, 0x23, 0x87, 0x18, 0x01, 0xff, 0x00, 0x23, 0x87, 0x18, 0x01, 0xeb,
	0x48, 0x03, 0xff, 0x48, 0x03, 0x9d, 0x46, 0x00, 0xff, 0xb8, 0x1f, 0x8f, 0x38, 0x0e, 0xff, 0xb8,
	0x1f, 0xff, 0x00, 0x23, 0x93, 0x18, 0x01, 0xff, 0x00, 0x23, 0xff, 0x00, 0x23, 0x91, 0x18, 0x01,
	0xff, 0x00, 0x23, 0xf3, 0x48, 0x03, 0xff, 0x48, 0x03, 0x9f, 0xa6, 0x04, 0xff, 0xb8, 0x1f, 0x87,
	0x46, 0x00, 0xff, 0xb8, 0x1f, 0x8f, 0x18, 0x01, 0xff, 0x00, 0x23, 0x87, 0x18, 0x01, 0xff, 0x00,
	0x23, 0xff, 0x00, 0x23, 0x91, 0x18, 0x01, 0xff, 0x00, 0x23, 0xf3, 0x48, 0x03, 0xff, 0x48, 0x03,
	0x9f, 0x46, 0x00, 0xff, 0xb8, 0x1f, 0x89, 0x46, 0x00, 0xff, 0xb8, 0x1f, 0x8d, 0x18, 0x01, 0xff,
	0x00, 0x23, 0xff, 0x00, 0x23, 0x91, 0x18, 0x01, 0xff, 0x00, 0x23, 0xff, 0x00, 0x23, 0xfd, 0x48,
	0x03, 0xff, 0x48, 0x03, 0xa1, 0x46, 0x00, 0xff, 0xb8, 0x1f, 0x8b, 0x38, 0x0e, 0xff, 0xb8, 0x1f,
	0x89, 0x18, 0x01, 0xff, 0x00, 0x23, 0xff, 0x00, 0x23, 0x91, 0x18, 0x01, 0xff, 0x00, 0x23, 0xff,
	0x00, 0x23, 0xfd, 0x48, 0x03, 0xff, 0x48, 0x03, 0x9d, 0x46, 0x00, 0xff, 0xb8, 0x1f, 0x8f, 0x38,
	0x0e, 0xff, 0xb8, 0x1f, 0xff, 0x00, 0x23, 0x91, 0x18, 0x01, 0xff, 0x00, 0x23, 0xff, 0x00, 0x23,
	0x91, 0x18, 0x01, 0xff, 0x00, 0x23, 0xf5, 0x48, 0x03, 0xff, 0x48, 0x03, 0x9f, 0xa6, 0x04, 0xff,
	0xb8, 0x1f, 0x87, 0x46, 0x00, 0xff, 0xb8, 0x1f, 0x8d, 0x18, 0x01, 0xff, 0x00, 0x23, 0x87, 0x18,
	0x01, 0xff, 0x00, 0x23, 0x87, 0x18, 0x01, 0xff, 0x00, 0x23, 0x87, 0x18, 0x01, 0xff, 0x00, 0x23,
	0x87, 0x18, 0x01, 0xeb, 0x48, 0x03, 0xff, 0x48, 0x03, 0x9f, 0x46, 0x00, 0xff, 0xb8, 0x1f, 0x89,
	0x46, 0x00, 0xff, 0xb8, 0x1f, 0x8b, 0x18, 0x01, 0xff, 0x00, 0x23, 0x87, 0x18, 0x01, 0xff, 0x00,
	0x23, 0x87, 0x18, 0x01, 0xff, 0x00, 0x23, 0x87, 0x18, 0x01, 0xff, 0x00, 0x23, 0x87, 0x18, 0x01,
	0xeb, 0x48, 0x03, 0xff, 0x48, 0x03, 0xa1, 0x46, 0x00, 0xff, 0xb8, 0x1f, 0x8b, 0x38, 0x0e, 0xff,
	0xb8, 0x1f, 0x87, 0x18, 0x01, 0xff, 0x00, 0x23, 0x87, 0x18, 0x01, 0xff, 0x00, 0x23, 0x87, 0x18,
	0x01, 0xff, 0x00, 0x23, 0x87, 0x18, 0x01, 0xff, 0x00, 0x23, 0x87, 0x18, 0x01, 0xeb, 0x48, 0x03,
	0xff, 0x48, 0x03, 0x9d, 0x46, 0x00, 0xff, 0xb8, 0x1f, 0x8f, 0x38, 0x0e, 0xff, 0xb8, 0x1f, 0xff,
	0x00, 0x23, 0x93, 0x18, 0x01, 0xff, 0x00, 0x23, 0xff, 0x00, 0x23, 0x91, 0x18, 0x01, 0xff, 0x00,
	0x23, 0xf3, 0x48, 0x03, 0xff, 0x48, 0x03, 0x9f, 0xa6, 0x04, 0xff, 0xb8, 0x1f, 0x87, 0x46, 0x00,
	0xff, 0xb8, 0x1f, 0x8f, 0x18, 0x01, 0xff, 0x00, 0x23, 0x87, 0x18, 0x01, 0xff, 0x00, 0x23, 0xff,
	0x00, 0x23, 0x91, 0x18, 0x01, 0xff, 0x00, 0x23, 0xf3, 0x48, 0x03, 0xff, 0x48, 0x03, 0x9f, 0x46,
	0x00, 0xff, 0xb8, 0x1f, 0x89, 0x46, 0x00, 0xff, 0xb8, 0x1f, 0x8d, 0x18, 0x01, 0xff, 0x00, 0x23,
	0xff, 0x00, 0x23, 0x91, 0x18, 0x01, 0xff, 0x00, 0x23, 0xff, 0x00, 0x23, 0xfd, 0x48, 0x03, 0xff,
	0x48, 0x03, 0xa1, 0x46, 0x00, 0xff, 0xb8, 0x1f, 0x8b, 0x38, 0x0e, 0xff, 0xb8, 0x1f, 0x89, 0x18,
	0x01, 0xff, 0x00, 0x23, 0xff, 0x00, 0x23, 0x91, 0x18, 0x01, 0xff, 0x00, 0x23, 0xff, 0x00, 0x23,
	0xfd, 0x48, 0x03, 0xff, 0x48, 0x03, 0x9d, 0x46, 0x00, 0xff, 0xb8, 0x1f, 0x8f, 0x38, 0x0e, 0xff,
	0xb8, 0x1f, 0xff, 0x00, 0x23, 0x91, 0x18, 0x01, 0xff, 0x00, 0x23, 0xff, 0x00, 0x23, 0x91, 0x18,
	0x01, 0xff, 0x00, 0x23, 0xf5, 0x48, 0x03, 0xff, 0x48, 0x03, 0x9f, 0xa6, 0x04, 0xff, 0xb8, 0x1f,
	0x87, 0x46, 0x00, 0xff, 0xb8, 0x1f, 0x8d, 0x18, 0x01, 0xff, 0x00, 0x23, 0x87, 0x18, 0x01, 0xff,
	0x00, 0x23, 0x87, 0x18, 0x01, 0xff, 0x00, 0x23, 0x87, 0x18, 0x01, 0xff, 0x00, 0x23, 0x87, 0x18,
	0x01, 0xeb, 0x48, 0x03, 0xff, 0x48, 0x03, 0x9f, 0x46, 0x00, 0xff, 0xb8, 0x1f, 0x89, 0x46, 0x00,
	0xff, 0xb8, 0x1f, 0x8b, 0x18, 0x01, 0xff, 0x00, 0x23, 0x87, 0x18, 0x01, 0xff, 0x00, 0x23, 0x87,
	0x18, 0x01, 0xff, 0x00, 0x23, 0x87, 0x18, 0x01, 0xff, 0x00, 0x23, 0x87, 0x18, 0x01, 0xeb, 0x48,
	0x03, 0xff, 0x48, 0x03, 0xa1, 0x46, 0x00, 0xff, 0xb8, 0x1f, 0x8b, 0x38, 0x0e, 0xff, 0xb8, 0x1f,
	0x87, 0x18, 0x01, 0xff, 0x00, 0x23, 0x87, 0x18, 0x01, 0xff, 0x00, 0x23, 0x87, 0x18, 0x01, 0xff,
	0x00, 0x23, 0x87, 0x18, 0x01, 0xff, 0x00, 0x23, 0x87, 0x18, 0x01, 0xeb, 0x48, 0x03, 0xff, 0x48,
	0x03, 0x9d, 0x46, 0x00, 0xff, 0xb8, 0x1f, 0x8f, 0x38, 0x0e, 0xff, 0xb8, 0x1f, 0xff, 0x00, 0x23,
	0x93, 0x18, 0x01, 0xff, 0x00, 0x23, 0xff, 0x00, 0x23, 0x91, 0x18, 0x01, 0xff, 0x00, 0x23, 0xf3,
	0x48, 0x03, 0xff, 0x48, 0x03, 0x9f, 0xa6, 0x04, 0xff, 0xb8, 0x1f, 0x87, 0x46, 0x00, 0xff, 0xb8,
	0x1f, 0x8f, 0x18, 0x01, 0xff, 0x00, 0x23, 0x87, 0x18, 0x01, 0xff, 0x00, 0x23, 0xff, 0x00, 0x23,
	0x91, 0x18, 0x01, 0xff, 0x00, 0x23, 0xf3, 0x48, 0x03, 0xff, 0x48, 0x03, 0x9f, 0x46, 0x00, 0xff,
	0xb8, 0x1f, 0x89, 0x46, 0x00, 0xff, 0xb8, 0x1f, 0x8d, 0x18, 0x01, 0xff, 0x00, 0x23, 0xff, 0x00,
	0x23, 0x91, 0x18, 0x01, 0xff, 0x00, 0x23, 0xff, 0x00, 0x23, 0xfd, 0x48, 0x03, 0xff, 0x48, 0x03,
	0xa1, 0x46, 0x00, 0xff, 0xb8, 0x1f, 0x8b, 0x38, 0x0e, 0xff, 0xb8, 0x1f, 0x89, 0x18, 0x01, 0xff,
	0x00, 0x23, 0xff, 0x00, 0x23, 0x91, 0x18, 0x01, 0xff, 0x00, 0x23, 0xff, 0x00, 0x23, 0xfd, 0x48,
	0x03, 0xff, 0x48, 0x03, 0x9d, 0x46, 0x00, 0xff, 0xb8, 0x1f, 0x8f, 0x38, 0x0e, 0xff, 0xb8, 0x1f,
	0xff, 0x00, 0x23, 0x91, 0x18, 0x01, 0xff, 0x00, 0x23, 0xff, 0x00, 0x23, 0x91, 0x18, 0x01, 0xff,
	0x00, 0x23, 0xf5, 0x48, 0x03, 0xff, 0x48, 0x03, 0x9f, 0xa6, 0x04, 0xff, 0xb8, 0x1f, 0x87, 0x46,
	0x00, 0xff, 0xb8, 0x1f, 0x8d, 0x18, 0x01, 0xff, 0x00, 0x23, 0x87, 0x18, 0x01, 0xff, 0x00, 0x23,
	0x87, 0x18, 0x01, 0xff, 0x00, 0x23, 0x87, 0x18, 0x01, 0xff, 0x00, 0x23, 0x87, 0x18, 0x01, 0xeb,
	0x48, 0x03, 0xff, 0x48, 0x03, 0x9f, 0x46, 0x00, 0xff, 0xb8, 0x1f, 0x89, 0x46, 0x00, 0xff, 0xb8,
	0x1f, 0x8b, 0x18, 0x01, 0xff, 0x00, 0x23, 0x87, 0x18, 0x01, 0xff, 0x00, 0x23, 0x87, 0x18, 0x01,
	0xff, 0x00, 0x23, 0x87, 0x18, 0x01, 0xff, 0x00, 0x23, 0x87, 0x18, 0x01, 0xeb, 0x48, 0x03, 0xff,
	0x48, 0x03, 0xa1, 0x46, 0x00, 0xff, 0xb8, 0x1f, 0x8b, 0x38, 0x0e, 0xff, 0xb8, 0x1f, 0x87, 0x18,
	0x01, 0xff, 0x00, 0x23, 0x87, 0x18, 0x01, 0xff, 0x00, 0x23, 0x87, 0x18, 0x01, 0xff, 0x00, 0x23,
	0x87, 0x18, 0x01, 0xff, 0x00, 0x23, 0x87, 0x18, 0x01, 0xeb, 0x48, 0x03, 0xff, 0x48, 0x03, 0x9d,
	0x46, 0x00, 0xff, 0xb8, 0x1f, 0x8f, 0x38, 0x0e, 0xff, 0xb8, 0x1f, 0xff, 0x00, 0x23, 0x93, 0x18,
	0x01, 0xff, 0x00, 0x23, 0xff, 0x00, 0x23, 0x91, 0x18, 0x01, 0xff, 0x00, 0x23, 0xf3, 0x48, 0x03,
	0xff, 0x48, 0x03, 0x9f, 0xa6, 0x04, 0xff, 0xb8, 0x1f, 0x87, 0x46, 0x00, 0xff, 0xb8, 0x1f, 0x8f,
	0x18, 0x01, 0xff, 0x00, 0x23, 0x87, 0x18, 0x01, 0xff, 0x00, 0x23, 0xff, 0x00, 0x23, 0x91, 0x18,
	0x01, 0xff, 0x00, 0x23, 0xf3, 0x48, 0x03, 0xff, 0x48, 0x03, 0x9f, 0x46, 0x00, 0xff, 0xb8, 0x1f,
	0x89, 0x46, 0x00, 0xff, 0xb8, 0x1f, 0x8d, 0x18, 0x01, 0xff, 0x00, 0x23, 0xff, 0x00, 0x23, 0x91,
	0x18, 0x01, 0xff, 0x00, 0x23, 0xff, 0x00, 0x23, 0xfd, 0x48, 0x03, 0xff, 0x48, 0x03, 0xa1, 0x46,
	0x00, 0xff, 0xb8, 0x1f, 0x8b, 0x38, 0x0e, 0xff, 0xb8, 0x1f, 0x89, 0x18, 0x01, 0xff, 0x00, 0x23,
	0xff, 0x00, 0x23, 0x91, 0x18, 0x01, 0xff, 0x00, 0x23, 0xff, 0x00, 0x23, 0xfd, 0x48, 0x03, 0xff,
	0x48, 0x03, 0x87, 0x46, 0x00, 0x03, 0x00, 0x10, 0xd6, 0x23, 0x88, 0x46, 0x00, 0x02, 0x80, 0xff,
	0xff, 0x82, 0x04, 0x00, 0x86, 0x66, 0x0d, 0x81, 0xc6, 0x11, 0x00, 0x01, 0xac, 0x46, 0x00, 0x81,
	0x8e, 0x00, 0x81, 0x8a, 0x00, 0x8c, 0x46, 0x00, 0x00, 0x80, 0xb3, 0x8c, 0x00, 0x87, 0x7e, 0x0e,
	0xb9, 0x8c, 0x00, 0x8c, 0x46, 0x00, 0xb4, 0x8c, 0x00, 0x87, 0xc4, 0x0e, 0xb9, 0x8c, 0x00, 0x8c,
	0x46, 0x00, 0xb4, 0x8c, 0x00, 0x87, 0x0a, 0x0f, 0xb9, 0x8c, 0x00, 0x8c, 0x46, 0x00, 0xb5, 0xa4,
	0x01, 0x00, 0x00, 0x85, 0x08, 0x0c, 0xba, 0xa4, 0x01, 0x00, 0x80, 0x8a, 0x46, 0x00, 0xb6, 0x8c,
	0x00, 0x85, 0x4e, 0x0c, 0xbb, 0x8c, 0x00, 0x8a, 0x46, 0x00, 0xb6, 0x8c, 0x00, 0x85, 0x94, 0x0c,
	0xbb, 0x8c, 0x00, 0x8a, 0x46, 0x00, 0x9e, 0x8c, 0x00, 0x95, 0x8c, 0x00, 0x85, 0xda, 0x0c, 0xbb,
	0x8c, 0x00, 0x8a, 0x46, 0x00, 0xb6, 0x8c, 0x00, 0x85, 0xd8, 0x09, 0xbb, 0x8c, 0x00, 0x8a, 0x46,
	0x00, 0xb8, 0x8c, 0x00, 0x83, 0x1e, 0x0a, 0xbd, 0x8c, 0x00, 0x88, 0x46, 0x00, 0xb8, 0x8c, 0x00,
	0x83, 0x64, 0x0a, 0xbd, 0x8c, 0x00, 0x88, 0x46, 0x00, 0xb8, 0x8c, 0x00, 0x83, 0xaa, 0x0a, 0xbd,
	0x8c, 0x00, 0x88, 0x46, 0x00, 0xb8, 0x8c, 0x00, 0x83, 0xa8, 0x07, 0xbd, 0x8c, 0x00, 0x88, 0x46,
	0x00, 0xba, 0x8c, 0x00, 0x81, 0xee, 0x07, 0xbf, 0x8c, 0x00, 0x86, 0x46, 0x00, 0xba, 0x8c, 0x00,
	0x81, 0x34, 0x08, 0xbf, 0x8c, 0x00, 0x86, 0x46, 0x00, 0x9e, 0x8c, 0x00, 0x99, 0x8c, 0x00, 0x81,
	0x7a, 0x08, 0xbf, 0x8c, 0x00, 0x86, 0x46, 0x00, 0xba, 0x8c, 0x00, 0x02, 0x44, 0x33, 0x00, 0x82,
	0x86, 0x1a, 0xbb, 0x8c, 0x00, 0x86, 0x46, 0x00, 0xbc, 0x8c, 0x00, 0x00, 0x01, 0xc2, 0x8c, 0x00,
	0x84, 0x46, 0x00, 0xbc, 0x8c, 0x00, 0x01, 0xff, 0xd5, 0xc1, 0x8c, 0x00, 0x84, 0x46, 0x00, 0xff,
	0xa4, 0x01, 0xc6, 0xa4, 0x01, 0x03, 0x55, 0x44, 0x00, 0xd6, 0xbf, 0x8c, 0x00, 0x84, 0x46, 0x00,
	0xbe, 0x8c, 0x00, 0x00, 0x01, 0xc2, 0x8c, 0x00, 0x82, 0x46, 0x00, 0xbe, 0x8c, 0x00, 0x01, 0xff,
	0xd5, 0xc1, 0x8c, 0x00, 0x82, 0x46, 0x00, 0x9e, 0x8c, 0x00, 0xff, 0xa4, 0x01, 0x9d, 0x8c, 0x00,
	0xff, 0x20, 0x0d, 0xff, 0x20, 0x0d, 0xff, 0x20, 0x0d, 0xff, 0x20, 0x0d, 0xff, 0x20, 0x0d, 0xff,
	0x20, 0x0d, 0xff, 0x20, 0x0d, 0xad, 0x20, 0x0d, 0xff, 0x20, 0x0d, 0xa1, 0xec, 0x04, 0xff, 0x20,
	0x0d, 0xff, 0x20, 0x0d, 0x91, 0x8c, 0x00, 0xff, 0x20, 0x0d, 0xff, 0x20, 0x0d, 0x91, 0x8c, 0x00,
	0xff, 0x20, 0x0d, 0xff, 0x20, 0x0d, 0x93, 0x8c, 0x00, 0xed, 0x20, 0x0d, 0xff, 0x20, 0x0d, 0xa3,
	0x8c, 0x00, 0xff, 0x7c, 0x0b, 0xff, 0x20, 0x0d, 0x93, 0x8c, 0x00, 0xff, 0x20, 0x0d, 0xff, 0xa4,
	0x01, 0x91, 0x8c, 0x00, 0xff, 0x7c, 0x0b, 0xff, 0x20, 0x0d, 0x93, 0x8c, 0x00, 0xe9, 0x20, 0x0d,
	0xff, 0xa4, 0x01, 0x97, 0x8c, 0x00, 0x81, 0x16, 0x00, 0xbf, 0x20, 0x0d, 0x00, 0x01, 0x81, 0x4c,
	0x0c, 0xbe, 0x20, 0x0d, 0x83, 0x8c, 0x00, 0xbd, 0x20, 0x0d, 0x83, 0x8c, 0x00, 0xbd, 0x20, 0x0d,
	0x83, 0x8c, 0x00, 0xbd, 0x20, 0x0d, 0x83, 0x8c, 0x00, 0xbd, 0x20, 0x0d, 0x83, 0x8c, 0x00, 0xbd,
	0x20, 0x0d, 0x83, 0x8c, 0x00, 0xbd, 0x20, 0x0d, 0x84, 0xa4, 0x01, 0xbc, 0x20, 0x0d, 0x84, 0xa4,
	0x01, 0xbc, 0x20, 0x0d, 0x85, 0x8c, 0x00, 0xbb, 0x20, 0x0d, 0x85, 0x8c, 0x00, 0xbb, 0x20, 0x0d,
	0x85, 0x8c, 0x00, 0xbb, 0x20, 0x0d, 0x85, 0x8c, 0x00, 0xab, 0x20, 0x0d, 0x95, 0x8c, 0x00, 0xbb,
	0x20, 0x0d, 0x85, 0x8c, 0x00, 0xbb, 0x20, 0x0d, 0x85, 0x8c, 0x00, 0xbb, 0x20, 0x0d, 0x85, 0x8c,
	0x00, 0xbb, 0x20, 0x0d, 0x87, 0x8c, 0x00, 0xb9, 0x20, 0x0d, 0x87, 0x8c, 0x00, 0xb9, 0x20, 0x0d,
	0x87, 0x8c, 0x00, 0xb9, 0x20, 0x0d, 0x87, 0x8c, 0x00, 0xb9, 0x20, 0x0d, 0x87, 0x8c, 0x00, 0xb9,
	0x20, 0x0d, 0x87, 0x8c, 0x00, 0xb9, 0x20, 0x0d, 0x87, 0x8c, 0x00, 0xb9, 0x20, 0x0d, 0x87, 0x8c,
	0x00, 0xb9, 0x20, 0x0d, 0x89, 0x8c, 0x00, 0xb7, 0x20, 0x0d, 0x89, 0x8c, 0x00, 0xb7, 0x20, 0x0d,
	0x89, 0x8c, 0x00, 0xb7, 0x20, 0x0d, 0x89, 0x8c, 0x00, 0xa7, 0x20, 0x0d, 0x99, 0x8c, 0x00, 0xb7,
	0x20, 0x0d, 0x89, 0x8c, 0x00, 0xb7, 0x20, 0x0d, 0x89, 0x8c, 0x00, 0xb7, 0x7c, 0x0b, 0x89, 0x8c,
	0x00, 0xb7, 0x7c, 0x0b, 0x8b, 0x8c, 0x00, 0xb5, 0x20, 0x0d, 0x8b, 0x8c, 0x00, 0xb5, 0x20, 0x0d,
	0x8b, 0x8c, 0x00, 0xb5, 0x20, 0x0d, 0x8b, 0x8c, 0x00, 0xb5, 0x20, 0x0d, 0xff, 0xa4, 0x01, 0x95,
	0x8c, 0x00, 0xb5, 0x7c, 0x0b, 0x8b, 0x8c, 0x00, 0xbb, 0x7c, 0x0b, 0xbd, 0x20, 0x0d, 0x8d, 0x8c,
	0x00, 0xb3, 0x20, 0x0d, 0x8d, 0x8c, 0x00, 0xb3, 0x20, 0x0d, 0x8d, 0x8c, 0x00, 0xa3, 0x20, 0x0d,
	0xff, 0xa4, 0x01, 0x9d, 0x8c, 0x00, 0xff, 0x20, 0x0d, 0xff, 0x20, 0x0d, 0xff, 0x20, 0x0d, 0xff,
	0x20, 0x0d, 0xff, 0x20, 0x0d, 0xff, 0x20, 0x0d, 0xff, 0x20, 0x0d, 0xad, 0x20, 0x0d, 0xff, 0x20,
	0x0d, 0xa1, 0xec, 0x04, 0xff, 0x20, 0x0d, 0x87, 0x8c, 0x00, 0xff, 0x20, 0x0d, 0x87, 0x8c, 0x00,
	0xff, 0x20, 0x0d, 0x87, 0x8c, 0x00, 0xff, 0x20, 0x0d, 0x87, 0x8c, 0x00, 0xff, 0x20, 0x0d, 0x89,
	0x8c, 0x00, 0xff, 0x20, 0x0d, 0xf7, 0x20, 0x0d, 0xff, 0x20, 0x0d, 0xa3, 0x8c, 0x00, 0xff, 0x7c,
	0x0b, 0xff, 0x20, 0x0d, 0x93, 0x8c, 0x00, 0xff, 0x20, 0x0d, 0xff, 0xa4, 0x01, 0x91, 0x8c, 0x00,
	0xff, 0x7c, 0x0b, 0xff, 0x20, 0x0d, 0x93, 0x8c, 0x00, 0xe9, 0x20, 0x0d, 0xff, 0xa4, 0x01, 0x87,
	0x46, 0x00, 0x00, 0x40, 0x8c, 0x8c, 0x00, 0xb3, 0x60, 0x27, 0x8b, 0x46, 0x00, 0x85, 0xcc, 0x1a,
	0xad, 0x20, 0x0d, 0x93, 0x8c, 0x00, 0xad, 0x20, 0x0d, 0x93, 0x8c, 0x00, 0xad, 0x20, 0x0d, 0x93,
	0x8c, 0x00, 0xad, 0x20, 0x0d, 0x93, 0x8c, 0x00, 0xad, 0x20, 0x0d, 0x93, 0x8c, 0x00, 0xad, 0x20,
	0x0d, 0x93, 0x8c, 0x00, 0xad, 0x20, 0x0d, 0x94, 0xa4, 0x01, 0xac, 0x20, 0x0d, 0x94, 0xa4, 0x01,
	0xac, 0x20, 0x0d, 0x95, 0x8c, 0x00, 0xab, 0x20, 0x0d, 0x95, 0x8c, 0x00, 0xab, 0x20, 0x0d, 0x95,
	0x8c, 0x00, 0xab, 0x20, 0x0d, 0x95, 0x8c, 0x00, 0xab, 0x20, 0x0d, 0x95, 0x8c, 0x00, 0xab, 0x20,
	0x0d, 0x95, 0x8c, 0x00, 0xab, 0x20, 0x0d, 0x95, 0x8c, 0x00, 0xab, 0x20, 0x0d, 0x95, 0x8c, 0x00,
	0xab, 0x20, 0x0d, 0x97, 0x8c, 0x00, 0xa9, 0x20, 0x0d, 0x97, 0x8c, 0x00, 0xa9, 0x20, 0x0d, 0x97,
	0x8c, 0x00, 0xa9, 0x20, 0x0d, 0x97, 0x8c, 0x00, 0xa9, 0x20, 0x0d, 0x97, 0x8c, 0x00, 0xa9, 0x20,
	0x0d, 0x97, 0x8c, 0x00, 0xa9, 0x20, 0x0d, 0x97, 0x8c, 0x00, 0xa9, 0x20, 0x0d, 0x97, 0x8c, 0x00,
	0xa9, 0x20, 0x0d, 0x99, 0x8c, 0x00, 0xa7, 0x20, 0x0d, 0x99, 0x8c, 0x00, 0xa7, 0x20, 0x0d, 0x99,
	0x8c, 0x00, 0xa7, 0x20, 0x0d, 0x99, 0x8c, 0x00, 0xa7, 0x20, 0x0d, 0x99, 0x8c, 0x00, 0xa7, 0x20,
	0x0d, 0x99, 0x8c, 0x00, 0xa7, 0x20, 0x0d, 0x99, 0x8c, 0x00, 0xa7, 0x7c, 0x0b, 0x99, 0x8c, 0x00,
	0xa7, 0x7c, 0x0b, 0x9b, 0x8c, 0x00, 0xa5, 0x20, 0x0d, 0x9b, 0x8c, 0x00, 0xa5, 0x20, 0x0d, 0x9b,
	0x8c, 0x00, 0xa5, 0x20, 0x0d, 0x9b, 0x8c, 0x00, 0xa5, 0x20, 0x0d, 0xff, 0xa4, 0x01, 0xa5, 0x8c,
	0x00, 0xa5, 0x7c, 0x0b, 0x9b, 0x8c, 0x00, 0xbb, 0x7c, 0x0b, 0xad, 0x20, 0x0d, 0x9d, 0x8c, 0x00,
	0xa3, 0x20, 0x0d, 0x9d, 0x8c, 0x00, 0xa3, 0x20, 0x0d, 0x9d, 0x8c, 0x00, 0xa3, 0x20, 0x0d, 0xff,
	0xa4, 0x01, 0x9d, 0x8c, 0x00, 0xff, 0x20, 0x0d, 0xff, 0x20, 0x0d, 0xff, 0x20, 0x0d, 0xff, 0x20,
	0x0d, 0xff, 0x20, 0x0d, 0xff, 0x20, 0x0d, 0xff, 0x20, 0x0d, 0xad, 0x20, 0x0d, 0xff, 0x20, 0x0d,
	0xa1, 0xec, 0x04, 0xff, 0x20, 0x0d, 0xff, 0x20, 0x0d, 0x91, 0x8c, 0x00, 0xff, 0x20, 0x0d, 0xff,
	0x20, 0x0d, 0x91, 0x8c, 0x00, 0xff, 0x20, 0x0d, 0xff, 0x20, 0x0d, 0x93, 0x8c, 0x00, 0xed, 0x20,
	0x0d, 0xff, 0x20, 0x0d, 0xa3, 0x8c, 0x00, 0xff, 0x7c, 0x0b, 0xff, 0x20, 0x0d, 0x93, 0x8c, 0x00,
	0xff, 0x20, 0x0d, 0xff, 0xa4, 0x01, 0x91, 0x8c, 0x00, 0xff, 0x7c, 0x0b, 0xff, 0x20, 0x0d, 0x93,
	0x8c, 0x00, 0xe9, 0x20, 0x0d, 0xff, 0xa4, 0x01, 0x9d, 0x8c, 0x00, 0xbd, 0x20, 0x0d, 0x81, 0x8a,
	0x00, 0xff, 0x20, 0x0d, 0x89, 0x8c, 0x00, 0xff, 0x20, 0x0d, 0x87, 0x8c, 0x00, 0xff, 0x20, 0x0d,
	0x87, 0x8c, 0x00, 0xff, 0x20, 0x0d, 0x88, 0xa4, 0x01, 0xff, 0x20, 0x0d, 0x88, 0x8c, 0x00, 0xff,
	0x20, 0x0d, 0x87, 0x8c, 0x00, 0xab, 0x20, 0x0d, 0xd3, 0x20, 0x0d, 0x85, 0x8c, 0x00, 0xff, 0x20,
	0x0d, 0x87, 0x8c, 0x00, 0xff, 0x20, 0x0d, 0x89, 0x8c, 0x00, 0xff, 0x20, 0x0d, 0x87, 0x8c, 0x00,
	0xff, 0x20, 0x0d, 0x87, 0x8c, 0x00, 0xff, 0x20, 0x0d, 0x87, 0x8c, 0x00, 0xff, 0x20, 0x0d, 0x89,
	0x8c, 0x00, 0xfd, 0x20, 0x0d, 0x89, 0x8c, 0x00, 0xa7, 0x20, 0x0d, 0xd3, 0x20, 0x0d, 0x89, 0x8c,
	0x00, 0xfd, 0x20, 0x0d, 0x89, 0x8c, 0x00, 0xfd, 0x20, 0x0d, 0x8b, 0x8c, 0x00, 0xfb, 0x20, 0x0d,
	0x8b, 0x8c, 0x00, 0xfb, 0x20, 0x0d, 0xd1, 0xa4, 0x01, 0xb5, 0x7c, 0x0b, 0x8b, 0x8c, 0x00, 0xfb,
	0x20, 0x0d, 0x8d, 0x8c, 0x00, 0xf9, 0x20, 0x0d, 0x8d, 0x8c, 0x00, 0xa3, 0x20, 0x0d, 0xff, 0xa4,
	0x01, 0x9d, 0x8c, 0x00, 0xff, 0x20, 0x0d, 0xff, 0x20, 0x0d, 0xff, 0x20, 0x0d, 0xff, 0x20, 0x0d,
	0xff, 0x20, 0x0d, 0xff, 0x20, 0x0d, 0xff, 0x20, 0x0d, 0xad, 0x20, 0x0d, 0xff, 0x20, 0x0d, 0xa1,
	0xec, 0x04, 0xff, 0x20, 0x0d, 0xff, 0x20, 0x0d, 0x91, 0x8c, 0x00, 0xff, 0x20, 0x0d, 0xff, 0x20,
	0x0d, 0x91, 0x8c, 0x00, 0xff, 0x20, 0x0d, 0xff, 0x20, 0x0d, 0x93, 0x8c, 0x00, 0xed, 0x20, 0x0d,
	0xff, 0x20, 0x0d, 0xa3, 0x8c, 0x00, 0xff, 0x7c, 0x0b, 0xff, 0x20, 0x0d, 0x93, 0x8c, 0x00, 0xff,
	0x20, 0x0d, 0xff, 0xa4, 0x01, 0x91, 0x8c, 0x00, 0xff, 0x7c, 0x0b, 0xff, 0x20, 0x0d, 0x93, 0x8c,
	0x00, 0xe9, 0x20, 0x0d, 0xff, 0xa4, 0x01, 0x9d, 0x8c, 0x00, 0xff, 0x60, 0x27, 0xc7, 0x20, 0x0d,
	0xff, 0x60, 0x27, 0x8d, 0x8c, 0x00, 0xff, 0x20, 0x0d, 0x87, 0x8c, 0x00, 0xff, 0x20, 0x0d, 0x88,
	0xa4, 0x01, 0xff, 0x20, 0x0d, 0x88, 0x8c, 0x00, 0xff, 0x20, 0x0d, 0x87, 0x8c, 0x00, 0xab, 0x20,
	0x0d, 0xd3, 0x20, 0x0d, 0xff, 0x60, 0x27, 0x8f, 0x8c, 0x00, 0xff, 0x20, 0x0d, 0x89, 0x8c, 0x00,
	0xff, 0x20, 0x0d, 0xff, 0x60, 0x27, 0x91, 0x8c, 0x00, 0xff, 0x20, 0x0d, 0xff, 0x60, 0x27, 0x93,
	0x8c, 0x00, 0xff, 0x60, 0x27, 0x87, 0x8c, 0x00, 0xa7, 0x20, 0x0d, 0xd3, 0x20, 0x0d, 0xff, 0x60,
	0x27, 0x93, 0x8c, 0x00, 0xff, 0x60, 0x27, 0x89, 0x8c, 0x00, 0xff, 0x60, 0x27, 0xff, 0x20, 0x0d,
	0xd7, 0xa4, 0x01, 0xff, 0xbc, 0x25, 0xbf, 0x20, 0x0d, 0xff, 0x60, 0x27, 0x97, 0x8c, 0x00, 0xa3,
	0x20, 0x0d, 0xff, 0xa4, 0x01, 0x9d, 0x8c, 0x00, 0xff, 0x20, 0x0d, 0xff, 0x20, 0x0d, 0xff, 0x20,
	0x0d, 0xff, 0x20, 0x0d, 0xff, 0x20, 0x0d, 0xff, 0x20, 0x0d, 0xff, 0x20, 0x0d, 0xad, 0x20, 0x0d,
	0xff, 0x20, 0x0d, 0xa1, 0xec, 0x04, 0xff, 0x20, 0x0d, 0xff, 0x20, 0x0d, 0x91, 0x8c, 0x00, 0xff,
	0x20, 0x0d, 0xff, 0x20, 0x0d, 0x91, 0x8c, 0x00, 0xff, 0x20, 0x0d, 0xff, 0x20, 0x0d, 0x93, 0x8c,
	0x00, 0xed, 0x20, 0x0d, 0xff, 0x20, 0x0d, 0xa3, 0x8c, 0x00, 0xff, 0x7c, 0x0b, 0xff, 0x20, 0x0d,
	0x93, 0x8c, 0x00, 0xff, 0x20, 0x0d, 0xff, 0xa4, 0x01, 0x91, 0x8c, 0x00, 0xff, 0x7c, 0x0b, 0xff,
	0x20, 0x0d, 0x93, 0x8c, 0x00, 0xe9, 0x20, 0x0d, 0xff, 0xa4, 0x01, 0x97, 0x8c, 0x00, 0x81, 0x16,
	0x00, 0xbe, 0x20, 0x0d, 0x83, 0x04, 0x00, 0xbe, 0x20, 0x0d, 0x83, 0x8c, 0x00, 0xbc, 0x20, 0x0d,
	0x84, 0x8c, 0x00, 0xbd, 0x20, 0x0d, 0x83, 0x8c, 0x00, 0xbc, 0x20, 0x0d, 0x84, 0x8c, 0x00, 0xbd,
	0x20, 0x0d, 0x83, 0x8c, 0x00, 0xbc, 0x20, 0x0d, 0x84, 0x8c, 0x00, 0xbd, 0x20, 0x0d, 0x84, 0xa4,
	0x01, 0xbb, 0x20, 0x0d, 0x85, 0xa4, 0x01, 0xbc, 0x20, 0x0d, 0x85, 0x8c, 0x00, 0xba, 0x20, 0x0d,
	0x86, 0x8c, 0x00, 0xbb, 0x20, 0x0d, 0x85, 0x8c, 0x00, 0xba, 0x20, 0x0d, 0x86, 0x8c, 0x00, 0xab,
	0x20, 0x0d, 0x95, 0x8c, 0x00, 0xba, 0x20, 0x0d, 0x86, 0x8c, 0x00, 0xbb, 0x20, 0x0d, 0x85, 0x8c,
	0x00, 0xba, 0x20, 0x0d, 0x86, 0x8c, 0x00, 0xbb, 0x20, 0x0d, 0x87, 0x8c, 0x00, 0xb8, 0x20, 0x0d,
	0x88, 0x8c, 0x00, 0xb9, 0x20, 0x0d, 0x87, 0x8c, 0x00, 0xb8, 0x20, 0x0d, 0x88, 0x8c, 0x00, 0xb9,
	0x20, 0x0d, 0x87, 0x8c, 0x00, 0xb8, 0x20, 0x0d, 0x88, 0x8c, 0x00, 0xb9, 0x20, 0x0d, 0x87, 0x8c,
	0x00, 0xb8, 0x20, 0x0d, 0x88, 0x8c, 0x00, 0xb9, 0x20, 0x0d, 0x89, 0x8c, 0x00, 0xb6, 0x20, 0x0d,
	0x8a, 0x8c, 0x00, 0xb7, 0x20, 0x0d, 0x89, 0x8c, 0x00, 0xb6, 0x20, 0x0d, 0x8a, 0x8c, 0x00, 0xa7,
	0x20, 0x0d, 0x99, 0x8c, 0x00, 0xb6, 0x20, 0x0d, 0x8a, 0x8c, 0x00, 0xb7, 0x20, 0x0d, 0x89, 0x8c,
	0x00, 0xb6, 0x7c, 0x0b, 0x8a, 0x8c, 0x00, 0xb7, 0x7c, 0x0b, 0x8b, 0x8c, 0x00, 0xb4, 0x20, 0x0d,
	0x8c, 0x8c, 0x00, 0xb5, 0x20, 0x0d, 0x8b, 0x8c, 0x00, 0xb4, 0x20, 0x0d, 0x8c, 0x8c, 0x00, 0xb5,
	0x20, 0x0d, 0xff, 0xa4, 0x01, 0x95, 0x8c, 0x00, 0xb4, 0x7c, 0x0b, 0x8c, 0x8c, 0x00, 0xbb, 0x7c,
	0x0b, 0xbc, 0x20, 0x0d, 0x8e, 0x8c, 0x00, 0xb3, 0x20, 0x0d, 0x8d, 0x8c, 0x00, 0xb2, 0x20, 0x0d,
	0x8e, 0x8c, 0x00, 0xa3, 0x20, 0x0d, 0xff, 0xa4, 0x01, 0x9d, 0x8c, 0x00, 0xff, 0x20, 0x0d, 0xff,
	0x20, 0x0d, 0xff, 0x20, 0x0d, 0xff, 0x20, 0x0d, 0xff, 0x20, 0x0d, 0xff, 0x20, 0x0d, 0xff, 0x20,
	0x0d, 0xad, 0x20, 0x0d, 0xff, 0x20, 0x0d, 0xa1, 0xec, 0x04, 0xff, 0x20, 0x0d, 0x87, 0x8c, 0x00,
	0xff, 0x20, 0x0d, 0x87, 0x8c, 0x00, 0xff, 0x20, 0x0d, 0x87, 0x8c, 0x00, 0xff, 0x20, 0x0d, 0x87,
	0x8c, 0x00, 0xff, 0x20, 0x0d, 0x89, 0x8c, 0x00, 0xff, 0x20, 0x0d, 0xf7, 0x20, 0x0d, 0xff, 0x20,
	0x0d, 0xa3, 0x8c, 0x00, 0xff, 0x7c, 0x0b, 0xff, 0x20, 0x0d, 0x93, 0x8c, 0x00, 0xff, 0x20, 0x0d,
	0xff, 0xa4, 0x01, 0x91, 0x8c, 0x00, 0xff, 0x7c, 0x0b, 0xff, 0x20, 0x0d, 0x93, 0x8c, 0x00, 0xe9,
	0x20, 0x0d, 0xff, 0xa4, 0x01, 0x9d, 0x8c, 0x00, 0xbd, 0x60, 0x27, 0xb3, 0x20, 0x76, 0xd2, 0x20,
	0x0d, 0xb4, 0x20, 0x76, 0xd2, 0x20, 0x0d, 0xb4, 0x20, 0x76, 0xd2, 0x20, 0x0d, 0xb4, 0x20, 0x76,
	0xd2, 0x20, 0x0d, 0xb4, 0x20, 0x76, 0xd2, 0x20, 0x0d, 0xb4, 0x20, 0x76, 0xd2, 0x20, 0x0d, 0xb4,
	0x20, 0x76, 0xd2, 0x20, 0x0d, 0xb4, 0x20, 0x76, 0xd2, 0x20, 0x0d, 0xb4, 0x20, 0x76, 0xd2, 0x20,
	0x0d, 0xb4, 0x20, 0x76, 0xd2, 0x20, 0x0d, 0xb4, 0x20, 0x76, 0xd2, 0x20, 0x0d, 0xb4, 0x20, 0x76,
	0xd2, 0x20, 0x0d, 0xb4, 0x20, 0x76, 0xd2, 0x20, 0x0d, 0xb4, 0x20, 0x76, 0xd2, 0x20, 0x0d, 0xb4,
	0x20, 0x76, 0xd2, 0x20, 0x0d, 0xb4, 0x20, 0x76, 0xd2, 0x7c, 0x0b, 0xb4, 0x7c, 0x74, 0xd2, 0x20,
	0x0d, 0xb4, 0x20, 0x76, 0xd2, 0x20, 0x0d, 0xb4, 0x20, 0x76, 0xff, 0xa4, 0x01, 0xa5, 0x8c, 0x00,
	0xb5, 0xbc, 0x25, 0xc3, 0x7c, 0x74, 0x8d, 0x8c, 0x00, 0xb3, 0x60, 0x27, 0xb3, 0x20, 0x76, 0xd2,
	0x20, 0x0d, 0xb4, 0x20, 0x76, 0xff, 0xa4, 0x01, 0x9d, 0x8c, 0x00, 0xff, 0x20, 0x0d, 0xff, 0x20,
	0x0d, 0xff, 0x20, 0x0d, 0xff, 0x20, 0x0d, 0xff, 0x20, 0x0d, 0xff, 0x20, 0x0d, 0xff, 0x20, 0x0d,
	0xad, 0x20, 0x0d, 0xff, 0x20, 0x0d, 0xa1, 0xec, 0x04, 0xff, 0x20, 0x0d, 0x87, 0x8c, 0x00, 0xff,
	0x20, 0x0d, 0x87, 0x8c, 0x00, 0xff, 0x20, 0x0d, 0x87, 0x8c, 0x00, 0xff, 0x20, 0x0d, 0x87, 0x8c,
	0x00, 0xff, 0x20, 0x0d, 0x89, 0x8c, 0x00, 0xff, 0x20, 0x0d, 0xf7, 0x20, 0x0d, 0xff, 0x20, 0x0d,
	0xa3, 0x8c, 0x00, 0xff, 0x7c, 0x0b, 0xff, 0x20, 0x0d, 0x93, 0x8c, 0x00, 0xff, 0x20, 0x0d, 0xff,
	0xa4, 0x01, 0x91, 0x8c, 0x00, 0xff, 0x7c, 0x0b, 0xff, 0x20, 0x0d, 0x93, 0x8c, 0x00, 0xe9, 0x20,
	0x0d, 0xff, 0xa4, 0x01, 0x9d, 0x8c, 0x00, 0xff, 0x20, 0x0d, 0xff, 0x20, 0x0d, 0xff, 0x20, 0x0d,
	0xff, 0x20, 0x0d, 0xff, 0x20, 0x0d, 0xff, 0x20, 0x0d, 0xff, 0x20, 0x0d, 0xad, 0x20, 0x0d, 0xff,
	0x20, 0x0d, 0xa1, 0xec, 0x04, 0xff, 0x20, 0x0d, 0x87, 0x8c, 0x00, 0xff, 0x20, 0x0d, 0x87, 0x8c,
	0x00, 0xff, 0x20, 0x0d, 0x87, 0x8c, 0x00, 0xff, 0x20, 0x0d, 0x87, 0x8c, 0x00, 0xff, 0x20, 0x0d,
	0x89, 0x8c, 0x00, 0xff, 0x20, 0x0d, 0xf7, 0x20, 0x0d, 0xff, 0x20, 0x0d, 0xa3, 0x8c, 0x00, 0xff,
	0x7c, 0x0b, 0xff, 0x20, 0x0d, 0x93, 0x8c, 0x00, 0xff, 0x20, 0x0d, 0xff, 0xa4, 0x01, 0x91, 0x8c,
	0x00, 0xff, 0x7c, 0x0b, 0xff, 0x20, 0x0d, 0x93, 0x8c, 0x00, 0xe9, 0x20, 0x0d, 0xff, 0xa4, 0x01,
	0x9d, 0x8c, 0x00, 0xff, 0x20, 0x0d, 0xff, 0x20, 0x0d, 0xff, 0x20, 0x0d, 0xff, 0x20, 0x0d, 0xff,
	0x20, 0x0d, 0xff, 0x20, 0x0d, 0xff, 0x20, 0x0d, 0xad, 0x20, 0x0d, 0xff, 0x20, 0x0d, 0xa1, 0xec,
	0x04, 0xff, 0x20, 0x0d, 0x87, 0x8c, 0x00, 0xff, 0x20, 0x0d, 0x87, 0x8c, 0x00, 0xff, 0x20, 0x0d,
	0x87, 0x8c, 0x00, 0xff, 0x20, 0x0d, 0x87, 0x8c, 0x00, 0xff, 0x20, 0x0d, 0x89, 0x8c, 0x00, 0xff,
	0x20, 0x0d, 0xf7, 0x20, 0x0d, 0xff, 0x20, 0x0d, 0xa3, 0x8c, 0x00, 0xff, 0x7c, 0x0b, 0xff, 0x20,
	0x0d, 0x93, 0x8c, 0x00, 0xff, 0x20, 0x0d, 0xff, 0xa4, 0x01, 0x91, 0x8c, 0x00, 0xff, 0x7c, 0x0b,
	0xff, 0x20, 0x0d, 0x93, 0x8c, 0x00, 0xe9, 0x20, 0x0d, 0xff, 0xa4, 0x01, 0x87, 0x46, 0x00, 0x8b,
	0xc6, 0x9d, 0x08, 0x56, 0xff, 0xaa, 0xff, 0xff, 0x00, 0x00, 0x00, 0xff, 0x86, 0x8c, 0x00, 0x81,
	0x76, 0x02, 0x01, 0xaa, 0xaa, 0x81, 0x46, 0x00, 0x82, 0x38, 0x00, 0xa2, 0x46, 0x00, 0x09, 0xe4,
	0xc6, 0x71, 0xe3, 0xaa, 0x55, 0x00, 0x00, 0xaa, 0x55, 0xb9, 0x46, 0x00, 0x09, 0x72, 0x8e, 0x8e,
	0x1c, 0x55, 0xaa, 0xff, 0xff, 0x55, 0xaa, 0xb9, 0x46, 0x00, 0x02, 0x00, 0x56, 0x55, 0x82, 0xd9,
	0x4f, 0x00, 0x00, 0x82, 0x18, 0xd3, 0xb5, 0x46, 0x00, 0xff, 0x18, 0x01, 0xff, 0x18, 0x01, 0x83,
	0x46, 0x00, 0x8b, 0x76, 0x02, 0xb5, 0x18, 0x01, 0x8b, 0x46, 0x00, 0xb5, 0x18, 0x01, 0x8b, 0x46,
	0x00, 0xb5, 0x18, 0x01, 0x8c, 0x8e, 0x03, 0xff, 0x18, 0x01, 0xbe, 0x18, 0x01, 0xff, 0x18, 0x01,
	0xff, 0x18, 0x01, 0xff, 0x18, 0x01, 0xff, 0x18, 0x01, 0xff, 0x18, 0x01, 0xff, 0x18, 0x01, 0xc9,
	0x18, 0x01, 0x01, 0x38, 0xc7, 0xc1, 0x18, 0x01, 0x01, 0xff, 0xaa, 0xff, 0x18, 0x01, 0xbb, 0x18,
	0x01, 0xff, 0x18, 0x01, 0x89, 0x46, 0x00, 0x00, 0x00, 0x89, 0x46, 0x00, 0x84, 0x01, 0x00, 0x87,
	0x06, 0x09, 0xb9, 0x46, 0x00, 0x03, 0x11, 0x00, 0x01, 0x80, 0xc1, 0x46, 0x00, 0x03, 0x22, 0x11,
	0x01, 0x80, 0xc1, 0x46, 0x00, 0x03, 0x33, 0x22, 0x01, 0x80, 0xc1, 0x46, 0x00, 0x03, 0x44, 0x33,
	0x01, 0x80, 0xc1, 0x46, 0x00, 0x03, 0x55, 0x44, 0x01, 0x80, 0xc1, 0x46, 0x00, 0x03, 0x77, 0x66,
	0x01, 0x80, 0xc1, 0x46, 0x00, 0x85, 0xf0, 0x0a, 0x99, 0x46, 0x00, 0x01, 0x41, 0x84, 0x81, 0x46,
	0x00, 0x07, 0x11, 0x90, 0x10, 0x10, 0x21, 0x20, 0x20, 0x20, 0x93, 0x46, 0x00, 0x93, 0x8c, 0x00,
	0x0f, 0xb1, 0xa0, 0xb0, 0xa0, 0x41, 0xa4, 0xc1, 0xb0, 0xc0, 0xb0, 0x41, 0xb4, 0x40, 0x10, 0x01,
	0x83, 0x83, 0x8c, 0x00, 0x81, 0x56, 0x00, 0xa9, 0x46, 0x00, 0x8d, 0xd2, 0x00, 0x00, 0x01, 0x9c,
	0xd2, 0x00, 0xc3, 0x18, 0x01, 0xc9, 0x46, 0x00, 0x82, 0x64, 0x01, 0xc0, 0x8c, 0x00, 0x81, 0x48,
	0x00, 0x93, 0x46, 0x00, 0x01, 0x00, 0x00, 0x81, 0x46, 0x00, 0x81, 0x20, 0x00, 0xbc, 0xd2, 0x00,
	0x00, 0x03, 0x83, 0x8c, 0x00, 0x83, 0xb2, 0x00, 0xb3, 0x46, 0x00, 0x01, 0x00, 0xf6, 0x83, 0x8c,
	0x00, 0x82, 0x5e, 0x0d, 0xb9, 0x8c, 0x00, 0x00, 0xf3, 0x85, 0x30, 0x02, 0x87, 0x8e, 0x00, 0xdb,
	0xea, 0x01, 0x01, 0x01, 0x80, 0xb9, 0x46, 0x00, 0x01, 0x01, 0x80, 0xff, 0x78, 0x05, 0xff, 0x78,
	0x05, 0xff, 0x78, 0x05, 0xff, 0x78, 0x05, 0xc4, 0x78, 0x05, 0x00, 0x80, 0x82, 0x78, 0x05, 0x04,
	0x10, 0x10, 0x10, 0x21, 0xa0, 0xb8, 0x78, 0x05, 0x00, 0x14, 0xc1, 0x78, 0x05, 0xff, 0x78, 0x05,
	0xff, 0x78, 0x05, 0x92, 0x46, 0x00, 0xc2, 0x78, 0x05, 0x00, 0x00, 0xc2, 0x78, 0x05, 0x01, 0x40,
	0xf0, 0x81, 0x8c, 0x00, 0x81, 0xae, 0x00, 0xba, 0x8c, 0x00, 0x00, 0x16, 0x85, 0x78, 0x05, 0x81,
	0xc2, 0x05, 0xb6, 0x8c, 0x00, 0xff, 0x78, 0x05, 0x8d, 0x1c, 0x07, 0x00, 0x00, 0x8b, 0xa4, 0x01,
	0xad, 0x78, 0x05, 0x93, 0x46, 0x00, 0xad, 0x78, 0x05, 0x95, 0x46, 0x00, 0xab, 0x78, 0x05, 0x97,
	0x46, 0x00, 0xa9, 0x78, 0x05, 0x99, 0x46, 0x00, 0xa7, 0x78, 0x05, 0x9b, 0x46, 0x00, 0xa5, 0x78,
	0x05, 0x9d, 0x46, 0x00, 0xa3, 0x78, 0x05, 0x9f, 0x46, 0x00, 0xa1, 0x78, 0x05, 0x00, 0x01, 0x86,
	0x46, 0x00, 0xb9, 0xf0, 0x0a, 0x01, 0x00, 0x00, 0x81, 0x78, 0x05, 0x82, 0x94, 0x16, 0xb8, 0x78,
	0x05, 0x81, 0xd2, 0x00, 0x03, 0x01, 0x10, 0x01, 0x10, 0xbc, 0x60, 0x04, 0x82, 0xd2, 0x00, 0x81,
	0x1c, 0x04, 0xbf, 0x46, 0x00, 0x9b, 0x5e, 0x01, 0x9f, 0x78, 0x05, 0xa7, 0x46, 0x00, 0xdf, 0xf0,
	0x0a, 0x01, 0x00, 0x00, 0x81, 0x78, 0x05, 0x81, 0x8c, 0x00, 0xba, 0xf0, 0x0a, 0x00, 0x0a, 0x83,
	0x78, 0x05, 0xbe, 0x8c, 0x00, 0x00, 0xf3, 0x85, 0x30, 0x02, 0xb7, 0x78, 0x05, 0x00, 0x00, 0xa8,
	0x5e, 0x01, 0x97, 0x78, 0x05, 0xa3, 0x46, 0x00, 0x9e, 0x78, 0x05, 0x87, 0xd6, 0x06, 0x85, 0x43,
	0x00, 0x82, 0x74, 0x00, 0xb6, 0x1c, 0x07, 0x88, 0x46, 0x00, 0xad, 0x78, 0x05, 0x95, 0x46, 0x00,
	0xac, 0x78, 0x05, 0x96, 0x46, 0x00, 0xaa, 0x78, 0x05, 0x98, 0x46, 0x00, 0xa8, 0x78, 0x05, 0x9a,
	0x46, 0x00, 0xa6, 0x78, 0x05, 0x9c, 0x46, 0x00, 0xa4, 0x78, 0x05, 0x9e, 0x46, 0x00, 0xa2, 0x78,
	0x05, 0x00, 0x80, 0x81, 0x46, 0x00, 0x81, 0xf0, 0x0a, 0x97, 0x46, 0x00, 0xa0, 0x78, 0x05, 0x01,
	0x10, 0x01, 0x9e, 0x8c, 0x00, 0xa3, 0xd2, 0x00, 0x83, 0xf0, 0x0a, 0xba, 0x46, 0x00, 0x00, 0x1a,
	0x85, 0x18, 0x01, 0x88, 0x45, 0x00, 0xb2, 0x8c, 0x00, 0xa3, 0xd2, 0x00, 0x9a, 0x78, 0x05, 0xa6,
	0x46, 0x00, 0x9c, 0x78, 0x05, 0x81, 0x32, 0x05, 0x02, 0x80, 0x00, 0x00, 0xbd, 0x5e, 0x01, 0xc0,
	0x68, 0x10, 0x00, 0xf0, 0x81, 0x46, 0x00, 0x81, 0xae, 0x00, 0xff, 0xa4, 0x01, 0xa9, 0x5e, 0x01,
	0x98, 0x78, 0x05, 0xa2, 0x46, 0x00, 0xff, 0x68, 0x10, 0xff, 0x68, 0x10, 0x87, 0x18, 0x01, 0xff,
	0x68, 0x10, 0x89, 0x46, 0x00, 0xff, 0x68, 0x10, 0xaf, 0x78, 0x05, 0x83, 0xe0, 0x15, 0x00, 0x10,
	0xff, 0xe0, 0x15, 0xff, 0x68, 0x10, 0xb4, 0x46, 0x00, 0xdf, 0x68, 0x10, 0xc3, 0x64, 0x0a, 0xff,
	0xe0, 0x15, 0x8a, 0x8c, 0x00, 0xff, 0xe0, 0x15, 0xca, 0x68, 0x10, 0xff, 0x78, 0x05, 0xff, 0x78,
	0x05, 0xff, 0x78, 0x05, 0xff, 0x78, 0x05, 0xa6, 0x78, 0x05, 0x86, 0xe0, 0x15, 0x00, 0x20, 0xfe,
	0xe0, 0x15, 0xff, 0x78, 0x05, 0xff, 0x78, 0x05, 0x92, 0x46, 0x00, 0xc3, 0x68, 0x10, 0xc2, 0x64,
	0x0a, 0xff, 0xe0, 0x15, 0xff, 0x78, 0x05, 0x91, 0x46, 0x00, 0x00, 0xc0, 0xba, 0x78, 0x05, 0x00,
	0xe0, 0x82, 0x46, 0x00, 0x00, 0xe0, 0x94, 0x46, 0x00, 0xa5, 0x78, 0x05, 0x9d, 0x46, 0x00, 0xa3,
	0x78, 0x05, 0x9f, 0x46, 0x00, 0xa1, 0x78, 0x05, 0xa1, 0x46, 0x00, 0x9f, 0x78, 0x05, 0xa3, 0x46,
	0x00, 0x9d, 0x78, 0x05, 0x85, 0x46, 0x00, 0x9d, 0x46, 0x00, 0x9b, 0x78, 0x05, 0xa7, 0x46, 0x00,
	0x99, 0x78, 0x05, 0x85, 0x46, 0x00, 0x00, 0xc1, 0x82, 0xf0, 0x0a, 0x02, 0x12, 0x90, 0x0f, 0xb2,
	0xf0, 0x0a, 0x00, 0xc1, 0x82, 0x78, 0x05, 0x02, 0xc1, 0xb4, 0xc0, 0xba, 0xf0, 0x0a, 0x85, 0x8c,
	0x00, 0xc3, 0x78, 0x05, 0xa1, 0x18, 0x01, 0xc3, 0x5e, 0x01, 0x97, 0x78, 0x05, 0xaf, 0x46, 0x00,
	0x91, 0x78, 0x05, 0x85, 0x46, 0x00, 0x00, 0x80, 0x82, 0x78, 0x05, 0x01, 0x02, 0x00, 0xb3, 0x78,
	0x05, 0x88, 0x8c, 0x00, 0xb8, 0xf0, 0x0a, 0x86, 0x8c, 0x00, 0x84, 0xf0, 0x0a, 0x82, 0xee, 0x39,
	0xb9, 0x8c, 0x00, 0xb8, 0xf0, 0x0a, 0xb1, 0x5e, 0x01, 0x8f, 0x78, 0x05, 0xab, 0x46, 0x00, 0x95,
	0x78, 0x05, 0x9b, 0x46, 0x00, 0xf3, 0x78, 0x05, 0xff, 0x78, 0x05, 0xff, 0x78, 0x05, 0xff, 0x78,
	0x05, 0x9c, 0x78, 0x05, 0x86, 0xf0, 0x0a, 0x02, 0x22, 0xa0, 0x1f, 0xb7, 0x78, 0x05, 0xba, 0xf0,
	0x0a, 0xff, 0x78, 0x05, 0xff, 0x78, 0x05, 0x99, 0x78, 0x05, 0x00, 0xc0, 0xba, 0xf0, 0x0a, 0x86,
	0x32, 0x05, 0x86, 0x78, 0x05, 0x81, 0xc2, 0x05, 0xb6, 0x18, 0x01, 0xba, 0xf0, 0x0a, 0x86, 0x8c,
	0x00, 0x88, 0xf0, 0x0a, 0xb7, 0x30, 0x02, 0xff, 0x78, 0x05, 0x87, 0x46, 0x00, 0x00, 0x00, 0xc2,
	0x68, 0x10, 0x93, 0x46, 0x00, 0xb0, 0x58, 0x1b, 0xc0, 0x68, 0x10, 0x97, 0x46, 0x00, 0xac, 0x58,
	0x1b, 0xc0, 0x68, 0x10, 0x9b, 0x46, 0x00, 0xa8, 0x58, 0x1b, 0xc0, 0x68, 0x10, 0x9f, 0x46, 0x00,
	0xa4, 0x58, 0x1b, 0x84, 0x78, 0x05, 0xba, 0xd0, 0x20, 0xc2, 0xe0, 0x15, 0x81, 0xd2, 0x00, 0xbf,
	0x78, 0x05, 0xa1, 0x18, 0x01, 0xc9, 0x46, 0x00, 0x9c, 0x58, 0x1b, 0xc0, 0x68, 0x10, 0xc4, 0x12,
	0x1b, 0x00, 0xfe, 0xcb, 0x22, 0x10, 0xba, 0x8a, 0x20, 0xc2, 0x22, 0x10, 0xa3, 0x46, 0x00, 0xa0,
	0x8a, 0x20, 0xff, 0x32, 0x05, 0xff, 0x32, 0x05, 0xff, 0x32, 0x05, 0xb8, 0x46, 0x00, 0xff, 0x32,
	0x05, 0xff, 0x32, 0x05, 0xb7, 0xd4, 0x03, 0x01, 0x00, 0x18, 0xff, 0x32, 0x05, 0xcc, 0x32, 0x05,
	0xc3, 0x9a, 0x15, 0x82, 0xdc, 0x0f, 0xbe, 0x32, 0x05, 0x00, 0x1e, 0xff, 0x32, 0x05, 0xff, 0x32,
	0x05, 0xff, 0x32, 0x05, 0xb3, 0x46, 0x00, 0xff, 0x32, 0x05, 0x8b, 0x46, 0x00, 0xff, 0x32, 0x05,
	0xaf, 0x32, 0x05, 0xff, 0x32, 0x05, 0xce, 0x32, 0x05, 0xff, 0x64, 0x0a, 0xff, 0x64, 0x0a, 0xff,
	0x64, 0x0a, 0xff, 0x32, 0x05, 0xff, 0x32, 0x05, 0xff, 0x32, 0x05, 0xfe, 0x32, 0x05, 0xff, 0x32,
	0x05, 0xff, 0x32, 0x05, 0xff, 0x32, 0x05, 0xff, 0x32, 0x05, 0xff, 0x64, 0x0a, 0xb0, 0xd2, 0x00,
	0xff, 0x64, 0x0a, 0xff, 0x32, 0x05, 0x90, 0x46, 0x00, 0xff, 0x40, 0x1a, 0x87, 0x46, 0x00, 0xff,
	0x40, 0x1a, 0xff, 0x40, 0x1a, 0xb1, 0x46, 0x00, 0xef, 0xb8, 0x1f, 0xb5, 0x32, 0x05, 0xff, 0xb8,
	0x1f, 0xa5, 0x02, 0x03, 0xad, 0x8c, 0x00, 0xff, 0x40, 0x1a, 0x88, 0x6e, 0x19, 0xc2, 0x40, 0x1a,
	0xc9, 0xb8, 0x1f, 0xbd, 0x40, 0x1a, 0xc3, 0xb8, 0x1f, 0xff, 0x40, 0x1a, 0x9d, 0x46, 0x00, 0xff,
	0x78, 0x05, 0xff, 0x78, 0x05, 0xff, 0x78, 0x05, 0xff, 0x78, 0x05, 0x90, 0x78, 0x05, 0xba, 0xaa,
	0x0a, 0xff, 0xb8, 0x1f, 0xff, 0x78, 0x05, 0xdf, 0x78, 0x05, 0xcd, 0xb8, 0x1f, 0xb9, 0x78, 0x05,
	0xcd, 0xb8, 0x1f, 0xff, 0x78, 0x05, 0xff, 0x78, 0x05, 0xff, 0x78, 0x05, 0xff, 0x78, 0x05, 0xff,
	0x78, 0x05, 0xf1, 0xf0, 0x0a, 0xb5, 0x98, 0x35, 0xcb, 0xf0, 0x0a, 0xff, 0x78, 0x05, 0xff, 0x78,
	0x05, 0x97, 0xf0, 0x0a, 0x81, 0x0e, 0x3b, 0xbc, 0xd2, 0x00, 0xc6, 0xf0, 0x0a, 0x84, 0xd6, 0x58,
	0xff, 0xf0, 0x0a, 0xff, 0x78, 0x05, 0xff, 0x78, 0x05, 0xff, 0x78, 0x05, 0xb4, 0x46, 0x00, 0xed,
	0x78, 0x05, 0xff, 0x78, 0x05, 0x88, 0x78, 0x05, 0xba, 0x98, 0x35, 0xff, 0xf0, 0x0a, 0xff, 0x78,
	0x05, 0xff, 0xf0, 0x0a, 0xad, 0xf0, 0x0a, 0x89, 0xd0, 0x40, 0xfd, 0xf0, 0x0a, 0x89, 0x06, 0x06,
	0xff, 0x78, 0x05, 0xb7, 0x78, 0x05, 0x8b, 0xde, 0x35, 0x03, 0xaa, 0xaa, 0xaa, 0x2a, 0x81, 0x22,
	0x01, 0xbb, 0x10, 0x3b, 0x85, 0x46, 0x00, 0xad, 0x12, 0x1b, 0x95, 0x46, 0x00, 0xb9, 0x10, 0x3b,
	0x89, 0x46, 0x00, 0xb7, 0x10, 0x3b, 0x8b, 0x46, 0x00, 0xb5, 0x10, 0x3b, 0x8d, 0x46, 0x00, 0xb3,
	0x10, 0x3b, 0x8f, 0x46, 0x00, 0xb1, 0x10, 0x3b, 0x03, 0x01, 0x00, 0xff, 0x3f, 0x8d, 0x46, 0x00,
	0xa8, 0x68, 0x56, 0x84, 0x68, 0x10, 0x91, 0x8c, 0x00, 0x99, 0x78, 0x05, 0x93, 0x88, 0x40, 0x05,
	0xaa, 0xa8, 0xaa, 0x29, 0x01, 0x83, 0xa3, 0x46, 0x00, 0x8d, 0xd2, 0x00, 0x87, 0x78, 0x05, 0x03,
	0xaa, 0x4a, 0xaa, 0xfa, 0x81, 0x84, 0x4b, 0xb1, 0x46, 0x00, 0x88, 0x48, 0x03, 0x04, 0xc6, 0xaa,
	0x0d, 0x00, 0xd7, 0xb3, 0x8c, 0x00, 0x9b, 0xa4, 0x01, 0x99, 0x78, 0x05, 0xaf, 0x46, 0x00, 0xa7,
	0x12, 0x1b, 0xa9, 0xa4, 0x01, 0x8c, 0x8c, 0x00, 0x88, 0xf0, 0x0a, 0xb5, 0x46, 0x00, 0x8b, 0x58,
	0x1b, 0xb8, 0x8c, 0x00, 0x88, 0xf0, 0x0a, 0xb5, 0x46, 0x00, 0xa9, 0x5e, 0x01, 0xa5, 0x10, 0x3b,
	0x95, 0x46, 0x00, 0x9d, 0x58, 0x1b, 0xff, 0x78, 0x05, 0xff, 0x78, 0x05, 0xff, 0x78, 0x05, 0xff,
	0x78, 0x05, 0xa6, 0x78, 0x05, 0x8a, 0xe0, 0x15, 0xb6, 0x78, 0x05, 0x8a, 0xf0, 0x0a, 0xff, 0x78,
	0x05, 0xff, 0x78, 0x05, 0xad, 0x46, 0x00, 0x99, 0x78, 0x05, 0x8b, 0x88, 0x40, 0xb6, 0x32, 0x05,
	0xc2, 0x78, 0x05, 0x8b, 0x88, 0x40, 0xb6, 0x8c, 0x00, 0x8a, 0xe0, 0x15, 0xff, 0x78, 0x05, 0xbf,
	0x78, 0x05, 0x83, 0x94, 0x0c, 0x86, 0x76, 0x02, 0x84, 0x01, 0x00, 0xae, 0x68, 0x10, 0x92, 0x46,
	0x00, 0xae, 0x68, 0x10, 0x94, 0x46, 0x00, 0xac, 0x68, 0x10, 0x96, 0x46, 0x00, 0xaa, 0x68, 0x10,
	0x98, 0x46, 0x00, 0xa8, 0x68, 0x10, 0x9a, 0x46, 0x00, 0xa6, 0x68, 0x10, 0x9c, 0x46, 0x00, 0xa4,
	0x68, 0x10, 0x9e, 0x46, 0x00, 0xa1, 0x68, 0x10, 0x01, 0xe1, 0x71, 0x83, 0x78, 0x05, 0x01, 0x11,
	0x90, 0xb1, 0xe0, 0x15, 0x01, 0xe1, 0xa5, 0x81, 0x78, 0x05, 0x02, 0xe1, 0xb5, 0xc0, 0x82, 0x68,
	0x56, 0x85, 0x78, 0x05, 0xa9, 0x46, 0x00, 0x89, 0x8c, 0x00, 0xc4, 0x68, 0x10, 0xa0, 0x18, 0x01,
	0xc3, 0x5e, 0x01, 0xa0, 0x68, 0x10, 0xa8, 0x8c, 0x00, 0x97, 0x68, 0x10, 0xc3, 0xec, 0x4a, 0x00,
	0xc0, 0x82, 0x36, 0x51, 0x85, 0x78, 0x05, 0xb6, 0x18, 0x01, 0x00, 0xf4, 0x83, 0x78, 0x05, 0xbc,
	0x88, 0x40, 0x82, 0x68, 0x56, 0x85, 0x78, 0x05, 0xb8, 0x46, 0x00, 0xc1, 0x68, 0x10, 0xa2, 0x46,
	0x00, 0xa0, 0xe0, 0x15, 0x00, 0x13, 0xc2, 0xe0, 0x15, 0x90, 0x46, 0x00, 0xb0, 0xe0, 0x15, 0x92,
	0x46, 0x00, 0xae, 0xe0, 0x15, 0x94, 0x46, 0x00, 0xac, 0xe0, 0x15, 0x96, 0x46, 0x00, 0xaa, 0xe0,
	0x15, 0x98, 0x46, 0x00, 0xa5, 0x78, 0x05, 0x9d, 0x46, 0x00, 0xa6, 0xe0, 0x15, 0x9c, 0x46, 0x00,
	0xa4, 0xe0, 0x15, 0x00, 0x13, 0x85, 0xf0, 0x0a, 0x01, 0x21, 0xa0, 0x93, 0x46, 0x00, 0x97, 0x78,
	0x05, 0x85, 0xe0, 0x15, 0x03, 0xe0, 0x11, 0x01, 0x73, 0xb8, 0xec, 0x04, 0x00, 0xa5, 0x82, 0x06,
	0x00, 0x00, 0xb5, 0xc6, 0xe0, 0x15, 0x9e, 0x18, 0x01, 0xc3, 0x5e, 0x01, 0xa0, 0x78, 0x05, 0xa8,
	0x8c, 0x00, 0x9a, 0xe0, 0x15, 0x00, 0x13, 0xbf, 0xe0, 0x15, 0xc3, 0xec, 0x4a, 0x01, 0xc0, 0xf0,
	0x81, 0x8c, 0x00, 0xbe, 0x48, 0x26, 0x00, 0x14, 0x87, 0x78, 0x05, 0xba, 0x88, 0x40, 0xa8, 0xea,
	0x01, 0x98, 0xe0, 0x15, 0xa0, 0x46, 0x00, 0xab, 0xe0, 0x15, 0x85, 0x46, 0x00, 0xf3, 0xf0, 0x50,
	0xff, 0xf0, 0x50, 0xa3, 0x46, 0x00, 0xff, 0xf0, 0x50, 0x8b, 0x46, 0x00, 0xef, 0x68, 0x56, 0x00,
	0x12, 0xff, 0x68, 0x56, 0x8e, 0x68, 0x10, 0xb9, 0x46, 0x00, 0xb7, 0x78, 0x05, 0xaf, 0x46, 0x00,
	0xa7, 0x68, 0x10, 0x9b, 0x8c, 0x00, 0x9d, 0xe0, 0x15, 0x00, 0x02, 0xb4, 0xd0, 0x20, 0x93, 0xe0,
	0x15, 0xb5, 0x46, 0x00, 0xff, 0x68, 0x56, 0x87, 0x46, 0x00, 0xff, 0xf0, 0x50, 0x9d, 0x46, 0x00,
	0xff, 0x78, 0x05, 0xff, 0x78, 0x05, 0xff, 0x78, 0x05, 0xff, 0x78, 0x05, 0x90, 0x78, 0x05, 0x88,
	0x78, 0x4b, 0xff, 0x68, 0x56, 0xff, 0x78, 0x05, 0xff, 0x78, 0x05, 0x8f, 0x46, 0x00, 0xcd, 0x48,
	0x6c, 0x81, 0xc2, 0x05, 0xb6, 0x18, 0x01, 0xff, 0x68, 0x56, 0xff, 0x78, 0x05, 0x93, 0x66, 0x0d,
	0xc1, 0xe0, 0x15, 0xba, 0x78, 0x05, 0xff, 0x48, 0x26, 0xab, 0x46, 0x00, 0xff, 0x48, 0x26, 0x8b,
	0x46, 0x00, 0xf1, 0xb0, 0x36, 0x00, 0x0f, 0xb2, 0xe0, 0x15, 0xcb, 0xc0, 0x2b, 0xff, 0x48, 0x26,
	0xab, 0x5e, 0x01, 0xa2, 0x68, 0x10, 0xc0, 0xe0, 0x15, 0x01, 0x80, 0x02, 0x83, 0x78, 0x05, 0xbe,
	0xd2, 0x00, 0xc0, 0xe0, 0x15, 0xc3, 0xe4, 0x61, 0xff, 0xc0, 0x2b, 0xad, 0x46, 0x00, 0xff, 0xc0,
	0x2b, 0xff, 0x78, 0x05, 0x87, 0x18, 0x01, 0xff, 0x78, 0x05, 0x89, 0x46, 0x00, 0xa5, 0x78, 0x05,
	0xff, 0x78, 0x05, 0x88, 0x78, 0x05, 0x88, 0xd0, 0x20, 0x00, 0x1f, 0xb6, 0xe0, 0x15, 0xff, 0xc0,
	0x2b, 0xff, 0x78, 0x05, 0xd7, 0x78, 0x05, 0xc4, 0xc0, 0x2b, 0x00, 0x12, 0x87, 0x78, 0x05, 0xb8,
	0x18, 0x01, 0xc2, 0xc0, 0x2b, 0xc3, 0xe4, 0x61, 0xff, 0x78, 0x05, 0x8b, 0xbc, 0x02, 0xff, 0x68,
	0x10, 0x83, 0x46, 0x00, 0xff, 0x68, 0x10, 0xff, 0x68, 0x10, 0xff, 0x68, 0x10, 0x9c, 0x68, 0x10,
	0x84, 0xb0, 0x36, 0xb3, 0x58, 0x61, 0xff, 0xe0, 0x15, 0xff, 0x68, 0x10, 0xe0, 0xe0, 0x15, 0xff,
	0x48, 0x6c, 0x8c, 0xe0, 0x15, 0x01, 0xff, 0x7f, 0xb3, 0xd0, 0x20, 0xcb, 0xe0, 0x15, 0xff, 0x68,
	0x10, 0x9d, 0x46, 0x00, 0xff, 0x78, 0x05, 0xff, 0x78, 0x05, 0xff, 0x78, 0x05, 0xff, 0x78, 0x05,
	0x90, 0x78, 0x05, 0x88, 0xb0, 0x36, 0xaf, 0x58, 0x61, 0xff, 0xe0, 0x15, 0xff, 0x78, 0x05, 0xdf,
	0x78, 0x05, 0xff, 0x48, 0x6c, 0x88, 0x8c, 0x00, 0xcc, 0xe0, 0x15, 0x81, 0xc2, 0x05, 0xb6, 0x8c,
	0x00, 0xff, 0x78, 0x05, 0x89, 0x3e, 0x17, 0x88, 0x46, 0x00, 0x85, 0x4e, 0x2f, 0x8b, 0x78, 0x05,
	0x9f, 0x8e, 0x03, 0x93, 0x46, 0x00, 0x8b, 0x78, 0x05, 0xb7, 0x46, 0x00, 0x89, 0x78, 0x05, 0xb9,
	0x46, 0x00, 0x87, 0x78, 0x05, 0xbb, 0x46, 0x00, 0x85, 0x78, 0x05, 0xbd, 0x46, 0x00, 0x83, 0x78,
	0x05, 0xbf, 0x46, 0x00, 0x81, 0x78, 0x05, 0xc1, 0x46, 0x00, 0xaf, 0xc2, 0x51, 0xa9, 0x46, 0x00,
	0x97, 0xc2, 0x51, 0x03, 0x01, 0x06, 0x08, 0x3d, 0x8f, 0x38, 0x31, 0x01, 0x01, 0x83, 0x9d, 0x8c,
	0x00, 0x8b, 0xc2, 0x51, 0x03, 0x01, 0x20, 0x00, 0x01, 0x8f, 0x38, 0x31, 0x81, 0x12, 0x00, 0xa9,
	0x18, 0x01, 0x03, 0x00, 0x00, 0x91, 0x06, 0x8f, 0x38, 0x31, 0x82, 0x42, 0x00, 0xc4, 0x5e, 0x01,
	0x99, 0x78, 0x05, 0xa9, 0xa4, 0x01, 0x9d, 0xd0, 0x20, 0x85, 0x78, 0x05, 0xb5, 0xea, 0x01, 0x8b,
	0x38, 0x31, 0xb6, 0x46, 0x00, 0x8a, 0xb0, 0x36, 0xb6, 0x46, 0x00, 0x8a, 0x38, 0x31, 0xb8, 0xd2,
	0x00, 0xa8, 0x02, 0x03, 0xa3, 0x08, 0x52, 0x95, 0x46, 0x00, 0xff, 0x78, 0x05, 0xff, 0x78, 0x05,
	0xff, 0x78, 0x05, 0xbb, 0x78, 0x05, 0xff, 0x78, 0x05, 0xff, 0x78, 0x05, 0xff, 0x78, 0x05, 0xff,
	0x78, 0x05, 0xff, 0x78, 0x05, 0xff, 0x78, 0x05, 0xff, 0x78, 0x05, 0xc3, 0x78, 0x05, 0x8b, 0x36,
	0x0b, 0xb5, 0x78, 0x05, 0x93, 0x46, 0x00, 0xad, 0x78, 0x05, 0x95, 0x46, 0x00, 0xab, 0x78, 0x05,
	0x97, 0x46, 0x00, 0xa9, 0x78, 0x05, 0x99, 0x46, 0x00, 0xa7, 0x78, 0x05, 0x9b, 0x46, 0x00, 0xa5,
	0x78, 0x05, 0x9d, 0x46, 0x00, 0xa3, 0x78, 0x05, 0x9f, 0x46, 0x00, 0xaf, 0xa0, 0x41, 0xb5, 0x78,
	0x05, 0x8b, 0xe0, 0x15, 0xb5, 0x78, 0x05, 0x8b, 0x68, 0x10, 0xb5, 0x78, 0x05, 0x8d, 0x38, 0x0e,
	0xb3, 0x78, 0x05, 0xa7, 0x5e, 0x01, 0xa7, 0x68, 0x10, 0xfb, 0x78, 0x05, 0x8b, 0xe0, 0x15, 0xfb,
	0x78, 0x05, 0x8b, 0xe0, 0x15, 0xb5, 0x46, 0x00, 0xab, 0x02, 0x03, 0xa3, 0x68, 0x10, 0xff, 0x78,
	0x05, 0xff, 0x78, 0x05, 0x9f, 0x18, 0x01, 0xff, 0x78, 0x05, 0xff, 0x78, 0x05, 0xbc, 0x78, 0x05,
	0xc2, 0xf0, 0x0a, 0x8b, 0xe0, 0x15, 0xff, 0x78, 0x05, 0xff, 0x78, 0x05, 0xaf, 0xa4, 0x01, 0x97,
	0x78, 0x05, 0x8b, 0xe0, 0x15, 0xfb, 0xf0, 0x0a, 0x8b, 0xe0, 0x15, 0xfb, 0xf0, 0x0a, 0xff, 0x78,
	0x05, 0x97, 0x76, 0x02, 0x83, 0x01, 0x00, 0xff, 0x58, 0x1b, 0xff, 0x58, 0x1b, 0x97, 0x46, 0x00,
	0xff, 0x58, 0x1b, 0x8b, 0x46, 0x00, 0xf0, 0xf8, 0xa2, 0xbc, 0xa2, 0x67, 0xc3, 0xd0, 0x20, 0xff,
	0x58, 0x1b, 0xb1, 0x46, 0x00, 0xa7, 0x78, 0x05, 0x9b, 0x8c, 0x00, 0x98, 0xf0, 0x0a, 0x82, 0xd0,
	0x20, 0x85, 0x78, 0x05, 0xb8, 0xd2, 0x00, 0xc6, 0xd0, 0x20, 0xbd, 0x58, 0x1b, 0xff, 0xd0, 0x20,
	0xad, 0x46, 0x00, 0xff, 0x78, 0x05, 0xff, 0x78, 0x05, 0x87, 0x18, 0x01, 0xff, 0x78, 0x05, 0x89,
	0x46, 0x00, 0xa5, 0x78, 0x05, 0xff, 0x78, 0x05, 0x88, 0x78, 0x05, 0xc2, 0x1a, 0x6d, 0xff, 0xd0,
	0x20, 0xff, 0x78, 0x05, 0xd7, 0x78, 0x05, 0xcd, 0xd0, 0x20, 0xb9, 0x78, 0x05, 0xcd, 0xd0, 0x20,
	0xff, 0x78, 0x05, 0xc5, 0x78, 0x05, 0x8a, 0x2e, 0xae, 0x85, 0x01, 0x00, 0x8a, 0xde, 0xc1, 0x83,
	0x8c, 0x00, 0xa8, 0x7a, 0xb7, 0x84, 0x01, 0x00, 0x8b, 0x3c, 0xc3, 0x9f, 0x46, 0x00, 0x93, 0x46,
	0x00, 0x8b, 0xf6, 0xc2, 0xb5, 0x46, 0x00, 0x8b, 0xb0, 0xc2, 0xb6, 0xd2, 0x00, 0x8a, 0x6a, 0xc2,
	0xb7, 0x46, 0x00, 0x89, 0x24, 0xc2, 0xb7, 0x46, 0x00, 0x89, 0xde, 0xc1, 0xb7, 0x46, 0x00, 0x89,
	0x98, 0xc1, 0xb7, 0x46, 0x00, 0x89, 0x52, 0xc1, 0xb9, 0x46, 0x00, 0x87, 0x0c, 0xc1, 0xb9, 0x46,
	0x00, 0x87, 0xc6, 0xc0, 0xb9, 0x46, 0x00, 0x87, 0x80, 0xc0, 0xb9, 0x46, 0x00, 0x87, 0x3a, 0xc0,
	0xbb, 0x46, 0x00, 0x85, 0xf4, 0xbf, 0xbb, 0x46, 0x00, 0x85, 0xae, 0xbf, 0xbb, 0x46, 0x00, 0x85,
	0x68, 0xbf, 0xbb, 0x46, 0x00, 0x85, 0x7e, 0xbd, 0xbd, 0x46, 0x00, 0x83, 0xdc, 0xbe, 0x9f, 0x46,
	0x00, 0x9b, 0x46, 0x00, 0x83, 0x96, 0xbe, 0xff, 0xd2, 0x00, 0x83, 0x8e, 0x03, 0x81, 0x66, 0xbc,
	0xbf, 0x46, 0x00, 0x81, 0xc4, 0xbd, 0xbf, 0x46, 0x00, 0x81, 0x7e, 0xbd, 0xfb, 0xd2, 0x00, 0xff,
	0x90, 0x06, 0xff, 0x90, 0x06, 0xff, 0x90, 0x06, 0xff, 0x90, 0x06, 0xff, 0x90, 0x06, 0x99, 0x46,
	0x00, 0xff, 0x90, 0x06, 0xff, 0x90, 0x06, 0xff, 0x90, 0x06, 0xff, 0xbe, 0x05, 0xff, 0x90, 0x06,
	0xff, 0x90, 0x06, 0xff, 0x90, 0x06, 0xc3, 0xd2, 0x00, 0x01, 0x00, 0x00, 0x81, 0x46, 0x00, 0x8d,
	0xe6, 0xaa, 0xad, 0x90, 0x06, 0x93, 0x46, 0x00, 0xad, 0x90, 0x06, 0x93, 0x46, 0x00, 0xad, 0x90,
	0x06, 0x93, 0x46, 0x00, 0xad, 0x90, 0x06, 0x94, 0xd2, 0x00, 0xac, 0x90, 0x06, 0x95, 0x46, 0x00,
	0xab, 0x90, 0x06, 0x95, 0x46, 0x00, 0xab, 0x90, 0x06, 0x95, 0x46, 0x00, 0xab, 0x90, 0x06, 0x95,
	0x46, 0x00, 0xab, 0x90, 0x06, 0x97, 0x46, 0x00, 0xa9, 0x90, 0x06, 0x97, 0x46, 0x00, 0xa9, 0x90,
	0x06, 0x97, 0x46, 0x00, 0xa9, 0x90, 0x06, 0x97, 0x46, 0x00, 0xa9, 0x90, 0x06, 0x99, 0x46, 0x00,
	0xa7, 0x90, 0x06, 0x99, 0x46, 0x00, 0xa7, 0x90, 0x06, 0x99, 0x46, 0x00, 0xa7, 0x90, 0x06, 0x99,
	0x46, 0x00, 0xa7, 0xbe, 0x05, 0x9b, 0x46, 0x00, 0xa5, 0x90, 0x06, 0x9b, 0x46, 0x00, 0xa5, 0x90,
	0x06, 0xe1, 0xd2, 0x00, 0xbb, 0xbe, 0x05, 0xad, 0x90, 0x06, 0x9d, 0x46, 0x00, 0xa3, 0x90, 0x06,
	0xc4, 0xd2, 0x00, 0x01, 0x10, 0xd6, 0x90, 0xfe, 0xab, 0xae, 0x90, 0x06, 0x92, 0x46, 0x00, 0xae,
	0x90, 0x06, 0x92, 0x46, 0x00, 0xae, 0x90, 0x06, 0x92, 0x46, 0x00, 0xae, 0x90, 0x06, 0x93, 0xd2,
	0x00, 0xad, 0x90, 0x06, 0x94, 0x46, 0x00, 0xac, 0x90, 0x06, 0x94, 0x46, 0x00, 0xac, 0x90, 0x06,
	0x94, 0x46, 0x00, 0xac, 0x90, 0x06, 0x94, 0x46, 0x00, 0xac, 0x90, 0x06, 0x96, 0x46, 0x00, 0xa9,
	0x90, 0x06, 0x97, 0x46, 0x00, 0xaa, 0x90, 0x06, 0x96, 0x46, 0x00, 0xaa, 0x90, 0x06, 0x96, 0x46,
	0x00, 0xaa, 0x90, 0x06, 0x98, 0x46, 0x00, 0xa8, 0x90, 0x06, 0x98, 0x46, 0x00, 0xa8, 0x90, 0x06,
	0x98, 0x46, 0x00, 0xa8, 0x90, 0x06, 0x98, 0x46, 0x00, 0xa8, 0xbe, 0x05, 0x9a, 0x46, 0x00, 0xa6,
	0x90, 0x06, 0x9a, 0x46, 0x00, 0xa6, 0x90, 0x06, 0xe0, 0xd2, 0x00, 0xbb, 0xbe, 0x05, 0xae, 0x90,
	0x06, 0x9c, 0x46, 0x00, 0xa4, 0x90, 0x06, 0xc2, 0xd2, 0x00, 0xff, 0xb0, 0x13, 0x87, 0x46, 0x00,
	0xff, 0xb0, 0x13, 0x9e, 0xd2, 0x00, 0xff, 0xb0, 0x13, 0xff, 0xb0, 0x13, 0xff, 0xb0, 0x13, 0x9e,
	0x46, 0x00, 0xff, 0xb0, 0x13, 0x87, 0x46, 0x00, 0xff, 0xb0, 0x13, 0x89, 0x46, 0x00, 0xff, 0xb0,
	0x13, 0x87, 0x46, 0x00, 0xed, 0xb0, 0x13, 0xff, 0xb0, 0x13, 0xa5, 0x46, 0x00, 0xff, 0xb0, 0x13,
	0xf5, 0xb0, 0x13, 0xff, 0x90, 0x06, 0xff, 0x90, 0x06, 0xff, 0x90, 0x06, 0xff, 0x90, 0x06, 0xff,
	0x90, 0x06, 0xaf, 0x90, 0x06, 0xff, 0x90, 0x06, 0xff, 0x90, 0x06, 0xff, 0x90, 0x06, 0xff, 0xbe,
	0x05, 0xff, 0x90, 0x06, 0xff, 0x90, 0x06, 0xff, 0x90, 0x06, 0xc3, 0xd2, 0x00, 0x00, 0xc0, 0xba,
	0x90, 0x06, 0x87, 0xac, 0x53, 0xb9, 0x90, 0x06, 0x85, 0x46, 0x00, 0x93, 0x46, 0x00, 0xa5, 0x90,
	0x06, 0x9b, 0x46, 0x00, 0xa5, 0x90, 0x06, 0x9c, 0xd2, 0x00, 0xa4, 0x90, 0x06, 0x9d, 0x46, 0x00,
	0xa3, 0x90, 0x06, 0x9d, 0x46, 0x00, 0xa3, 0x90, 0x06, 0x9d, 0x46, 0x00, 0xa3, 0x90, 0x06, 0x9d,
	0x46, 0x00, 0xa3, 0x90, 0x06, 0x9f, 0x46, 0x00, 0xa1, 0x90, 0x06, 0x9f, 0x46, 0x00, 0xa1, 0x90,
	0x06, 0x9f, 0x46, 0x00, 0xa1, 0x90, 0x06, 0x9f, 0x46, 0x00, 0xa1, 0x90, 0x06, 0xa1, 0x46, 0x00,
	0x9f, 0x90, 0x06, 0xa1, 0x46, 0x00, 0x9f, 0x90, 0x06, 0xa1, 0x46, 0x00, 0x9f, 0x90, 0x06, 0xa1,
	0x46, 0x00, 0x9f, 0xbe, 0x05, 0xa3, 0x46, 0x00, 0x9d, 0x90, 0x06, 0x85, 0x46, 0x00, 0x9b, 0x46,
	0x00, 0x9d, 0x90, 0x06, 0xe9, 0xd2, 0x00, 0x9d, 0xbe, 0x05, 0xa5, 0x46, 0x00, 0x9b, 0x90, 0x06,
	0xa5, 0x46, 0x00, 0x9b, 0x90, 0x06, 0xe1, 0xd2, 0x00, 0xff, 0x90, 0x06, 0xff, 0x90, 0x06, 0xff,
	0x90, 0x06, 0xff, 0x90, 0x06, 0xff, 0x90, 0x06, 0x99, 0x46, 0x00, 0xff, 0x90, 0x06, 0xff, 0x90,
	0x06, 0xff, 0x90, 0x06, 0xff, 0xbe, 0x05, 0xff, 0x90, 0x06, 0xff, 0x90, 0x06, 0xff, 0x90, 0x06,
	0xc3, 0xd2, 0x00, 0x8c, 0x3e, 0xe9, 0x85, 0x01, 0x00, 0xaf, 0xfe, 0x1f, 0xb8, 0x90, 0x06, 0x85,
	0x46, 0x00, 0x93, 0x46, 0x00, 0xb0, 0xd0, 0x20, 0xb8, 0x90, 0x06, 0x9c, 0xd2, 0x00, 0xaf, 0xd0,
	0x20, 0xb8, 0x90, 0x06, 0x9d, 0x46, 0x00, 0xae, 0xd0, 0x20, 0xb8, 0x90, 0x06, 0x9d, 0x46, 0x00,
	0xae, 0xd0, 0x20, 0xb8, 0x90, 0x06, 0x9f, 0x46, 0x00, 0xac, 0xd0, 0x20, 0xb8, 0x90, 0x06, 0x9f,
	0x46, 0x00, 0xac, 0xd0, 0x20, 0xb8, 0x90, 0x06, 0xa1, 0x46, 0x00, 0xaa, 0xd0, 0x20, 0xb8, 0x90,
	0x06, 0xa1, 0x46, 0x00, 0xaa, 0xfe, 0x1f, 0xb8, 0x90, 0x06, 0x85, 0x46, 0x00, 0x9b, 0x46, 0x00,
	0xa8, 0xd0, 0x20, 0xde, 0xd2, 0x00, 0xa8, 0xd0, 0x20, 0xb8, 0x90, 0x06, 0xa5, 0x46, 0x00, 0xa6,
	0xd0, 0x20, 0xd6, 0xd2, 0x00, 0xff, 0x90, 0x06, 0xff, 0x90, 0x06, 0xff, 0x90, 0x06, 0xff, 0x90,
	0x06, 0xff, 0x90, 0x06, 0x99, 0x46, 0x00, 0xff, 0x90, 0x06, 0xff, 0x90, 0x06, 0xff, 0x90, 0x06,
	0xff, 0xbe, 0x05, 0xff, 0x90, 0x06, 0xff, 0x90, 0x06, 0xff, 0x90, 0x06, 0xff, 0x90, 0x06, 0xcd,
	0x90, 0x06, 0xff, 0x90, 0x06, 0xff, 0x90, 0x06, 0xff, 0x90, 0x06, 0xff, 0x90, 0x06, 0xff, 0x90,
	0x06, 0xff, 0x90, 0x06, 0xff, 0x90, 0x06, 0xff, 0x90, 0x06, 0xcd, 0x90, 0x06, 0xff, 0x90, 0x06,
	0xff, 0x90, 0x06, 0xff, 0x90, 0x06, 0xff, 0x90, 0x06, 0xff, 0x90, 0x06, 0xff, 0x90, 0x06, 0xff,
	0x90, 0x06, 0xff, 0x90, 0x06, 0xcd, 0x90, 0x06, 0xff, 0x90, 0x06, 0xff, 0x90, 0x06, 0xff, 0x90,
	0x06, 0xff, 0xbe, 0x05, 0xff, 0x90, 0x06, 0xff, 0x90, 0x06, 0xff, 0x90, 0x06, 0xc3, 0xd2, 0x00,
	0xff, 0xd0, 0x20, 0x87, 0x46, 0x00, 0xff, 0xd0, 0x20, 0xff, 0xd0, 0x20, 0xa9, 0x46, 0x00, 0xff,
	0xd0, 0x20, 0x87, 0x46, 0x00, 0xff, 0xd0, 0x20, 0x89, 0x46, 0x00, 0xff, 0xd0, 0x20, 0x87, 0x46,
	0x00, 0xff, 0xd0, 0x20, 0x89, 0x46, 0x00, 0xff, 0xd0, 0x20, 0x87, 0x46, 0x00, 0xed, 0xd0, 0x20,
	0xff, 0xd0, 0x20, 0xff, 0xd0, 0x20, 0xb1, 0x46, 0x00, 0xff, 0x60, 0x27, 0xff, 0x90, 0x06, 0xff,
	0x90, 0x06, 0xff, 0x90, 0x06, 0xff, 0x90, 0x06, 0xff, 0x90, 0x06, 0x99, 0x46, 0x00, 0xff, 0x90,
	0x06, 0xff, 0x90, 0x06, 0xff, 0x90, 0x06, 0xff, 0xbe, 0x05, 0xff, 0x90, 0x06, 0xff, 0x90, 0x06,
	0xff, 0x90, 0x06, 0xff, 0x90, 0x06, 0xcd, 0x90, 0x06, 0xff, 0x90, 0x06, 0xff, 0x90, 0x06, 0xff,
	0x90, 0x06, 0xff, 0x90, 0x06, 0xff, 0x90, 0x06, 0xff, 0x90, 0x06, 0xff, 0x90, 0x06, 0xff, 0x90,
	0x06, 0xcd, 0x90, 0x06, 0xff, 0x90, 0x06, 0xff, 0x90, 0x06, 0xff, 0x90, 0x06, 0xff, 0x90, 0x06,
	0xff, 0x90, 0x06, 0xff, 0x90, 0x06, 0xff, 0x90, 0x06, 0xff, 0x90, 0x06, 0xcd, 0x90, 0x06, 0xff,
	0x90, 0x06, 0xff, 0x90, 0x06, 0xff, 0x90, 0x06, 0xff, 0xbe, 0x05, 0xff, 0x90, 0x06, 0xff, 0x90,
	0x06, 0xff, 0x90, 0x06, 0xc3, 0xd2, 0x00, 0x8b, 0xe6, 0x41, 0x85, 0xd6, 0xb5, 0xbb, 0x30, 0x48,
	0x86, 0x4e, 0xbb, 0xac, 0x46, 0x00, 0x93, 0x46, 0x00, 0xbb, 0x30, 0x48, 0x85, 0x46, 0x00, 0xbb,
	0x30, 0x48, 0x87, 0x20, 0xbc, 0xb9, 0x30, 0x48, 0x87, 0x46, 0x00, 0xb9, 0x30, 0x48, 0x87, 0x46,
	0x00, 0xb9, 0x30, 0x48, 0x87, 0x46, 0x00, 0xb9, 0x30, 0x48, 0x89, 0x38, 0xbd, 0xb7, 0x30, 0x48,
	0x89, 0x46, 0x00, 0xb7, 0x30, 0x48, 0x89, 0x46, 0x00, 0xb7, 0x30, 0x48, 0x89, 0x46, 0x00, 0xb7,
	0x30, 0x48, 0x8b, 0x50, 0xbe, 0xb5, 0x30, 0x48, 0x8b, 0x46, 0x00, 0xb5, 0x30, 0x48, 0x8b, 0x46,
	0x00, 0xb5, 0x30, 0x48, 0x8b, 0x46, 0x00, 0xb5, 0x30, 0x48, 0x8d, 0x68, 0xbf, 0xb3, 0x5e, 0x47,
	0x8d, 0x46, 0x00, 0xa5, 0xd0, 0x20, 0x9b, 0x46, 0x00, 0xb3, 0x30, 0x48, 0xd3, 0xd2, 0x00, 0xb3,
	0x30, 0x48, 0x8f, 0x46, 0x00, 0xb1, 0x30, 0x48, 0x8f, 0x46, 0x00, 0xb1, 0x30, 0x48, 0xcb, 0xd2,
	0x00, 0xff, 0x90, 0x06, 0xff, 0x90, 0x06, 0xff, 0x90, 0x06, 0xff, 0x90, 0x06, 0xff, 0x90, 0x06,
	0x99, 0x46, 0x00, 0xff, 0x90, 0x06, 0xff, 0x90, 0x06, 0xff, 0x90, 0x06, 0xff, 0xbe, 0x05, 0xff,
	0x90, 0x06, 0xff, 0x90, 0x06, 0xff, 0x90, 0x06, 0xc3, 0xd2, 0x00, 0x00, 0xc0, 0x82, 0xb6, 0x62,
	0x85, 0x46, 0x00, 0x82, 0x1c, 0x00, 0x81, 0x01, 0x00, 0xad, 0xde, 0x12, 0x92, 0x46, 0x00, 0xad,
	0xb0, 0x13, 0x93, 0x46, 0x00, 0xae, 0xb0, 0x13, 0x92, 0x46, 0x00, 0xae, 0xb0, 0x13, 0x93, 0xd2,
	0x00, 0xad, 0xb0, 0x13, 0x94, 0x46, 0x00, 0xac, 0xb0, 0x13, 0x94, 0x46, 0x00, 0xac, 0xb0, 0x13,
	0x94, 0x46, 0x00, 0xac, 0xb0, 0x13, 0x94, 0x46, 0x00, 0xac, 0xb0, 0x13, 0x96, 0x46, 0x00, 0xaa,
	0xb0, 0x13, 0x96, 0x46, 0x00, 0xaa, 0xb0, 0x13, 0x96, 0x46, 0x00, 0xaa, 0xb0, 0x13, 0x96, 0x46,
	0x00, 0xaa, 0xb0, 0x13, 0x98, 0x46, 0x00, 0xa8, 0xb0, 0x13, 0x98, 0x46, 0x00, 0xa8, 0xb0, 0x13,
	0x98, 0x46, 0x00, 0xa8, 0xb0, 0x13, 0x98, 0x46, 0x00, 0xa8, 0xde, 0x12, 0x9a, 0x46, 0x00, 0xa5,
	0xb0, 0x13, 0x9b, 0x46, 0x00, 0xa6, 0xb0, 0x13, 0xe0, 0xd2, 0x00, 0xa6, 0xb0, 0x13, 0x9c, 0x46,
	0x00, 0xa4, 0xb0, 0x13, 0x9c, 0x46, 0x00, 0xa4, 0xb0, 0x13, 0xc3, 0xd2, 0x00, 0x01, 0x10, 0xd6,
	0x90, 0x96, 0xbe, 0xb0, 0x40, 0x1a, 0x91, 0x0e, 0xc4, 0xc2, 0x46, 0x00, 0xb0, 0x40, 0x1a, 0x90,
	0x46, 0x00, 0xb0, 0x40, 0x1a, 0x92, 0xe0, 0xc4, 0xae, 0x40, 0x1a, 0x92, 0x46, 0x00, 0xae, 0x40,
	0x1a, 0x92, 0x46, 0x00, 0xae, 0x40, 0x1a, 0x92, 0x46, 0x00, 0xae, 0x40, 0x1a, 0x94, 0xf8, 0xc5,
	0xac, 0x40, 0x1a, 0x94, 0x46, 0x00, 0xa9, 0x90, 0x06, 0x97, 0x46, 0x00, 0xac, 0x40, 0x1a, 0x94,
	0x46, 0x00, 0xac, 0x40, 0x1a, 0x96, 0x10, 0xc7, 0xaa, 0x40, 0x1a, 0x96, 0x46, 0x00, 0xaa, 0x40,
	0x1a, 0x96, 0x46, 0x00, 0xaa, 0x40, 0x1a, 0x96, 0x46, 0x00, 0xaa, 0x40, 0x1a, 0x98, 0x28, 0xc8,
	0xa8, 0x6e, 0x19, 0x98, 0x46, 0x00, 0xa8, 0x40, 0x1a, 0x98, 0x46, 0x00, 0xa8, 0x40, 0x1a, 0xde,
	0xd2, 0x00, 0xbb, 0xbe, 0x05, 0xb0, 0x40, 0x1a, 0x9a, 0x46, 0x00, 0xa6, 0x40, 0x1a, 0xc0, 0xd2,
	0x00, 0x93, 0x26, 0x5c, 0xf3, 0x70, 0x62, 0x93, 0x46, 0x00, 0xff, 0x70, 0x62, 0xaf, 0x90, 0x06,
	0x9d, 0x46, 0x00, 0xff, 0x70, 0x62, 0x87, 0x46, 0x00, 0xff, 0x70, 0x62, 0x89, 0x46, 0x00, 0xff,
	0x70, 0x62, 0x87, 0x46, 0x00, 0xff, 0x70, 0x62, 0x89, 0x46, 0x00, 0xff, 0x70, 0x62, 0x87, 0x46,
	0x00, 0xff, 0x70, 0x62, 0x89, 0x46, 0x00, 0xa5, 0xb0, 0x13, 0x9b, 0x46, 0x00, 0xff, 0x70, 0x62,
	0xa7, 0xbe, 0x05, 0xa5, 0x46, 0x00, 0xff, 0x70, 0x62, 0xc3, 0xd2, 0x00, 0xff, 0x90, 0x06, 0xff,
	0x90, 0x06, 0xff, 0x90, 0x06, 0xff, 0x90, 0x06, 0xff, 0x90, 0x06, 0x99, 0x46, 0x00, 0xff, 0x90,
	0x06, 0xff, 0x90, 0x06, 0xff, 0x90, 0x06, 0xff, 0xbe, 0x05, 0xff, 0x90, 0x06, 0xff, 0x90, 0x06,
	0xff, 0x90, 0x06, 0xc3, 0xd2, 0x00, 0xff, 0xf0, 0x2d, 0x87, 0x46, 0x00, 0xff, 0xf0, 0x2d, 0x9e,
	0xd2, 0x00, 0xff, 0xf0, 0x2d, 0xae, 0x90, 0x06, 0x9d, 0x46, 0x00, 0xff, 0xf0, 0x2d, 0x89, 0x46,
	0x00, 0xff, 0xf0, 0x2d, 0x87, 0x46, 0x00, 0xff, 0xf0, 0x2d, 0x89, 0x46, 0x00, 0xff, 0xf0, 0x2d,
	0x87, 0x46, 0x00, 0xff, 0xf0, 0x2d, 0x89, 0x46, 0x00, 0xa5, 0xb0, 0x13, 0xff, 0xf0, 0x2d, 0xa5,
	0x46, 0x00, 0xff, 0xf0, 0x2d, 0xb2, 0xb0, 0x13, 0xd6, 0xd2, 0x00, 0xff, 0x90, 0x06, 0xff, 0x90,
	0x06, 0xff, 0x90, 0x06, 0xff, 0x90, 0x06, 0xff, 0x90, 0x06, 0x99, 0x46, 0x00, 0xff, 0x90, 0x06,
	0xff, 0x90, 0x06, 0xff, 0x90, 0x06, 0xff, 0xbe, 0x05, 0xff, 0x90, 0x06, 0xff, 0x90, 0x06, 0xff,
	0x90, 0x06, 0xc3, 0xd2, 0x00, 0xff, 0xb0, 0x13, 0x87, 0x46, 0x00, 0xff, 0xb0, 0x13, 0xff, 0xb0,
	0x13, 0xa9, 0x46, 0x00, 0xff, 0xb0, 0x13, 0x87, 0x46, 0x00, 0xff, 0xb0, 0x13, 0x89, 0x46, 0x00,
	0xff, 0xb0, 0x13, 0x87, 0x46, 0x00, 0xff, 0xb0, 0x13, 0x89, 0x46, 0x00, 0xff, 0xb0, 0x13, 0x87,
	0x46, 0x00, 0xed, 0xb0, 0x13, 0xff, 0xb0, 0x13, 0xff, 0xb0, 0x13, 0xb1, 0x46, 0x00, 0xff, 0x40,
	0x1a, 0xff, 0x90, 0x06, 0xff, 0x90, 0x06, 0xff, 0x90, 0x06, 0xff, 0x90, 0x06, 0xff, 0x90, 0x06,
	0x99, 0x46, 0x00, 0xff, 0x90, 0x06, 0xff, 0x90, 0x06, 0xff, 0x90, 0x06, 0xff, 0xbe, 0x05, 0xff,
	0x90, 0x06, 0xff, 0x90, 0x06, 0xff, 0x90, 0x06, 0xc3, 0xd2, 0x00, 0x8b, 0x26, 0x5c, 0x85, 0xd6,
	0xb5, 0x8b, 0x90, 0x06, 0x83, 0x2e, 0xae, 0xaf, 0x46, 0x00, 0x8b, 0x90, 0x06, 0x9f, 0x46, 0x00,
	0x93, 0x46, 0x00, 0x8b, 0x90, 0x06, 0xb5, 0x46, 0x00, 0x8b, 0x90, 0x06, 0xb6, 0xd2, 0x00, 0x8a,
	0x90, 0x06, 0xb7, 0x46, 0x00, 0x89, 0x90, 0x06, 0xb7, 0x46, 0x00, 0x89, 0x90, 0x06, 0xb7, 0x46,
	0x00, 0x89, 0x90, 0x06, 0xb7, 0x46, 0x00, 0x89, 0x90, 0x06, 0xb9, 0x46, 0x00, 0x87, 0x90, 0x06,
	0xb9, 0x46, 0x00, 0x87, 0x90, 0x06, 0xb9, 0x46, 0x00, 0x87, 0x90, 0x06, 0xb9, 0x46, 0x00, 0x87,
	0x90, 0x06, 0xbb, 0x46, 0x00, 0x85, 0x90, 0x06, 0xbb, 0x46, 0x00, 0x85, 0x90, 0x06, 0xbb, 0x46,
	0x00, 0x85, 0x90, 0x06, 0xbb, 0x46, 0x00, 0x85, 0xbe, 0x05, 0xbd, 0x46, 0x00, 0x83, 0x90, 0x06,
	0x9f, 0x46, 0x00, 0x9b, 0x46, 0x00, 0x83, 0x90, 0x06, 0xff, 0xd2, 0x00, 0x87, 0xbe, 0x05, 0xbf,
	0x46, 0x00, 0x81, 0x90, 0x06, 0xbf, 0x46, 0x00, 0x81, 0x90, 0x06, 0xfb, 0xd2, 0x00, 0xff, 0x90,
	0x06, 0xff, 0x90, 0x06, 0xff, 0x90, 0x06, 0xff, 0x90, 0x06, 0xff, 0x90, 0x06, 0x99, 0x46, 0x00,
	0xff, 0x90, 0x06, 0xff, 0x90, 0x06, 0xff, 0x90, 0x06, 0xff, 0xbe, 0x05, 0xff, 0x90, 0x06, 0xff,
	0x90, 0x06, 0xff, 0x90, 0x06, 0xc3, 0xd2, 0x00, 0x8b, 0x66, 0x0d, 0xb5, 0x90, 0x06, 0x93, 0x46,
	0x00, 0xad, 0x90, 0x06, 0x93, 0x46, 0x00, 0xad, 0x90, 0x06, 0x93, 0x46, 0x00, 0xad, 0x90, 0x06,
	0x94, 0xd2, 0x00, 0xac, 0x90, 0x06, 0x95, 0x46, 0x00, 0xab, 0x90, 0x06, 0x95, 0x46, 0x00, 0xab,
	0x90, 0x06, 0x95, 0x46, 0x00, 0xab, 0x90, 0x06, 0x95, 0x46, 0x00, 0xab, 0x90, 0x06, 0x97, 0x46,
	0x00, 0xa9, 0x90, 0x06, 0x97, 0x46, 0x00, 0xa9, 0x90, 0x06, 0x97, 0x46, 0x00, 0xa9, 0x90, 0x06,
	0x97, 0x46, 0x00, 0xa9, 0x90, 0x06, 0x99, 0x46, 0x00, 0xa7, 0x90, 0x06, 0x99, 0x46, 0x00, 0xa7,
	0x90, 0x06, 0x99, 0x46, 0x00, 0xa7, 0x90, 0x06, 0x99, 0x46, 0x00, 0xa7, 0xbe, 0x05, 0x9b, 0x46,
	0x00, 0xa5, 0x90, 0x06, 0x9b, 0x46, 0x00, 0xa5, 0x90, 0x06, 0xe1, 0xd2, 0x00, 0xbb, 0xbe, 0x05,
	0xad, 0x90, 0x06, 0x9d, 0x46, 0x00, 0xa3, 0x90, 0x06, 0xd9, 0xd2, 0x00, 0xff, 0x90, 0x06, 0xff,
	0x90, 0x06, 0xff, 0x90, 0x06, 0xff, 0x90, 0x06, 0xff, 0x90, 0x06, 0x99, 0x46, 0x00, 0xff, 0x90,
	0x06, 0xff, 0x90, 0x06, 0xff, 0x90, 0x06, 0xff, 0xbe, 0x05, 0xff, 0x90, 0x06, 0xff, 0x90, 0x06,
	0xff, 0x90, 0x06, 0xd1, 0xd2, 0x00, 0x82, 0x1c, 0x00, 0x81, 0x01, 0x00, 0xf2, 0xd0, 0x20, 0x93,
	0x46, 0x00, 0xff, 0xd0, 0x20, 0xff, 0xd0, 0x20, 0x93, 0x46, 0x00, 0xff, 0xd0, 0x20, 0x87, 0x46,
	0x00, 0xff, 0xd0, 0x20, 0x89, 0x46, 0x00, 0xff, 0xd0, 0x20, 0x87, 0x46, 0x00, 0xff, 0xd0, 0x20,
	0x89, 0x46, 0x00, 0xff, 0xd0, 0x20, 0x87, 0x46, 0x00, 0xed, 0xd0, 0x20, 0x9b, 0x46, 0x00, 0xff,
	0xd0, 0x20, 0xff, 0xd0, 0x20, 0x93, 0x46, 0x00, 0xff, 0x60, 0x27, 0xff, 0x90, 0x06, 0xff, 0x90,
	0x06, 0xff, 0x90, 0x06, 0xff, 0x90, 0x06, 0xff, 0x90, 0x06, 0x99, 0x46, 0x00, 0xff, 0x90, 0x06,
	0xff, 0x90, 0x06, 0xff, 0x90, 0x06, 0xff, 0xbe, 0x05, 0xff, 0x90, 0x06, 0xff, 0x90, 0x06, 0xff,
	0x90, 0x06, 0xe3, 0xd2, 0x00, 0x87, 0x5e, 0x01, 0x83, 0x1a, 0x00, 0xd9, 0x46, 0x00, 0xb1, 0x46,
	0x00, 0x01, 0x01, 0x80, 0xff, 0x8c, 0x00, 0xff, 0x46, 0x00, 0xe7, 0x18, 0x01, 0x9d, 0xc6, 0xc0,
	0xff, 0x46, 0x00, 0xad, 0x18, 0x01, 0xc4, 0x8c, 0x00, 0x9c, 0x4e, 0xbb, 0xff, 0x46, 0x00, 0xae,
	0x18, 0x01, 0xc2, 0x8c, 0x00, 0xff, 0x48, 0x03, 0x87, 0x46, 0x00, 0xff, 0x48, 0x03, 0xff, 0x46,
	0x00, 0xff, 0x18, 0x01, 0x9b, 0x8c, 0x00, 0x9d, 0x56, 0x3b, 0x9b, 0x46, 0x00, 0xa5, 0x9c, 0x3b,
	0xd7, 0x46, 0x00, 0x87, 0x18, 0x01, 0xff, 0x8c, 0x00, 0xff, 0x46, 0x00, 0xdf, 0x18, 0x01, 0x9d,
	0x46, 0x8c, 0xa6, 0x32, 0x05, 0xc0, 0x46, 0x00, 0xb1, 0x46, 0x00, 0x92, 0x78, 0x05, 0xff, 0xd2,
	0x00, 0xff, 0x18, 0x01, 0xff, 0x18, 0x01, 0xff, 0x46, 0x00, 0xff, 0x18, 0x01, 0xff, 0x46, 0x00,
	0xfc, 0x18, 0x01, 0xff, 0x78, 0x05, 0x87, 0x46, 0x00, 0xff, 0x78, 0x05, 0xff, 0x46, 0x00, 0xff,
	0x18, 0x01, 0xff, 0xd2, 0x00, 0xff, 0x18, 0x01, 0xff, 0xd2, 0x00, 0xff, 0x18, 0x01, 0xc3, 0x8c,
	0x00, 0x8b, 0x36, 0x0b, 0x8f, 0xa6, 0x6d, 0xb1, 0xc2, 0x0b, 0xb5, 0x46, 0x00, 0xb1, 0x46, 0x00,
	0x9d, 0x08, 0x0c, 0xff, 0xd2, 0x00, 0xff, 0x18, 0x01, 0xc9, 0x8c, 0x00, 0x9d, 0x46, 0x69, 0xa4,
	0x02, 0x03, 0xf6, 0x46, 0x00, 0x90, 0x48, 0x03, 0xc3, 0x8c, 0x00, 0x9c, 0xce, 0x63, 0xff, 0x46,
	0x00, 0xb0, 0x60, 0x04, 0xc0, 0x8c, 0x00, 0xff, 0x68, 0x10, 0x87, 0x46, 0x00, 0xff, 0x68, 0x10,
	0xff, 0x46, 0x00, 0xff, 0x18, 0x01, 0xff, 0xf0, 0x0a, 0xff, 0xa8, 0x07, 0xff, 0xd2, 0x00, 0xff,
	0x18, 0x01, 0xd1, 0xc0, 0x08, 0xad, 0x46, 0x00, 0xcb, 0xbc, 0x02, 0xff, 0x48, 0x03, 0xff, 0x46,
	0x00, 0xff, 0x18, 0x01, 0xa9, 0xdc, 0x0f, 0x8f, 0xd6, 0x29, 0x81, 0x46, 0x00, 0x83, 0xd6, 0x29,
	0xff, 0x46, 0x00, 0x91, 0x46, 0x00, 0x9d, 0x68, 0x10, 0xff, 0xd2, 0x00, 0xff, 0x18, 0x01, 0xc9,
	0x8c, 0x00, 0x8b, 0x76, 0x02, 0xfb, 0x46, 0x00, 0xb1, 0x46, 0x00, 0x9d, 0x48, 0x03, 0xff, 0xd2,
	0x00, 0xff, 0x18, 0x01, 0xd7, 0x8c, 0x00, 0x83, 0x2a, 0x00, 0xff, 0x78, 0x05, 0xff, 0x78, 0x05,
	0xff, 0x46, 0x00, 0xff, 0x18, 0x01, 0x92, 0xec, 0x04, 0x00, 0x14, 0x91, 0x46, 0xf5, 0x01, 0x3d,
	0xc3, 0xc1, 0x46, 0x00, 0x01, 0xff, 0xff, 0xab, 0x46, 0x00, 0x93, 0x46, 0x00, 0x03, 0x11, 0x00,
	0x3d, 0xc3, 0xc1, 0x46, 0x00, 0x01, 0xff, 0xff, 0xc1, 0x46, 0x00, 0x03, 0x22, 0x11, 0x3d, 0xc3,
	0xc1, 0x46, 0x00, 0x01, 0xff, 0xff, 0xc1, 0x46, 0x00, 0x03, 0x33, 0x22, 0x3d, 0xc3, 0xc1, 0x46,
	0x00, 0x01, 0xff, 0xff, 0xc1, 0x46, 0x00, 0x03, 0x44, 0x33, 0x3d, 0xc3, 0xc1, 0x46, 0x00, 0x01,
	0xff, 0xff, 0xc1, 0x46, 0x00, 0x03, 0x55, 0x44, 0x3d, 0xc3, 0xc1, 0x46, 0x00, 0x01, 0xff, 0xff,
	0xc1, 0x46, 0x00, 0x03, 0x77, 0x66, 0x3d, 0xc3, 0xc1, 0x46, 0x00, 0x01, 0xff, 0xff, 0xc1, 0x46,
	0x00, 0x03, 0x88, 0x77, 0x3d, 0xc3, 0xc1, 0x46, 0x00, 0x01, 0xff, 0xff, 0x9d, 0x46, 0x00, 0x01,
	0x3d, 0xc3, 0xb9, 0xa8, 0xfc, 0x01, 0x7d, 0xa5, 0x81, 0xa8, 0xfc, 0x03, 0x7d, 0xb5, 0xff, 0xff,
	0xb9, 0x46, 0x00, 0x00, 0xff, 0x82, 0x46, 0x00, 0x01, 0xff, 0xb5, 0x03, 0x00, 0x14, 0x3d, 0xc3,
	0x83, 0xd2, 0x00, 0x81, 0x9c, 0x00, 0xa9, 0x46, 0x00, 0x8b, 0x18, 0x01, 0x01, 0xff, 0xff, 0xc0,
	0x46, 0x00, 0x00, 0x04, 0x81, 0xd2, 0x00, 0x81, 0x86, 0x01, 0x97, 0x5e, 0x01, 0xa5, 0x46, 0x00,
	0x81, 0x86, 0x01, 0xba, 0x46, 0x00, 0x00, 0x14, 0x85, 0x62, 0xfc, 0x82, 0x16, 0x02, 0xbe, 0x46,
	0x00, 0x82, 0x16, 0x02, 0xb5, 0x46, 0x00, 0x00, 0xf4, 0x83, 0xa8, 0xfc, 0x01, 0x3d, 0xc3, 0xba,
	0xd2, 0x00, 0x84, 0x46, 0x00, 0x00, 0xff, 0x81, 0x01, 0x00, 0xb9, 0x18, 0x01, 0x86, 0xee, 0xfc,
	0x87, 0x1a, 0x01, 0xb9, 0x46, 0x00, 0x87, 0x1a, 0x01, 0xb0, 0x46, 0x00, 0x9e, 0x8e, 0x03, 0x87,
	0x46, 0x00, 0x01, 0x3d, 0xc3, 0xc1, 0x46, 0x00, 0x01, 0xff, 0xff, 0xb9, 0x46, 0x00, 0x01, 0x3d,
	0xc3, 0xc1, 0xd2, 0x00, 0x01, 0xff, 0xff, 0x9d, 0xac, 0x0d, 0x91, 0x46, 0x00, 0x01, 0x3c, 0x43,
	0xac, 0x5e, 0x01, 0x00, 0x18, 0x91, 0x46, 0x00, 0x00, 0x00, 0xac, 0xa4, 0x01, 0x93, 0x8c, 0x00,
	0x03, 0x11, 0x00, 0x3c, 0x43, 0xbf, 0x8c, 0x00, 0x81, 0x2c, 0x00, 0xc1, 0x8c, 0x00, 0x03, 0x22,
	0x11, 0x3c, 0x43, 0xbf, 0x8c, 0x00, 0x03, 0x22, 0x11, 0x00, 0x00, 0xc1, 0x8c, 0x00, 0x03, 0x33,
	0x22, 0x3c, 0x43, 0xbf, 0x8c, 0x00, 0x03, 0x33, 0x22, 0x00, 0x00, 0xc1, 0x8c, 0x00, 0x03, 0x44,
	0x33, 0x3c, 0x43, 0xbf, 0x8c, 0x00, 0x03, 0x44, 0x33, 0x00, 0x00, 0xc1, 0x8c, 0x00, 0x03, 0x55,
	0x44, 0x3c, 0x43, 0xbf, 0x8c, 0x00, 0x03, 0x55, 0x44, 0x00, 0x00, 0xc1, 0x8c, 0x00, 0x03, 0x77,
	0x66, 0x3c, 0x43, 0xbf, 0x8c, 0x00, 0x03, 0x77, 0x66, 0x00, 0x00, 0xc1, 0x8c, 0x00, 0x03, 0x88,
	0x77, 0x3c, 0x43, 0xbf, 0x8c, 0x00, 0x01, 0x88, 0x77, 0x82, 0x13, 0x00, 0x9a, 0x46, 0x00, 0x01,
	0x3c, 0x43, 0xa9, 0x32, 0x05, 0x8d, 0x46, 0x00, 0x01, 0x7c, 0xa5, 0x82, 0x06, 0x00, 0x02, 0xb5,
	0x00, 0x00, 0x85, 0xc0, 0x08, 0xb9, 0x90, 0x06, 0x03, 0x00, 0x10, 0x3c, 0x43, 0xb7, 0x8c, 0x00,
	0x88, 0x18, 0x01, 0x84, 0xa8, 0x07, 0xad, 0x4c, 0x09, 0x8a, 0x46, 0x00, 0x82, 0xd2, 0x00, 0x81,
	0x86, 0x01, 0xba, 0x8c, 0x00, 0x00, 0x08, 0x83, 0xa8, 0x07, 0xbc, 0x46, 0x00, 0x00, 0x10, 0x85,
	0xd2, 0x00, 0x82, 0x16, 0x02, 0xb5, 0x46, 0x00, 0x86, 0x18, 0x01, 0x87, 0x44, 0x00, 0xb0, 0x46,
	0x00, 0x00, 0xf0, 0x84, 0xd2, 0x00, 0x81, 0x6a, 0x45, 0xb7, 0xd2, 0x00, 0x00, 0xf8, 0xc2, 0x46,
	0x00, 0x00, 0x10, 0x87, 0x7a, 0x08, 0xb8, 0xaa, 0x0a, 0x00, 0x18, 0xc2, 0x46, 0x00, 0xa0, 0xd4,
	0x03, 0x87, 0x46, 0x00, 0x01, 0x3c, 0x43, 0xb7, 0xd4, 0x03, 0xc5, 0x8c, 0x00, 0x01, 0x3c, 0x43,
	0xbf, 0x60, 0x04, 0xb5, 0x8c, 0x00, 0x00, 0x3d, 0xad, 0xc0, 0x08, 0x92, 0x46, 0x00, 0x01, 0xc3,
	0x3c, 0xab, 0x46, 0x00, 0x95, 0x18, 0x01, 0x00, 0x3d, 0xab, 0xc0, 0x08, 0x94, 0x46, 0x00, 0x01,
	0xc3, 0x3c, 0xc3, 0xa4, 0x01, 0x00, 0x3d, 0xa9, 0xc0, 0x08, 0x96, 0x46, 0x00, 0x01, 0xc3, 0x3c,
	0xc3, 0x30, 0x02, 0x00, 0x3d, 0xa7, 0xc0, 0x08, 0x98, 0x46, 0x00, 0x01, 0xc3, 0x3c, 0xc3, 0xbc,
	0x02, 0x00, 0x3d, 0xa5, 0xc0, 0x08, 0x9a, 0x46, 0x00, 0x01, 0xc3, 0x3c, 0xc3, 0x48, 0x03, 0x00,
	0x3d, 0xa3, 0xc0, 0x08, 0x9c, 0x46, 0x00, 0x01, 0xc3, 0x3c, 0xc3, 0xd4, 0x03, 0x00, 0x3d, 0xa1,
	0xc0, 0x08, 0x9e, 0x46, 0x00, 0x01, 0xc3, 0x3c, 0xc3, 0x60, 0x04, 0x00, 0x3d, 0x9f, 0xc0, 0x08,
	0xa0, 0x46, 0x00, 0x01, 0xc3, 0x3c, 0x9d, 0x46, 0x00, 0x00, 0x3d, 0x82, 0xc0, 0x08, 0xbd, 0x80,
	0x11, 0x01, 0xc3, 0x3c, 0xb9, 0x46, 0x00, 0x01, 0xc3, 0xa4, 0x81, 0x46, 0x00, 0x01, 0xc3, 0xb4,
	0x02, 0x00, 0x10, 0x3d, 0xc1, 0xc0, 0x08, 0x02, 0x10, 0xc3, 0x3f, 0xc0, 0x46, 0x00, 0x82, 0xc0,
	0x08, 0x81, 0x86, 0x01, 0xbf, 0x46, 0x00, 0x81, 0x86, 0x01, 0xc3, 0xc0, 0x08, 0x82, 0x16, 0x02,
	0xbe, 0x46, 0x00, 0x82, 0x16, 0x02, 0xb5, 0x46, 0x00, 0xc3, 0xc0, 0x08, 0xc3, 0x46, 0x00, 0xc3,
	0xc0, 0x08, 0xc5, 0x46, 0x00, 0xa9, 0x80, 0x11, 0x95, 0xc0, 0x08, 0xaa, 0x46, 0x00, 0x01, 0xc3,
	0x3c, 0xb9, 0x46, 0x00, 0x00, 0x3d, 0x9d, 0xc0, 0x08, 0xa2, 0x46, 0x00, 0x01, 0xc3, 0x3c, 0x9b,
	0x46, 0x00, 0x00, 0x80, 0xba, 0xc0, 0x08, 0x85, 0x46, 0x23, 0x00, 0x80, 0x92, 0x0c, 0x12, 0x00,
	0x3b, 0xa4, 0x86, 0x1a, 0x85, 0x46, 0x00, 0x93, 0x8c, 0x00, 0xa5, 0xc0, 0x08, 0x9b, 0x8c, 0x00,
	0x02, 0x11, 0x00, 0x3b, 0xa2, 0x86, 0x1a, 0x9d, 0x8c, 0x00, 0xa3, 0xc0, 0x08, 0x9d, 0x8c, 0x00,
	0x02, 0x22, 0x11, 0x3b, 0xa0, 0x86, 0x1a, 0x9f, 0x8c, 0x00, 0xa1, 0xc0, 0x08, 0x9f, 0x8c, 0x00,
	0x02, 0x33, 0x22, 0x3b, 0x9e, 0x86, 0x1a, 0xa1, 0x8c, 0x00, 0x9f, 0xc0, 0x08, 0xa1, 0x8c, 0x00,
	0x02, 0x44, 0x33, 0x3b, 0x9c, 0x86, 0x1a, 0xa3, 0x8c, 0x00, 0x9d, 0xc0, 0x08, 0xa3, 0x8c, 0x00,
	0x02, 0x55, 0x44, 0x3b, 0x9a, 0x86, 0x1a, 0xa5, 0x8c, 0x00, 0x9b, 0xc0, 0x08, 0xa5, 0x8c, 0x00,
	0x02, 0x77, 0x66, 0x3b, 0x98, 0x86, 0x1a, 0xa7, 0x8c, 0x00, 0x99, 0xc0, 0x08, 0xa7, 0x8c, 0x00,
	0x02, 0x88, 0x77, 0x3b, 0x96, 0x86, 0x1a, 0x85, 0x46, 0x00, 0xc3, 0xc0, 0x08, 0x00, 0x3b, 0xba,
	0x86, 0x1a, 0x00, 0x7b, 0x82, 0x46, 0x00, 0x01, 0x7b, 0xb5, 0x00, 0x80, 0xba, 0xc0, 0x08, 0x87,
	0x18, 0x01, 0x00, 0x3b, 0xb8, 0x86, 0x1a, 0x86, 0x46, 0x00, 0xba, 0xc0, 0x08, 0x86, 0x46, 0x00,
	0x82, 0x40, 0x1a, 0x81, 0x86, 0x01, 0xba, 0x46, 0x00, 0xba, 0xc0, 0x08, 0x88, 0x30, 0x02, 0x84,
	0x46, 0x00, 0x82, 0x16, 0x02, 0xb5, 0x46, 0x00, 0xba, 0x7a, 0x08, 0x86, 0x46, 0x00, 0x84, 0x40,
	0x1a, 0x00, 0x3b, 0xb2, 0x86, 0x1a, 0x88, 0x18, 0x01, 0xb8, 0x7a, 0x08, 0x88, 0x18, 0x01, 0x86,
	0x46, 0x00, 0x87, 0x1a, 0x01, 0xb0, 0x8c, 0x00, 0xb8, 0xc0, 0x08, 0xa9, 0xd4, 0x03, 0x87, 0x46,
	0x00, 0x00, 0x3b, 0x8c, 0x86, 0x1a, 0xab, 0x8c, 0x00, 0x95, 0xc0, 0x08, 0xab, 0x8c, 0x00, 0x00,
	0x3b, 0x94, 0x86, 0x1a, 0x87, 0x40, 0x3d, 0x91, 0x46, 0x00, 0x00, 0x3c, 0xad, 0x00, 0x23, 0xc2,
	0x46, 0x00, 0x96, 0x40, 0x1a, 0xab, 0x00, 0x23, 0xda, 0x46, 0x00, 0x02, 0x22, 0x11, 0x3c, 0xa9,
	0x00, 0x23, 0xdc, 0x46, 0x00, 0x02, 0x33, 0x22, 0x3c, 0xa7, 0x00, 0x23, 0xde, 0x46, 0x00, 0x02,
	0x44, 0x33, 0x3c, 0xa5, 0x00, 0x23, 0xe0, 0x46, 0x00, 0x02, 0x55, 0x44, 0x3c, 0xa3, 0x00, 0x23,
	0xe2, 0x46, 0x00, 0x02, 0x77, 0x66, 0x3c, 0xa1, 0x00, 0x23, 0xe4, 0x46, 0x00, 0x02, 0x88, 0x77,
	0x3c, 0x9f, 0x00, 0x23, 0xc2, 0x46, 0x00, 0x00, 0x3c, 0x82, 0x7a, 0x08, 0x81, 0x0c, 0x00, 0xb1,
	0x4a, 0x06, 0x85, 0x40, 0x1a, 0xc3, 0x46, 0x00, 0x02, 0x00, 0x10, 0x3c, 0xc1, 0x00, 0x23, 0xc3,
	0x46, 0x00, 0x83, 0x40, 0x1a, 0xbd, 0x00, 0x23, 0xc3, 0x46, 0x00, 0x87, 0x40, 0x1a, 0xb9, 0x00,
	0x23, 0xc3, 0x46, 0x00, 0x84, 0x7a, 0x08, 0x00, 0x3c, 0xc2, 0x00, 0x23, 0xbc, 0x46, 0x00, 0x88,
	0x7a, 0x08, 0x87, 0xd4, 0x00, 0xf4, 0x46, 0x00, 0xab, 0x40, 0x1a, 0x95, 0x00, 0x23, 0xe8, 0x46,
	0x00, 0x00, 0x3c, 0x9d, 0x00, 0x23, 0xd8, 0x46, 0x00, 0xf3, 0xc0, 0x08, 0xff, 0xc0, 0x08, 0xff,
	0xc0, 0x08, 0xff, 0xc0, 0x08, 0xff, 0x7a, 0x08, 0xff, 0xc0, 0x08, 0xff, 0xc0, 0x08, 0xff, 0xc0,
	0x08, 0xff, 0xc0, 0x08, 0xcd, 0xc0, 0x08, 0xff, 0xc0, 0x08, 0xff, 0xc0, 0x08, 0xff, 0xc0, 0x08,
	0xff, 0xc0, 0x08, 0xff, 0xc0, 0x08, 0xff, 0xc0, 0x08, 0xff, 0xc0, 0x08, 0xff, 0xc0, 0x08, 0x87,
	0x46, 0x00, 0x93, 0x0c, 0x12, 0xa5, 0x46, 0x00, 0x85, 0x0c, 0x12, 0xc3, 0x7a, 0x08, 0x95, 0x98,
	0x12, 0xa3, 0x46, 0x00, 0x9d, 0x8c, 0x00, 0xab, 0x7a, 0x08, 0x97, 0x24, 0x13, 0xa1, 0x46, 0x00,
	0x9f, 0x8c, 0x00, 0xa9, 0x7a, 0x08, 0x99, 0xb0, 0x13, 0x9f, 0x46, 0x00, 0xa1, 0x8c, 0x00, 0xa7,
	0x7a, 0x08, 0x9b, 0x3c, 0x14, 0x9d, 0x46, 0x00, 0xa3, 0x8c, 0x00, 0xa5, 0x7a, 0x08, 0x9d, 0xc8,
	0x14, 0x9b, 0x46, 0x00, 0xa5, 0x8c, 0x00, 0xa3, 0x7a, 0x08, 0x9f, 0x54, 0x15, 0x99, 0x46, 0x00,
	0xa7, 0x8c, 0x00, 0xa1, 0x7a, 0x08, 0xa1, 0xe0, 0x15, 0x97, 0x46, 0x00, 0x85, 0x8c, 0x00, 0xc3,
	0x7a, 0x08, 0x01, 0xbc, 0xc7, 0xb9, 0x46, 0x00, 0x00, 0xfc, 0x82, 0x46, 0x00, 0x01, 0xfc, 0xb5,
	0xc3, 0x7a, 0x08, 0x01, 0x80, 0x14, 0xb9, 0x46, 0x00, 0x86, 0xa4, 0x01, 0xc2, 0x7a, 0x08, 0x83,
	0x40, 0x1a, 0xb5, 0x46, 0x00, 0x88, 0x30, 0x02, 0xc0, 0x7a, 0x08, 0x87, 0x40, 0x1a, 0xb1, 0x46,
	0x00, 0x86, 0x8c, 0x00, 0x84, 0x40, 0x1a, 0xbb, 0x7a, 0x08, 0x85, 0x40, 0x1a, 0xb3, 0x46, 0x00,
	0x88, 0x18, 0x01, 0xc0, 0x7a, 0x08, 0x89, 0x40, 0x1a, 0xaf, 0x46, 0x00, 0xa9, 0xd4, 0x03, 0x9f,
	0x7a, 0x08, 0xab, 0x40, 0x1a, 0x8d, 0x46, 0x00, 0xab, 0x8c, 0x00, 0x9d, 0x7a, 0x08, 0xa3, 0x8c,
	0x00, 0x95, 0x46, 0x00, 0x9b, 0x8c, 0x00, 0x00, 0x3b, 0xac, 0xc0, 0x2b, 0x93, 0x8c, 0x00, 0xa5,
	0x86, 0x3d, 0x85, 0x8c, 0x00, 0x95, 0x18, 0x01, 0x00, 0x3b, 0xaa, 0xc0, 0x2b, 0x95, 0x18, 0x01,
	0xa3, 0x86, 0x3d, 0x9f, 0xa4, 0x01, 0x00, 0x3b, 0xa8, 0xc0, 0x2b, 0x97, 0xa4, 0x01, 0xa1, 0x86,
	0x3d, 0xa1, 0x30, 0x02, 0x00, 0x3b, 0xa6, 0xc0, 0x2b, 0x99, 0x30, 0x02, 0x9f, 0x86, 0x3d, 0xa3,
	0xbc, 0x02, 0x00, 0x3b, 0xa4, 0xc0, 0x2b, 0x9b, 0xbc, 0x02, 0x9d, 0x86, 0x3d, 0xa5, 0x48, 0x03,
	0x00, 0x3b, 0xa2, 0xc0, 0x2b, 0x9d, 0x48, 0x03, 0x9b, 0x86, 0x3d, 0xa7, 0xd4, 0x03, 0x00, 0x3b,
	0xa0, 0xc0, 0x2b, 0x9f, 0xd4, 0x03, 0x99, 0x86, 0x3d, 0xa9, 0x60, 0x04, 0x00, 0x3b, 0x9e, 0xc0,
	0x2b, 0xa1, 0x60, 0x04, 0x97, 0x86, 0x3d, 0x85, 0x8c, 0x00, 0x00, 0x3b, 0xba, 0x00, 0x23, 0x85,
	0xba, 0x22, 0xc3, 0x86, 0x3d, 0x02, 0x00, 0x10, 0x3b, 0xc0, 0xc0, 0x2b, 0x00, 0x80, 0xba, 0x86,
	0x3d, 0x8b, 0xc0, 0x08, 0x81, 0x86, 0x01, 0xbf, 0xc0, 0x08, 0xb5, 0x86, 0x3d, 0x8f, 0xc0, 0x08,
	0x82, 0x16, 0x02, 0xb5, 0x8c, 0x00, 0xba, 0x86, 0x3d, 0x8d, 0xc0, 0x08, 0xbb, 0x7a, 0x2b, 0x85,
	0xc0, 0x08, 0xb3, 0x86, 0x3d, 0x91, 0xc0, 0x08, 0xb9, 0xf0, 0x0a, 0xb9, 0x86, 0x3d, 0xb3, 0xc0,
	0x08, 0x00, 0x3b, 0x94, 0xc0, 0x2b, 0xab, 0xc0, 0x08, 0x8d, 0x86, 0x3d, 0xab, 0x8c, 0x00, 0x00,
	0x3b, 0x9c, 0xc0, 0x2b, 0xa3, 0x8c, 0x00, 0x95, 0x86, 0x3d, 0x86, 0x8c, 0x00, 0x92, 0x46, 0x00,
	0x00, 0x80, 0xad, 0xfe, 0xf1, 0xb0, 0x46, 0x00, 0x00, 0x3d, 0x8e, 0x46, 0x00, 0xb1, 0x46, 0x00,
	0x01, 0xff, 0xff, 0xa3, 0x46, 0x00, 0x00, 0x81, 0xc2, 0xd2, 0x00, 0x9b, 0x46, 0x00, 0xa5, 0xd2,
	0x00, 0x9b, 0x46, 0x00, 0xa5, 0xd2, 0x00, 0x00, 0x7f, 0xc2, 0xd2, 0x00, 0x9b, 0x46, 0x00, 0xa5,
	0xd2, 0x00, 0x9b, 0x46, 0x00, 0xa5, 0xd2, 0x00, 0x00, 0x83, 0xc2, 0xd2, 0x00, 0x9b, 0x46, 0x00,
	0xa5, 0xd2, 0x00, 0x9b, 0x46, 0x00, 0xa5, 0xd2, 0x00, 0x02, 0x11, 0x00, 0x80, 0xab, 0x2e, 0xf4,
	0xb0, 0x46, 0x00, 0xa5, 0xd2, 0x00, 0x9b, 0x46, 0x00, 0xa7, 0xd2, 0x00, 0x00, 0x81, 0xc2, 0xd2,
	0x00, 0x99, 0x46, 0x00, 0xa7, 0xd2, 0x00, 0x99, 0x46, 0x00, 0x8f, 0xd2, 0x00, 0x95, 0x46, 0x00,
	0x00, 0x7f, 0xc2, 0xd2, 0x00, 0x99, 0x46, 0x00, 0xa7, 0xd2, 0x00, 0x99, 0x46, 0x00, 0xa7, 0xd2,
	0x00, 0x00, 0x83, 0xc2, 0xd2, 0x00, 0x99, 0x46, 0x00, 0xa7, 0xd2, 0x00, 0x99, 0x46, 0x00, 0xa7,
	0xd2, 0x00, 0x02, 0x22, 0x11, 0x80, 0xa9, 0x5e, 0xf6, 0xb0, 0x46, 0x00, 0xa7, 0xd2, 0x00, 0x99,
	0x46, 0x00, 0xa9, 0xd2, 0x00, 0x00, 0x81, 0xc2, 0xd2, 0x00, 0x97, 0x46, 0x00, 0xa9, 0xd2, 0x00,
	0x97, 0x46, 0x00, 0xa9, 0xd2, 0x00, 0x00, 0x7f, 0xc2, 0xd2, 0x00, 0x97, 0x46, 0x00, 0xa9, 0xd2,
	0x00, 0x97, 0x46, 0x00, 0xa9, 0xd2, 0x00, 0x00, 0x83, 0xa8, 0xd2, 0x00, 0xb1, 0x46, 0x00, 0xa9,
	0xd2, 0x00, 0x97, 0x46, 0x00, 0xa9, 0xd2, 0x00, 0x02, 0x33, 0x22, 0x80, 0xa7, 0x8e, 0xf8, 0xb0,
	0x46, 0x00, 0xa9, 0xd2, 0x00, 0x97, 0x46, 0x00, 0xab, 0xd2, 0x00, 0x00, 0x81, 0xc2, 0xd2, 0x00,
	0x95, 0x46, 0x00, 0xab, 0xd2, 0x00, 0x95, 0x46, 0x00, 0xab, 0xd2, 0x00, 0x00, 0x7f, 0xc2, 0xd2,
	0x00, 0x95, 0x46, 0x00, 0xab, 0xd2, 0x00, 0x95, 0x46, 0x00, 0xab, 0xd2, 0x00, 0x00, 0x83, 0xc2,
	0xd2, 0x00, 0x95, 0x46, 0x00, 0xab, 0xd2, 0x00, 0x95, 0x46, 0x00, 0xab, 0xd2, 0x00, 0x02, 0x44,
	0x33, 0x80, 0xa5, 0xbe, 0xfa, 0xb0, 0x46, 0x00, 0x8f, 0xd2, 0x00, 0xb1, 0x46, 0x00, 0xad, 0xd2,
	0x00, 0x00, 0x81, 0xc2, 0xd2, 0x00, 0x93, 0x46, 0x00, 0xad, 0xd2, 0x00, 0x93, 0x46, 0x00, 0xad,
	0xd2, 0x00, 0x00, 0x7f, 0xc2, 0xd2, 0x00, 0x93, 0x46, 0x00, 0xad, 0xd2, 0x00, 0x93, 0x46, 0x00,
	0xff, 0x76, 0x02, 0xfd, 0x76, 0x02, 0x02, 0x55, 0x44, 0x80, 0xa3, 0x0e, 0xa1, 0xb0, 0x46, 0x00,
	0xad, 0xd2, 0x00, 0x93, 0x46, 0x00, 0xaf, 0xd2, 0x00, 0x00, 0x81, 0xc2, 0xd2, 0x00, 0x91, 0x46,
	0x00, 0xaf, 0xd2, 0x00, 0x91, 0x46, 0x00, 0x8f, 0xd2, 0x00, 0x9d, 0x46, 0x00, 0x00, 0x7f, 0xc2,
	0xd2, 0x00, 0x91, 0x46, 0x00, 0xaf, 0xd2, 0x00, 0x91, 0x46, 0x00, 0xff, 0x76, 0x02, 0xf5, 0x76,
	0x02, 0xae, 0xb0, 0x13, 0x92, 0x82, 0x14, 0x9c, 0x46, 0x00, 0x00, 0x43, 0x8e, 0x46, 0x00, 0x92,
	0x02, 0x49, 0x9b, 0x46, 0x00, 0x01, 0x00, 0x00, 0xa3, 0xd2, 0x00, 0xae, 0xb0, 0x13, 0x92, 0xd2,
	0x00, 0x9c, 0x46, 0x00, 0xa4, 0xd2, 0x00, 0x9b, 0x46, 0x00, 0xa5, 0xd2, 0x00, 0xae, 0xb0, 0x13,
	0x92, 0xd2, 0x00, 0x9c, 0x46, 0x00, 0xa4, 0xd2, 0x00, 0x9b, 0x46, 0x00, 0xa5, 0xd2, 0x00, 0xad,
	0xb0, 0x13, 0x93, 0xd2, 0x00, 0x9c, 0x46, 0x00, 0xa4, 0xd2, 0x00, 0x9b, 0x46, 0x00, 0xa5, 0xd2,
	0x00, 0xae, 0xb0, 0x13, 0x94, 0xca, 0x17, 0x9a, 0x46, 0x00, 0xa4, 0xd2, 0x00, 0x9b, 0x46, 0x00,
	0xa7, 0xd2, 0x00, 0xac, 0xb0, 0x13, 0x94, 0xd2, 0x00, 0x9a, 0x46, 0x00, 0xa6, 0xd2, 0x00, 0x99,
	0x46, 0x00, 0xa7, 0xd2, 0x00, 0xac, 0xb0, 0x13, 0x94, 0xd2, 0x00, 0x9a, 0x46, 0x00, 0xa6, 0xd2,
	0x00, 0x99, 0x46, 0x00, 0xa7, 0xd2, 0x00, 0xac, 0xb0, 0x13, 0x94, 0xd2, 0x00, 0x9a, 0x46, 0x00,
	0xa6, 0xd2, 0x00, 0x99, 0x46, 0x00, 0xa7, 0xd2, 0x00, 0xac, 0xb0, 0x13, 0x96, 0x12, 0x1b, 0x98,
	0x46, 0x00, 0x8e, 0xd2, 0x00, 0x97, 0x92, 0x4f, 0x97, 0x46, 0x00, 0xa9, 0xd2, 0x00, 0xaa, 0xb0,
	0x13, 0x96, 0xd2, 0x00, 0x98, 0x46, 0x00, 0xa8, 0xd2, 0x00, 0x97, 0x46, 0x00, 0xa9, 0xd2, 0x00,
	0xaa, 0xb0, 0x13, 0x96, 0xd2, 0x00, 0x98, 0x46, 0x00, 0xa8, 0xd2, 0x00, 0x97, 0x46, 0x00, 0xa9,
	0xd2, 0x00, 0xaa, 0xb0, 0x13, 0x96, 0xd2, 0x00, 0x98, 0x46, 0x00, 0xa8, 0xd2, 0x00, 0x97, 0x46,
	0x00, 0xa9, 0xd2, 0x00, 0xaa, 0xb0, 0x13, 0x98, 0x5a, 0x1e, 0x96, 0x46, 0x00, 0xa8, 0xd2, 0x00,
	0x97, 0x46, 0x00, 0xab, 0xd2, 0x00, 0xa8, 0xb0, 0x13, 0x98, 0xd2, 0x00, 0x96, 0x46, 0x00, 0xaa,
	0xd2, 0x00, 0x95, 0x46, 0x00, 0x8f, 0xd2, 0x00, 0xc4, 0xb0, 0x13, 0x98, 0xd2, 0x00, 0x96, 0x46,
	0x00, 0xaa, 0xd2, 0x00, 0x95, 0x46, 0x00, 0xab, 0xd2, 0x00, 0xa8, 0xb0, 0x13, 0x98, 0xd2, 0x00,
	0x96, 0x46, 0x00, 0xaa, 0xd2, 0x00, 0x95, 0x46, 0x00, 0xab, 0xd2, 0x00, 0xa8, 0x3a, 0x11, 0x9a,
	0xa2, 0x21, 0x94, 0x46, 0x00, 0xaa, 0xd2, 0x00, 0x95, 0x46, 0x00, 0xad, 0xd2, 0x00, 0xa6, 0xb0,
	0x13, 0x9a, 0xd2, 0x00, 0x94, 0x46, 0x00, 0xac, 0xd2, 0x00, 0x93, 0x46, 0x00, 0xad, 0xd2, 0x00,
	0xa6, 0xb0, 0x13, 0x9a, 0xd2, 0x00, 0x94, 0x46, 0x00, 0xac, 0xd2, 0x00, 0x93, 0x46, 0x00, 0xd5,
	0x76, 0x02, 0xff, 0x76, 0x02, 0xa5, 0xd2, 0x00, 0xa6, 0x3a, 0x11, 0x9c, 0xea, 0x24, 0x92, 0x46,
	0x00, 0xac, 0xd2, 0x00, 0x93, 0x46, 0x00, 0xaf, 0xd2, 0x00, 0xa4, 0xb0, 0x13, 0x9c, 0xd2, 0x00,
	0x92, 0x46, 0x00, 0xae, 0xd2, 0x00, 0x91, 0x46, 0x00, 0xaf, 0xd2, 0x00, 0xa4, 0xb0, 0x13, 0x9c,
	0xd2, 0x00, 0x92, 0x46, 0x00, 0xae, 0xd2, 0x00, 0x91, 0x46, 0x00, 0xff, 0x76, 0x02, 0xf5, 0x76,
	0x02, 0xe1, 0xb0, 0x13, 0x00, 0x3d, 0x8e, 0xd2, 0x00, 0xb1, 0x46, 0x00, 0x01, 0xc3, 0x3c, 0xa3,
	0xd2, 0x00, 0xe1, 0xb0, 0x13, 0xa5, 0xd2, 0x00, 0x9b, 0x46, 0x00, 0xa5, 0xd2, 0x00, 0xe1, 0xb0,
	0x13, 0xa5, 0xd2, 0x00, 0x9b, 0x46, 0x00, 0xa5, 0xd2, 0x00, 0xe1, 0xb0, 0x13, 0xa5, 0xd2, 0x00,
	0x9b, 0x46, 0x00, 0xa5, 0xd2, 0x00, 0xe1, 0xb0, 0x13, 0xa5, 0xd2, 0x00, 0x9b, 0x46, 0x00, 0xa7,
	0xd2, 0x00, 0xdf, 0xb0, 0x13, 0xa7, 0xd2, 0x00, 0x99, 0x46, 0x00, 0x8f, 0xd2, 0x00, 0xf7, 0xb0,
	0x13, 0xa7, 0xd2, 0x00, 0x99, 0x46, 0x00, 0xa7, 0xd2, 0x00, 0xdf, 0xb0, 0x13, 0xa7, 0xd2, 0x00,
	0x99, 0x46, 0x00, 0xa7, 0xd2, 0x00, 0xdf, 0xb0, 0x13, 0xa7, 0xd2, 0x00, 0x99, 0x46, 0x00, 0xa9,
	0xd2, 0x00, 0xdd, 0xb0, 0x13, 0xa9, 0xd2, 0x00, 0x97, 0x46, 0x00, 0xa9, 0xd2, 0x00, 0xdd, 0xb0,
	0x13, 0xa9, 0xd2, 0x00, 0x97, 0x46, 0x00, 0xa9, 0xd2, 0x00, 0xa9, 0xb0, 0x13, 0xb1, 0xb0, 0x13,
	0xa9, 0xd2, 0x00, 0x97, 0x46, 0x00, 0xa9, 0xd2, 0x00, 0xdd, 0xb0, 0x13, 0xa9, 0xd2, 0x00, 0x97,
	0x46, 0x00, 0xab, 0xd2, 0x00, 0xdb, 0xb0, 0x13, 0xab, 0xd2, 0x00, 0x95, 0x46, 0x00, 0xab, 0xd2,
	0x00, 0xdb, 0xb0, 0x13, 0xab, 0xd2, 0x00, 0x95, 0x46, 0x00, 0xab, 0xd2, 0x00, 0xdb, 0xb0, 0x13,
	0xab, 0xd2, 0x00, 0x95, 0x46, 0x00, 0xab, 0xd2, 0x00, 0xdb, 0x3a, 0x11, 0x8f, 0xd2, 0x00, 0xb1,
	0x46, 0x00, 0xad, 0xd2, 0x00, 0xd9, 0xb0, 0x13, 0xad, 0xd2, 0x00, 0x93, 0x46, 0x00, 0xad, 0xd2,
	0x00, 0xd9, 0xb0, 0x13, 0xad, 0xd2, 0x00, 0x93, 0x46, 0x00, 0xff, 0x76, 0x02, 0xfd, 0x76, 0x02,
	0xd9, 0x3a, 0x11, 0xad, 0xd2, 0x00, 0x93, 0x46, 0x00, 0xaf, 0xd2, 0x00, 0xd7, 0xb0, 0x13, 0xaf,
	0xd2, 0x00, 0x91, 0x46, 0x00, 0x8f, 0xd2, 0x00, 0xf7, 0xb0, 0x13, 0xaf, 0xd2, 0x00, 0x91, 0x46,
	0x00, 0xff, 0x76, 0x02, 0xf5, 0x76, 0x02, 0xad, 0xb0, 0x13, 0x93, 0xe2, 0x5e, 0xa5, 0xb0, 0x13,
	0x9b, 0xe2, 0x5e, 0x9b, 0x46, 0x00, 0x00, 0x3b, 0x86, 0x8c, 0x00, 0x9b, 0xe2, 0x3b, 0xad, 0xb0,
	0x13, 0x93, 0xd2, 0x00, 0xa5, 0xb0, 0x13, 0x9b, 0xd2, 0x00, 0x9b, 0x46, 0x00, 0xa5, 0xd2, 0x00,
	0xad, 0xb0, 0x13, 0x93, 0xd2, 0x00, 0xa5, 0xb0, 0x13, 0x9b, 0xd2, 0x00, 0x9b, 0x46, 0x00, 0xa5,
	0xd2, 0x00, 0xad, 0xb0, 0x13, 0x93, 0xd2, 0x00, 0xa5, 0xb0, 0x13, 0x9b, 0xd2, 0x00, 0x9b, 0x46,
	0x00, 0xa5, 0xd2, 0x00, 0xad, 0xb0, 0x13, 0x95, 0x2a, 0x62, 0xa3, 0xb0, 0x13, 0x9d, 0x2a, 0x62,
	0x99, 0x46, 0x00, 0xa7, 0xd2, 0x00, 0xab, 0xb0, 0x13, 0x95, 0xd2, 0x00, 0xa3, 0xb0, 0x13, 0x9d,
	0xd2, 0x00, 0x99, 0x46, 0x00, 0xa7, 0xd2, 0x00, 0xab, 0xb0, 0x13, 0x95, 0xd2, 0x00, 0xa3, 0xb0,
	0x13, 0x9d, 0xd2, 0x00, 0x99, 0x46, 0x00, 0xa7, 0xd2, 0x00, 0xab, 0xb0, 0x13, 0x95, 0xd2, 0x00,
	0xa3, 0xb0, 0x13, 0x9d, 0xd2, 0x00, 0x99, 0x46, 0x00, 0xa7, 0xd2, 0x00, 0xab, 0xb0, 0x13, 0x97,
	0x72, 0x65, 0xa1, 0xb0, 0x13, 0x85, 0x8c, 0x00, 0x97, 0x72, 0x42, 0x97, 0x46, 0x00, 0xa9, 0xd2,
	0x00, 0xa9, 0xb0, 0x13, 0x97, 0xd2, 0x00, 0xa1, 0xb0, 0x13, 0x9f, 0xd2, 0x00, 0x97, 0x46, 0x00,
	0xa9, 0xd2, 0x00, 0xa9, 0xb0, 0x13, 0x97, 0xd2, 0x00, 0xa1, 0xb0, 0x13, 0x9f, 0xd2, 0x00, 0x97,
	0x46, 0x00, 0xa9, 0xd2, 0x00, 0xa9, 0xb0, 0x13, 0x97, 0xd2, 0x00, 0xa1, 0xb0, 0x13, 0x9f, 0xd2,
	0x00, 0x97, 0x46, 0x00, 0xa9, 0xd2, 0x00, 0xa9, 0xb0, 0x13, 0x99, 0xba, 0x68, 0x9f, 0xb0, 0x13,
	0xa1, 0xba, 0x68, 0x95, 0x46, 0x00, 0xab, 0xd2, 0x00, 0xa7, 0xb0, 0x13, 0x99, 0xd2, 0x00, 0x9f,
	0xb0, 0x13, 0xa1, 0xd2, 0x00, 0x95, 0x46, 0x00, 0x8f, 0xd2, 0x00, 0xc3, 0xb0, 0x13, 0x99, 0xd2,
	0x00, 0x9f, 0xb0, 0x13, 0xa1, 0xd2, 0x00, 0x95, 0x46, 0x00, 0xab, 0xd2, 0x00, 0xa7, 0xb0, 0x13,
	0x99, 0xd2, 0x00, 0x9f, 0xb0, 0x13, 0xa1, 0xd2, 0x00, 0x95, 0x46, 0x00, 0xab, 0xd2, 0x00, 0xa7,
	0x3a, 0x11, 0x9b, 0x02, 0x6c, 0x9d, 0x3a, 0x11, 0xa3, 0x02, 0x6c, 0x93, 0x46, 0x00, 0xad, 0xd2,
	0x00, 0xa5, 0xb0, 0x13, 0x9b, 0xd2, 0x00, 0x9d, 0xb0, 0x13, 0xa3, 0xd2, 0x00, 0x93, 0x46, 0x00,
	0xad, 0xd2, 0x00, 0xa5, 0xb0, 0x13, 0x9b, 0xd2, 0x00, 0x9d, 0xb0, 0x13, 0xa3, 0xd2, 0x00, 0x93,
	0x46, 0x00, 0xd5, 0x76, 0x02, 0xff, 0x76, 0x02, 0xa5, 0xd2, 0x00, 0xa5, 0x3a, 0x11, 0x9d, 0x4a,
	0x6f, 0x9b, 0x3a, 0x11, 0xa3, 0xd2, 0x00, 0x93, 0x46, 0x00, 0xaf, 0xd2, 0x00, 0xa3, 0xb0, 0x13,
	0x9d, 0xd2, 0x00, 0x9b, 0xb0, 0x13, 0xa5, 0xd2, 0x00, 0x91, 0x46, 0x00, 0xaf, 0xd2, 0x00, 0xa3,
	0xb0, 0x13, 0x9d, 0xd2, 0x00, 0x9b, 0xb0, 0x13, 0xa5, 0xd2, 0x00, 0x91, 0x46, 0x00, 0xff, 0x76,
	0x02, 0xe0, 0x76, 0x02, 0xb0, 0x84, 0x3a, 0xc3, 0x60, 0x27, 0x8f, 0x46, 0x00, 0xc4, 0x46, 0x00,
	0xb0, 0x84, 0x3a, 0xc3, 0x60, 0x27, 0xd6, 0x46, 0x00, 0xb0, 0x84, 0x3a, 0xc3, 0x60, 0x27, 0xd6,
	0x46, 0x00, 0xb0, 0x84, 0x3a, 0xc3, 0x60, 0x27, 0xd6, 0x46, 0x00, 0xb0, 0x84, 0x3a, 0xc3, 0x60,
	0x27, 0xd6, 0x46, 0x00, 0xb0, 0x84, 0x3a, 0xc3, 0x60, 0x27, 0xd5, 0x46, 0x00, 0xb1, 0x84, 0x3a,
	0xc3, 0x60, 0x27, 0xd6, 0x46, 0x00, 0xb0, 0x84, 0x3a, 0xc3, 0x60, 0x27, 0xd6, 0x46, 0x00, 0xb0,
	0x84, 0x3a, 0xc3, 0x60, 0x27, 0xd6, 0x46, 0x00, 0xb0, 0x84, 0x3a, 0xa9, 0x8c, 0x00, 0xf0, 0x46,
	0x00, 0xb0, 0x84, 0x3a, 0xa9, 0x8c, 0x00, 0xf0, 0x46, 0x00, 0xb0, 0x84, 0x3a, 0x8f, 0x46, 0x00,
	0xb1, 0x1a, 0x27, 0xd6, 0x46, 0x00, 0xb0, 0x84, 0x3a, 0xab, 0x5a, 0x1e, 0xee, 0x46, 0x00, 0xb0,
	0x84, 0x3a, 0xab, 0x8c, 0x00, 0xee, 0x46, 0x00, 0xb0, 0x84, 0x3a, 0xab, 0x8c, 0x00, 0xee, 0x46,
	0x00, 0xb0, 0x84, 0x3a, 0xab, 0x8c, 0x00, 0xee, 0x46, 0x00, 0xb0, 0x0e, 0x38, 0xab, 0x8c, 0x00,
	0xa7, 0x46, 0x00, 0xc4, 0x46, 0x00, 0xb0, 0x84, 0x3a, 0xad, 0x8c, 0x00, 0xec, 0x46, 0x00, 0xb0,
	0x84, 0x3a, 0xad, 0x8c, 0x00, 0xec, 0x46, 0x00, 0xff, 0x76, 0x02, 0xea, 0x76, 0x02, 0xda, 0x9a,
	0x38, 0xd5, 0x46, 0x00, 0xb0, 0x84, 0x3a, 0xaf, 0x8c, 0x00, 0xe9, 0x46, 0x00, 0xb1, 0x84, 0x3a,
	0xaf, 0x8c, 0x00, 0xea, 0x46, 0x00, 0xff, 0x76, 0x02, 0xe2, 0x76, 0x02, 0xff, 0xb0, 0x13, 0xb8,
	0x46, 0x00, 0xff, 0xb0, 0x13, 0xcd, 0x46, 0x00, 0xff, 0xb0, 0x13, 0xcd, 0x46, 0x00, 0xc2, 0xb0,
	0x13, 0xff, 0xb0, 0x13, 0x9f, 0x1a, 0x04, 0xff, 0xb0, 0x13, 0xb6, 0x46, 0x00, 0xff, 0xb0, 0x13,
	0xcd, 0x46, 0x00, 0xff, 0xb0, 0x13, 0xcd, 0x46, 0x00, 0xff, 0xb0, 0x13, 0xcd, 0x46, 0x00, 0xff,
	0xb0, 0x13, 0x86, 0x46, 0x00, 0xff, 0xb0, 0x13, 0xa1, 0x8c, 0x00, 0xff, 0xb0, 0x13, 0x87, 0x46,
	0x00, 0xff, 0xb0, 0x13, 0xb4, 0x46, 0x00, 0xff, 0xb0, 0x13, 0xcd, 0x46, 0x00, 0xff, 0xb0, 0x13,
	0xcd, 0x46, 0x00, 0xff, 0xb0, 0x13, 0xcc, 0x46, 0x00, 0xff, 0xb0, 0x13, 0xce, 0x46, 0x00, 0xff,
	0xb0, 0x13, 0xcd, 0x46, 0x00, 0xff, 0x3a, 0x11, 0xea, 0x3a, 0x11, 0xff, 0xb0, 0x13, 0xb0, 0x46,
	0x00, 0xff, 0xb0, 0x13, 0xcd, 0x46, 0x00, 0xc2, 0x76, 0x02, 0xff, 0x76, 0x02, 0xa5, 0xd2, 0x00,
	0xff, 0x3a, 0x11, 0xb0, 0x46, 0x00, 0xff, 0xb0, 0x13, 0xcd, 0x46, 0x00, 0xff, 0xb0, 0x13, 0xcd,
	0x46, 0x00, 0xff, 0x76, 0x02, 0xcd, 0x46, 0x00, 0xc2, 0x10, 0x3b, 0xc3, 0x6a, 0x13, 0xb1, 0x10,
	0x3b, 0x87, 0x46, 0x00, 0xcb, 0x10, 0x3b, 0xc3, 0x6a, 0x13, 0xb1, 0x10, 0x3b, 0xa5, 0xd2, 0x00,
	0xf3, 0x6a, 0x13, 0xb1, 0x10, 0x3b, 0xa5, 0xd2, 0x00, 0xf3, 0x6a, 0x13, 0xb1, 0x10, 0x3b, 0xa5,
	0xd2, 0x00, 0xf3, 0x6a, 0x13, 0xb1, 0x10, 0x3b, 0xa7, 0xd2, 0x00, 0xf1, 0x6a, 0x13, 0xb1, 0x10,
	0x3b, 0x8f, 0xd2, 0x00, 0xf7, 0xc0, 0x4e, 0xa7, 0xd2, 0x00, 0xa3, 0x46, 0x00, 0xcb, 0x10, 0x3b,
	0xc3, 0x6a, 0x13, 0xb1, 0x10, 0x3b, 0xa7, 0xd2, 0x00, 0xf1, 0x6a, 0x13, 0xb1, 0x10, 0x3b, 0xa9,
	0xd2, 0x00, 0xef, 0x6a, 0x13, 0xb1, 0x10, 0x3b, 0xa9, 0xd2, 0x00, 0xef, 0x6a, 0x13, 0xb1, 0x10,
	0x3b, 0xa9, 0xd2, 0x00, 0xa9, 0x24, 0x13, 0xc3, 0x6a, 0x13, 0xb1, 0x10, 0x3b, 0xa9, 0xd2, 0x00,
	0xef, 0x6a, 0x13, 0xb1, 0x10, 0x3b, 0xab, 0xd2, 0x00, 0xed, 0x6a, 0x13, 0xb1, 0x10, 0x3b, 0xab,
	0xd2, 0x00, 0xed, 0x6a, 0x13, 0xb1, 0x10, 0x3b, 0xab, 0xd2, 0x00, 0xed, 0x6a, 0x13, 0xb1, 0x10,
	0x3b, 0xab, 0xd2, 0x00, 0xed, 0xf4, 0x10, 0xb1, 0x9a, 0x38, 0xad, 0xd2, 0x00, 0xeb, 0x6a, 0x13,
	0xb1, 0x10, 0x3b, 0xad, 0xd2, 0x00, 0xeb, 0x6a, 0x13, 0xb1, 0x10, 0x3b, 0xff, 0x76, 0x02, 0xfd,
	0x76, 0x02, 0xeb, 0xf4, 0x10, 0xb1, 0x9a, 0x38, 0xaf, 0xd2, 0x00, 0xe9, 0x6a, 0x13, 0xb1, 0x10,
	0x3b, 0x8f, 0xd2, 0x00, 0xf7, 0xc0, 0x4e, 0xaf, 0xd2, 0x00, 0x9b, 0x46, 0x00, 0xff, 0x76, 0x02,
	0xeb, 0x76, 0x02, 0xe1, 0xb0, 0x13, 0x00, 0x3b, 0x8e, 0x92, 0x4f, 0xb1, 0xb0, 0x13, 0x87, 0x38,
	0x77, 0xff, 0xb0, 0x13, 0xa5, 0xd2, 0x00, 0xa5, 0x16, 0x8a, 0xff, 0xb0, 0x13, 0xa5, 0xd2, 0x00,
	0xa5, 0x16, 0x8a, 0xcb, 0xb0, 0x13, 0xb1, 0xb0, 0x13, 0xa5, 0xd2, 0x00, 0xa5, 0x16, 0x8a, 0xff,
	0xb0, 0x13, 0xa5, 0xd2, 0x00, 0xa5, 0x16, 0x8a, 0xff, 0xb0, 0x13, 0xa7, 0xd2, 0x00, 0xa3, 0x16,
	0x8a, 0xff, 0xb0, 0x13, 0xa7, 0xd2, 0x00, 0xa3, 0x16, 0x8a, 0xff, 0xb0, 0x13, 0xa7, 0xd2, 0x00,
	0xa3, 0x16, 0x8a, 0xff, 0xb0, 0x13, 0x8f, 0xd2, 0x00, 0xb1, 0xb0, 0x13, 0xa9, 0xd2, 0x00, 0xdd,
	0xb0, 0x13, 0xa9, 0xd2, 0x00, 0xa1, 0x16, 0x8a, 0xff, 0xb0, 0x13, 0xa9, 0xd2, 0x00, 0xa1, 0x16,
	0x8a, 0xff, 0xb0, 0x13, 0xa9, 0xd2, 0x00, 0xa1, 0x16, 0x8a, 0xff, 0xb0, 0x13, 0xa9, 0xd2, 0x00,
	0xa1, 0x16, 0x8a, 0xff, 0xb0, 0x13, 0xab, 0xd2, 0x00, 0x9f, 0x16, 0x8a, 0x85, 0xd2, 0x00, 0xf7,
	0xb0, 0x13, 0xab, 0xd2, 0x00, 0x9f, 0x16, 0x8a, 0xff, 0xb0, 0x13, 0xab, 0xd2, 0x00, 0x9f, 0x16,
	0x8a, 0xff, 0x3a, 0x11, 0xab, 0xd2, 0x00, 0x9f, 0xa0, 0x87, 0xff, 0xb0, 0x13, 0xad, 0xd2, 0x00,
	0x9d, 0x16, 0x8a, 0xff, 0xb0, 0x13, 0xad, 0xd2, 0x00, 0x9d, 0x16, 0x8a, 0xcb, 0x76, 0x02, 0xff,
	0x76, 0x02, 0xff, 0x3a, 0x11, 0xaf, 0xd2, 0x00, 0x9d, 0xa0, 0x87, 0xff, 0xb0, 0x13, 0xaf, 0xd2,
	0x00, 0x9b, 0x16, 0x8a, 0xff, 0xb0, 0x13, 0xaf, 0xd2, 0x00, 0x9b, 0x16, 0x8a, 0xff, 0x76, 0x02,
	0xd7, 0x76, 0x02, 0x91, 0xc6, 0xe3, 0xae, 0x7a, 0xb7, 0xc2, 0x46, 0x00, 0x94, 0x46, 0x00, 0x00,
	0xbc, 0xff, 0x46, 0x00, 0x86, 0x46, 0x00, 0x9a, 0x58, 0xa7, 0x91, 0x74, 0x8b, 0xaf, 0x46, 0x00,
	0x91, 0x74, 0x8b, 0x92, 0x46, 0x00, 0xad, 0x5e, 0xd3, 0xc3, 0x46, 0x00, 0x92, 0xf6, 0xe5, 0xae,
	0xea, 0x01, 0x00, 0x18, 0xc2, 0x46, 0x00, 0x93, 0x8c, 0x00, 0xad, 0xea, 0x01, 0x93, 0x8c, 0x00,
	0xad, 0x46, 0x00, 0x93, 0x8c, 0x00, 0x9b, 0x88, 0xa9, 0x8f, 0x44, 0x66, 0x93, 0x8c, 0x00, 0x9a,
	0x46, 0x00, 0x90, 0xf4, 0x79, 0x93, 0x8c, 0x00, 0xad, 0xea, 0x01, 0x93, 0x8c, 0x00, 0xf3, 0x30,
	0x02, 0xc2, 0x46, 0x00, 0xc4, 0x30, 0x02, 0xc3, 0x46, 0x00, 0xf6, 0x60, 0x04, 0x01, 0xc3, 0xbc,
	0xff, 0x60, 0x04, 0x97, 0x46, 0x00, 0x00, 0x80, 0xba, 0xea, 0x01, 0x87, 0xdc, 0x55, 0xc2, 0x46,
	0x00, 0xba, 0xea, 0x01, 0x9c, 0x8c, 0x00, 0xac, 0x46, 0x00, 0xc3, 0x30, 0x02, 0x94, 0xd2, 0x00,
	0x9a, 0x46, 0x00, 0x87, 0x7a, 0x08, 0x9c, 0x8c, 0x00, 0xc3, 0xea, 0x01, 0xa4, 0x46, 0x00, 0x86,
	0x8c, 0x00, 0xff, 0x60, 0x04, 0x86, 0x46, 0x00, 0xff, 0x60, 0x04, 0xbb, 0x4a, 0x06, 0x90, 0x90,
	0x06, 0xd9, 0xd6, 0x06, 0xc3, 0x4a, 0x06, 0xff, 0x90, 0x06, 0xff, 0x30, 0x02, 0xff, 0xc0, 0x08,
	0xe1, 0x46, 0x00, 0xff, 0x30, 0x02, 0xb6, 0xea, 0x01, 0xc3, 0x90, 0x06, 0xc3, 0xea, 0x01, 0xc3,
	0x90, 0x06, 0x94, 0x46, 0x00, 0xa4, 0xea, 0x01, 0x9c, 0x62, 0x07, 0xad, 0x46, 0x00, 0xba, 0x90,
	0x06, 0x9c, 0x8c, 0x00, 0xf2, 0x90, 0x06, 0xff, 0x30, 0x02, 0xff, 0x30, 0x02, 0x91, 0x6e, 0x5f,
	0xb1, 0x30, 0x02, 0x91, 0xfa, 0x5f, 0xff, 0x30, 0x02, 0x86, 0xa4, 0x01, 0x00, 0x0a, 0x81, 0xc6,
	0x11, 0x81, 0x13, 0x00, 0x89, 0x46, 0x00, 0x87, 0xc6, 0x11, 0xa4, 0xa6, 0x04, 0x82, 0x8e, 0xb2,
	0x8d, 0x8c, 0x00, 0xad, 0x46, 0x00, 0xc4, 0x46, 0x00, 0xff, 0xd2, 0x00, 0xff, 0xd2, 0x00, 0x00,
	0x00, 0x90, 0x96, 0x0f, 0xb0, 0x8c, 0x00, 0x90, 0xd6, 0xfb, 0xb0, 0x46, 0x00, 0x90, 0x52, 0x12,
	0x83, 0xd2, 0x00, 0x00, 0x0a, 0xc1, 0xa4, 0x01, 0x81, 0x13, 0x00, 0xff, 0x46, 0x00, 0x01, 0x00,
	0x1a, 0xc2, 0x3e, 0xe9, 0x86, 0x4a, 0xb5, 0x82, 0xea, 0xfa, 0xbe, 0x46, 0x00, 0xba, 0x8a, 0xf2,
	0xff, 0xd2, 0x00, 0xcc, 0xd2, 0x00, 0xb1, 0xd2, 0x00, 0x91, 0xde, 0x12, 0xaf, 0xd2, 0x00, 0x91,
	0x1e, 0xff, 0xaf, 0xd2, 0x00, 0x90, 0x48, 0x03, 0xff, 0xa4, 0x01, 0xcd, 0xa4, 0x01, 0x9e, 0xec,
	0x04, 0x01, 0x80, 0xd6, 0xa5, 0xec, 0x04, 0x81, 0xce, 0x00, 0xa7, 0x46, 0x00, 0x97, 0xec, 0x04,
	0xa9, 0x46, 0x00, 0x96, 0xec, 0x04, 0x98, 0xd2, 0x00, 0x00, 0x41, 0xc2, 0xd2, 0x00, 0x8f, 0x46,
	0x00, 0xb1, 0xd2, 0x00, 0x8f, 0x46, 0x00, 0xb1, 0xd2, 0x00, 0x00, 0x81, 0xc2, 0xd2, 0x00, 0x8f,
	0x46, 0x00, 0xb1, 0xd2, 0x00, 0x8f, 0x46, 0x00, 0xb1, 0xd2, 0x00, 0x00, 0xc0, 0xa0, 0xd2, 0x00,
	0x9f, 0xd2, 0x00, 0x8f, 0x46, 0x00, 0xb1, 0xd2, 0x00, 0x8f, 0x46, 0x00, 0xb1, 0xd2, 0x00, 0x01,
	0x80, 0xd5, 0xc2, 0x48, 0x03, 0x8e, 0x46, 0x00, 0xb2, 0x48, 0x03, 0x8e, 0x46, 0x00, 0xb2, 0xd2,
	0x00, 0x00, 0xd7, 0xc2, 0xd2, 0x00, 0x8e, 0x46, 0x00, 0xb2, 0xd2, 0x00, 0x8e, 0x46, 0x00, 0xb1,
	0xbe, 0x05, 0xa2, 0xec, 0x04, 0x9e, 0xbe, 0x05, 0xa2, 0xec, 0x04, 0x9e, 0xbe, 0x05, 0xa2, 0xec,
	0x04, 0x9e, 0xd2, 0x00, 0xa2, 0xec, 0x04, 0x9e, 0xd2, 0x00, 0xa2, 0xec, 0x04, 0x9e, 0xd2, 0x00,
	0xa2, 0xec, 0x04, 0x9e, 0xd2, 0x00, 0xa2, 0xec, 0x04, 0x9e, 0xd2, 0x00, 0xa1, 0xec, 0x04, 0x9f,
	0xd2, 0x00, 0xa2, 0xec, 0x04, 0x9e, 0xd2, 0x00, 0xa2, 0xec, 0x04, 0x9e, 0xd2, 0x00, 0xa2, 0xec,
	0x04, 0x9e, 0xd2, 0x00, 0xa1, 0xec, 0x04, 0x00, 0x20, 0x86, 0x46, 0x00, 0x95, 0xd2, 0x00, 0x8f,
	0x60, 0x04, 0x83, 0x7a, 0x08, 0x81, 0x0a, 0x00, 0x82, 0x0f, 0xc2, 0x8a, 0x46, 0x00, 0x96, 0x48,
	0x03, 0xaa, 0x46, 0x00, 0x96, 0x48, 0x03, 0xa1, 0x46, 0x00, 0x00, 0x12, 0x9e, 0xd2, 0x00, 0x8e,
	0x60, 0x04, 0x8f, 0x4c, 0x09, 0xa0, 0xd2, 0x00, 0xaa, 0x46, 0x00, 0x96, 0xd2, 0x00, 0xa0, 0x46,
	0x00, 0x00, 0xc0, 0x92, 0x74, 0x22, 0x03, 0x00, 0xd7, 0x01, 0x80, 0x85, 0x46, 0x00, 0x00, 0x00,
	0x98, 0x46, 0x00, 0x85, 0xae, 0x10, 0x93, 0x46, 0x00, 0x00, 0x3f, 0xc2, 0x46, 0x00, 0x01, 0xff,
	0xd6, 0xc1, 0x46, 0x00, 0x00, 0xc0, 0xc2, 0x46, 0x00, 0x01, 0x00, 0xd8, 0xc2, 0x46, 0x00, 0xac,
	0x8c, 0x00, 0xff, 0xa4, 0x01, 0xff, 0xa4, 0x01, 0xff, 0xa4, 0x01, 0xff, 0xa4, 0x01, 0xff, 0xa4,
	0x01, 0xff, 0xa4, 0x01, 0xff, 0xa4, 0x01, 0xff, 0xa4, 0x01, 0xcd, 0xa4, 0x01, 0xff, 0xa4, 0x01,
	0xff, 0xa4, 0x01, 0xff, 0xa4, 0x01, 0xff, 0xa4, 0x01, 0xff, 0xa4, 0x01, 0xff, 0xa4, 0x01, 0xff,
	0xa4, 0x01, 0xc3, 0xa4, 0x01, 0x00, 0x00, 0x83, 0x50, 0x0f, 0x81, 0x0c, 0x01, 0xb0, 0xa4, 0x01,
	0x8c, 0x96, 0x0f, 0x8c, 0x46, 0x00, 0xa5, 0xa4, 0x01, 0x85, 0x46, 0x00, 0x93, 0x46, 0x00, 0xa5,
	0xa4, 0x01, 0x9b, 0x46, 0x00, 0xa5, 0xa4, 0x01, 0x9b, 0x46, 0x00, 0xa5, 0xa4, 0x01, 0x9c, 0x46,
	0x00, 0xad, 0x8c, 0x00, 0x87, 0x08, 0x0c, 0x86, 0x43, 0x00, 0x81, 0x34, 0x00, 0xc1, 0x46, 0x00,
	0xae, 0xa4, 0x01, 0x92, 0x46, 0x00, 0xae, 0xa4, 0x01, 0x92, 0x46, 0x00, 0xae, 0xa4, 0x01, 0x93,
	0x18, 0x01, 0xad, 0xa4, 0x01, 0x93, 0x46, 0x00, 0xac, 0x8c, 0x00, 0x00, 0x40, 0xba, 0xec, 0x04,
	0x9b, 0x46, 0x00, 0xad, 0xa4, 0x01, 0x93, 0x46, 0x00, 0xad, 0xa4, 0x01, 0x93, 0x46, 0x00, 0xad,
	0xa4, 0x01, 0x94, 0x18, 0x01, 0xac, 0xa4, 0x01, 0x94, 0x46, 0x00, 0xac, 0x8c, 0x00, 0xff, 0xa4,
	0x01, 0xff, 0xa4, 0x01, 0xff, 0xa4, 0x01, 0xff, 0xa4, 0x01, 0xff, 0xa4, 0x01, 0xff, 0xa4, 0x01,
	0xff, 0xa4, 0x01, 0xff, 0xa4, 0x01, 0xcd, 0xa4, 0x01, 0xff, 0xa4, 0x01, 0x89, 0x46, 0x00, 0x8a,
	0x5e, 0x24, 0x02, 0x80, 0xff, 0xff, 0x82, 0x04, 0x00, 0x8a, 0x46, 0x46, 0x82, 0xf0, 0x06, 0x9a,
	0x6a, 0x36, 0x8b, 0x46, 0x00, 0x81, 0x8e, 0x00, 0x01, 0xff, 0xff, 0x8e, 0x46, 0x00, 0x81, 0x9c,
	0x14, 0xa8, 0x46, 0x00, 0x85, 0x8c, 0x00, 0x00, 0x01, 0xc2, 0x8c, 0x00, 0x8c, 0x46, 0x00, 0xb4,
	0x8c, 0x00, 0x01, 0xff, 0xd5, 0xc1, 0x8c, 0x00, 0x8c, 0x46, 0x00, 0xb4, 0x8c, 0x00, 0x00, 0x03,
	0xc2, 0x18, 0x01, 0x8c, 0x46, 0x00, 0xb5, 0xa4, 0x01, 0x01, 0x00, 0x00, 0x88, 0x2e, 0x45, 0xb6,
	0xa4, 0x01, 0x00, 0x80, 0x8a, 0x46, 0x00, 0xb6, 0x8c, 0x00, 0x00, 0x01, 0xc2, 0x8c, 0x00, 0x8a,
	0x46, 0x00, 0xb6, 0x8c, 0x00, 0x01, 0xff, 0xd5, 0xc1, 0x8c, 0x00, 0x8a, 0x46, 0x00, 0x9e, 0x8c,
	0x00, 0x95, 0x8c, 0x00, 0x00, 0x03, 0xc2, 0x18, 0x01, 0x8a, 0x46, 0x00, 0xb6, 0x8c, 0x00, 0x02,
	0x22, 0x11, 0x00, 0x86, 0x16, 0x44, 0xb7, 0x8c, 0x00, 0x8a, 0x46, 0x00, 0xb8, 0x8c, 0x00, 0x00,
	0x01, 0xc2, 0x8c, 0x00, 0x88, 0x46, 0x00, 0xb8, 0x8c, 0x00, 0x01, 0xff, 0xd5, 0xc1, 0x8c, 0x00,
	0x88, 0x46, 0x00, 0xb8, 0x8c, 0x00, 0x00, 0x03, 0xc2, 0x18, 0x01, 0x88, 0x46, 0x00, 0xb8, 0x8c,
	0x00, 0x02, 0x33, 0x22, 0x00, 0x84, 0xfe, 0x42, 0xb9, 0x8c, 0x00, 0x88, 0x46, 0x00, 0xba, 0x8c,
	0x00, 0x00, 0x01, 0xc2, 0x8c, 0x00, 0x86, 0x46, 0x00, 0xba, 0x8c, 0x00, 0x01, 0xff, 0xd5, 0xc1,
	0x8c, 0x00, 0x86, 0x46, 0x00, 0x9e, 0x8c, 0x00, 0x99, 0x8c, 0x00, 0x00, 0x03, 0xc2, 0x18, 0x01,
	0x86, 0x46, 0x00, 0xba, 0x8c, 0x00, 0x02, 0x44, 0x33, 0x00, 0x82, 0xe6, 0x41, 0xbb, 0x8c, 0x00,
	0x86, 0x46, 0x00, 0xbc, 0x8c, 0x00, 0x00, 0x01, 0xc2, 0x8c, 0x00, 0x84, 0x46, 0x00, 0xbc, 0x8c,
	0x00, 0x01, 0xff, 0xd5, 0xc1, 0x8c, 0x00, 0x84, 0x46, 0x00, 0xff, 0xa4, 0x01, 0xc6, 0xa4, 0x01,
	0x03, 0x55, 0x44, 0x00, 0xd6, 0xbf, 0x8c, 0x00, 0x84, 0x46, 0x00, 0xbe, 0x8c, 0x00, 0x00, 0x01,
	0xc2, 0x8c, 0x00, 0x82, 0x46, 0x00, 0xbe, 0x8c, 0x00, 0x01, 0xff, 0xd5, 0xc1, 0x8c, 0x00, 0x82,
	0x46, 0x00, 0x9e, 0x8c, 0x00, 0xff, 0xa4, 0x01, 0x9d, 0x8c, 0x00, 0xff, 0x20, 0x0d, 0xff, 0x20,
	0x0d, 0xff, 0x20, 0x0d, 0xff, 0x20, 0x0d, 0xff, 0x20, 0x0d, 0xff, 0x20, 0x0d, 0xff, 0x20, 0x0d,
	0xad, 0x20, 0x0d, 0xff, 0x20, 0x0d, 0xa1, 0xec, 0x04, 0xff, 0x20, 0x0d, 0xff, 0x20, 0x0d, 0x91,
	0x8c, 0x00, 0xff, 0x20, 0x0d, 0xff, 0x20, 0x0d, 0x91, 0x8c, 0x00, 0xff, 0x20, 0x0d, 0xff, 0x20,
	0x0d, 0x93, 0x8c, 0x00, 0xed, 0x20, 0x0d, 0xff, 0x20, 0x0d, 0xa3, 0x8c, 0x00, 0xff, 0x7c, 0x0b,
	0xff, 0x20, 0x0d, 0x93, 0x8c, 0x00, 0xff, 0x20, 0x0d, 0xff, 0xa4, 0x01, 0x91, 0x8c, 0x00, 0xff,
	0x7c, 0x0b, 0xff, 0x20, 0x0d, 0x93, 0x8c, 0x00, 0xe9, 0x20, 0x0d, 0xff, 0xa4, 0x01, 0x8a, 0x46,
	0x00, 0x00, 0x2f, 0x88, 0x8c, 0x00, 0x00, 0x00, 0x8b, 0xda, 0x0c, 0x00, 0x40, 0x82, 0x76, 0x02,
	0x82, 0x32, 0x00, 0xb0, 0x46, 0x00, 0x85, 0x94, 0x0c, 0xbb, 0x46, 0x00, 0x85, 0x4e, 0x0c, 0xbb,
	0x46, 0x00, 0x85, 0x08, 0x0c, 0xbb, 0x46, 0x00, 0x85, 0x18, 0x01, 0x00, 0x41, 0xc2, 0x18, 0x01,
	0xbb, 0x46, 0x00, 0x85, 0x18, 0x01, 0xbb, 0x46, 0x00, 0x85, 0x18, 0x01, 0xbb, 0x46, 0x00, 0x85,
	0x18, 0x01, 0x00, 0x3f, 0xc2, 0x18, 0x01, 0xbb, 0x46, 0x00, 0x85, 0x18, 0x01, 0xbb, 0x46, 0x00,
	0x85, 0x18, 0x01, 0xbb, 0x46, 0x00, 0xf3, 0x48, 0x03, 0xff, 0x48, 0x03, 0x9e, 0x8c, 0x00, 0x00,
	0xff, 0x83, 0x0a, 0x0f, 0xbd, 0x46, 0x00, 0x83, 0xc4, 0x0e, 0xbd, 0x46, 0x00, 0x83, 0x7e, 0x0e,
	0xbd, 0x46, 0x00, 0x83, 0x38, 0x0e, 0xc3, 0x18, 0x01, 0xbc, 0x1a, 0x04, 0x84, 0x18, 0x01, 0xbd,
	0x46, 0x00, 0x83, 0x18, 0x01, 0xbd, 0x46, 0x00, 0x83, 0x18, 0x01, 0xbd, 0x46, 0x00, 0x83, 0x18,
	0x01, 0xbc, 0x1a, 0x04, 0x84, 0x18, 0x01, 0xbd, 0x46, 0x00, 0x83, 0x18, 0x01, 0xbd, 0x46, 0x00,
	0x83, 0x18, 0x01, 0xbd, 0x46, 0x00, 0xf1, 0x48, 0x03, 0xff, 0x48, 0x03, 0x9f, 0x46, 0x00, 0x83,
	0x3a, 0x11, 0xbf, 0x46, 0x00, 0x81, 0xf4, 0x10, 0xbf, 0x46, 0x00, 0x81, 0xae, 0x10, 0xbf, 0x46,
	0x00, 0x81, 0x68, 0x10, 0xc3, 0x18, 0x01, 0xbd, 0x8e, 0x03, 0x83, 0x18, 0x01, 0xbf, 0x46, 0x00,
	0x81, 0x18, 0x01, 0xbf, 0x46, 0x00, 0x81, 0x18, 0x01, 0xbf, 0x46, 0x00, 0x81, 0x18, 0x01, 0xbd,
	0x8e, 0x03, 0x83, 0x18, 0x01, 0xbf, 0x46, 0x00, 0x81, 0x18, 0x01, 0xbf, 0x46, 0x00, 0x81, 0x18,
	0x01, 0xbf, 0x46, 0x00, 0xef, 0x48, 0x03, 0xff, 0x48, 0x03, 0xa1, 0x46, 0x00, 0x81, 0x6a, 0x13,
	0xc1, 0x46, 0x00, 0x00, 0x01, 0xc2, 0x46, 0x00, 0x01, 0xff, 0xd5, 0xc1, 0x46, 0x00, 0x00, 0x03,
	0xc2, 0x8c, 0x00, 0x01, 0x00, 0xd6, 0xbf, 0x8e, 0x03, 0x81, 0x18, 0x01, 0xc1, 0x46, 0x00, 0x01,
	0xff, 0xd5, 0xc1, 0x46, 0x00, 0x00, 0x03, 0xc2, 0x8c, 0x00, 0x01, 0x00, 0xd6, 0xbf, 0x8e, 0x03,
	0x81, 0x18, 0x01, 0xc1, 0x46, 0x00, 0x01, 0xff, 0xd5, 0xc1, 0x46, 0x00, 0x00, 0x03, 0xc2, 0x8c,
	0x00, 0xed, 0x48, 0x03, 0xff, 0x48, 0x03, 0x9d, 0x46, 0x00, 0x87, 0x5a, 0x1e, 0x01, 0x40, 0xd6,
	0xbf, 0x38, 0x0e, 0xbb, 0x46, 0x00, 0x87, 0xce, 0x1d, 0xb9, 0x46, 0x00, 0x87, 0x88, 0x1d, 0xb9,
	0x46, 0x00, 0x87, 0x18, 0x01, 0x00, 0x41, 0xc2, 0x18, 0x01, 0xb9, 0x46, 0x00, 0x87, 0x18, 0x01,
	0xb9, 0x46, 0x00, 0x87, 0x18, 0x01, 0xb9, 0x46, 0x00, 0x87, 0x18, 0x01, 0x00, 0x3f, 0xc2, 0x18,
	0x01, 0xb9, 0x46, 0x00, 0x87, 0x18, 0x01, 0xb9, 0x46, 0x00, 0x87, 0x18, 0x01, 0xb9, 0x46, 0x00,
	0xf3, 0x48, 0x03, 0xff, 0x48, 0x03, 0x9f, 0xa6, 0x04, 0x85, 0x8a, 0x20, 0xbb, 0x46, 0x00, 0x85,
	0x44, 0x20, 0xbb, 0x46, 0x00, 0x85, 0xfe, 0x1f, 0xbb, 0x46, 0x00, 0x85, 0xb8, 0x1f, 0xc3, 0x18,
	0x01, 0xba, 0x1a, 0x04, 0x86, 0x18, 0x01, 0xbb, 0x46, 0x00, 0x85, 0x18, 0x01, 0xbb, 0x46, 0x00,
	0x85, 0x18, 0x01, 0xbb, 0x46, 0x00, 0x85, 0x18, 0x01, 0xba, 0x1a, 0x04, 0x86, 0x18, 0x01, 0xbb,
	0x46, 0x00, 0x85, 0x18, 0x01, 0xbb, 0x46, 0x00, 0x85, 0x18, 0x01, 0xbb, 0x46, 0x00, 0xf1, 0x48,
	0x03, 0xff, 0x48, 0x03, 0x9f, 0x46, 0x00, 0x85, 0xba, 0x22, 0xbd, 0x46, 0x00, 0x83, 0x74, 0x22,
	0xbd, 0x46, 0x00, 0x83, 0x2e, 0x22, 0xbd, 0x46, 0x00, 0x83, 0xe8, 0x21, 0xc3, 0x18, 0x01, 0xbb,
	0x8e, 0x03, 0x85, 0x18, 0x01, 0xbd, 0x46, 0x00, 0x83, 0x18, 0x01, 0xbd, 0x46, 0x00, 0x83, 0x18,
	0x01, 0xbd, 0x46, 0x00, 0x83, 0x18, 0x01, 0xbb, 0x8e, 0x03, 0x85, 0x18, 0x01, 0xbd, 0x46, 0x00,
	0x83, 0x18, 0x01, 0xbd, 0x46, 0x00, 0x83, 0x18, 0x01, 0xbd, 0x46, 0x00, 0xef, 0x48, 0x03, 0xff,
	0x48, 0x03, 0xa1, 0x46, 0x00, 0x83, 0xea, 0x24, 0xbf, 0x46, 0x00, 0x81, 0xa4, 0x24, 0xbf, 0x46,
	0x00, 0x81, 0x5e, 0x24, 0xbf, 0x46, 0x00, 0x81, 0x18, 0x24, 0xc3, 0x18, 0x01, 0xbd, 0x8e, 0x03,
	0x83, 0x18, 0x01, 0xbf, 0x46, 0x00, 0x81, 0x18, 0x01, 0xbf, 0x46, 0x00, 0x81, 0x18, 0x01, 0xbf,
	0x46, 0x00, 0x81, 0x18, 0x01, 0xbd, 0x8e, 0x03, 0x83, 0x18, 0x01, 0xbf, 0x46, 0x00, 0x81, 0x18,
	0x01, 0xbf, 0x46, 0x00, 0x81, 0x18, 0x01, 0xbf, 0x46, 0x00, 0xed, 0x48, 0x03, 0xff, 0x48, 0x03,
	0x9d, 0x46, 0x00, 0xff, 0xb8, 0x1f, 0x8f, 0x38, 0x0e, 0xff, 0xb8, 0x1f, 0xff, 0x00, 0x23, 0x91,
	0x18, 0x01, 0xff, 0x00, 0x23, 0xff, 0x00, 0x23, 0x91, 0x18, 0x01, 0xff, 0x00, 0x23, 0xf5, 0x48,
	0x03, 0xff, 0x48, 0x03, 0x9f, 0xa6, 0x04, 0xff, 0xb8, 0x1f, 0x87, 0x46, 0x00, 0xff, 0xb8, 0x1f,
	0x8d, 0x18, 0x01, 0xff, 0x00, 0x23, 0x87, 0x18, 0x01, 0xff, 0x00, 0x23, 0x87, 0x18, 0x01, 0xff,
	0x00, 0x23, 0x87, 0x18, 0x01, 0xff, 0x00, 0x23, 0x87, 0x18, 0x01, 0xeb, 0x48, 0x03, 0xff, 0x48,
	0x03, 0x9f, 0x46, 0x00, 0xff, 0xb8, 0x1f, 0x89, 0x46, 0x00, 0xff, 0xb8, 0x1f, 0x8b, 0x18, 0x01,
	0xff, 0x00, 0x23, 0x87, 0x18, 0x01, 0xff, 0x00, 0x23, 0x87, 0x18, 0x01, 0xff, 0x00, 0x23, 0x87,
	0x18, 0x01, 0xff, 0x00, 0x23, 0x87, 0x18, 0x01, 0xeb, 0x48, 0x03, 0xff, 0x48, 0x03, 0xa1, 0x46,
	0x00, 0xff, 0xb8, 0x1f, 0x8b, 0x38, 0x0e, 0xff, 0xb8, 0x1f, 0x87, 0x18, 0x01, 0xff, 0x00, 0x23,
	0x87, 0x18, 0x01, 0xff, 0x00, 0x23, 0x87, 0x18, 0x01, 0xff, 0x00, 0x23, 0x87, 0x18, 0x01, 0xff,
	0x00, 0x23, 0x87, 0x18, 0x01, 0xeb, 0x48, 0x03, 0xff, 0x48, 0x03, 0x9d, 0x46, 0x00, 0xff, 0xb8,
	0x1f, 0x8f, 0x38, 0x0e, 0xff, 0xb8, 0x1f, 0xff, 0x00, 0x23, 0x93, 0x18, 0x01, 0xff, 0x00, 0x23,
	0xff, 0x00, 0x23, 0x91, 0x18, 0x01, 0xff, 0x00, 0x23, 0xf3, 0x48, 0x03, 0xff, 0x48, 0x03, 0x9f,
	0xa6, 0x04, 0xff, 0xb8, 0x1f, 0x87, 0x46, 0x00, 0xff, 0xb8, 0x1f, 0x8f, 0x18, 0x01, 0xff, 0x00,
	0x23, 0x87, 0x18, 0x01, 0xff, 0x00, 0x23, 0xff, 0x00, 0x23, 0x91, 0x18, 0x01, 0xff, 0x00, 0x23,
	0xf3, 0x48, 0x03, 0xff, 0x48, 0x03, 0x9f, 0x46, 0x00, 0xff, 0xb8, 0x1f, 0x89, 0x46, 0x00, 0xff,
	0xb8, 0x1f, 0x8d, 0x18, 0x01, 0xff, 0x00, 0x23, 0xff, 0x00, 0x23, 0x91, 0x18, 0x01, 0xff, 0x00,
	0x23, 0xff, 0x00, 0x23, 0xfd, 0x48, 0x03, 0xff, 0x48, 0x03, 0xa1, 0x46, 0x00, 0xff, 0xb8, 0x1f,
	0x8b, 0x38, 0x0e, 0xff, 0xb8, 0x1f, 0x89, 0x18, 0x01, 0xff, 0x00, 0x23, 0xff, 0x00, 0x23, 0x91,
	0x18, 0x01, 0xff, 0x00, 0x23, 0xff, 0x00, 0x23, 0xfd, 0x48, 0x03, 0xff, 0x48, 0x03, 0x87, 0x46,
	0x00, 0x93, 0xfc, 0x85, 0x8b, 0xda, 0x52, 0x83, 0x86, 0x60, 0x9a, 0x46, 0x00, 0x92, 0xba, 0x8b,
	0xae, 0x46, 0x00, 0xff, 0x8c, 0x00, 0xff, 0x8c, 0x00, 0xa6, 0x8c, 0x00, 0x8b, 0xf2, 0x53, 0xb5,
	0x8c, 0x00, 0xae, 0x46, 0x00, 0xff, 0x8c, 0x00, 0xff, 0x8c, 0x00, 0xa6, 0x8c, 0x00, 0x8b, 0x0a,
	0x55, 0xb5, 0x8c, 0x00, 0xad, 0x46, 0x00, 0xff, 0x8c, 0x00, 0xff, 0x8c, 0x00, 0xa7, 0x8c, 0x00,
	0x8b, 0x22, 0x56, 0xb5, 0x8c, 0x00, 0xae, 0x46, 0x00, 0xff, 0x8c, 0x00, 0xff, 0x8c, 0x00, 0xa6,
	0x8c, 0x00, 0x01, 0x5a, 0xa5, 0x89, 0x3a, 0x57, 0xb5, 0x8c, 0x00, 0xae, 0x46, 0x00, 0xff, 0x8c,
	0x00, 0xff, 0x8c, 0x00, 0x90, 0x46, 0x00, 0x95, 0x8c, 0x00, 0x89, 0x52, 0x58, 0xb7, 0x8c, 0x00,
	0xac, 0x46, 0x00, 0xff, 0x8c, 0x00, 0xff, 0x8c, 0x00, 0xa8, 0x8c, 0x00, 0x89, 0x6a, 0x59, 0xb7,
	0x8c, 0x00, 0xac, 0x46, 0x00, 0xff, 0x8c, 0x00, 0xff, 0x8c, 0x00, 0xa8, 0x8c, 0x00, 0x89, 0x82,
	0x5a, 0xb7, 0x8c, 0x00, 0xac, 0x46, 0x00, 0xff, 0x8c, 0x00, 0x86, 0x46, 0x00, 0xff, 0x8c, 0x00,
	0x9f, 0x8c, 0x00, 0x89, 0x9a, 0x5b, 0xb7, 0x8c, 0x00, 0xac, 0x46, 0x00, 0xff, 0x8c, 0x00, 0xff,
	0x8c, 0x00, 0xaa, 0x8c, 0x00, 0x87, 0xb2, 0x5c, 0xb9, 0x8c, 0x00, 0xaa, 0x46, 0x00, 0xff, 0x8c,
	0x00, 0xff, 0x8c, 0x00, 0xaa, 0x8c, 0x00, 0x87, 0xca, 0x5d, 0xb9, 0x8c, 0x00, 0xa9, 0x46, 0x00,
	0xff, 0x8c, 0x00, 0xff, 0x8c, 0x00, 0xab, 0x8c, 0x00, 0x87, 0xe2, 0x5e, 0xb9, 0x8c, 0x00, 0xaa,
	0x46, 0x00, 0xff, 0x8c, 0x00, 0xff, 0x8c, 0x00, 0xaa, 0x8c, 0x00, 0x87, 0xfa, 0x5f, 0xb9, 0x8c,
	0x00, 0xaa, 0x46, 0x00, 0xff, 0x8c, 0x00, 0xff, 0x8c, 0x00, 0x90, 0x46, 0x00, 0x99, 0x8c, 0x00,
	0x85, 0x12, 0x61, 0xbb, 0x8c, 0x00, 0xa8, 0x46, 0x00, 0xff, 0x8c, 0x00, 0xff, 0x8c, 0x00, 0xac,
	0x8c, 0x00, 0x85, 0x2a, 0x62, 0xbb, 0x8c, 0x00, 0xa8, 0x46, 0x00, 0xff, 0x8c, 0x00, 0xff, 0x8c,
	0x00, 0xac, 0x8c, 0x00, 0x85, 0x42, 0x63, 0xbb, 0x8c, 0x00, 0xa8, 0x46, 0x00, 0xff, 0x8c, 0x00,
	0x86, 0x46, 0x00, 0xff, 0x8c, 0x00, 0xa3, 0x8c, 0x00, 0x85, 0xb6, 0x62, 0xbb, 0x8c, 0x00, 0xa8,
	0x46, 0x00, 0xff, 0x8c, 0x00, 0xff, 0x8c, 0x00, 0xae, 0x8c, 0x00, 0x83, 0x72, 0x65, 0xbd, 0x8c,
	0x00, 0xa6, 0x46, 0x00, 0xff, 0x8c, 0x00, 0xff, 0x8c, 0x00, 0xae, 0x8c, 0x00, 0x83, 0x8a, 0x66,
	0xbd, 0x8c, 0x00, 0xa5, 0x46, 0x00, 0xff, 0x8c, 0x00, 0xff, 0x8c, 0x00, 0xff, 0xd4, 0x03, 0xff,
	0x8c, 0x00, 0xff, 0x8c, 0x00, 0xcd, 0x8c, 0x00, 0x83, 0x16, 0x67, 0xbd, 0x8c, 0x00, 0xa6, 0x46,
	0x00, 0xff, 0x8c, 0x00, 0xff, 0x8c, 0x00, 0x90, 0x46, 0x00, 0x9d, 0x8c, 0x00, 0x81, 0xd2, 0x69,
	0xbf, 0x8c, 0x00, 0xa4, 0x46, 0x00, 0xff, 0x8c, 0x00, 0xff, 0x8c, 0x00, 0xb0, 0x8c, 0x00, 0x81,
	0xea, 0x6a, 0xbf, 0x8c, 0x00, 0xa4, 0x46, 0x00, 0xff, 0x8c, 0x00, 0xff, 0x8c, 0x00, 0xff, 0xd4,
	0x03, 0xff, 0x8c, 0x00, 0xa4, 0x46, 0x00, 0xff, 0x8c, 0x00, 0xa7, 0x8c, 0x00, 0x87, 0xd6, 0x06,
	0x83, 0x1a, 0x00, 0xb3, 0x8c, 0x00, 0xa4, 0x46, 0x00, 0xff, 0x8c, 0x00, 0xff, 0x8c, 0x00, 0xff,
	0x8c, 0x00, 0xff, 0x8c, 0x00, 0xff, 0x8c, 0x00, 0xe2, 0x8c, 0x00, 0x01, 0x5a, 0xa5, 0xc1, 0x8c,
	0x00, 0x8f, 0x46, 0x00, 0xff, 0x8c, 0x00, 0xff, 0x8c, 0x00, 0xc5, 0x8c, 0x00, 0xff, 0x30, 0x02,
	0xff, 0x8c, 0x00, 0xe9, 0x8c, 0x00, 0x00, 0x80, 0x82, 0x9e, 0xa7, 0x02, 0x11, 0x10, 0x10, 0x82,
	0x4a, 0x00, 0x85, 0x46, 0x00, 0xa4, 0xfe, 0xab, 0x02, 0x00, 0xa0, 0x0a, 0x81, 0x46, 0x00, 0x03,
	0xe0, 0xb4, 0x80, 0x04, 0xb6, 0x46, 0x00, 0x04, 0xc0, 0xff, 0xff, 0xa0, 0xf4, 0x84, 0x46, 0x00,
	0xb9, 0x8c, 0x00, 0x83, 0xda, 0x98, 0x02, 0x00, 0xa0, 0x0a, 0xb8, 0x8c, 0x00, 0x83, 0x46, 0x00,
	0x83, 0x92, 0x00, 0xba, 0x18, 0x01, 0x00, 0x20, 0x82, 0x18, 0x01, 0x02, 0x60, 0xb4, 0x00, 0xb7,
	0x8c, 0x00, 0x03, 0xf8, 0xff, 0xff, 0x20, 0x82, 0x18, 0x01, 0x01, 0x60, 0xb4, 0xba, 0x8c, 0x00,
	0x83, 0xea, 0x01, 0x81, 0x92, 0x00, 0xba, 0x18, 0x01, 0x01, 0x60, 0xa4, 0x86, 0x92, 0x00, 0xb4,
	0x46, 0x00, 0x00, 0x02, 0x81, 0x86, 0x00, 0x83, 0x4c, 0x00, 0xb8, 0x30, 0x02, 0x01, 0x02, 0x00,
	0x87, 0x30, 0x02, 0xb7, 0x8c, 0x00, 0x83, 0xd2, 0x00, 0x83, 0x92, 0x00, 0xbd, 0x30, 0x02, 0x86,
	0x92, 0x00, 0xb4, 0x46, 0x00, 0x81, 0x1b, 0xab, 0xbf, 0x18, 0x01, 0x02, 0x10, 0x00, 0xf8, 0xc6,
	0x18, 0x01, 0x83, 0x92, 0x00, 0xbd, 0x18, 0x01, 0x83, 0x92, 0x00, 0x00, 0xc0, 0xbb, 0x46, 0x00,
	0x00, 0x84, 0x83, 0xd2, 0x00, 0xc3, 0x60, 0x04, 0xbc, 0x8c, 0x00, 0x82, 0x32, 0x05, 0x01, 0xe0,
	0x84, 0xc4, 0x60, 0x04, 0xb6, 0xa4, 0x01, 0x81, 0x5e, 0x0c, 0xbf, 0x30, 0x02, 0x00, 0x03, 0x88,
	0x48, 0x03, 0xb7, 0x8c, 0x00, 0x82, 0x86, 0x00, 0x00, 0xa4, 0x83, 0x92, 0x00, 0xbd, 0x18, 0x01,
	0x83, 0x92, 0x00, 0xc4, 0x90, 0x06, 0xff, 0x46, 0x00, 0x87, 0x90, 0x06, 0xc2, 0x46, 0x00, 0x01,
	0x00, 0x00, 0x81, 0xee, 0x07, 0x01, 0x1f, 0x00, 0x82, 0xd6, 0x35, 0x86, 0x46, 0x00, 0x8d, 0x3a,
	0x34, 0x00, 0x1f, 0x9d, 0x7e, 0x0e, 0x82, 0x46, 0x00, 0x00, 0x0e, 0x9c, 0x46, 0x00, 0x00, 0x0e,
	0xa2, 0x46, 0x00, 0x81, 0x13, 0x00, 0x99, 0x46, 0x00, 0x81, 0xd2, 0x00, 0xe5, 0x46, 0x00, 0x00,
	0x0f, 0x9c, 0x46, 0x00, 0x00, 0x0f, 0xe8, 0x8c, 0x00, 0x8d, 0xa4, 0x01, 0x8d, 0x3a, 0x34, 0xb3,
	0xa4, 0x01, 0x8d, 0x46, 0x00, 0xb3, 0xa4, 0x01, 0xae, 0xc6, 0x34, 0xc2, 0x46, 0x00, 0x93, 0xa4,
	0x01, 0x8d, 0x46, 0x00, 0xb3, 0xa4, 0x01, 0xb3, 0x8c, 0x00, 0x8d, 0xa4, 0x01, 0x8d, 0x3a, 0x34,
	0xb3, 0xa4, 0x01, 0x8d, 0x46, 0x00, 0xb3, 0xa4, 0x01, 0xae, 0xc6, 0x34, 0xc8, 0x46, 0x00, 0x8d,
	0xa4, 0x01, 0x8d, 0x46, 0x00, 0xb3, 0xa4, 0x01, 0xb3, 0x8c, 0x00, 0x8d, 0xa4, 0x01, 0x8d, 0x3a,
	0x34, 0xb3, 0xa4, 0x01, 0x8d, 0x46, 0x00, 0xb3, 0xa4, 0x01, 0xae, 0xc6, 0x34, 0xc8, 0x46, 0x00,
	0x8d, 0xa4, 0x01, 0x8d, 0x46, 0x00, 0xb3, 0xa4, 0x01, 0xb3, 0x8c, 0x00, 0x8e, 0x90, 0x06, 0x8a,
	0x18, 0x8d, 0xb6, 0xec, 0x04, 0x8c, 0x46, 0x00, 0x9d, 0xa4, 0x01, 0x94, 0x76, 0x02, 0x00, 0x7f,
	0xac, 0xc6, 0x34, 0x93, 0x04, 0x06, 0x8a, 0xa4, 0x8d, 0xb6, 0x48, 0x03, 0x86, 0x18, 0x47, 0xb9,
	0xa4, 0x01, 0x01, 0x55, 0x55, 0xb1, 0x8c, 0x00, 0x8f, 0xa4, 0x01, 0x8b, 0x3a, 0x34, 0xb5, 0xa4,
	0x01, 0x8b, 0x46, 0x00, 0xb5, 0xa4, 0x01, 0xac, 0xc6, 0x34, 0x94, 0xa4, 0x01, 0xb1, 0x46, 0x00,
	0x8f, 0xa4, 0x01, 0x8b, 0x46, 0x00, 0xb5, 0xa4, 0x01, 0xb1, 0x8c, 0x00, 0x8f, 0xa4, 0x01, 0x8b,
	0x3a, 0x34, 0xb5, 0xa4, 0x01, 0x8b, 0x46, 0x00, 0xb5, 0xa4, 0x01, 0xac, 0xc6, 0x34, 0x94, 0xa4,
	0x01, 0xb1, 0x46, 0x00, 0x8f, 0xa4, 0x01, 0x8b, 0x46, 0x00, 0xb5, 0xa4, 0x01, 0xab, 0x8c, 0x00,
	0x95, 0xa4, 0x01, 0x8b, 0x3a, 0x34, 0xb5, 0xa4, 0x01, 0x8b, 0x46, 0x00, 0xb5, 0xa4, 0x01, 0xac,
	0xc6, 0x34, 0x94, 0xa4, 0x01, 0xb1, 0x46, 0x00, 0x8f, 0xa4, 0x01, 0x8b, 0x46, 0x00, 0xb5, 0xa4,
	0x01, 0xb1, 0x8c, 0x00, 0x8f, 0xa4, 0x01, 0x8b, 0x3a, 0x34, 0xb5, 0xa4, 0x01, 0x8b, 0x46, 0x00,
	0xb5, 0xa4, 0x01, 0xac, 0xc6, 0x34, 0x94, 0xa4, 0x01, 0xb1, 0x46, 0x00, 0x8f, 0xa4, 0x01, 0x8b,
	0x46, 0x00, 0xb5, 0xa4, 0x01, 0xb1, 0x8c, 0x00, 0x91, 0xa4, 0x01, 0x89, 0x3a, 0x34, 0xb7, 0xa4,
	0x01, 0x89, 0x46, 0x00, 0xb7, 0xa4, 0x01, 0xaa, 0xc6, 0x34, 0x96, 0xa4, 0x01, 0xa9, 0x46, 0x00,
	0x97, 0xa4, 0x01, 0x89, 0x46, 0x00, 0xb7, 0xa4, 0x01, 0xaf, 0x8c, 0x00, 0x91, 0xa4, 0x01, 0x89,
	0x3a, 0x34, 0xb7, 0xa4, 0x01, 0x89, 0x46, 0x00, 0xb7, 0xa4, 0x01, 0xaa, 0xc6, 0x34, 0x96, 0xa4,
	0x01, 0xaf, 0x46, 0x00, 0x91, 0xa4, 0x01, 0x89, 0x46, 0x00, 0xb7, 0xa4, 0x01, 0xaf, 0x8c, 0x00,
	0x91, 0xa4, 0x01, 0x89, 0x3a, 0x34, 0xb7, 0xa4, 0x01, 0x89, 0x46, 0x00, 0xb7, 0xa4, 0x01, 0xaa,
	0xc6, 0x34, 0x96, 0xa4, 0x01, 0xaf, 0x46, 0x00, 0x91, 0xa4, 0x01, 0x89, 0x46, 0x00, 0xb7, 0xa4,
	0x01, 0xaf, 0x8c, 0x00, 0x91, 0xa4, 0x01, 0x89, 0x3a, 0x34, 0xb7, 0xa4, 0x01, 0x89, 0x46, 0x00,
	0x9d, 0xa4, 0x01, 0x97, 0xa4, 0x01, 0xaa, 0xc6, 0x34, 0x96, 0xa4, 0x01, 0xaf, 0x46, 0x00, 0x91,
	0xa4, 0x01, 0x89, 0x46, 0x00, 0xb7, 0xa4, 0x01, 0xaf, 0x8c, 0x00, 0x93, 0xa4, 0x01, 0x87, 0x3a,
	0x34, 0xb9, 0xa4, 0x01, 0x87, 0x46, 0x00, 0xb9, 0xa4, 0x01, 0xa8, 0xc6, 0x34, 0x98, 0xa4, 0x01,
	0xad, 0x46, 0x00, 0x93, 0xa4, 0x01, 0x87, 0x46, 0x00, 0xb9, 0xa4, 0x01, 0xad, 0x8c, 0x00, 0x93,
	0xa4, 0x01, 0x87, 0x3a, 0x34, 0xb9, 0xa4, 0x01, 0x87, 0x46, 0x00, 0xb9, 0xa4, 0x01, 0xa8, 0xc6,
	0x34, 0x98, 0xa4, 0x01, 0xad, 0x46, 0x00, 0x93, 0xa4, 0x01, 0x87, 0x46, 0x00, 0xb9, 0xa4, 0x01,
	0xa7, 0x8c, 0x00, 0x99, 0xa4, 0x01, 0x87, 0x3a, 0x34, 0xb9, 0xa4, 0x01, 0x87, 0x46, 0x00, 0xb9,
	0xa4, 0x01, 0xa8, 0xc6, 0x34, 0x98, 0xa4, 0x01, 0xad, 0x46, 0x00, 0x93, 0xa4, 0x01, 0x87, 0x46,
	0x00, 0xb9, 0xa4, 0x01, 0xad, 0x8c, 0x00, 0x93, 0xa4, 0x01, 0x87, 0x4e, 0x2f, 0xb9, 0xa4, 0x01,
	0x87, 0x46, 0x00, 0xb9, 0xa4, 0x01, 0xa8, 0xda, 0x2f, 0x98, 0xa4, 0x01, 0xad, 0x46, 0x00, 0x93,
	0xa4, 0x01, 0x87, 0x46, 0x00, 0xb9, 0xa4, 0x01, 0xad, 0x8c, 0x00, 0x95, 0xa4, 0x01, 0x85, 0x3a,
	0x34, 0xbb, 0xa4, 0x01, 0x85, 0x46, 0x00, 0xbb, 0xa4, 0x01, 0xa6, 0xc6, 0x34, 0x9a, 0xa4, 0x01,
	0xa5, 0x46, 0x00, 0x9b, 0xa4, 0x01, 0x85, 0x46, 0x00, 0xbb, 0xa4, 0x01, 0xab, 0x8c, 0x00, 0x95,
	0xa4, 0x01, 0x85, 0x3a, 0x34, 0xbb, 0xa4, 0x01, 0x85, 0x46, 0x00, 0xbb, 0xa4, 0x01, 0xa6, 0xc6,
	0x34, 0x9a, 0xa4, 0x01, 0xab, 0x46, 0x00, 0x95, 0xa4, 0x01, 0x85, 0x46, 0x00, 0xbb, 0xa4, 0x01,
	0xab, 0x8c, 0x00, 0xff, 0xec, 0x04, 0xff, 0xec, 0x04, 0x91, 0x46, 0x00, 0xff, 0xec, 0x04, 0x9f,
	0xa4, 0x01, 0x85, 0x4e, 0x2f, 0xbb, 0xa4, 0x01, 0x85, 0x46, 0x00, 0x9d, 0xa4, 0x01, 0x9b, 0xa4,
	0x01, 0xa6, 0xda, 0x2f, 0x9a, 0xa4, 0x01, 0xab, 0x46, 0x00, 0x95, 0xa4, 0x01, 0x85, 0x46, 0x00,
	0xbb, 0xa4, 0x01, 0xab, 0x8c, 0x00, 0x97, 0xa4, 0x01, 0x83, 0x3a, 0x34, 0xbd, 0xa4, 0x01, 0x83,
	0x46, 0x00, 0xbd, 0xa4, 0x01, 0xa4, 0xc6, 0x34, 0x9c, 0xa4, 0x01, 0xa9, 0x46, 0x00, 0x97, 0xa4,
	0x01, 0x83, 0x46, 0x00, 0xbd, 0xa4, 0x01, 0xa9, 0x8c, 0x00, 0x97, 0xa4, 0x01, 0x83, 0x3a, 0x34,
	0xbd, 0xa4, 0x01, 0x83, 0x46, 0x00, 0xbd, 0xa4, 0x01, 0xa4, 0xc6, 0x34, 0x9c, 0xa4, 0x01, 0xa9,
	0x46, 0x00, 0x97, 0xa4, 0x01, 0x83, 0x46, 0x00, 0xbd, 0xa4, 0x01, 0xa3, 0x8c, 0x00, 0xff, 0xec,
	0x04, 0xff, 0xec, 0x04, 0xff, 0xec, 0x04, 0x9c, 0x46, 0x00, 0x01, 0x10, 0xd6, 0x84, 0x0e, 0xc4,
	0x81, 0xa8, 0x01, 0x86, 0x01, 0x00, 0xad, 0x74, 0x22, 0x86, 0x46, 0x00, 0x81, 0xa8, 0x01, 0x95,
	0x46, 0x00, 0x9e, 0xa4, 0x01, 0x86, 0x46, 0x00, 0x89, 0x45, 0x00, 0xb0, 0x26, 0x5c, 0xca, 0x46,
	0x00, 0x81, 0xa8, 0x01, 0x95, 0x46, 0x00, 0x9e, 0xa4, 0x01, 0xcc, 0x8c, 0x00, 0x89, 0xa4, 0x01,
	0xae, 0x60, 0x27, 0x92, 0xa4, 0x01, 0xae, 0x60, 0x27, 0x92, 0xd2, 0x00, 0xb0, 0x26, 0x5c, 0xc0,
	0x46, 0x00, 0x93, 0xa4, 0x01, 0xae, 0x60, 0x27, 0xcc, 0x8c, 0x00, 0x89, 0xa4, 0x01, 0xae, 0x60,
	0x27, 0x92, 0xa4, 0x01, 0xae, 0x60, 0x27, 0x92, 0xd2, 0x00, 0xb0, 0x26, 0x5c, 0xca, 0x46, 0x00,
	0x89, 0xa4, 0x01, 0xae, 0x60, 0x27, 0xcc, 0x8c, 0x00, 0x89, 0xa4, 0x01, 0xae, 0x60, 0x27, 0x92,
	0xa4, 0x01, 0xae, 0x60, 0x27, 0x92, 0xd2, 0x00, 0xb0, 0x26, 0x5c, 0xca, 0x46, 0x00, 0x89, 0xa4,
	0x01, 0xae, 0x60, 0x27, 0xcc, 0x8c, 0x00, 0x8a, 0x90, 0x06, 0x00, 0x00, 0xac, 0x60, 0x27, 0x93,
	0xec, 0x04, 0x8c, 0x46, 0x00, 0x9d, 0xa4, 0x01, 0x94, 0x76, 0x02, 0xad, 0x60, 0x27, 0x93, 0x04,
	0x06, 0xad, 0x60, 0x27, 0x93, 0x48, 0x03, 0xad, 0x60, 0x27, 0x92, 0x8c, 0x00, 0xae, 0x60, 0x27,
	0x94, 0xa4, 0x01, 0xac, 0x60, 0x27, 0x94, 0xa4, 0x01, 0xac, 0x60, 0x27, 0x94, 0xa4, 0x01, 0xae,
	0x26, 0x5c, 0x92, 0xa4, 0x01, 0xb5, 0x46, 0x00, 0x8b, 0xa4, 0x01, 0xac, 0x60, 0x27, 0x94, 0xa4,
	0x01, 0xb5, 0x8c, 0x00, 0x8b, 0xa4, 0x01, 0xac, 0x60, 0x27, 0x94, 0xa4, 0x01, 0xac, 0x60, 0x27,
	0x94, 0xa4, 0x01, 0xae, 0x26, 0x5c, 0x92, 0xa4, 0x01, 0xb5, 0x46, 0x00, 0x8b, 0xa4, 0x01, 0xac,
	0x60, 0x27, 0x94, 0xa4, 0x01, 0xab, 0x8c, 0x00, 0x95, 0xa4, 0x01, 0xac, 0x60, 0x27, 0x94, 0xa4,
	0x01, 0xac, 0x60, 0x27, 0x94, 0xa4, 0x01, 0xae, 0x26, 0x5c, 0x92, 0xa4, 0x01, 0xb5, 0x46, 0x00,
	0x8b, 0xa4, 0x01, 0xac, 0x60, 0x27, 0x94, 0xa4, 0x01, 0xb5, 0x8c, 0x00, 0x8b, 0xa4, 0x01, 0xac,
	0x60, 0x27, 0x94, 0xa4, 0x01, 0xac, 0x60, 0x27, 0x94, 0xa4, 0x01, 0xae, 0x26, 0x5c, 0x92, 0xa4,
	0x01, 0xb5, 0x46, 0x00, 0x8b, 0xa4, 0x01, 0xac, 0x60, 0x27, 0x94, 0xa4, 0x01, 0xb5, 0x8c, 0x00,
	0x8d, 0xa4, 0x01, 0xaa, 0x60, 0x27, 0x96, 0xa4, 0x01, 0xaa, 0x60, 0x27, 0x96, 0xa4, 0x01, 0xac,
	0x26, 0x5c, 0x94, 0xa4, 0x01, 0xa9, 0x46, 0x00, 0x97, 0xa4, 0x01, 0xaa, 0x60, 0x27, 0x96, 0xa4,
	0x01, 0xb3, 0x8c, 0x00, 0x8d, 0xa4, 0x01, 0xaa, 0x60, 0x27, 0x96, 0xa4, 0x01, 0xaa, 0x60, 0x27,
	0x96, 0xa4, 0x01, 0xac, 0x26, 0x5c, 0x94, 0xa4, 0x01, 0xb3, 0x46, 0x00, 0x8d, 0xa4, 0x01, 0xaa,
	0x60, 0x27, 0x96, 0xa4, 0x01, 0xb3, 0x8c, 0x00, 0x8d, 0xa4, 0x01, 0xaa, 0x60, 0x27, 0x96, 0xa4,
	0x01, 0xaa, 0x60, 0x27, 0x96, 0xa4, 0x01, 0xac, 0x26, 0x5c, 0x94, 0xa4, 0x01, 0xb3, 0x46, 0x00,
	0x8d, 0xa4, 0x01, 0xaa, 0x60, 0x27, 0x96, 0xa4, 0x01, 0xb3, 0x8c, 0x00, 0x8d, 0xa4, 0x01, 0xaa,
	0x60, 0x27, 0x96, 0xa4, 0x01, 0xa9, 0x60, 0x27, 0x97, 0xa4, 0x01, 0xac, 0x26, 0x5c, 0x94, 0xa4,
	0x01, 0xb3, 0x46, 0x00, 0x8d, 0xa4, 0x01, 0xaa, 0x60, 0x27, 0x96, 0xa4, 0x01, 0xb3, 0x8c, 0x00,
	0x8f, 0xa4, 0x01, 0xa8, 0x60, 0x27, 0x98, 0xa4, 0x01, 0xa8, 0x60, 0x27, 0x98, 0xa4, 0x01, 0xaa,
	0x26, 0x5c, 0x96, 0xa4, 0x01, 0xb1, 0x46, 0x00, 0x8f, 0xa4, 0x01, 0xa8, 0x60, 0x27, 0x98, 0xa4,
	0x01, 0xb1, 0x8c, 0x00, 0x8f, 0xa4, 0x01, 0xa8, 0x60, 0x27, 0x98, 0xa4, 0x01, 0xa8, 0x60, 0x27,
	0x98, 0xa4, 0x01, 0xaa, 0x26, 0x5c, 0x96, 0xa4, 0x01, 0xb1, 0x46, 0x00, 0x8f, 0xa4, 0x01, 0xa8,
	0x60, 0x27, 0x98, 0xa4, 0x01, 0xa7, 0x8c, 0x00, 0x99, 0xa4, 0x01, 0xa8, 0x60, 0x27, 0x98, 0xa4,
	0x01, 0xa8, 0x60, 0x27, 0x98, 0xa4, 0x01, 0xaa, 0x26, 0x5c, 0x96, 0xa4, 0x01, 0xb1, 0x46, 0x00,
	0x8f, 0xa4, 0x01, 0xa8, 0x60, 0x27, 0x98, 0xa4, 0x01, 0xb1, 0x8c, 0x00, 0x8f, 0xa4, 0x01, 0xa8,
	0x74, 0x22, 0x98, 0xa4, 0x01, 0xa8, 0x74, 0x22, 0x98, 0xa4, 0x01, 0xaa, 0x3a, 0x57, 0x96, 0xa4,
	0x01, 0xb1, 0x46, 0x00, 0x8f, 0xa4, 0x01, 0xa8, 0x74, 0x22, 0x98, 0xa4, 0x01, 0xb1, 0x8c, 0x00,
	0x91, 0xa4, 0x01, 0xa6, 0x60, 0x27, 0x9a, 0xa4, 0x01, 0xa6, 0x60, 0x27, 0x9a, 0xa4, 0x01, 0xa8,
	0x26, 0x5c, 0x98, 0xa4, 0x01, 0xa5, 0x46, 0x00, 0x9b, 0xa4, 0x01, 0xa6, 0x60, 0x27, 0x9a, 0xa4,
	0x01, 0xaf, 0x8c, 0x00, 0x91, 0xa4, 0x01, 0xa6, 0x60, 0x27, 0x9a, 0xa4, 0x01, 0xa6, 0x60, 0x27,
	0x9a, 0xa4, 0x01, 0xa8, 0x26, 0x5c, 0x98, 0xa4, 0x01, 0xaf, 0x46, 0x00, 0x91, 0xa4, 0x01, 0xa6,
	0x60, 0x27, 0x9a, 0xa4, 0x01, 0xaf, 0x8c, 0x00, 0xff, 0xec, 0x04, 0xff, 0xec, 0x04, 0xff, 0xec,
	0x04, 0xaf, 0xa4, 0x01, 0xa6, 0x74, 0x22, 0x9a, 0xa4, 0x01, 0xa5, 0x74, 0x22, 0x9b, 0xa4, 0x01,
	0xaf, 0xa2, 0x21, 0x8a, 0xd1, 0x00, 0xad, 0x74, 0x22, 0x9a, 0xa4, 0x01, 0xa6, 0x74, 0x22, 0x9a,
	0xa4, 0x01, 0xbc, 0x74, 0x22, 0xad, 0x60, 0x27, 0x9c, 0xa4, 0x01, 0xa4, 0x60, 0x27, 0x9c, 0xa4,
	0x01, 0xa6, 0x26, 0x5c, 0x9a, 0xa4, 0x01, 0xad, 0x46, 0x00, 0x93, 0xa4, 0x01, 0xa4, 0x60, 0x27,
	0x9c, 0xa4, 0x01, 0xad, 0x8c, 0x00, 0x93, 0xa4, 0x01, 0xa4, 0x60, 0x27, 0x9c, 0xa4, 0x01, 0xa4,
	0x60, 0x27, 0x9c, 0xa4, 0x01, 0xa6, 0x26, 0x5c, 0x9a, 0xa4, 0x01, 0xad, 0x46, 0x00, 0x93, 0xa4,
	0x01, 0xa4, 0x60, 0x27, 0x9c, 0xa4, 0x01, 0xa3, 0x8c, 0x00, 0xff, 0xec, 0x04, 0xff, 0xec, 0x04,
	0xff, 0xec, 0x04, 0x9c, 0x46, 0x00, 0x82, 0x06, 0x4f, 0x8d, 0x04, 0x29, 0x8d, 0x06, 0x4f, 0x81,
	0xa4, 0x01, 0x85, 0x1a, 0x00, 0x88, 0x46, 0x00, 0x87, 0x50, 0x55, 0x82, 0xaa, 0x50, 0x00, 0x1e,
	0x9c, 0x46, 0x00, 0x00, 0x1e, 0x90, 0x46, 0x00, 0x81, 0x40, 0xcb, 0x85, 0x36, 0x51, 0x83, 0x46,
	0x00, 0x81, 0x33, 0x28, 0x99, 0x46, 0x00, 0x00, 0x10, 0x90, 0x46, 0x00, 0x81, 0x2e, 0x00, 0x86,
	0x46, 0x00, 0x82, 0xf0, 0x50, 0xb1, 0x46, 0x00, 0x81, 0xde, 0xcb, 0x86, 0xdc, 0x55, 0x82, 0x46,
	0x00, 0xb1, 0x18, 0x01, 0x01, 0xff, 0xff, 0x88, 0x46, 0x00, 0xb6, 0xd2, 0x00, 0x01, 0x55, 0x55,
	0x88, 0xd2, 0x00, 0x86, 0x62, 0xfc, 0x89, 0x48, 0x03, 0xae, 0xa4, 0x01, 0x86, 0x58, 0xed, 0x81,
	0xa8, 0x01, 0x95, 0x46, 0x00, 0x9e, 0xa4, 0x01, 0x86, 0x46, 0x00, 0x82, 0xdb, 0x29, 0xa8, 0xd2,
	0x00, 0x8a, 0xa4, 0x01, 0x00, 0x14, 0xb5, 0x46, 0x00, 0x89, 0xa4, 0x01, 0x87, 0x46, 0x00, 0xad,
	0x18, 0x01, 0x8a, 0xa4, 0x01, 0xb6, 0xd2, 0x00, 0x8a, 0xa4, 0x01, 0xb9, 0x48, 0x03, 0x83, 0x8e,
	0x03, 0x83, 0xaa, 0x01, 0xb4, 0x48, 0x03, 0x83, 0x46, 0x00, 0x86, 0xaa, 0x01, 0xb5, 0x02, 0x03,
	0x82, 0x46, 0x00, 0x84, 0xaa, 0x01, 0xb7, 0x48, 0x03, 0x83, 0xd2, 0x00, 0x83, 0xaa, 0x01, 0xb6,
	0x48, 0x03, 0x84, 0x8c, 0x00, 0x85, 0xaa, 0x01, 0xba, 0x8c, 0x00, 0x84, 0xaa, 0x01, 0xb9, 0x48,
	0x03, 0x87, 0xa4, 0x01, 0xb6, 0x48, 0x03, 0x83, 0x46, 0x00, 0x84, 0xa4, 0x01, 0xb6, 0x76, 0x02,
	0x83, 0x46, 0x00, 0x84, 0xa4, 0x01, 0xb7, 0x48, 0x03, 0x89, 0xa4, 0x01, 0xb6, 0x48, 0x03, 0x84,
	0x8c, 0x00, 0x83, 0xa4, 0x01, 0xbc, 0xd2, 0x00, 0x84, 0xa4, 0x01, 0x92, 0x84, 0x5d, 0xb0, 0xf0,
	0x2d, 0xa0, 0x46, 0x00, 0x9d, 0x34, 0x08, 0xa3, 0x46, 0x00, 0x00, 0x00, 0xff, 0x46, 0x00, 0xa9,
	0xe4, 0x1b, 0xd6, 0x8c, 0x00, 0xb0, 0xf0, 0x2d, 0xa0, 0x46, 0x00, 0xb3, 0xa4, 0x01, 0xf4, 0xa2,
	0x8a, 0xa2, 0x46, 0x00, 0xb3, 0xa4, 0x01, 0xd3, 0xe8, 0x8a, 0xb3, 0xa4, 0x01, 0xb0, 0xf0, 0x2d,
	0xa0, 0x46, 0x00, 0xc3, 0xd2, 0x00, 0xc3, 0x46, 0x00, 0xb3, 0xa4, 0x01, 0xad, 0x8c, 0x00, 0x93,
	0x46, 0x00, 0xb0, 0xf0, 0x2d, 0xa0, 0x46, 0x00, 0xb3, 0xa4, 0x01, 0xf4, 0xa2, 0x8a, 0xa2, 0x46,
	0x00, 0xb3, 0xa4, 0x01, 0xc3, 0x8c, 0x00, 0x00, 0x00, 0xaf, 0xf0, 0x2d, 0x91, 0xd4, 0x03, 0xaf,
	0xf0, 0x2d, 0x91, 0x76, 0x02, 0xaf, 0xf0, 0x2d, 0x91, 0xd2, 0x00, 0xaf, 0xf0, 0x2d, 0x91, 0x8c,
	0x00, 0xaf, 0xf0, 0x2d, 0x90, 0x46, 0x00, 0x00, 0x55, 0xaf, 0xf0, 0x2d, 0x92, 0xa4, 0x01, 0xae,
	0xf0, 0x2d, 0x92, 0xa4, 0x01, 0xae, 0xf0, 0x2d, 0x92, 0xa4, 0x01, 0xc1, 0x16, 0x8a, 0xad, 0xf0,
	0x2d, 0x95, 0xa4, 0x01, 0xae, 0xf0, 0x2d, 0x92, 0xa4, 0x01, 0xc2, 0xd2, 0x00, 0xaf, 0xf0, 0x2d,
	0x92, 0xa4, 0x01, 0xae, 0xf0, 0x2d, 0x92, 0xa4, 0x01, 0xc1, 0x16, 0x8a, 0xb0, 0xf0, 0x2d, 0x92,
	0xa4, 0x01, 0xae, 0xf0, 0x2d, 0x92, 0xa4, 0x01, 0xc2, 0xd2, 0x00, 0xaf, 0xf0, 0x2d, 0x92, 0xa4,
	0x01, 0xae, 0xf0, 0x2d, 0x92, 0xa4, 0x01, 0xc1, 0x16, 0x8a, 0xb0, 0xf0, 0x2d, 0x92, 0xa4, 0x01,
	0xae, 0xf0, 0x2d, 0x92, 0xa4, 0x01, 0xc2, 0xd2, 0x00, 0xaf, 0xf0, 0x2d, 0x92, 0xa4, 0x01, 0xab,
	0xf0, 0x2d, 0x95, 0xa4, 0x01, 0xc1, 0x16, 0x8a, 0xb0, 0xf0, 0x2d, 0x92, 0xa4, 0x01, 0xae, 0xf0,
	0x2d, 0x92, 0xa4, 0x01, 0xc2, 0xd2, 0x00, 0xaf, 0xf0, 0x2d, 0x94, 0xa4, 0x01, 0xac, 0xf0, 0x2d,
	0x94, 0xa4, 0x01, 0xbf, 0x16, 0x8a, 0xb0, 0xf0, 0x2d, 0x94, 0xa4, 0x01, 0xac, 0xf0, 0x2d, 0x94,
	0xa4, 0x01, 0xc0, 0xd2, 0x00, 0xaf, 0xf0, 0x2d, 0x94, 0xa4, 0x01, 0xac, 0xf0, 0x2d, 0x94, 0xa4,
	0x01, 0xbf, 0x16, 0x8a, 0xb0, 0xf0, 0x2d, 0x94, 0xa4, 0x01, 0xac, 0xf0, 0x2d, 0x94, 0xa4, 0x01,
	0xa9, 0x8c, 0x00, 0x97, 0xa4, 0x01, 0xac, 0xf0, 0x2d, 0x94, 0xa4, 0x01, 0xac, 0xf0, 0x2d, 0x94,
	0xa4, 0x01, 0xbf, 0x16, 0x8a, 0xb0, 0xf0, 0x2d, 0x94, 0xa4, 0x01, 0xac, 0xf0, 0x2d, 0x94, 0xa4,
	0x01, 0xc0, 0xd2, 0x00, 0xaf, 0xf0, 0x2d, 0x94, 0xa4, 0x01, 0xac, 0xf0, 0x2d, 0x94, 0xa4, 0x01,
	0xbf, 0x16, 0x8a, 0xb0, 0xf0, 0x2d, 0x94, 0xa4, 0x01, 0xac, 0xf0, 0x2d, 0x94, 0xa4, 0x01, 0xc0,
	0xd2, 0x00, 0xaf, 0xf0, 0x2d, 0x96, 0xa4, 0x01, 0xaa, 0xf0, 0x2d, 0x96, 0xa4, 0x01, 0xbd, 0x16,
	0x8a, 0xad, 0xf0, 0x2d, 0x99, 0xa4, 0x01, 0xaa, 0xf0, 0x2d, 0x96, 0xa4, 0x01, 0xbe, 0xd2, 0x00,
	0xaf, 0xf0, 0x2d, 0x96, 0xa4, 0x01, 0xaa, 0xf0, 0x2d, 0x96, 0xa4, 0x01, 0xbd, 0x16, 0x8a, 0xb0,
	0xf0, 0x2d, 0x96, 0xa4, 0x01, 0xaa, 0xf0, 0x2d, 0x96, 0xa4, 0x01, 0xbe, 0xd2, 0x00, 0xaf, 0xf0,
	0x2d, 0x96, 0xa4, 0x01, 0xaa, 0xf0, 0x2d, 0x96, 0xa4, 0x01, 0xbd, 0x16, 0x8a, 0xb0, 0xf0, 0x2d,
	0x96, 0xa4, 0x01, 0xaa, 0xf0, 0x2d, 0x96, 0xa4, 0x01, 0xbe, 0xd2, 0x00, 0xaf, 0x04, 0x29, 0x96,
	0xa4, 0x01, 0xa7, 0x04, 0x29, 0x99, 0xa4, 0x01, 0xbd, 0x2a, 0x85, 0xb0, 0x04, 0x29, 0x96, 0xa4,
	0x01, 0xaa, 0x04, 0x29, 0x96, 0xa4, 0x01, 0xbe, 0xd2, 0x00, 0xaf, 0xf0, 0x2d, 0x98, 0xa4, 0x01,
	0xa8, 0xf0, 0x2d, 0x98, 0xa4, 0x01, 0xbb, 0x16, 0x8a, 0xb0, 0xf0, 0x2d, 0x98, 0xa4, 0x01, 0xa8,
	0xf0, 0x2d, 0x98, 0xa4, 0x01, 0xbc, 0xd2, 0x00, 0xaf, 0xf0, 0x2d, 0x98, 0xa4, 0x01, 0xa8, 0xf0,
	0x2d, 0x98, 0xa4, 0x01, 0xbb, 0x16, 0x8a, 0xb0, 0xf0, 0x2d, 0x98, 0xa4, 0x01, 0xa8, 0xf0, 0x2d,
	0x98, 0xa4, 0x01, 0xa5, 0x8c, 0x00, 0xff, 0xec, 0x04, 0xff, 0xec, 0x04, 0xff, 0xec, 0x04, 0xb9,
	0xa4, 0x01, 0xa8, 0x04, 0x29, 0x98, 0xa4, 0x01, 0xa8, 0x04, 0x29, 0x98, 0xa4, 0x01, 0xbb, 0x2a,
	0x85, 0xb0, 0x04, 0x29, 0x98, 0xa4, 0x01, 0xa8, 0x04, 0x29, 0x98, 0xa4, 0x01, 0xbc, 0xd2, 0x00,
	0xaf, 0xf0, 0x2d, 0x9a, 0xa4, 0x01, 0xa6, 0xf0, 0x2d, 0x9a, 0xa4, 0x01, 0xb9, 0x16, 0x8a, 0xad,
	0xf0, 0x2d, 0x9d, 0xa4, 0x01, 0xa6, 0xf0, 0x2d, 0x9a, 0xa4, 0x01, 0xba, 0xd2, 0x00, 0xaf, 0xf0,
	0x2d, 0x9a, 0xa4, 0x01, 0xa6, 0xf0, 0x2d, 0x9a, 0xa4, 0x01, 0xb9, 0x16, 0x8a, 0xb0, 0xf0, 0x2d,
	0x9a, 0xa4, 0x01, 0xa6, 0xf0, 0x2d, 0x9a, 0xa4, 0x01, 0xba, 0xd2, 0x00, 0xff, 0xec, 0x04, 0xff,
	0xec, 0x04, 0xff, 0xec, 0x04, 0x86, 0x46, 0x00, 0x81, 0x4a, 0x29, 0x97, 0x5e, 0x01, 0x87, 0xee,
	0x07, 0x83, 0x1a, 0x00, 0xa9, 0x46, 0x00, 0x87, 0x18, 0x01, 0x87, 0x1c, 0x07, 0x99, 0x46, 0x00,
	0x93, 0x46, 0x00, 0x03, 0x11, 0x00, 0x01, 0x00, 0xbf, 0x8c, 0x00, 0x03, 0x11, 0x00, 0x00, 0x80,
	0xc1, 0x8c, 0x00, 0x03, 0x22, 0x11, 0x01, 0x00, 0xbf, 0x8c, 0x00, 0x03, 0x22, 0x11, 0x00, 0x80,
	0xc1, 0x8c, 0x00, 0x03, 0x33, 0x22, 0x01, 0x00, 0xbf, 0x8c, 0x00, 0x03, 0x33, 0x22, 0x00, 0x80,
	0xc1, 0x8c, 0x00, 0x03, 0x44, 0x33, 0x01, 0x00, 0xbf, 0x8c, 0x00, 0x03, 0x44, 0x33, 0x00, 0x80,
	0xc1, 0x8c, 0x00, 0x03, 0x55, 0x44, 0x01, 0x00, 0xbf, 0x8c, 0x00, 0x03, 0x55, 0x44, 0x00, 0x80,
	0xc1, 0x8c, 0x00, 0x03, 0x77, 0x66, 0x01, 0x00, 0xbf, 0x8c, 0x00, 0x03, 0x77, 0x66, 0x00, 0x80,
	0xc1, 0x8c, 0x00, 0x81, 0xa8, 0xfc, 0xbf, 0x8c, 0x00, 0x02, 0x88, 0x77, 0x00, 0x82, 0xa8, 0xfc,
	0x99, 0x46, 0x00, 0x00, 0x01, 0x86, 0xb4, 0x82, 0x02, 0x21, 0x20, 0x20, 0x82, 0x8b, 0x2e, 0x8f,
	0x46, 0x00, 0x93, 0x18, 0x01, 0x0d, 0xb1, 0xa0, 0xb0, 0xa0, 0x41, 0xa4, 0xc1, 0xb0, 0xc0, 0xb0,
	0x41, 0xb4, 0x00, 0x80, 0x81, 0x46, 0x00, 0x81, 0x52, 0x00, 0x97, 0x8c, 0x00, 0x9f, 0x18, 0x01,
	0x02, 0x00, 0x10, 0x01, 0x84, 0x92, 0x2c, 0x99, 0x8c, 0x00, 0x00, 0x05, 0x9f, 0x18, 0x01, 0x00,
	0x83, 0x83, 0x46, 0x00, 0x81, 0x10, 0x00, 0xb6, 0x8c, 0x00, 0x82, 0x18, 0x01, 0x81, 0xfc, 0x2d,
	0x99, 0xd2, 0x00, 0x9e, 0xa4, 0x01, 0x82, 0x46, 0x00, 0x81, 0x86, 0x00, 0xbb, 0x18, 0x01, 0x85,
	0xaa, 0x2d, 0x82, 0xbe, 0xfe, 0xb5, 0x8c, 0x00, 0x86, 0x46, 0x00, 0x87, 0x16, 0x01, 0xb5, 0x18,
	0x01, 0x82, 0xc4, 0x23, 0xb9, 0x18, 0x01, 0x00, 0xf6, 0xc3, 0x30, 0x02, 0x86, 0xd2, 0x00, 0x82,
	0xf4, 0x32, 0xb4, 0x8c, 0x00, 0x02, 0x16, 0x00, 0xf3, 0xc0, 0x30, 0x02, 0xa0, 0x8e, 0x03, 0x87,
	0x8c, 0x00, 0x00, 0x01, 0xba, 0x46, 0x00, 0x86, 0x8c, 0x00, 0x00, 0x80, 0xc1, 0x8c, 0x00, 0xbb,
	0xd2, 0x00, 0x9e, 0x18, 0x01, 0x00, 0x1a, 0xa1, 0x46, 0x00, 0xa0, 0x0c, 0x35, 0xa0, 0x46, 0x00,
	0x9d, 0x0c, 0x35, 0xa3, 0x46, 0x00, 0xa0, 0x0c, 0x35, 0xb4, 0x46, 0x00, 0x8c, 0x0c, 0x35, 0xb4,
	0x18, 0x01, 0x01, 0xff, 0xff, 0x8a, 0x0c, 0x35, 0xb4, 0x8c, 0x00, 0x00, 0x55, 0x8b, 0xb0, 0x36,
	0xb7, 0xa4, 0x01, 0x83, 0xea, 0x01, 0x83, 0x68, 0x33, 0xb4, 0xa4, 0x01, 0x83, 0x46, 0x00, 0x86,
	0x68, 0x33, 0xb5, 0x5e, 0x01, 0x82, 0x46, 0x00, 0x84, 0xaa, 0x01, 0xb7, 0xa4, 0x01, 0x83, 0xd2,
	0x00, 0x85, 0x68, 0x33, 0xba, 0x18, 0x01, 0x84, 0xaa, 0x01, 0xbc, 0xd2, 0x00, 0x84, 0xaa, 0x01,
	0xa2, 0x08, 0x0c, 0x00, 0x00, 0x9d, 0x02, 0x03, 0x92, 0xd2, 0x00, 0x00, 0x01, 0xa0, 0x08, 0x0c,
	0x00, 0x01, 0x89, 0xbc, 0x02, 0xb6, 0x8c, 0x00, 0x83, 0xd2, 0x00, 0x84, 0x92, 0x00, 0xb6, 0x8c,
	0x00, 0x84, 0x46, 0x00, 0x83, 0x92, 0x00, 0xa2, 0x94, 0x0c, 0xb3, 0x18, 0x01, 0x02, 0x11, 0x00,
	0x01, 0x9e, 0x94, 0x0c, 0x89, 0x18, 0x01, 0xb7, 0x8c, 0x00, 0x9f, 0x18, 0x01, 0xa1, 0x8c, 0x00,
	0xa1, 0x18, 0x01, 0x8b, 0x20, 0x0d, 0xb5, 0x18, 0x01, 0x02, 0x22, 0x11, 0x01, 0x9c, 0x20, 0x0d,
	0xa1, 0x18, 0x01, 0x9f, 0x8c, 0x00, 0xa1, 0x18, 0x01, 0x9f, 0x8c, 0x00, 0xa3, 0x18, 0x01, 0x89,
	0xac, 0x0d, 0xb7, 0x18, 0x01, 0x02, 0x33, 0x22, 0x01, 0x9a, 0xac, 0x0d, 0xa3, 0x18, 0x01, 0x9d,
	0x8c, 0x00, 0xa3, 0x18, 0x01, 0x9d, 0x8c, 0x00, 0xa5, 0x18, 0x01, 0x87, 0x38, 0x0e, 0xb9, 0x18,
	0x01, 0x02, 0x44, 0x33, 0x01, 0x98, 0x38, 0x0e, 0xa5, 0x18, 0x01, 0x9b, 0x8c, 0x00, 0xa5, 0x18,
	0x01, 0x9b, 0x8c, 0x00, 0xa7, 0x18, 0x01, 0x85, 0xc4, 0x0e, 0xbb, 0x18, 0x01, 0x02, 0x55, 0x44,
	0x01, 0x96, 0xc4, 0x0e, 0x89, 0x18, 0x01, 0xb7, 0x8c, 0x00, 0xa7, 0x18, 0x01, 0x99, 0x8c, 0x00,
	0xa9, 0x18, 0x01, 0x83, 0x50, 0x0f, 0xbd, 0x18, 0x01, 0x02, 0x77, 0x66, 0x01, 0x94, 0x50, 0x0f,
	0xa9, 0x18, 0x01, 0x97, 0x8c, 0x00, 0xa9, 0x18, 0x01, 0x97, 0x8c, 0x00, 0xab, 0x18, 0x01, 0x81,
	0xdc, 0x0f, 0xbf, 0x18, 0x01, 0x02, 0x88, 0x77, 0x01, 0x92, 0xdc, 0x0f, 0xab, 0x18, 0x01, 0x95,
	0x8c, 0x00, 0xab, 0x18, 0x01, 0x95, 0x8c, 0x00, 0x89, 0x18, 0x01, 0xa3, 0x68, 0x10, 0x95, 0x18,
	0x01, 0x01, 0x01, 0x00, 0x83, 0x68, 0x10, 0x01, 0x01, 0x84, 0xb6, 0x46, 0x00, 0x04, 0x80, 0xff,
	0xff, 0x01, 0xf4, 0x84, 0x46, 0x00, 0xb6, 0x8c, 0x00, 0x83, 0xf4, 0x10, 0x83, 0x92, 0x00, 0xb7,
	0x8c, 0x00, 0x84, 0x46, 0x00, 0x82, 0x92, 0x00, 0xa3, 0xf4, 0x10, 0x92, 0xd2, 0x00, 0x00, 0x03,
	0x89, 0x30, 0x02, 0x00, 0x01, 0xb4, 0xf4, 0x10, 0x01, 0x01, 0x83, 0x87, 0x30, 0x02, 0xb7, 0x8c,
	0x00, 0x82, 0x40, 0x00, 0x00, 0xa4, 0x84, 0x92, 0x00, 0xb6, 0x8c, 0x00, 0x84, 0x46, 0x00, 0x85,
	0x92, 0x00, 0xa0, 0x80, 0x11, 0x92, 0xd2, 0x00, 0x00, 0x00, 0x8d, 0x5c, 0x44, 0x81, 0x9e, 0x02,
	0xae, 0x46, 0x00, 0x89, 0x48, 0x03, 0xb6, 0x8c, 0x00, 0x84, 0xd2, 0x00, 0x83, 0x92, 0x00, 0xb6,
	0x8c, 0x00, 0x84, 0x46, 0x00, 0x85, 0x60, 0x04, 0xa0, 0x0c, 0x12, 0x9e, 0x18, 0x01, 0x86, 0x42,
	0x40, 0x82, 0xba, 0x03, 0xa9, 0x46, 0x00, 0x8b, 0x60, 0x04, 0xb4, 0x8c, 0x00, 0x84, 0xd2, 0x00,
	0x83, 0x92, 0x00, 0xb6, 0x8c, 0x00, 0x84, 0x46, 0x00, 0x85, 0x92, 0x00, 0xa0, 0x98, 0x12, 0x92,
	0xd2, 0x00, 0x83, 0x86, 0x00, 0x83, 0xd2, 0x00, 0x00, 0xf4, 0x84, 0x46, 0x00, 0xae, 0x98, 0x12,
	0x8f, 0x30, 0x02, 0xb1, 0x8c, 0x00, 0x8a, 0x18, 0x01, 0xb6, 0x8c, 0x00, 0x8a, 0x18, 0x01, 0xa2,
	0x24, 0x13, 0x9e, 0x18, 0x01, 0x00, 0x14, 0x87, 0x24, 0x13, 0x87, 0xa6, 0x01, 0xad, 0x18, 0x01,
	0xb7, 0x8c, 0x00, 0x8a, 0x18, 0x01, 0xb6, 0x8c, 0x00, 0x8c, 0x18, 0x01, 0xa8, 0xde, 0x12, 0x89,
	0xb0, 0x13, 0xad, 0xa8, 0x07, 0x88, 0x46, 0x00, 0x88, 0xb0, 0x13, 0xad, 0xa8, 0x07, 0x93, 0x8c,
	0x00, 0x8c, 0x18, 0x01, 0xb4, 0x8c, 0x00, 0xaf, 0x18, 0x01, 0x00, 0x01, 0xc0, 0xc0, 0x08, 0x03,
	0xaa, 0xaa, 0x01, 0x80, 0xbf, 0xc0, 0x08, 0x93, 0x8c, 0x00, 0xaf, 0x18, 0x01, 0x91, 0x8c, 0x00,
	0x8b, 0x18, 0x01, 0x92, 0x5a, 0x1e, 0xa0, 0x9e, 0x3e, 0x8b, 0x18, 0x01, 0xb6, 0x46, 0x00, 0x8a,
	0x3c, 0x14, 0xb5, 0x46, 0x00, 0x01, 0xff, 0xff, 0x89, 0x5e, 0x01, 0x92, 0xb8, 0x1f, 0xc2, 0xd2,
	0x00, 0xa2, 0x46, 0x00, 0x9e, 0xd2, 0x00, 0xa1, 0x46, 0x00, 0x89, 0xd2, 0x00, 0x94, 0xb8, 0x1f,
	0xa0, 0xe6, 0x41, 0x9f, 0xd2, 0x00, 0xa2, 0x46, 0x00, 0x9e, 0xd2, 0x00, 0xa1, 0x46, 0x00, 0x9f,
	0xd2, 0x00, 0xa1, 0x14, 0x41, 0x9f, 0xd2, 0x00, 0xa2, 0x46, 0x00, 0x9e, 0xd2, 0x00, 0xa1, 0x46,
	0x00, 0xa0, 0x76, 0x02, 0x8c, 0x5a, 0x41, 0xb3, 0xd2, 0x00, 0x00, 0x01, 0xa0, 0x14, 0x41, 0xa0,
	0xa4, 0x01, 0x8c, 0x14, 0x41, 0xb5, 0xd2, 0x00, 0x9f, 0x70, 0x3f, 0xa1, 0xd2, 0x00, 0xa0, 0x46,
	0x00, 0xa0, 0xd2, 0x00, 0x9f, 0x46, 0x00, 0xa1, 0xd2, 0x00, 0x9f, 0x9e, 0x3e, 0xa1, 0xd2, 0x00,
	0xa0, 0x46, 0x00, 0xa0, 0xd2, 0x00, 0x9f, 0x46, 0x00, 0xa1, 0xd2, 0x00, 0x9f, 0xcc, 0x3d, 0x89,
	0xd2, 0x00, 0x95, 0xd2, 0x00, 0xa0, 0x46, 0x00, 0xa0, 0xd2, 0x00, 0x9f, 0x46, 0x00, 0xa1, 0xd2,
	0x00, 0x9f, 0xfa, 0x3c, 0xa1, 0xd2, 0x00, 0xa0, 0x46, 0x00, 0xa0, 0xd2, 0x00, 0x9f, 0x46, 0x00,
	0xa3, 0xd2, 0x00, 0x9d, 0x28, 0x3c, 0xa3, 0xd2, 0x00, 0x9e, 0x46, 0x00, 0xa2, 0xd2, 0x00, 0x9d,
	0x46, 0x00, 0xa3, 0xd2, 0x00, 0x9d, 0x56, 0x3b, 0xa3, 0xd2, 0x00, 0x9e, 0x46, 0x00, 0xa2, 0xd2,
	0x00, 0x9d, 0x46, 0x00, 0xa3, 0xd2, 0x00, 0x9d, 0x84, 0x3a, 0xa3, 0xd2, 0x00, 0x9e, 0x46, 0x00,
	0xa2, 0xd2, 0x00, 0x9d, 0x46, 0x00, 0xa3, 0xd2, 0x00, 0x9d, 0xb2, 0x39, 0xa3, 0xd2, 0x00, 0x9e,
	0x46, 0x00, 0x88, 0xd2, 0x00, 0x97, 0xd2, 0x00, 0x9d, 0x46, 0x00, 0xa5, 0xd2, 0x00, 0x9b, 0xe0,
	0x38, 0xa5, 0xd2, 0x00, 0x9c, 0x46, 0x00, 0xa4, 0xd2, 0x00, 0x9b, 0x46, 0x00, 0xa5, 0xd2, 0x00,
	0x9b, 0x0e, 0x38, 0xa5, 0xd2, 0x00, 0x9c, 0x46, 0x00, 0xa4, 0xd2, 0x00, 0x9b, 0x46, 0x00, 0xa5,
	0xd2, 0x00, 0x9b, 0x3c, 0x37, 0xa5, 0xd2, 0x00, 0x9c, 0x46, 0x00, 0xa4, 0xd2, 0x00, 0x9b, 0x46,
	0x00, 0xa5, 0xd2, 0x00, 0x9b, 0x7e, 0x31, 0xa5, 0xd2, 0x00, 0x9c, 0x46, 0x00, 0xa4, 0xd2, 0x00,
	0x9b, 0x46, 0x00, 0xa7, 0xd2, 0x00, 0x99, 0x98, 0x35, 0xa7, 0xd2, 0x00, 0x9a, 0x46, 0x00, 0xa6,
	0xd2, 0x00, 0x99, 0x46, 0x00, 0x89, 0xd2, 0x00, 0xa3, 0xde, 0x35, 0xbb, 0xd2, 0x00, 0x9a, 0x46,
	0x00, 0xa6, 0xd2, 0x00, 0x99, 0x46, 0x00, 0xff, 0x76, 0x02, 0xf7, 0x76, 0x02, 0x99, 0x36, 0x2e,
	0xa7, 0xd2, 0x00, 0x9a, 0x46, 0x00, 0xa6, 0xd2, 0x00, 0x99, 0x46, 0x00, 0xa9, 0xd2, 0x00, 0x97,
	0x50, 0x32, 0xa9, 0xd2, 0x00, 0x98, 0x46, 0x00, 0xa8, 0xd2, 0x00, 0x97, 0x46, 0x00, 0xa9, 0xd2,
	0x00, 0x97, 0x7e, 0x31, 0xa9, 0xd2, 0x00, 0x98, 0x46, 0x00, 0xa8, 0xd2, 0x00, 0x97, 0x46, 0x00,
	0xcf, 0x76, 0x02, 0xff, 0x76, 0x02, 0x9d, 0xd2, 0x00, 0xa7, 0x3a, 0x57, 0x85, 0x3c, 0x14, 0xbc,
	0x46, 0x00, 0x84, 0x48, 0x26, 0xbb, 0x46, 0x00, 0x84, 0xd8, 0x00, 0xb6, 0xb0, 0x13, 0x9f, 0xd2,
	0x00, 0xa8, 0x46, 0x00, 0x98, 0xd2, 0x00, 0xa7, 0x46, 0x00, 0x99, 0xd2, 0x00, 0xa7, 0x96, 0x55,
	0x99, 0xd2, 0x00, 0xa8, 0x46, 0x00, 0x98, 0xd2, 0x00, 0xa7, 0x46, 0x00, 0x99, 0xd2, 0x00, 0xa7,
	0xc4, 0x54, 0x99, 0xd2, 0x00, 0xa8, 0x46, 0x00, 0x98, 0xd2, 0x00, 0xa7, 0x46, 0x00, 0x9a, 0x76,
	0x02, 0xa0, 0xb0, 0x13, 0x9f, 0xd2, 0x00, 0xa1, 0xb0, 0x13, 0x89, 0xd2, 0x00, 0xb7, 0xb0, 0x13,
	0xa1, 0xd2, 0x00, 0xa5, 0x20, 0x53, 0x9b, 0xd2, 0x00, 0xa6, 0x46, 0x00, 0x9a, 0xd2, 0x00, 0xa5,
	0x46, 0x00, 0x9b, 0xd2, 0x00, 0xa5, 0x4e, 0x52, 0x9b, 0xd2, 0x00, 0xa6, 0x46, 0x00, 0x9a, 0xd2,
	0x00, 0xa5, 0x46, 0x00, 0x9b, 0xd2, 0x00, 0xa5, 0x7c, 0x51, 0x9b, 0xd2, 0x00, 0xa6, 0x46, 0x00,
	0x9a, 0xd2, 0x00, 0xa5, 0x46, 0x00, 0x9b, 0xd2, 0x00, 0xa5, 0xaa, 0x50, 0x9b, 0xd2, 0x00, 0xa6,
	0x46, 0x00, 0x9a, 0xd2, 0x00, 0xa5, 0x46, 0x00, 0x9d, 0xd2, 0x00, 0xa3, 0xd8, 0x4f, 0x9d, 0xd2,
	0x00, 0xa4, 0x46, 0x00, 0x9c, 0xd2, 0x00, 0xa3, 0x46, 0x00, 0x83, 0xd2, 0x00, 0xb7, 0xb0, 0x13,
	0xa3, 0xd2, 0x00, 0xa4, 0x46, 0x00, 0x9c, 0xd2, 0x00, 0xa3, 0x46, 0x00, 0x9d, 0xd2, 0x00, 0xa3,
	0x34, 0x4e, 0x9d, 0xd2, 0x00, 0xa4, 0x46, 0x00, 0x9c, 0xd2, 0x00, 0xa3, 0x46, 0x00, 0x9d, 0xd2,
	0x00, 0xa3, 0x62, 0x4d, 0x9d, 0xd2, 0x00, 0xa4, 0x46, 0x00, 0x9c, 0xd2, 0x00, 0xa3, 0x46, 0x00,
	0x9f, 0xd2, 0x00, 0xa1, 0x90, 0x4c, 0x9f, 0xd2, 0x00, 0xa2, 0x46, 0x00, 0x9e, 0xd2, 0x00, 0xa1,
	0x46, 0x00, 0x9f, 0xd2, 0x00, 0xa1, 0xbe, 0x4b, 0x9f, 0xd2, 0x00, 0xa2, 0x46, 0x00, 0x9e, 0xd2,
	0x00, 0xa1, 0x46, 0x00, 0x9f, 0xd2, 0x00, 0xa1, 0xec, 0x4a, 0x83, 0xd2, 0x00, 0xb7, 0xb0, 0x13,
	0xa5, 0xd2, 0x00, 0xa1, 0x46, 0x00, 0x9f, 0xd2, 0x00, 0xa1, 0x2e, 0x45, 0x9f, 0xd2, 0x00, 0xa2,
	0x46, 0x00, 0x9e, 0xd2, 0x00, 0xa1, 0x46, 0x00, 0xa1, 0xd2, 0x00, 0x9f, 0x48, 0x49, 0xa1, 0xd2,
	0x00, 0xa0, 0x46, 0x00, 0xa0, 0xd2, 0x00, 0x9f, 0x46, 0x00, 0xa1, 0xd2, 0x00, 0x9f, 0x76, 0x48,
	0xa1, 0xd2, 0x00, 0xa0, 0x46, 0x00, 0xa0, 0xd2, 0x00, 0x9f, 0x46, 0x00, 0xff, 0x76, 0x02, 0xf1,
	0x76, 0x02, 0x9f, 0xe6, 0x41, 0xa1, 0xd2, 0x00, 0xa0, 0x46, 0x00, 0x82, 0xd2, 0x00, 0xb7, 0x3a,
	0x11, 0xa9, 0xd2, 0x00, 0x9d, 0x00, 0x46, 0xa3, 0xd2, 0x00, 0x9e, 0x46, 0x00, 0xa2, 0xd2, 0x00,
	0x9d, 0x46, 0x00, 0xa3, 0xd2, 0x00, 0x9d, 0x2e, 0x45, 0xa3, 0xd2, 0x00, 0x9e, 0x46, 0x00, 0xa2,
	0xd2, 0x00, 0x9d, 0x46, 0x00, 0xff, 0x76, 0x02, 0xf3, 0x76, 0x02, 0x83, 0x8e, 0x03, 0x97, 0xec,
	0x27, 0x82, 0x06, 0x00, 0x95, 0xc8, 0x14, 0x8c, 0x54, 0x38, 0x97, 0xec, 0x27, 0x9a, 0x46, 0x00,
	0xff, 0x8c, 0x00, 0xa4, 0x8c, 0x00, 0x01, 0x01, 0x00, 0xc1, 0x8c, 0x00, 0x01, 0x01, 0x80, 0x8d,
	0x46, 0x00, 0xff, 0x18, 0x01, 0x9d, 0x46, 0x00, 0xa7, 0x06, 0x2c, 0xa9, 0x46, 0x00, 0xc3, 0x8c,
	0x00, 0x01, 0xff, 0xff, 0xff, 0xd2, 0x00, 0xff, 0xd2, 0x00, 0x9d, 0xd2, 0x00, 0x00, 0x00, 0xa4,
	0xbc, 0x02, 0x9b, 0xd2, 0x00, 0xa5, 0xbc, 0x02, 0x9b, 0xd2, 0x00, 0x01, 0xff, 0xff, 0xff, 0xa4,
	0x01, 0xbd, 0x46, 0x00, 0x9e, 0xa4, 0x01, 0xa2, 0xfc, 0x3f, 0x94, 0xd2, 0x00, 0xac, 0xa0, 0x41,
	0x91, 0x46, 0x00, 0x89, 0x40, 0x1a, 0xb7, 0x46, 0x00, 0x81, 0x2e, 0x00, 0xb3, 0x94, 0x2f, 0x8a,
	0xd2, 0x00, 0x8a, 0x86, 0x1a, 0xb6, 0x8c, 0x00, 0x83, 0xd0, 0x06, 0xbc, 0xd2, 0x00, 0xaf, 0xa0,
	0x41, 0x92, 0xd2, 0x00, 0x85, 0xea, 0x01, 0xa6, 0xa0, 0x41, 0x97, 0x46, 0x00, 0x84, 0xaa, 0x01,
	0xbc, 0x46, 0x00, 0x84, 0xaa, 0x01, 0xb7, 0xa4, 0x01, 0x83, 0xd2, 0x00, 0x84, 0x7a, 0x08, 0xbc,
	0x8c, 0x00, 0x83, 0xaa, 0x01, 0xbc, 0xd2, 0x00, 0x99, 0xa0, 0x41, 0xaf, 0x1a, 0x04, 0xbb, 0xf2,
	0x30, 0xa9, 0x46, 0x00, 0x00, 0x7f, 0xc2, 0x46, 0x00, 0x00, 0x80, 0x9e, 0x04, 0x06, 0xa1, 0x46,
	0x00, 0x9f, 0x4a, 0x06, 0x91, 0x46, 0x00, 0x8f, 0xa4, 0xd3, 0x01, 0xff, 0xd6, 0x99, 0x46, 0x00,
	0x95, 0x8c, 0x00, 0x01, 0x5a, 0xa5, 0xc1, 0x46, 0x00, 0x03, 0x22, 0x11, 0x5a, 0xa5, 0xc1, 0x46,
	0x00, 0x03, 0x33, 0x22, 0x5a, 0xa5, 0xc1, 0x46, 0x00, 0x03, 0x44, 0x33, 0x5a, 0xa5, 0xc1, 0x46,
	0x00, 0x03, 0x55, 0x44, 0x5a, 0xa5, 0xc1, 0x46, 0x00, 0x03, 0x77, 0x66, 0x5a, 0xa5, 0xc1, 0x46,
	0x00, 0x03, 0x88, 0x77, 0x5a, 0xa5, 0x9e, 0x46, 0x00, 0x82, 0x82, 0x37, 0x82, 0x28, 0x00, 0x9a,
	0x8e, 0x03, 0x9e, 0x8c, 0x00, 0x84, 0xb0, 0x36, 0x81, 0x4a, 0x00, 0xb6, 0x46, 0x00, 0x84, 0xec,
	0x4a, 0x01, 0x5a, 0xa5, 0xba, 0x8c, 0x00, 0x88, 0xa6, 0x4a, 0x87, 0x8e, 0x00, 0xad, 0x46, 0x00,
	0x01, 0x80, 0x1a, 0x91, 0x34, 0x08, 0x8d, 0x8a, 0x20, 0x81, 0x8e, 0x03, 0x90, 0xac, 0x0d, 0x87,
	0xd0, 0xcf, 0x03, 0x14, 0xd6, 0x23, 0x80, 0x9e, 0x46, 0x00, 0x81, 0xa6, 0x04, 0x8d, 0x46, 0x00,
	0x89, 0x76, 0xd4, 0x93, 0x8c, 0x00, 0x8d, 0x44, 0x20, 0xb3, 0x8c, 0x00, 0x8d, 0x46, 0x00, 0xb3,
	0x8c, 0x00, 0x8d, 0xfe, 0x1f, 0x9d, 0x8c, 0x00, 0x93, 0x8c, 0x00, 0x8d, 0x46, 0x00, 0xb3, 0x8c,
	0x00, 0x8d, 0xb8, 0x1f, 0xb3, 0x8c, 0x00, 0x8d, 0x46, 0x00, 0xb4, 0xa4, 0x01, 0x8c, 0xfe, 0x1f,
	0xb4, 0xa4, 0x01, 0x8c, 0xfe, 0x1f, 0xb5, 0x8c, 0x00, 0x8b, 0x2c, 0x1f, 0xb5, 0x8c, 0x00, 0x8b,
	0x46, 0x00, 0xb5, 0x8c, 0x00, 0x8b, 0xe6, 0x1e, 0xb5, 0x8c, 0x00, 0x8b, 0x46, 0x00, 0xb5, 0x8c,
	0x00, 0x8b, 0xa0, 0x1e, 0xb5, 0x8c, 0x00, 0x8b, 0x46, 0x00, 0xb5, 0x8c, 0x00, 0x8b, 0x5a, 0x1e,
	0xb5, 0x8c, 0x00, 0x8b, 0x46, 0x00, 0xb7, 0x8c, 0x00, 0x89, 0x14, 0x1e, 0xb7, 0x8c, 0x00, 0x89,
	0x46, 0x00, 0xb7, 0x8c, 0x00, 0x89, 0xce, 0x1d, 0x9d, 0x8c, 0x00, 0x97, 0x8c, 0x00, 0x89, 0x46,
	0x00, 0xb7, 0x8c, 0x00, 0x89, 0x88, 0x1d, 0xb7, 0x8c, 0x00, 0x89, 0x46, 0x00, 0xb7, 0x8c, 0x00,
	0x89, 0x42, 0x1d, 0xb7, 0x8c, 0x00, 0x89, 0x46, 0x00, 0xb9, 0x8c, 0x00, 0x87, 0xfc, 0x1c, 0xb9,
	0x8c, 0x00, 0x87, 0x46, 0x00, 0xb9, 0x8c, 0x00, 0x87, 0xb6, 0x1c, 0xb9, 0x8c, 0x00, 0x87, 0x46,
	0x00, 0xb9, 0x8c, 0x00, 0x87, 0x70, 0x1c, 0xb9, 0x8c, 0x00, 0x87, 0x46, 0x00, 0xb9, 0x8c, 0x00,
	0x87, 0xb4, 0x19, 0xb9, 0x8c, 0x00, 0x87, 0x46, 0x00, 0xbb, 0x8c, 0x00, 0x85, 0xe4, 0x1b, 0xbb,
	0x8c, 0x00, 0x85, 0x46, 0x00, 0xbb, 0x8c, 0x00, 0x85, 0x9e, 0x1b, 0x9d, 0x8c, 0x00, 0x9b, 0x8c,
	0x00, 0x85, 0x46, 0x00, 0xff, 0xa4, 0x01, 0xc5, 0xa4, 0x01, 0x85, 0x9c, 0x18, 0xbb, 0x8c, 0x00,
	0x85, 0x46, 0x00, 0xbd, 0x8c, 0x00, 0x83, 0xcc, 0x1a, 0xbd, 0x8c, 0x00, 0x83, 0x46, 0x00, 0xbd,
	0x8c, 0x00, 0x83, 0x86, 0x1a, 0xbd, 0x8c, 0x00, 0x83, 0x46, 0x00, 0xff, 0xa4, 0x01, 0xbd, 0xa4,
	0x01, 0xa4, 0x20, 0x0d, 0x87, 0xaa, 0xdc, 0xb6, 0x20, 0x0d, 0x83, 0x46, 0x00, 0x83, 0x92, 0x00,
	0xba, 0x20, 0x0d, 0x9c, 0x8c, 0x00, 0xa1, 0x20, 0x0d, 0x9f, 0x8c, 0x00, 0xa4, 0x20, 0x0d, 0x86,
	0x8c, 0x00, 0xb7, 0x20, 0x0d, 0x9f, 0x8c, 0x00, 0xa4, 0x20, 0x0d, 0x9c, 0x8c, 0x00, 0xa1, 0x20,
	0x0d, 0x9f, 0x8c, 0x00, 0xa4, 0x20, 0x0d, 0x9d, 0xa4, 0x01, 0xa0, 0x20, 0x0d, 0xa1, 0x8c, 0x00,
	0xa2, 0x20, 0x0d, 0x9e, 0x8c, 0x00, 0x9f, 0x20, 0x0d, 0xa1, 0x8c, 0x00, 0xa2, 0x20, 0x0d, 0x9e,
	0x8c, 0x00, 0x9f, 0x20, 0x0d, 0xa1, 0x8c, 0x00, 0xa2, 0x20, 0x0d, 0x9e, 0x8c, 0x00, 0x9f, 0x20,
	0x0d, 0xa1, 0x8c, 0x00, 0xa2, 0x20, 0x0d, 0x9e, 0x8c, 0x00, 0x9f, 0x20, 0x0d, 0xa3, 0x8c, 0x00,
	0xa0, 0x20, 0x0d, 0xa0, 0x8c, 0x00, 0x9d, 0x20, 0x0d, 0xa3, 0x8c, 0x00, 0xa0, 0x20, 0x0d, 0x86,
	0x8c, 0x00, 0xb7, 0x20, 0x0d, 0xa3, 0x8c, 0x00, 0xa0, 0x20, 0x0d, 0xa0, 0x8c, 0x00, 0x9d, 0x20,
	0x0d, 0xa3, 0x8c, 0x00, 0xa0, 0x20, 0x0d, 0xa0, 0x8c, 0x00, 0x9d, 0x20, 0x0d, 0xa5, 0x8c, 0x00,
	0x9e, 0x20, 0x0d, 0xa2, 0x8c, 0x00, 0x9b, 0x20, 0x0d, 0xa5, 0x8c, 0x00, 0x9e, 0x20, 0x0d, 0xa2,
	0x8c, 0x00, 0x9b, 0x20, 0x0d, 0xa5, 0x8c, 0x00, 0x9e, 0x20, 0x0d, 0xa2, 0x8c, 0x00, 0x9b, 0x20,
	0x0d, 0xa5, 0x8c, 0x00, 0x9e, 0x7c, 0x0b, 0xa2, 0x8c, 0x00, 0x9b, 0x7c, 0x0b, 0xa7, 0x8c, 0x00,
	0x9c, 0x20, 0x0d, 0xa4, 0x8c, 0x00, 0x99, 0x20, 0x0d, 0xa7, 0x8c, 0x00, 0x9c, 0x20, 0x0d, 0x86,
	0x8c, 0x00, 0xb7, 0x20, 0x0d, 0xa7, 0x8c, 0x00, 0xff, 0xa4, 0x01, 0xa6, 0x7c, 0x0b, 0xa4, 0x8c,
	0x00, 0x99, 0x7c, 0x0b, 0xa9, 0x8c, 0x00, 0x9a, 0x20, 0x0d, 0xa6, 0x8c, 0x00, 0x97, 0x20, 0x0d,
	0xa9, 0x8c, 0x00, 0x9a, 0x20, 0x0d, 0xa6, 0x8c, 0x00, 0x97, 0x20, 0x0d, 0xa9, 0x8c, 0x00, 0xea,
	0xa4, 0x01, 0x00, 0x0a, 0x81, 0x8c, 0x00, 0x81, 0x13, 0x00, 0x89, 0x46, 0x00, 0xaa, 0x20, 0x0d,
	0x81, 0x66, 0x0d, 0x00, 0xf4, 0x81, 0x8c, 0x00, 0x81, 0x52, 0x00, 0x99, 0x46, 0x00, 0x97, 0x8c,
	0x00, 0x84, 0x46, 0x00, 0x92, 0x8c, 0x00, 0xaa, 0x20, 0x0d, 0x96, 0x8c, 0x00, 0xa7, 0x20, 0x0d,
	0x99, 0x8c, 0x00, 0xaa, 0x20, 0x0d, 0x02, 0x80, 0xe0, 0xb4, 0x93, 0x8c, 0x00, 0xa7, 0x20, 0x0d,
	0x99, 0x8c, 0x00, 0xaa, 0x20, 0x0d, 0x96, 0x8c, 0x00, 0xa7, 0x20, 0x0d, 0x99, 0x8c, 0x00, 0xaa,
	0x20, 0x0d, 0x97, 0xa4, 0x01, 0xa6, 0x20, 0x0d, 0x9b, 0x8c, 0x00, 0xa8, 0x20, 0x0d, 0x98, 0x8c,
	0x00, 0xa5, 0x20, 0x0d, 0x9b, 0x8c, 0x00, 0xa8, 0x20, 0x0d, 0x98, 0x8c, 0x00, 0xa5, 0x20, 0x0d,
	0x9b, 0x8c, 0x00, 0xa8, 0x20, 0x0d, 0x98, 0x8c, 0x00, 0xa5, 0x20, 0x0d, 0x9b, 0x8c, 0x00, 0xa8,
	0x20, 0x0d, 0x98, 0x8c, 0x00, 0xa5, 0x20, 0x0d, 0x9d, 0x8c, 0x00, 0xa6, 0x20, 0x0d, 0x9a, 0x8c,
	0x00, 0xa3, 0x20, 0x0d, 0x9d, 0x8c, 0x00, 0xa6, 0x20, 0x0d, 0x02, 0x80, 0xe0, 0xb4, 0x97, 0x8c,
	0x00, 0xa3, 0x20, 0x0d, 0x9d, 0x8c, 0x00, 0xa6, 0x20, 0x0d, 0x9a, 0x8c, 0x00, 0xa3, 0x20, 0x0d,
	0x9d, 0x8c, 0x00, 0xa6, 0x20, 0x0d, 0x9a, 0x8c, 0x00, 0xa3, 0x20, 0x0d, 0x9f, 0x8c, 0x00, 0xa4,
	0x20, 0x0d, 0x9c, 0x8c, 0x00, 0xa1, 0x20, 0x0d, 0x9f, 0x8c, 0x00, 0xa4, 0x20, 0x0d, 0x9c, 0x8c,
	0x00, 0xa1, 0x20, 0x0d, 0x9f, 0x8c, 0x00, 0xa4, 0x20, 0x0d, 0x9c, 0x8c, 0x00, 0xa1, 0x20, 0x0d,
	0x9f, 0x8c, 0x00, 0xa4, 0x7c, 0x0b, 0x9c, 0x8c, 0x00, 0xa1, 0x7c, 0x0b, 0xa1, 0x8c, 0x00, 0xa2,
	0x20, 0x0d, 0x9e, 0x8c, 0x00, 0x9f, 0x20, 0x0d, 0xa1, 0x8c, 0x00, 0xa2, 0x20, 0x0d, 0x02, 0x80,
	0xe0, 0xb4, 0x9b, 0x8c, 0x00, 0x9f, 0x20, 0x0d, 0xa1, 0x8c, 0x00, 0xff, 0xa4, 0x01, 0xac, 0x7c,
	0x0b, 0x9e, 0x8c, 0x00, 0x9f, 0x7c, 0x0b, 0xa3, 0x8c, 0x00, 0xa0, 0x20, 0x0d, 0xa0, 0x8c, 0x00,
	0x9d, 0x20, 0x0d, 0xa3, 0x8c, 0x00, 0xa0, 0x20, 0x0d, 0xa0, 0x8c, 0x00, 0x9d, 0x20, 0x0d, 0xa3,
	0x8c, 0x00, 0xea, 0xa4, 0x01, 0x00, 0x1a, 0x92, 0x70, 0xa8, 0xad, 0x7c, 0x0b, 0x02, 0x14, 0xd6,
	0xf3, 0x83, 0xac, 0x0d, 0x81, 0x90, 0x00, 0x95, 0x46, 0x00, 0xb3, 0x8c, 0x00, 0xae, 0x20, 0x0d,
	0x92, 0x8c, 0x00, 0xae, 0x20, 0x0d, 0x92, 0x8c, 0x00, 0xad, 0x20, 0x0d, 0x93, 0x8c, 0x00, 0xae,
	0x20, 0x0d, 0x92, 0x8c, 0x00, 0xae, 0x20, 0x0d, 0x92, 0x8c, 0x00, 0xae, 0x20, 0x0d, 0x93, 0xa4,
	0x01, 0xad, 0x20, 0x0d, 0x93, 0xa4, 0x01, 0xad, 0x20, 0x0d, 0x94, 0x8c, 0x00, 0xac, 0x20, 0x0d,
	0x94, 0x8c, 0x00, 0xac, 0x20, 0x0d, 0x94, 0x8c, 0x00, 0xac, 0x20, 0x0d, 0x94, 0x8c, 0x00, 0xac,
	0x20, 0x0d, 0x94, 0x8c, 0x00, 0xac, 0x20, 0x0d, 0x94, 0x8c, 0x00, 0xac, 0x20, 0x0d, 0x94, 0x8c,
	0x00, 0xac, 0x20, 0x0d, 0x94, 0x8c, 0x00, 0xac, 0x20, 0x0d, 0x96, 0x8c, 0x00, 0xaa, 0x20, 0x0d,
	0x96, 0x8c, 0x00, 0xaa, 0x20, 0x0d, 0x96, 0x8c, 0x00, 0xa9, 0x20, 0x0d, 0x97, 0x8c, 0x00, 0xaa,
	0x20, 0x0d, 0x96, 0x8c, 0x00, 0xaa, 0x20, 0x0d, 0x96, 0x8c, 0x00, 0xaa, 0x20, 0x0d, 0x96, 0x8c,
	0x00, 0xaa, 0x20, 0x0d, 0x96, 0x8c, 0x00, 0xaa, 0x20, 0x0d, 0x98, 0x8c, 0x00, 0xa8, 0x20, 0x0d,
	0x98, 0x8c, 0x00, 0xa8, 0x20, 0x0d, 0x98, 0x8c, 0x00, 0xa8, 0x20, 0x0d, 0x98, 0x8c, 0x00, 0xa8,
	0x20, 0x0d, 0x98, 0x8c, 0x00, 0xa8, 0x20, 0x0d, 0x98, 0x8c, 0x00, 0xa8, 0x20, 0x0d, 0x98, 0x8c,
	0x00, 0xa8, 0x7c, 0x0b, 0x98, 0x8c, 0x00, 0xa8, 0x7c, 0x0b, 0x9a, 0x8c, 0x00, 0xa6, 0x20, 0x0d,
	0x9a, 0x8c, 0x00, 0xa6, 0x20, 0x0d, 0x9a, 0x8c, 0x00, 0xa5, 0x20, 0x0d, 0x9b, 0x8c, 0x00, 0xa6,
	0x20, 0x0d, 0xff, 0xa4, 0x01, 0xa4, 0x8c, 0x00, 0xa6, 0x7c, 0x0b, 0x9a, 0x8c, 0x00, 0xbb, 0x7c,
	0x0b, 0xae, 0x20, 0x0d, 0x9c, 0x8c, 0x00, 0xa4, 0x20, 0x0d, 0x9c, 0x8c, 0x00, 0xa4, 0x20, 0x0d,
	0x9c, 0x8c, 0x00, 0xa4, 0x20, 0x0d, 0xff, 0xa4, 0x01, 0x89, 0x8c, 0x00, 0x9a, 0xcc, 0x1a, 0x87,
	0xbc, 0x02, 0x83, 0x1a, 0x00, 0x8a, 0x46, 0x00, 0xa6, 0xec, 0x27, 0x87, 0xbc, 0x02, 0x8d, 0x46,
	0x00, 0x83, 0xc6, 0x1a, 0xff, 0x8c, 0x00, 0xc1, 0x8c, 0x00, 0x86, 0xe6, 0x41, 0x86, 0x8c, 0x00,
	0xb1, 0x8c, 0x00, 0x83, 0x2a, 0x3f, 0xff, 0x18, 0x01, 0xd0, 0xa4, 0x01, 0x83, 0x76, 0x02, 0xa0,
	0xfc, 0x1c, 0x97, 0x8c, 0x00, 0x83, 0x46, 0x00, 0xa3, 0x88, 0x1d, 0xff, 0x8c, 0x00, 0xa4, 0x30,
	0x02, 0xba, 0x8c, 0x00, 0x87, 0x5a, 0x41, 0xff, 0x18, 0x01, 0x90, 0x18, 0x01, 0x9c, 0x0c, 0x12,
	0xa0, 0x8c, 0x00, 0xa0, 0x0c, 0x12, 0x9d, 0x8c, 0x00, 0x84, 0x46, 0x00, 0xff, 0x8c, 0x00, 0xba,
	0x8c, 0x00, 0x8c, 0x30, 0x02, 0x02, 0x80, 0xe0, 0xb4, 0xb1, 0x8c, 0x00, 0x89, 0x30, 0x02, 0xff,
	0x18, 0x01, 0xad, 0x1c, 0x07, 0xa4, 0x8c, 0x00, 0x9c, 0x1c, 0x07, 0xff, 0x8c, 0x00, 0xe1, 0x8c,
	0x00, 0x90, 0x30, 0x02, 0xb0, 0x8c, 0x00, 0x90, 0x30, 0x02, 0xff, 0x18, 0x01, 0x86, 0x46, 0x00,
	0x83, 0x24, 0xe5, 0x8d, 0xc4, 0x77, 0xad, 0x90, 0xb5, 0x00, 0x80, 0x83, 0x46, 0x00, 0x00, 0x00,
	0xb3, 0x46, 0x00, 0x86, 0xd2, 0x00, 0x82, 0x46, 0x00, 0x81, 0x40, 0x00, 0xb9, 0x46, 0x00, 0x93,
	0xd2, 0x00, 0xad, 0xbe, 0xb4, 0x93, 0xd2, 0x00, 0xa5, 0x46, 0x00, 0x85, 0x8c, 0x00, 0x93, 0xd2,
	0x00, 0xad, 0x46, 0x00, 0x93, 0xd2, 0x00, 0xad, 0xec, 0xb3, 0x93, 0xd2, 0x00, 0xa5, 0x46, 0x00,
	0x9b, 0xd2, 0x00, 0xad, 0x46, 0x00, 0x93, 0xd2, 0x00, 0xad, 0x1a, 0xb3, 0x93, 0xd2, 0x00, 0xa5,
	0x46, 0x00, 0x9b, 0xd2, 0x00, 0xad, 0x46, 0x00, 0x94, 0x76, 0x02, 0xa6, 0x56, 0x5e, 0x99, 0xd2,
	0x00, 0xa5, 0x56, 0x5e, 0x9c, 0xa4, 0x01, 0xa4, 0x56, 0x5e, 0x9d, 0xd2, 0x00, 0xab, 0x76, 0xb1,
	0x95, 0xd2, 0x00, 0xa3, 0x46, 0x00, 0x9d, 0xd2, 0x00, 0xab, 0x46, 0x00, 0x95, 0xd2, 0x00, 0xab,
	0xa4, 0xb0, 0x95, 0xd2, 0x00, 0xa3, 0x46, 0x00, 0x9d, 0xd2, 0x00, 0xab, 0x46, 0x00, 0x95, 0xd2,
	0x00, 0xab, 0xd2, 0xaf, 0x95, 0xd2, 0x00, 0xa3, 0x46, 0x00, 0x9d, 0xd2, 0x00, 0xab, 0x46, 0x00,
	0x95, 0xd2, 0x00, 0xab, 0x00, 0xaf, 0x95, 0xd2, 0x00, 0xa3, 0x46, 0x00, 0x9d, 0xd2, 0x00, 0xab,
	0x46, 0x00, 0x97, 0xd2, 0x00, 0xa9, 0x2e, 0xae, 0x97, 0xd2, 0x00, 0xa1, 0x46, 0x00, 0x9f, 0xd2,
	0x00, 0xa9, 0x46, 0x00, 0x97, 0xd2, 0x00, 0xa9, 0x5c, 0xad, 0x97, 0xd2, 0x00, 0xa1, 0x46, 0x00,
	0x9f, 0xd2, 0x00, 0xa9, 0x46, 0x00, 0x97, 0xd2, 0x00, 0xa9, 0x8a, 0xac, 0x97, 0xd2, 0x00, 0xa1,
	0x46, 0x00, 0x9f, 0xd2, 0x00, 0xa9, 0x46, 0x00, 0x97, 0xd2, 0x00, 0xa9, 0xb8, 0xab, 0x97, 0xd2,
	0x00, 0xa1, 0x46, 0x00, 0x9f, 0xd2, 0x00, 0xa9, 0x46, 0x00, 0x99, 0xd2, 0x00, 0xa7, 0xe6, 0xaa,
	0x99, 0xd2, 0x00, 0x9f, 0x46, 0x00, 0xa1, 0xd2, 0x00, 0xa7, 0x46, 0x00, 0x99, 0xd2, 0x00, 0xa7,
	0x14, 0xaa, 0x99, 0xd2, 0x00, 0x9f, 0x46, 0x00, 0xa1, 0xd2, 0x00, 0xa7, 0x46, 0x00, 0x99, 0xd2,
	0x00, 0xa7, 0x42, 0xa9, 0x99, 0xd2, 0x00, 0x9f, 0x46, 0x00, 0xa1, 0xd2, 0x00, 0xa7, 0x46, 0x00,
	0x99, 0xd2, 0x00, 0xa7, 0x84, 0xa3, 0x99, 0xd2, 0x00, 0x9f, 0x46, 0x00, 0xa1, 0xd2, 0x00, 0xa7,
	0x46, 0x00, 0x9b, 0xd2, 0x00, 0xa5, 0x9e, 0xa7, 0x9b, 0xd2, 0x00, 0x9d, 0x46, 0x00, 0x85, 0x8c,
	0x00, 0x9b, 0xd2, 0x00, 0xa5, 0x46, 0x00, 0x9b, 0xd2, 0x00, 0xa5, 0xcc, 0xa6, 0x9b, 0xd2, 0x00,
	0x9d, 0x46, 0x00, 0xa3, 0xd2, 0x00, 0xa5, 0x46, 0x00, 0xff, 0x76, 0x02, 0xeb, 0x76, 0x02, 0xa5,
	0x3c, 0xa0, 0x9b, 0xd2, 0x00, 0x9d, 0x46, 0x00, 0xa3, 0xd2, 0x00, 0xa5, 0x46, 0x00, 0x9d, 0xd2,
	0x00, 0xa3, 0x56, 0xa4, 0x9d, 0xd2, 0x00, 0x9b, 0x46, 0x00, 0xa5, 0xd2, 0x00, 0xa3, 0x46, 0x00,
	0x9d, 0xd2, 0x00, 0xa3, 0x84, 0xa3, 0x9d, 0xd2, 0x00, 0x9b, 0x46, 0x00, 0xa5, 0xd2, 0x00, 0xa3,
	0x46, 0x00, 0xff, 0x76, 0x02, 0xce, 0x76, 0x02, 0x86, 0x74, 0xd1, 0x89, 0x5c, 0x8a, 0xae, 0xb0,
	0x13, 0x87, 0x46, 0x00, 0x88, 0x45, 0x00, 0xae, 0xb0, 0x13, 0x86, 0x46, 0x00, 0x87, 0xd0, 0x00,
	0xaf, 0x46, 0x00, 0x93, 0xd2, 0x00, 0xae, 0xb0, 0x13, 0x92, 0xd2, 0x00, 0xae, 0xb0, 0x13, 0x92,
	0xd2, 0x00, 0xae, 0xb0, 0x13, 0x92, 0xd2, 0x00, 0xae, 0xb0, 0x13, 0x92, 0xd2, 0x00, 0xae, 0xb0,
	0x13, 0x92, 0xd2, 0x00, 0xae, 0xb0, 0x13, 0x92, 0xd2, 0x00, 0xae, 0xb0, 0x13, 0x92, 0xd2, 0x00,
	0xae, 0xb0, 0x13, 0x92, 0xd2, 0x00, 0xae, 0xb0, 0x13, 0x93, 0x76, 0x02, 0xac, 0xb0, 0x13, 0x94,
	0x76, 0x02, 0xad, 0xb0, 0x13, 0x93, 0xa4, 0x01, 0xad, 0xb0, 0x13, 0x94, 0xd2, 0x00, 0xac, 0xb0,
	0x13, 0x94, 0xd2, 0x00, 0xac, 0xb0, 0x13, 0x94, 0xd2, 0x00, 0xac, 0xb0, 0x13, 0x94, 0xd2, 0x00,
	0xac, 0xb0, 0x13, 0x94, 0xd2, 0x00, 0xac, 0xb0, 0x13, 0x94, 0xd2, 0x00, 0xac, 0xb0, 0x13, 0x94,
	0xd2, 0x00, 0xac, 0xb0, 0x13, 0x94, 0xd2, 0x00, 0xac, 0xb0, 0x13, 0x94, 0xd2, 0x00, 0xac, 0xb0,
	0x13, 0x94, 0xd2, 0x00, 0xac, 0xb0, 0x13, 0x94, 0xd2, 0x00, 0xac, 0xb0, 0x13, 0x94, 0xd2, 0x00,
	0xac, 0xb0, 0x13, 0x96, 0xd2, 0x00, 0xaa, 0xb0, 0x13, 0x96, 0xd2, 0x00, 0xa9, 0x6a, 0x13, 0x97,
	0xd2, 0x00, 0xaa, 0xb0, 0x13, 0x96, 0xd2, 0x00, 0xaa, 0xb0, 0x13, 0x96, 0xd2, 0x00, 0xaa, 0xb0,
	0x13, 0x96, 0xd2, 0x00, 0xaa, 0xb0, 0x13, 0x96, 0xd2, 0x00, 0xaa, 0xb0, 0x13, 0x96, 0xd2, 0x00,
	0xaa, 0xb0, 0x13, 0x96, 0xd2, 0x00, 0xaa, 0xb0, 0x13, 0x96, 0xd2, 0x00, 0xaa, 0xb0, 0x13, 0x96,
	0xd2, 0x00, 0xaa, 0xb0, 0x13, 0x96, 0xd2, 0x00, 0xaa, 0xb0, 0x13, 0x98, 0xd2, 0x00, 0xa8, 0xb0,
	0x13, 0x98, 0xd2, 0x00, 0xa8, 0xb0, 0x13, 0x98, 0xd2, 0x00, 0xa8, 0xb0, 0x13, 0x98, 0xd2, 0x00,
	0xa8, 0xb0, 0x13, 0x98, 0xd2, 0x00, 0xa8, 0xb0, 0x13, 0x98, 0xd2, 0x00, 0xa7, 0x46, 0x00, 0x99,
	0xd2, 0x00, 0xa8, 0xb0, 0x13, 0x98, 0xd2, 0x00, 0xa8, 0xb0, 0x13, 0x98, 0xd2, 0x00, 0xa8, 0xb0,
	0x13, 0x98, 0xd2, 0x00, 0xa8, 0x3a, 0x11, 0x98, 0xd2, 0x00, 0xa8, 0x3a, 0x11, 0x98, 0xd2, 0x00,
	0xa8, 0x3a, 0x11, 0x9a, 0xd2, 0x00, 0xa6, 0xb0, 0x13, 0x9a, 0xd2, 0x00, 0xa6, 0xb0, 0x13, 0x9a,
	0xd2, 0x00, 0xa6, 0xb0, 0x13, 0x9a, 0xd2, 0x00, 0xa6, 0xb0, 0x13, 0x9a, 0xd2, 0x00, 0xa6, 0xb0,
	0x13, 0x9a, 0xd2, 0x00, 0xa6, 0xb0, 0x13, 0xff, 0x76, 0x02, 0xea, 0x76, 0x02, 0xa5, 0x3a, 0x11,
	0x9b, 0xd2, 0x00, 0xa6, 0x3a, 0x11, 0x9a, 0xd2, 0x00, 0xbb, 0x3a, 0x11, 0xae, 0xb0, 0x13, 0x9c,
	0xd2, 0x00, 0xa4, 0xb0, 0x13, 0x9c, 0xd2, 0x00, 0xa4, 0xb0, 0x13, 0x9c, 0xd2, 0x00, 0xa4, 0xb0,
	0x13, 0x9c, 0xd2, 0x00, 0xa4, 0xb0, 0x13, 0x9c, 0xd2, 0x00, 0xa4, 0xb0, 0x13, 0xff, 0x76, 0x02,
	0xcd, 0x76, 0x02, 0x00, 0x16, 0x82, 0xf6, 0x13, 0x81, 0x46, 0x00, 0x00, 0xff, 0x88, 0x3c, 0x14,
	0xa5, 0x3a, 0x11, 0x81, 0xf8, 0x65, 0x82, 0x2c, 0x65, 0xba, 0x46, 0x00, 0x84, 0x18, 0x01, 0x01,
	0x00, 0xf6, 0x81, 0x46, 0x00, 0x01, 0x00, 0x80, 0x8b, 0x80, 0x9d, 0xae, 0x46, 0x00, 0x01, 0x16,
	0xd6, 0x85, 0xb8, 0x65, 0x00, 0x80, 0x87, 0xa6, 0x01, 0xb0, 0x46, 0x00, 0x90, 0xd2, 0x00, 0xa6,
	0x24, 0x13, 0x84, 0x18, 0x01, 0xbc, 0x46, 0x00, 0x9a, 0x18, 0x01, 0xae, 0x46, 0x00, 0x92, 0x18,
	0x01, 0xb0, 0x46, 0x00, 0x90, 0xd2, 0x00, 0xa6, 0xe0, 0x15, 0x9a, 0x18, 0x01, 0xae, 0x66, 0xdf,
	0x92, 0x18, 0x01, 0xae, 0x46, 0x00, 0x92, 0x18, 0x01, 0xb0, 0x46, 0x00, 0x90, 0xd2, 0x00, 0xa6,
	0x82, 0x14, 0x9a, 0x18, 0x01, 0xae, 0x92, 0xdb, 0x92, 0x18, 0x01, 0xae, 0x46, 0x00, 0x92, 0x18,
	0x01, 0xb0, 0x46, 0x00, 0x91, 0x1a, 0x04, 0xa4, 0xd8, 0x09, 0x9c, 0x60, 0x04, 0xa5, 0x46, 0x00,
	0x9b, 0x60, 0x04, 0xad, 0x46, 0x00, 0x93, 0x60, 0x04, 0xaf, 0x46, 0x00, 0x98, 0xd2, 0x00, 0x9e,
	0x64, 0x0a, 0x84, 0x18, 0x01, 0xbc, 0x46, 0x00, 0xa2, 0x18, 0x01, 0xa6, 0x46, 0x00, 0x9a, 0x18,
	0x01, 0xa8, 0x46, 0x00, 0x98, 0xd2, 0x00, 0x9e, 0xaa, 0x0a, 0xa2, 0x18, 0x01, 0xa6, 0x9a, 0xc4,
	0x9a, 0x18, 0x01, 0xa6, 0x46, 0x00, 0x9a, 0x18, 0x01, 0xa8, 0x46, 0x00, 0xff, 0x18, 0x01, 0xff,
	0x18, 0x01, 0xa8, 0x18, 0x01, 0xa2, 0x0e, 0x15, 0x9e, 0x18, 0x01, 0xaa, 0x32, 0xd7, 0x96, 0x18,
	0x01, 0xaa, 0x46, 0x00, 0x96, 0x18, 0x01, 0xac, 0x46, 0x00, 0x94, 0xd2, 0x00, 0xa2, 0x54, 0x15,
	0x84, 0x18, 0x01, 0xbc, 0x46, 0x00, 0x9e, 0x18, 0x01, 0xaa, 0x46, 0x00, 0x96, 0x18, 0x01, 0xac,
	0x46, 0x00, 0x94, 0xd2, 0x00, 0xa2, 0x10, 0x18, 0x9e, 0x18, 0x01, 0xaa, 0x06, 0xdb, 0x96, 0x18,
	0x01, 0xaa, 0x46, 0x00, 0x96, 0x18, 0x01, 0xac, 0x46, 0x00, 0x94, 0xd2, 0x00, 0xa2, 0xb2, 0x16,
	0x9e, 0x18, 0x01, 0xaa, 0x32, 0xd7, 0x96, 0x18, 0x01, 0xaa, 0x46, 0x00, 0x96, 0x18, 0x01, 0xac,
	0x46, 0x00, 0x98, 0x32, 0x05, 0x9e, 0x96, 0x0f, 0xa2, 0x78, 0x05, 0xa6, 0xe2, 0xc7, 0x9a, 0x78,
	0x05, 0xa6, 0x46, 0x00, 0x9a, 0x78, 0x05, 0xa8, 0x46, 0x00, 0x9a, 0xd2, 0x00, 0x9c, 0xdc, 0x0f,
	0x84, 0x18, 0x01, 0xbc, 0x46, 0x00, 0xa4, 0x18, 0x01, 0xa4, 0x46, 0x00, 0x9c, 0x18, 0x01, 0xa6,
	0x46, 0x00, 0x9a, 0xd2, 0x00, 0x9c, 0x22, 0x10, 0xa4, 0x18, 0x01, 0xa4, 0xca, 0xc6, 0x9c, 0x18,
	0x01, 0xa4, 0x46, 0x00, 0x9c, 0x18, 0x01, 0xa6, 0x46, 0x00, 0xff, 0x18, 0x01, 0xff, 0x18, 0x01,
	0x8e, 0x46, 0x00, 0x01, 0x20, 0x02, 0x81, 0xf2, 0x76, 0x07, 0x57, 0x13, 0x68, 0x24, 0xab, 0x89,
	0x67, 0x45, 0x85, 0x46, 0x00, 0xad, 0xc6, 0x7a, 0x01, 0x20, 0x02, 0x81, 0x48, 0xb2, 0xbf, 0x46,
	0x00, 0x00, 0x7f, 0xc2, 0x46, 0x00, 0x00, 0x80, 0xc2, 0x46, 0x00, 0x00, 0xff, 0xc0, 0x46, 0x00,
	0x00, 0x01, 0xb9, 0x5e, 0x01, 0x01, 0x00, 0x01, 0x81, 0x5a, 0x41, 0x02, 0x00, 0x01, 0x0a, 0xa7,
	0x46, 0x00, 0x83, 0x07, 0x02, 0xbe, 0x46, 0x00, 0x82, 0x94, 0x02, 0xbd, 0x46, 0x00, 0x83, 0x0a,
	0xb4, 0xbe, 0x8c, 0x00, 0x82, 0xba, 0x3b, 0xbe, 0x8c, 0x00, 0x84, 0x1a, 0x00, 0xbd, 0x46, 0x00,
	0x81, 0xd3, 0x00, 0xc0, 0x46, 0x00, 0x00, 0x7f, 0xc2, 0xd2, 0x00, 0x00, 0x80, 0xc2, 0x8c, 0x00,
	0x00, 0xff, 0xff, 0x5e, 0x01, 0x83, 0x46, 0x00, 0x83, 0x8c, 0x16, 0xbd, 0x46, 0x00, 0x00, 0x3f,
	0xc2, 0x46, 0x00, 0x00, 0x40, 0xc2, 0x46, 0x00, 0x83, 0xdb, 0x05, 0xd9, 0x5e, 0x01, 0xa9, 0x46,
	0x00, 0x81, 0x60, 0x01, 0xbf, 0x46, 0x00, 0x81, 0x60, 0x01, 0xbf, 0x46, 0x00, 0x81, 0x60, 0x01,
	0xbf, 0x46, 0x00, 0x81, 0x60, 0x01, 0x93, 0x46, 0x00, 0xe9, 0x9c, 0x81, 0x81, 0x46, 0x00, 0x01,
	0x55, 0x05, 0xb5, 0x46, 0x00, 0x01, 0x45, 0xc4, 0xc1, 0x8c, 0x00, 0x89, 0x46, 0x00, 0xb1, 0x8c,
	0x00, 0x01, 0x12, 0xb1, 0xc1, 0x18, 0x01, 0x8f, 0x46, 0x00, 0xb7, 0x8c, 0x00, 0xbd, 0x18, 0x01,
	0x8f, 0x46, 0x00, 0xaf, 0x8c, 0x00, 0x01, 0x01, 0xa0, 0xc1, 0x30, 0x02, 0x91, 0x46, 0x00, 0xb7,
	0x8c, 0x00, 0xbb, 0x18, 0x01, 0x91, 0x46, 0x00, 0x99, 0x8c, 0x00, 0x95, 0x46, 0x00, 0xc1, 0x30,
	0x02, 0x91, 0x46, 0x00, 0xb7, 0x8c, 0x00, 0xbd, 0x18, 0x01, 0xab, 0x30, 0x02, 0x00, 0x20, 0xc2,
	0x44, 0x89, 0xba, 0x46, 0x00, 0x83, 0x8c, 0x00, 0x03, 0x00, 0x20, 0x0a, 0x20, 0x82, 0xd8, 0xfe,
	0x81, 0x0c, 0x00, 0xb9, 0xec, 0x04, 0x00, 0x20, 0x86, 0x7a, 0xfd, 0x85, 0x42, 0x00, 0xb4, 0x46,
	0x00, 0xff, 0x18, 0x01, 0xff, 0x18, 0x01, 0x8f, 0x46, 0x00, 0xc2, 0x5c, 0x8a, 0xb7, 0x46, 0x00,
	0x83, 0x8c, 0x00, 0x83, 0x4c, 0x00, 0x00, 0x20, 0x82, 0x66, 0xbc, 0x81, 0x0c, 0x00, 0xba, 0x18,
	0x01, 0x86, 0x94, 0xbb, 0x81, 0x47, 0x00, 0xb5, 0x46, 0x00, 0xff, 0x18, 0x01, 0xff, 0x18, 0x01,
	0x92, 0x46, 0x00, 0x00, 0xf4, 0x81, 0x76, 0x02, 0x81, 0xe5, 0x00, 0xba, 0xc4, 0x0e, 0x82, 0x46,
	0x00, 0x00, 0x01, 0xc2, 0x46, 0x00, 0x00, 0x07, 0xc2, 0x46, 0x00, 0x00, 0x0f, 0xc2, 0x46, 0x00,
	0xc3, 0x18, 0x01, 0xc3, 0x8c, 0x00, 0x8d, 0x5e, 0x01, 0x8d, 0xa6, 0x4a, 0xa3, 0x46, 0x00, 0x00,
	0x02, 0x8e, 0x8c, 0x00, 0x00, 0x02, 0xa4, 0x42, 0xcc, 0x89, 0x46, 0x00, 0x00, 0x04, 0x90, 0xd2,
	0x00, 0x00, 0x04, 0xa2, 0x70, 0xcb, 0x89, 0x46, 0x00, 0x00, 0x08, 0x92, 0x18, 0x01, 0x00, 0x08,
	0xa0, 0x9e, 0xca, 0x84, 0x46, 0x00, 0x00, 0x04, 0xb5, 0xda, 0x0c, 0x00, 0x0b, 0x89, 0xd4, 0x03,
	0xbc, 0x46, 0x00, 0x83, 0x06, 0x00, 0x00, 0x01, 0x82, 0xd2, 0x00, 0x81, 0x0c, 0x00, 0xba, 0x66,
	0x0d, 0x00, 0x04, 0x81, 0xd4, 0x03, 0x81, 0x8c, 0x00, 0x81, 0x4a, 0x00, 0xb5, 0x46, 0x00, 0x04,
	0x51, 0x05, 0x00, 0xb3, 0x5a, 0x82, 0x3e, 0xc6, 0x81, 0x94, 0xc6, 0xa9, 0x46, 0x00, 0x81, 0x3e,
	0xc6, 0x01, 0x51, 0xa5, 0x81, 0xa2, 0xc5, 0x0b, 0x11, 0x01, 0x51, 0x45, 0x00, 0x43, 0x5a, 0x10,
	0x41, 0x41, 0x40, 0x40, 0x81, 0x04, 0x00, 0x85, 0x46, 0x00, 0x01, 0x40, 0x40, 0xa5, 0x46, 0x00,
	0x07, 0x31, 0x31, 0x30, 0x30, 0x51, 0x31, 0x02, 0x00, 0xb9, 0xf6, 0x13, 0x00, 0x62, 0x81, 0x32,
	0x05, 0x03, 0x7f, 0x62, 0x30, 0x00, 0xba, 0x46, 0x00, 0x82, 0x78, 0x05, 0x01, 0x7f, 0x60, 0xc4,
	0x46, 0x00, 0xc9, 0xd2, 0x00, 0x03, 0x02, 0x00, 0x00, 0x00, 0xa1, 0x46, 0x00, 0x00, 0x07, 0x9a,
	0xd2, 0x00, 0x81, 0x76, 0x15, 0xab, 0x8c, 0x00, 0x82, 0xa8, 0x15, 0x8c, 0xd2, 0x00, 0xb5, 0x46,
	0x00, 0x85, 0xd2, 0x00, 0x83, 0x46, 0x00, 0xa5, 0xd2, 0x00, 0x87, 0x46, 0x00, 0x81, 0x32, 0x00,
	0x87, 0x46, 0x00, 0x01, 0x13, 0x01, 0x81, 0x76, 0x02, 0x81, 0x5a, 0x00, 0xab, 0x76, 0x02, 0x00,
	0x03, 0x82, 0x76, 0x02, 0x00, 0x53, 0x82, 0x76, 0x02, 0x01, 0x53, 0x31, 0xc3, 0x18, 0x01, 0x00,
	0x00, 0x83, 0x6c, 0xc5, 0x00, 0x11, 0x8b, 0xd8, 0x09, 0x01, 0x80, 0x43, 0xac, 0xac, 0x0d, 0x92,
	0x46, 0x00, 0x03, 0x11, 0x00, 0x80, 0x43, 0xa9, 0x46, 0x00, 0x83, 0x46, 0x00, 0x00, 0x01, 0x8e,
	0x46, 0x00, 0xae, 0x8c, 0x00, 0x81, 0xa4, 0x01, 0x02, 0x11, 0x00, 0x00, 0xb3, 0x86, 0xc9, 0x89,
	0x8c, 0x00, 0x00, 0x03, 0xbf, 0x8c, 0x00, 0x03, 0x23, 0x00, 0x10, 0x04, 0xff, 0x46, 0x00, 0x86,
	0x46, 0x00, 0x01, 0x80, 0x43, 0xc1, 0x5e, 0x01, 0x81, 0x1d, 0x00, 0x81, 0x4a, 0x00, 0xff, 0x8c,
	0x00, 0xc0, 0x8c, 0x00, 0x00, 0x02, 0x83, 0xda, 0x0c, 0x01, 0x80, 0x43, 0xba, 0x8c, 0x00, 0x82,
	0x6a, 0x13, 0x82, 0x1d, 0x00, 0x88, 0x8e, 0x00, 0xb3, 0x18, 0x01, 0x8f, 0x48, 0x03, 0x93, 0x46,
	0x00, 0x01, 0x80, 0x43, 0xb9, 0x46, 0x00, 0x01, 0x80, 0x43, 0x9e, 0xdc, 0x0f, 0x85, 0xac, 0x0d,
	0x82, 0xd6, 0x00, 0x83, 0x01, 0x00, 0xae, 0x1a, 0x04, 0x92, 0x46, 0x00, 0xb0, 0x1a, 0x04, 0x00,
	0x03, 0x83, 0x2c, 0xce, 0x81, 0x1e, 0x04, 0x95, 0xd2, 0x00, 0x9d, 0x46, 0x00, 0x87, 0x8c, 0x00,
	0x81, 0x1e, 0x04, 0xbf, 0x46, 0x00, 0x81, 0x1e, 0x04, 0xbf, 0x46, 0x00, 0x81, 0xd8, 0x03, 0xfc,
	0x46, 0x00, 0x82, 0x5e, 0x01, 0x82, 0xb6, 0x02, 0xc2, 0x8c, 0x00, 0xbc, 0x1a, 0x04, 0xff, 0x8c,
	0x00, 0x8b, 0xd4, 0x03, 0x81, 0xd0, 0x03, 0xb9, 0x8c, 0x00, 0x00, 0x12, 0x87, 0xf4, 0x10, 0xb8,
	0x1a, 0x04, 0x94, 0x48, 0x03, 0xac, 0x1a, 0x04, 0xa2, 0x46, 0x00, 0x9d, 0x1a, 0x04, 0x93, 0xe6,
	0x1e, 0x00, 0x80, 0x84, 0x4c, 0x2c, 0x01, 0x00, 0x11, 0x87, 0x8c, 0x00, 0x01, 0x03, 0x00, 0x81,
	0xf7, 0x13, 0x81, 0x46, 0x00, 0x01, 0x80, 0x43, 0xa3, 0x46, 0x00, 0x00, 0x81, 0xc2, 0x46, 0x00,
	0x00, 0x7f, 0xc2, 0x46, 0x00, 0x00, 0x83, 0xac, 0x46, 0x00, 0x93, 0x6e, 0x19, 0x85, 0x18, 0x01,
	0x00, 0x01, 0x9b, 0x46, 0x00, 0x9c, 0xb4, 0x19, 0x85, 0x18, 0x01, 0xbb, 0x46, 0x00, 0x85, 0x18,
	0x01, 0xbb, 0x46, 0x00, 0x85, 0x18, 0x01, 0xbb, 0x46, 0x00, 0x85, 0x18, 0x01, 0x01, 0xff, 0x10,
	0xc1, 0x18, 0x01, 0xbb, 0x46, 0x00, 0x85, 0x18, 0x01, 0xbb, 0x46, 0x00, 0x85, 0x18, 0x01, 0xbb,
	0x46, 0x00, 0x85, 0x18, 0x01, 0x00, 0x05, 0xc2, 0x30, 0x02, 0xbb, 0x46, 0x00, 0x85, 0x18, 0x01,
	0xbb, 0x46, 0x00, 0x85, 0x18, 0x01, 0xbb, 0x46, 0x00, 0x02, 0x11, 0x00, 0x80, 0x82, 0x2c, 0x42,
	0x9c, 0x8e, 0x03, 0x9e, 0x46, 0x00, 0x00, 0x81, 0xc2, 0x46, 0x00, 0x00, 0x7f, 0xc2, 0x46, 0x00,
	0x00, 0x83, 0xaa, 0x46, 0x00, 0x9b, 0x18, 0x01, 0xbb, 0x8e, 0x03, 0x85, 0x18, 0x01, 0xbd, 0x46,
	0x00, 0x83, 0x18, 0x01, 0xbd, 0x46, 0x00, 0x83, 0x18, 0x01, 0xbd, 0x46, 0x00, 0x83, 0x18, 0x01,
	0xbb, 0x8e, 0x03, 0x85, 0x18, 0x01, 0xbd, 0x46, 0x00, 0x83, 0x18, 0x01, 0xbd, 0x46, 0x00, 0x83,
	0x18, 0x01, 0xbd, 0x46, 0x00, 0x83, 0x18, 0x01, 0xbd, 0x8e, 0x03, 0x83, 0x18, 0x01, 0xbd, 0x46,
	0x00, 0x83, 0x18, 0x01, 0xbd, 0x46, 0x00, 0x83, 0x18, 0x01, 0xbd, 0x46, 0x00, 0x03, 0x22, 0x11,
	0x80, 0xd6, 0xbf, 0x8e, 0x03, 0x02, 0x22, 0x11, 0x81, 0xc2, 0x46, 0x00, 0x00, 0x7f, 0xc2, 0x46,
	0x00, 0x00, 0x83, 0xa8, 0x46, 0x00, 0x9b, 0x18, 0x01, 0xbd, 0x8e, 0x03, 0x83, 0x18, 0x01, 0xbf,
	0x46, 0x00, 0x81, 0x18, 0x01, 0xbf, 0x46, 0x00, 0x81, 0x18, 0x01, 0xbf, 0x46, 0x00, 0x81, 0x18,
	0x01, 0xbd, 0x8e, 0x03, 0x83, 0x18, 0x01, 0xbf, 0x46, 0x00, 0x81, 0x18, 0x01, 0xbf, 0x46, 0x00,
	0x81, 0x18, 0x01, 0xbf, 0x46, 0x00, 0x81, 0x18, 0x01, 0xbf, 0x8e, 0x03, 0x81, 0x18, 0x01, 0xbf,
	0x46, 0x00, 0x81, 0x18, 0x01, 0xbf, 0x46, 0x00, 0x81, 0x18, 0x01, 0xbf, 0x46, 0x00, 0x03, 0x33,
	0x22, 0x80, 0xd6, 0xbf, 0x8e, 0x03, 0x02, 0x33, 0x22, 0x81, 0xc2, 0x46, 0x00, 0x00, 0x7f, 0xc2,
	0x46, 0x00, 0x00, 0x83, 0xa6, 0x46, 0x00, 0x9b, 0x18, 0x01, 0xbf, 0x8e, 0x03, 0x81, 0x18, 0x01,
	0xc1, 0x46, 0x00, 0x00, 0x7f, 0xc2, 0x46, 0x00, 0x00, 0x83, 0xc2, 0x46, 0x00, 0x01, 0x80, 0xd6,
	0xbf, 0x8e, 0x03, 0x81, 0x18, 0x01, 0xc1, 0x46, 0x00, 0x00, 0x7f, 0xc2, 0x46, 0x00, 0x00, 0x83,
	0xc2, 0x46, 0x00, 0x01, 0x80, 0xd6, 0xc1, 0x8e, 0x03, 0x00, 0x81, 0xc2, 0x46, 0x00, 0x00, 0x7f,
	0xc2, 0x46, 0x00, 0x00, 0x83, 0xbc, 0x46, 0x00, 0x85, 0x38, 0x0e, 0x03, 0x55, 0x44, 0x00, 0x11,
	0xbf, 0x38, 0x0e, 0xbb, 0x46, 0x00, 0x85, 0x38, 0x0e, 0xbb, 0x46, 0x00, 0x85, 0x38, 0x0e, 0xa5,
	0x46, 0x00, 0x9d, 0x18, 0x01, 0x00, 0x01, 0xc2, 0x18, 0x01, 0xb9, 0x46, 0x00, 0x87, 0x18, 0x01,
	0xb9, 0x46, 0x00, 0x87, 0x18, 0x01, 0xb9, 0x46, 0x00, 0x87, 0x18, 0x01, 0x01, 0xff, 0x10, 0xc1,
	0x18, 0x01, 0xb9, 0x46, 0x00, 0x87, 0x18, 0x01, 0xb9, 0x46, 0x00, 0x87, 0x18, 0x01, 0xb9, 0x46,
	0x00, 0x87, 0x18, 0x01, 0x00, 0x05, 0xc2, 0x30, 0x02, 0xb9, 0x46, 0x00, 0x87, 0x18, 0x01, 0xb9,
	0x46, 0x00, 0x87, 0x18, 0x01, 0xb9, 0x46, 0x00, 0x85, 0x38, 0x0e, 0xbb, 0x8e, 0x03, 0x85, 0x38,
	0x0e, 0xbd, 0x46, 0x00, 0x83, 0x38, 0x0e, 0xbd, 0x46, 0x00, 0x83, 0x38, 0x0e, 0xa5, 0x46, 0x00,
	0x9d, 0x18, 0x01, 0xb9, 0x8e, 0x03, 0x87, 0x18, 0x01, 0xbb, 0x46, 0x00, 0x85, 0x18, 0x01, 0xbb,
	0x46, 0x00, 0x85, 0x18, 0x01, 0xbb, 0x46, 0x00, 0x85, 0x18, 0x01, 0xb9, 0x8e, 0x03, 0x87, 0x18,
	0x01, 0xbb, 0x46, 0x00, 0x85, 0x18, 0x01, 0xbb, 0x46, 0x00, 0x85, 0x18, 0x01, 0xbb, 0x46, 0x00,
	0x85, 0x18, 0x01, 0xbb, 0x8e, 0x03, 0x85, 0x18, 0x01, 0xbb, 0x46, 0x00, 0x85, 0x18, 0x01, 0xbb,
	0x46, 0x00, 0x85, 0x18, 0x01, 0xbb, 0x46, 0x00, 0x83, 0x38, 0x0e, 0xbd, 0x8e, 0x03, 0x83, 0x38,
	0x0e, 0xbf, 0x46, 0x00, 0x81, 0x38, 0x0e, 0xbf, 0x46, 0x00, 0x81, 0x38, 0x0e, 0xa5, 0x46, 0x00,
	0x9d, 0x18, 0x01, 0xbb, 0x8e, 0x03, 0x85, 0x18, 0x01, 0xbd, 0x46, 0x00, 0x83, 0x18, 0x01, 0xbd,
	0x46, 0x00, 0x83, 0x18, 0x01, 0xbd, 0x46, 0x00, 0x83, 0x18, 0x01, 0xbb, 0x8e, 0x03, 0x85, 0x18,
	0x01, 0xbd, 0x46, 0x00, 0x83, 0x18, 0x01, 0xbd, 0x46, 0x00, 0x83, 0x18, 0x01, 0xbd, 0x46, 0x00,
	0x83, 0x18, 0x01, 0xbd, 0x8e, 0x03, 0x83, 0x18, 0x01, 0xbd, 0x46, 0x00, 0x83, 0x18, 0x01, 0xbd,
	0x46, 0x00, 0x83, 0x18, 0x01, 0xbd, 0x46, 0x00, 0x81, 0x38, 0x0e, 0xbf, 0x8e, 0x03, 0x81, 0x38,
	0x0e, 0xc1, 0x46, 0x00, 0x00, 0x7f, 0xc2, 0x46, 0x00, 0x00, 0x83, 0xa6, 0x46, 0x00, 0x9d, 0x18,
	0x01, 0xbd, 0x8e, 0x03, 0x83, 0x18, 0x01, 0xbf, 0x46, 0x00, 0x81, 0x18, 0x01, 0xbf, 0x46, 0x00,
	0x81, 0x18, 0x01, 0xbf, 0x46, 0x00, 0x81, 0x18, 0x01, 0xbd, 0x8e, 0x03, 0x83, 0x18, 0x01, 0xbf,
	0x46, 0x00, 0x81, 0x18, 0x01, 0xbf, 0x46, 0x00, 0x81, 0x18, 0x01, 0xbf, 0x46, 0x00, 0x81, 0x18,
	0x01, 0xbf, 0x8e, 0x03, 0x81, 0x18, 0x01, 0xbf, 0x46, 0x00, 0x81, 0x18, 0x01, 0xbf, 0x46, 0x00,
	0x81, 0x18, 0x01, 0xa4, 0x46, 0x00, 0x82, 0xc2, 0x2e, 0x05, 0x08, 0x11, 0x00, 0x00, 0xef, 0xbe,
	0x87, 0xc2, 0x2e, 0x00, 0x90, 0x84, 0x66, 0x0d, 0x00, 0x08, 0x92, 0xc6, 0x11, 0x95, 0x08, 0x2f,
	0x95, 0x46, 0x00, 0x00, 0x09, 0xc2, 0x46, 0x00, 0x00, 0x07, 0xc2, 0x46, 0x00, 0x00, 0x0d, 0xa4,
	0x46, 0x00, 0x93, 0x46, 0x00, 0x00, 0x91, 0xc2, 0x18, 0x01, 0x85, 0x46, 0x00, 0xbb, 0x18, 0x01,
	0x85, 0x46, 0x00, 0xbb, 0x18, 0x01, 0x85, 0x46, 0x00, 0xbb, 0x18, 0x01, 0x00, 0x8f, 0xc2, 0x18,
	0x01, 0x85, 0x46, 0x00, 0xbb, 0x18, 0x01, 0x85, 0x46, 0x00, 0xbb, 0x18, 0x01, 0x85, 0x46, 0x00,
	0xbb, 0x18, 0x01, 0x00, 0x93, 0xc2, 0x18, 0x01, 0x85, 0x46, 0x00, 0xbb, 0x18, 0x01, 0x85, 0x46,
	0x00, 0xbb, 0x18, 0x01, 0x85, 0x46, 0x00, 0xbb, 0x18, 0x01, 0x85, 0x8e, 0x03, 0x02, 0x55, 0x44,
	0x08, 0x90, 0xa6, 0x04, 0xaf, 0x46, 0x00, 0x00, 0x09, 0xc2, 0x46, 0x00, 0x00, 0x07, 0xc2, 0x46,
	0x00, 0x00, 0x0d, 0xa2, 0x46, 0x00, 0x9b, 0x8e, 0x03, 0xbb, 0x18, 0x01, 0x87, 0x46, 0x00, 0xb9,
	0x18, 0x01, 0x87, 0x46, 0x00, 0xb9, 0x18, 0x01, 0x87, 0x46, 0x00, 0xb9, 0x18, 0x01, 0x85, 0x8e,
	0x03, 0xbb, 0x18, 0x01, 0x87, 0x46, 0x00, 0xb9, 0x18, 0x01, 0x87, 0x46, 0x00, 0xb9, 0x18, 0x01,
	0x87, 0x46, 0x00, 0xb9, 0x18, 0x01, 0x85, 0x8e, 0x03, 0xbb, 0x18, 0x01, 0x87, 0x46, 0x00, 0xb9,
	0x18, 0x01, 0x87, 0x46, 0x00, 0xb9, 0x18, 0x01, 0x87, 0x46, 0x00, 0xb9, 0x18, 0x01, 0x02, 0x11,
	0x00, 0x90, 0x82, 0xc6, 0x11, 0xbb, 0x78, 0x05, 0x85, 0x46, 0x00, 0xbb, 0x78, 0x05, 0x85, 0x46,
	0x00, 0xbb, 0x78, 0x05, 0x85, 0x46, 0x00, 0xa5, 0x78, 0x05, 0x95, 0x46, 0x00, 0x00, 0x91, 0xc2,
	0x18, 0x01, 0x83, 0x46, 0x00, 0xbd, 0x18, 0x01, 0x83, 0x46, 0x00, 0xbd, 0x18, 0x01, 0x83, 0x46,
	0x00, 0xbd, 0x18, 0x01, 0x00, 0x8f, 0xc2, 0x18, 0x01, 0x83, 0x46, 0x00, 0xbd, 0x18, 0x01, 0x83,
	0x46, 0x00, 0xbd, 0x18, 0x01, 0x83, 0x46, 0x00, 0xbd, 0x18, 0x01, 0x00, 0x93, 0xc2, 0x18, 0x01,
	0x83, 0x46, 0x00, 0xbd, 0x18, 0x01, 0x83, 0x46, 0x00, 0xbd, 0x18, 0x01, 0x83, 0x46, 0x00, 0xbd,
	0x18, 0x01, 0x83, 0x8e, 0x03, 0xbb, 0x78, 0x05, 0x87, 0x46, 0x00, 0xb9, 0x78, 0x05, 0x87, 0x46,
	0x00, 0xb9, 0x78, 0x05, 0x87, 0x46, 0x00, 0xa3, 0x78, 0x05, 0x9b, 0x8e, 0x03, 0xbd, 0x18, 0x01,
	0x85, 0x46, 0x00, 0xbb, 0x18, 0x01, 0x85, 0x46, 0x00, 0xbb, 0x18, 0x01, 0x85, 0x46, 0x00, 0xbb,
	0x18, 0x01, 0x83, 0x8e, 0x03, 0xbd, 0x18, 0x01, 0x85, 0x46, 0x00, 0xbb, 0x18, 0x01, 0x85, 0x46,
	0x00, 0xbb, 0x18, 0x01, 0x85, 0x46, 0x00, 0xbb, 0x18, 0x01, 0x83, 0x8e, 0x03, 0xbd, 0x18, 0x01,
	0x85, 0x46, 0x00, 0xbb, 0x18, 0x01, 0x85, 0x46, 0x00, 0xbb, 0x18, 0x01, 0x85, 0x46, 0x00, 0xbb,
	0x18, 0x01, 0x03, 0x22, 0x11, 0x90, 0xd6, 0xbf, 0x78, 0x05, 0x83, 0x46, 0x00, 0xbd, 0x78, 0x05,
	0x83, 0x46, 0x00, 0xbd, 0x78, 0x05, 0x83, 0x46, 0x00, 0xa5, 0x78, 0x05, 0x97, 0x46, 0x00, 0x00,
	0x91, 0xc2, 0x18, 0x01, 0x81, 0x46, 0x00, 0xbf, 0x18, 0x01, 0x81, 0x46, 0x00, 0xbf, 0x18, 0x01,
	0x81, 0x46, 0x00, 0xbf, 0x18, 0x01, 0x00, 0x8f, 0xc2, 0x18, 0x01, 0x81, 0x46, 0x00, 0xbf, 0x18,
	0x01, 0x81, 0x46, 0x00, 0xbf, 0x18, 0x01, 0x81, 0x46, 0x00, 0xbf, 0x18, 0x01, 0x00, 0x93, 0xc2,
	0x18, 0x01, 0x81, 0x46, 0x00, 0xbf, 0x18, 0x01, 0x81, 0x46, 0x00, 0xbf, 0x18, 0x01, 0x81, 0x46,
	0x00, 0xbf, 0x18, 0x01, 0x81, 0x8e, 0x03, 0xbd, 0x78, 0x05, 0x85, 0x46, 0x00, 0xbb, 0x78, 0x05,
	0x85, 0x46, 0x00, 0xbb, 0x78, 0x05, 0x85, 0x46, 0x00, 0xa3, 0x78, 0x05, 0x9b, 0x8e, 0x03, 0xbf,
	0x18, 0x01, 0x83, 0x46, 0x00, 0xbd, 0x18, 0x01, 0x83, 0x46, 0x00, 0xbd, 0x18, 0x01, 0x83, 0x46,
	0x00, 0xbd, 0x18, 0x01, 0x81, 0x8e, 0x03, 0xbf, 0x18, 0x01, 0x83, 0x46, 0x00, 0xbd, 0x18, 0x01,
	0x83, 0x46, 0x00, 0xbd, 0x18, 0x01, 0x83, 0x46, 0x00, 0xbd, 0x18, 0x01, 0x81, 0x8e, 0x03, 0xbf,
	0x18, 0x01, 0x83, 0x46, 0x00, 0xbd, 0x18, 0x01, 0x83, 0x46, 0x00, 0xbd, 0x18, 0x01, 0x83, 0x46,
	0x00, 0xbd, 0x18, 0x01, 0x03, 0x33, 0x22, 0x90, 0xd6, 0xbf, 0x78, 0x05, 0x81, 0x46, 0x00, 0xbf,
	0x78, 0x05, 0x81, 0x46, 0x00, 0xbf, 0x78, 0x05, 0x81, 0x46, 0x00, 0xa5, 0x78, 0x05, 0x99, 0x46,
	0x00, 0x00, 0x91, 0xc2, 0x18, 0x01, 0x00, 0x91, 0xc2, 0x18, 0x01, 0x00, 0x91, 0xc2, 0x18, 0x01,
	0x00, 0x91, 0xc2, 0x18, 0x01, 0x00, 0x8f, 0xc2, 0x18, 0x01, 0x00, 0x8f, 0xc2, 0x18, 0x01, 0x00,
	0x8f, 0xc2, 0x18, 0x01, 0x00, 0x8f, 0xc2, 0x18, 0x01, 0x00, 0x93, 0xc2, 0x18, 0x01, 0x00, 0x93,
	0xc2, 0x18, 0x01, 0x00, 0x93, 0xc2, 0x18, 0x01, 0x00, 0x93, 0xc2, 0x18, 0x01, 0x01, 0x90, 0xd6,
	0xbf, 0x78, 0x05, 0x83, 0x46, 0x00, 0xbd, 0x78, 0x05, 0x83, 0x46, 0x00, 0xbd, 0x78, 0x05, 0x83,
	0x46, 0x00, 0xa3, 0x78, 0x05, 0x9b, 0x8e, 0x03, 0xc1, 0x18, 0x01, 0x81, 0x46, 0x00, 0xbf, 0x18,
	0x01, 0x81, 0x46, 0x00, 0xbf, 0x18, 0x01, 0x81, 0x46, 0x00, 0xbf, 0x18, 0x01, 0x00, 0x8f, 0xc2,
	0x18, 0x01, 0x81, 0x46, 0x00, 0xbf, 0x18, 0x01, 0x81, 0x46, 0x00, 0xbf, 0x18, 0x01, 0x81, 0x46,
	0x00, 0xbf, 0x18, 0x01, 0x00, 0x93, 0xc2, 0x18, 0x01, 0x81, 0x46, 0x00, 0xbf, 0x18, 0x01, 0x81,
	0x46, 0x00, 0xbf, 0x18, 0x01, 0x81, 0x46, 0x00, 0xa4, 0x18, 0x01, 0x92, 0x46, 0x23, 0x00, 0x00,
	0x82, 0x46, 0x00, 0x81, 0x06, 0x09, 0x87, 0xa6, 0x04, 0x85, 0x60, 0x00, 0xff, 0x46, 0x00, 0xe1,
	0x46, 0x00, 0xff, 0x46, 0x00, 0xff, 0x46, 0x00, 0xff, 0x46, 0x00, 0xff, 0x46, 0x00, 0xff, 0x46,
	0x00, 0xff, 0x46, 0x00, 0xff, 0x46, 0x00, 0xff, 0x46, 0x00, 0xcd, 0x46, 0x00, 0xff, 0x46, 0x00,
	0xff, 0x46, 0x00, 0xff, 0x46, 0x00, 0xff, 0x46, 0x00, 0xa5, 0x46, 0x00, 0x00, 0x00, 0xb2, 0x22,
	0x56, 0x01, 0x8f, 0x05, 0x83, 0xe2, 0x6c, 0x00, 0x00, 0x82, 0x46, 0x00, 0x01, 0x00, 0x0a,
};
static const uint32_t DSP_INSTRUCTION_GOLDEN_OFFSETS[] = {
	0, 207, 275, 368, 473, 641, 730, 783, 841, 923, 981, 1079,
	1211, 1322, 1385, 1457, 1514, 1569, 1652, 1822, 1915, 2033, 2140, 2264,
	2353, 2422, 2512, 2599, 2698, 2763, 2802, 2841, 2947, 3166, 3258, 3326,
	3452, 3609, 3731, 3877, 4004, 4113, 4228, 4278, 4356, 4453, 4480, 4559,
	4686, 4817, 4924, 5039, 5206, 5342, 5527, 5598, 5655, 5694, 5730, 5769,
	5839, 5969, 6066, 6210, 6356, 6476, 6573, 6700, 6802, 6889, 7027, 7154,
	7246, 7330, 7429, 7500, 7598, 7660, 7759, 7872, 7962, 8063, 8150, 8237,
	8279, 8354, 8483, 8552, 8630, 8733, 8842, 8895, 8951, 9061, 9164, 9252,
	9312, 9403, 9516, 9612, 9754, 9879, 9926, 9982, 10053, 10110, 10152, 10182,
	10224, 10305, 10436, 10537, 10629, 10703, 10776, 10848, 10909, 10947, 10980, 11015,
	11051, 11084, 11117, 11169, 11221, 11283, 11316, 11343, 11388, 11421, 11448, 11478,
	11511, 11538, 11568, 11640, 11702, 11749, 11807, 11862, 11906, 11944, 11977, 12012,
	12048, 12081, 12114, 12167, 12231, 12335, 12377, 12424, 12486, 12516, 12549, 12582,
	12612, 12645, 12675, 12737, 12790, 12861, 12894, 12921, 12969, 13002, 13029, 13059,
	13092, 13119, 13149, 13309, 13408, 13524, 13616, 13709, 13815, 13854, 13887, 13923,
	13962, 13995, 14031, 14171, 14381, 14421, 14448, 14496, 14552, 14585, 14612, 14702,
	14775, 14811, 14872, 14961, 15056, 15092, 15161, 15197, 15239, 15272, 15314, 15368,
	15434, 15470, 15515, 15581, 15632, 15668, 15707, 15734, 15773, 15800, 15833, 15931,
	16023, 16109, 16139, 16175, 16211, 16262, 16313, 16364, 16394, 16430, 16463, 16539,
	16614, 16686, 16716, 16752, 16788, 16878, 16974, 17058, 17088, 17124, 17157, 17202,
	17250, 17295, 17325, 17361, 17397, 17445, 17493, 17535, 17565, 17601, 17637, 17688,
	17739, 17787, 17817, 17853, 17886, 17916, 17952, 17985, 18015, 18051, 18084, 18177,
	18257, 18335, 18412, 18491, 18569, 18647, 18725, 18761, 18806, 18851, 18896, 18932,
	18971, 19007, 19043, 19079, 19124, 19169, 19214, 19250, 19289, 19325, 19361, 19397,
	19442, 19487, 19532, 19568, 19607, 19643, 19679, 19754, 19823, 19892, 19961, 20024,
	20087, 20150, 20213, 20249, 20294, 20339, 20384, 20420, 20459, 20495, 20531, 20567,
	20612, 20657, 20702, 20738, 20777, 20813, 20849, 20885, 20930, 20975, 21020, 21056,
	21095, 21131, 21167, 21203, 21248, 21293, 21338, 21374, 21413, 21449, 21485, 21521,
	21566, 21611, 21656, 21692, 21731, 21767, 21803, 21839, 21884, 21929, 21974, 22010,
	22049, 22085, 22121, 22157, 22202, 22247, 22292, 22328, 22367, 22403, 22439, 22475,
	22520, 22565, 22610, 22646, 22685, 22721, 22757, 22793, 22838, 22883, 22928, 22964,
	23003, 23039, 23075, 23111, 23156, 23201, 23246, 23282, 23321, 23357, 23393, 23429,
	23474, 23519, 23564, 23600, 23639, 23675, 23711, 23833, 23932, 24026, 24056, 24092,
	24128, 24220, 24316, 24400, 24430, 24472, 24508, 24603, 24699, 24783, 24813, 24849,
	24885, 24936, 24987, 25038, 25068, 25104, 25140, 25185, 25227, 25266, 25296, 25332,
	25368, 25458, 25554, 25638, 25668, 25710, 25746, 25794, 25842, 25893, 25923, 25965,
	26001, 26031, 26073, 26109, 26139, 26181, 26217, 26333, 26369, 26516, 26605, 26689,
	26813, 26925, 26972, 27010, 27079, 27192, 27255, 27326, 27367, 27411, 27438, 27471,
	27513, 27546, 27579, 27618, 27674, 27802, 27850, 27962, 28055, 28160, 28218, 28254,
	28301, 28352, 28404, 28446, 28482, 28577, 28662, 28698, 28776, 28818, 28863, 28917,
	28974, 29073, 29121, 29163, 29259, 29346, 29424, 29463, 29493, 29531, 29630, 29675,
	29714, 29789, 29831, 29858, 29885, 29912, 29942, 29984, 30014, 30041, 30068, 30095,
	30134, 30230, 30275, 30322, 30418, 30505, 30583, 30634, 30670, 30700, 30748, 30781,
	30811, 30853, 30883, 30928, 31027, 31072, 31108, 31204, 31246, 31279, 31324, 31357,
	31390, 31435, 31480, 31513, 31549, 31597, 31627, 31672, 31722, 31851, 31997, 32136,
	32260, 32384, 32487, 32618, 32738, 32824, 32892, 32919, 32955, 33056, 33157, 33269,
	33373, 33469, 33564, 33659, 33738, 33826, 33925, 34024, 34114, 34185, 34254, 34317,
	34383, 34440, 34517, 34616, 34715, 34805, 34877, 34925, 34976, 35027, 35069, 35105,
	35141, 35177, 35210, 35246, 35300, 35351, 35399, 35444, 35494, 35545, 35599, 35647,
	35692, 35780, 35848, 35884, 35958, 36022, 36112, 36207, 36338, 36365, 36412, 36510,
	36537, 36657, 36760, 36853, 36883, 36919, 36955, 37049, 37129, 37207, 37284, 37363,
	37441, 37519, 37597, 37633, 37678, 37723, 37768, 37804, 37843, 37879, 37915, 37975,
	38023, 38077, 38128, 38173, 38227, 38278, 38314, 38359, 38404, 38509, 38626, 38734,
	38827, 38928, 39024, 39123, 39219, 39315, 39390, 39486, 39570, 39656, 39752, 39848,
	39944, 40040, 40136, 40205, 40298, 40444, 40567, 40623, 40705, 40786, 40867, 40948,
	41029, 41110, 41170, 41248, 41408, 41539, 41671, 41783, 41918, 42064, 42173, 42274,
	42373, 42472, 42547, 42637, 42733, 42829, 42910, 42994, 43062, 43168, 43320, 43419,
	43518, 43602, 43698, 43794, 43898, 43998, 44098, 44188, 44284, 44380, 44464, 44537,
	44622, 44718, 44814, 44913, 44994, 45087, 45183, 45279, 45360, 45477, 45573, 45651,
	45747, 45840, 45934, 46027, 46122, 46230, 46442, 46573, 46682, 46789, 46886, 46983,
	47074, 47168, 47264, 47358, 47474, 47574, 47674, 47770, 47868, 47964, 48062, 48149,
	48242, 48269,
};
static const uint16_t DSP_INSTRUCTION_GOLDEN_SIZES[] = {
	1120, 1120, 1120, 1120, 1120, 1120, 1120, 1120, 1120, 1120, 1120, 1120,
	1120, 1120, 1120, 1120, 1120, 1120, 1120, 1120, 1120, 1120, 1120, 1120,
	1120, 1120, 1120, 1120, 1120, 1120, 1120, 1120, 1120, 1120, 1120, 1120,
	1120, 1120, 1120, 1120, 1120, 1120, 1120, 1120, 1120, 1120, 1120, 1120,
	1120, 1120, 1120, 1120, 1120, 1120, 1120, 1120, 1120, 1120, 1120, 1120,
	1120, 1120, 1120, 1120, 1120, 1120, 1120, 1120, 1120, 1120, 1120, 1120,
	1120, 1120, 1120, 1120, 1120, 1120, 1120, 1120, 1120, 1120, 1120, 1120,
	1120, 1120, 1120, 1120, 1120, 1120, 1120, 1120, 1120, 1120, 1120, 1120,
	1120, 1120, 1120, 1120, 1120, 1120, 1120, 1120, 1120, 1120, 1120, 1120,
	1120, 1120, 1120, 1120, 1120, 1120, 1120, 1120, 1120, 1120, 1120, 1120,
	1120, 1120, 1120, 1120, 1120, 1120, 1120, 1120, 1120, 1120, 1120, 1120,
	1120, 1120, 1120, 1120, 1120, 1120, 1120, 1120, 1120, 1120, 1120, 1120,
	1120, 1120, 1120, 1120, 1120, 1120, 1120, 1120, 1120, 1120, 1120, 1120,
	1120, 1120, 1120, 1120, 1120, 1120, 1120, 1120, 1120, 1120, 1120, 1120,
	1120, 1120, 1120, 1120, 1120, 1120, 1120, 1120, 1120, 1120, 1120, 1120,
	1120, 1120, 1120, 1120, 1120, 1120, 1120, 1120, 1120, 1120, 1120, 1120,
	1120, 1120, 1120, 1120, 1120, 1120, 1120, 1120, 1120, 1120, 1120, 1120,
	1120, 1120, 1120, 1120, 1120, 1120, 1120, 1120, 1120, 1120, 1120, 1120,
	1120, 1120, 1120, 1120, 1120, 1120, 1120, 1120, 1120, 1120, 1120, 1120,
	1120, 1120, 1120, 1120, 1120, 1120, 1120, 1120, 1120, 1120, 1120, 1120,
	1120, 1120, 1120, 1120, 1120, 1120, 1120, 1120, 1120, 1120, 1120, 1120,
	1120, 1120, 1120, 1120, 1120, 1120, 1120, 1120, 1120, 1120, 1120, 1120,
	1120, 1120, 1120, 1120, 1120, 1120, 1120, 1120, 1120, 1120, 1120, 1120,
	1120, 1120, 1120, 1120, 1120, 1120, 1120, 1120, 1120, 1120, 1120, 1120,
	1120, 1120, 1120, 1120, 1120, 1120, 1120, 1120, 1120, 1120, 1120, 1120,
	1120, 1120, 1120, 1120, 1120, 1120, 1120, 1120, 1120, 1120, 1120, 1120,
	1120, 1120, 1120, 1120, 1120, 1120, 1120, 1120, 1120, 1120, 1120, 1120,
	1120, 1120, 1120, 1120, 1120, 1120, 1120, 1120, 1120, 1120, 1120, 1120,
	1120, 1120, 1120, 1120, 1120, 1120, 1120, 1120, 1120, 1120, 1120, 1120,
	1120, 1120, 1120, 1120, 1120, 1120, 1120, 1120, 1120, 1120, 1120, 1120,
	1120, 1120, 1120, 1120, 1120, 1120, 1120, 1120, 1120, 1120, 1120, 1120,
	1120, 1120, 1120, 1120, 1120, 1120, 1120, 1120, 1120, 1120, 1120, 1120,
	1120, 1120, 1120, 1120, 1120, 1120, 1120, 1120, 1120, 1120, 1120, 1120,
	1120, 1120, 1120, 1120, 1120, 1120, 1120, 1120, 1120, 1120, 1120, 1120,
	1120, 1120, 1120, 1120, 1120, 1120, 1120, 1120, 1120, 1120, 1120, 1120,
	1120, 1120, 1120, 1120, 1120, 1120, 1120, 1120, 1120, 1120, 1120, 1120,
	1120, 1120, 1120, 1120, 1120, 1120, 1120, 1120, 1120, 1120, 1120, 1120,
	1120, 1120, 1120, 1120, 1120, 1120, 1120, 1120, 1120, 1120, 1120, 1120,
	1120, 1120, 1120, 1120, 1120, 1120, 1120, 1120, 1120, 1120, 1120, 1120,
	1120, 1120, 1120, 1120, 1120, 1120, 1120, 1120, 1120, 1120, 1120, 1120,
	1120, 1120, 1120, 1120, 1120, 1120, 1120, 1120, 1120, 1120, 1120, 1120,
	1120, 1120, 1120, 1120, 1120, 1120, 1120, 1120, 1120, 1120, 1120, 1120,
	1120, 1120, 1120, 1120, 1120, 1120, 1120, 1120, 1120, 1120, 1120, 1120,
	1120, 1120, 1120, 1120, 1120, 1120, 1120, 1120, 1120, 1120, 1120, 1120,
	1120, 1120, 1120, 1120, 1120, 1120, 1120, 1120, 1120, 1120, 1120, 1120,
	1120, 1120, 1120, 1120, 1120, 1120, 1120, 1120, 1120, 1120, 1120, 1120,
	1120, 1120, 1120, 1120, 1120, 1120, 1120, 1120, 1120, 1120, 1120, 1120,
	1120, 1120, 1120, 1120, 1120, 1120, 1120, 1120, 1120, 1120, 1120, 1120,
	1120, 1120, 1120, 1120, 1120, 1120, 1120, 1120, 1120, 1120, 1120, 1120,
	1120, 1120, 1120, 1120, 1120, 1120, 1120, 1120, 1120, 1120, 1120, 1120,
	1120, 1120, 1120, 1120, 1120, 1120, 1120, 1120, 1120, 1120, 1120, 1120,
	1120, 1120, 1120, 1120, 1120, 1120, 1120, 1120, 1120, 1120, 1120, 1120,
	1120, 1120, 1120, 1120, 1120, 1120, 1120, 1120, 1120, 1120, 1120, 1120,
	1120, 1120, 1120, 1120, 1120, 1120, 1120, 1120, 1120, 1120, 1120, 1120,
	1120, 1120, 1120, 1120, 1120, 1120, 1120, 1120, 1120, 1120, 1120, 1120,
	1120, 1120, 1120, 1120, 1120, 1120, 1120, 1120, 1120, 1120, 1120, 1120,
	1120, 1120, 1120, 1120, 1120, 1120, 1120, 1120, 1120, 1120, 1120, 1120,
	1120, 1120, 1120, 1120, 1120, 1120, 1120, 1120, 1120, 1120, 1120, 1120,
	1120, 1120, 1120, 1120, 1120, 1120, 1120, 1120, 1120, 1120, 1120, 1120,
	1120, 1120, 1120, 1120, 1120, 1120, 1120, 1120, 1120, 1120, 1120, 1120,
	1120, 1120, 1120, 1120, 1120, 1120, 1120, 1120, 1120, 1120, 1120, 1120,
	1120, 630,
};
